DATE,GSLOOK,GSWS01,GSWS02,GSWS03,GSWS08,GSWS09,GSWS10,GSWSMC,date,year,month,WATERYEAR
1999-10-01,,,,,,,,,,1999,10,2000
1999-10-02,,,,,,,,,,1999,10,2000
1999-10-03,,,,,,,,,,1999,10,2000
1999-10-04,,,,,,,,,,1999,10,2000
1999-10-05,,,,,,,,,,1999,10,2000
1999-10-06,,,,,,,,,,1999,10,2000
1999-10-07,,,,,,,,,,1999,10,2000
1999-10-08,,,,,,,,,,1999,10,2000
1999-10-09,,,,,,,,,,1999,10,2000
1999-10-10,,,,,,,,,,1999,10,2000
1999-10-11,,,,,,,,,,1999,10,2000
1999-10-12,,,,,,,,,,1999,10,2000
1999-10-13,,,,,,,,,,1999,10,2000
1999-10-14,,,,,,,,,,1999,10,2000
1999-10-15,,,,,,,,,,1999,10,2000
1999-10-16,,,,,,,,,,1999,10,2000
1999-10-17,,,,,,,,,,1999,10,2000
1999-10-18,,,,,,,,,,1999,10,2000
1999-10-19,,,,,,,,,,1999,10,2000
1999-10-20,,,,,,,,,,1999,10,2000
1999-10-21,,,,,,,,,,1999,10,2000
1999-10-22,,,,,,,,,,1999,10,2000
1999-10-23,,,,,,,,,,1999,10,2000
1999-10-24,,,,,,,,,,1999,10,2000
1999-10-25,,,,,,,,,,1999,10,2000
1999-10-26,,,,,,,,,,1999,10,2000
1999-10-27,,,,,,,,,,1999,10,2000
1999-10-28,,,,,,,,,,1999,10,2000
1999-10-29,,,,,,,,,,1999,10,2000
1999-10-30,,,,,,,,,,1999,10,2000
1999-10-31,,,,,,,,,,1999,10,2000
1999-11-01,,,,,,,,,,1999,11,2000
1999-11-02,,,,,,,,,,1999,11,2000
1999-11-03,,,,,,,,,,1999,11,2000
1999-11-04,,,,,,,,,,1999,11,2000
1999-11-05,,,,,,,,,,1999,11,2000
1999-11-06,,,,,,,,,,1999,11,2000
1999-11-07,,,,,,,,,,1999,11,2000
1999-11-08,,,,,,,,,,1999,11,2000
1999-11-09,,,,,,,,,,1999,11,2000
1999-11-10,,,,,,,,,,1999,11,2000
1999-11-11,,,,,,,,,,1999,11,2000
1999-11-12,,,,,,,,,,1999,11,2000
1999-11-13,,,,,,,,,,1999,11,2000
1999-11-14,,,,,,,,,,1999,11,2000
1999-11-15,,,,,,,,,,1999,11,2000
1999-11-16,,,,,,,,,,1999,11,2000
1999-11-17,,,,,,,,,,1999,11,2000
1999-11-18,,,,,,,,,,1999,11,2000
1999-11-19,,,,,,,,,,1999,11,2000
1999-11-20,,,,,,,,,,1999,11,2000
1999-11-21,,,,,,,,,,1999,11,2000
1999-11-22,,,,,,,,,,1999,11,2000
1999-11-23,,,,,,,,,,1999,11,2000
1999-11-24,,,,,,,,,,1999,11,2000
1999-11-25,,,,,,,,,,1999,11,2000
1999-11-26,,,,,,,,,,1999,11,2000
1999-11-27,,,,,,,,,,1999,11,2000
1999-11-28,,,,,,,,,,1999,11,2000
1999-11-29,,,,,,,,,,1999,11,2000
1999-11-30,,,,,,,,,,1999,11,2000
1999-12-01,,,,,,,,,,1999,12,2000
1999-12-02,,,,,,,,,,1999,12,2000
1999-12-03,,,,,,,,,,1999,12,2000
1999-12-04,,,,,,,,,,1999,12,2000
1999-12-05,,,,,,,,,,1999,12,2000
1999-12-06,,,,,,,,,,1999,12,2000
1999-12-07,,,,,,,,,,1999,12,2000
1999-12-08,,,,,,,,,,1999,12,2000
1999-12-09,,,,,,,,,,1999,12,2000
1999-12-10,,,,,,,,,,1999,12,2000
1999-12-11,,,,,,,,,,1999,12,2000
1999-12-12,,,,,,,,,,1999,12,2000
1999-12-13,,,,,,,,,,1999,12,2000
1999-12-14,,,,,,,,,,1999,12,2000
1999-12-15,,,,,,,,,,1999,12,2000
1999-12-16,,,,,,,,,,1999,12,2000
1999-12-17,,,,,,,,,,1999,12,2000
1999-12-18,,,,,,,,,,1999,12,2000
1999-12-19,,,,,,,,,,1999,12,2000
1999-12-20,,,,,,,,,,1999,12,2000
1999-12-21,,,,,,,,,,1999,12,2000
1999-12-22,,,,,,,,,,1999,12,2000
1999-12-23,,,,,,,,,,1999,12,2000
1999-12-24,,,,,,,,,,1999,12,2000
1999-12-25,,,,,,,,,,1999,12,2000
1999-12-26,,,,,,,,,,1999,12,2000
1999-12-27,,,,,,,,,,1999,12,2000
1999-12-28,,,,,,,,,,1999,12,2000
1999-12-29,,,,,,,,,,1999,12,2000
1999-12-30,,,,,,,,,,1999,12,2000
1999-12-31,,,,,,,,,,1999,12,2000
2000-01-01,,,,,,,,,,2000,1,2000
2000-01-02,,,,,,,,,,2000,1,2000
2000-01-03,,,,,,,,,,2000,1,2000
2000-01-04,,,,,,,,,,2000,1,2000
2000-01-05,,,,,,,,,,2000,1,2000
2000-01-06,,,,,,,,,,2000,1,2000
2000-01-07,,,,,,,,,,2000,1,2000
2000-01-08,,,,,,,,,,2000,1,2000
2000-01-09,,,,,,,,,,2000,1,2000
2000-01-10,,,,,,,,,,2000,1,2000
2000-01-11,,,,,,,,,,2000,1,2000
2000-01-12,,,,,,,,,,2000,1,2000
2000-01-13,,,,,,,,,,2000,1,2000
2000-01-14,,,,,,,,,,2000,1,2000
2000-01-15,,,,,,,,,,2000,1,2000
2000-01-16,,,,,,,,,,2000,1,2000
2000-01-17,,,,,,,,,,2000,1,2000
2000-01-18,,,,,,,,,,2000,1,2000
2000-01-19,,,,,,,,,,2000,1,2000
2000-01-20,,,,,,,,,,2000,1,2000
2000-01-21,,,,,,,,,,2000,1,2000
2000-01-22,,,,,,,,,,2000,1,2000
2000-01-23,,,,,,,,,,2000,1,2000
2000-01-24,,,,,,,,,,2000,1,2000
2000-01-25,,,,,,,,,,2000,1,2000
2000-01-26,,,,,,,,,,2000,1,2000
2000-01-27,,,,,,,,,,2000,1,2000
2000-01-28,,,,,,,,,,2000,1,2000
2000-01-29,,,,,,,,,,2000,1,2000
2000-01-30,,,,,,,,,,2000,1,2000
2000-01-31,,,,,,,,,,2000,1,2000
2000-02-01,,,,,,,,,,2000,2,2000
2000-02-02,,,,,,,,,,2000,2,2000
2000-02-03,,,,,,,,,,2000,2,2000
2000-02-04,,,,,,,,,,2000,2,2000
2000-02-05,,,,,,,,,,2000,2,2000
2000-02-06,,,,,,,,,,2000,2,2000
2000-02-07,,,,,,,,,,2000,2,2000
2000-02-08,,,,,,,,,,2000,2,2000
2000-02-09,,,,,,,,,,2000,2,2000
2000-02-10,,,,,,,,,,2000,2,2000
2000-02-11,,,,,,,,,,2000,2,2000
2000-02-12,,,,,,,,,,2000,2,2000
2000-02-13,,,,,,,,,,2000,2,2000
2000-02-14,,,,,,,,,,2000,2,2000
2000-02-15,,,,,,,,,,2000,2,2000
2000-02-16,,,,,,,,,,2000,2,2000
2000-02-17,,,,,,,,,,2000,2,2000
2000-02-18,,,,,,,,,,2000,2,2000
2000-02-19,,,,,,,,,,2000,2,2000
2000-02-20,,,,,,,,,,2000,2,2000
2000-02-21,,,,,,,,,,2000,2,2000
2000-02-22,,,,,,,,,,2000,2,2000
2000-02-23,,,,,,,,,,2000,2,2000
2000-02-24,,,,,,,,,,2000,2,2000
2000-02-25,,,,,,,,,,2000,2,2000
2000-02-26,,,,,,,,,,2000,2,2000
2000-02-27,,,,,,,,,,2000,2,2000
2000-02-28,,,,,,,,,,2000,2,2000
2000-02-29,,,,,,,,,,2000,2,2000
2000-03-01,,,,,,,,,,2000,3,2000
2000-03-02,,,,,,,,,,2000,3,2000
2000-03-03,,,,,,,,,,2000,3,2000
2000-03-04,,,,,,,,,,2000,3,2000
2000-03-05,,,,,,,,,,2000,3,2000
2000-03-06,,,,,,,,,,2000,3,2000
2000-03-07,,,,,,,,,,2000,3,2000
2000-03-08,,,,,,,,,,2000,3,2000
2000-03-09,,,,,,,,,,2000,3,2000
2000-03-10,,,,,,,,,,2000,3,2000
2000-03-11,,,,,,,,,,2000,3,2000
2000-03-12,,,,,,,,,,2000,3,2000
2000-03-13,,,,,,,,,,2000,3,2000
2000-03-14,,,,,,,,,,2000,3,2000
2000-03-15,,,,,,,,,,2000,3,2000
2000-03-16,,,,,,,,,,2000,3,2000
2000-03-17,,,,,,,,,,2000,3,2000
2000-03-18,,,,,,,,,,2000,3,2000
2000-03-19,,,,,,,,,,2000,3,2000
2000-03-20,,,,,,,,,,2000,3,2000
2000-03-21,,,,,,,,,,2000,3,2000
2000-03-22,,,,,,,,,,2000,3,2000
2000-03-23,,,,,,,,,,2000,3,2000
2000-03-24,,,,,,,,,,2000,3,2000
2000-03-25,,,,,,,,,,2000,3,2000
2000-03-26,,,,,,,,,,2000,3,2000
2000-03-27,,,,,,,,,,2000,3,2000
2000-03-28,,,,,,,,,,2000,3,2000
2000-03-29,,,,,,,,,,2000,3,2000
2000-03-30,,,,,,,,,,2000,3,2000
2000-03-31,,,,,,,,,,2000,3,2000
2000-04-01,,,,,,,,,,2000,4,2000
2000-04-02,,,,,,,,,,2000,4,2000
2000-04-03,,,,,,,,,,2000,4,2000
2000-04-04,,,,,,,,,,2000,4,2000
2000-04-05,,,,,,,,,,2000,4,2000
2000-04-06,,,,,,,,,,2000,4,2000
2000-04-07,,,,,,,,,,2000,4,2000
2000-04-08,,,,,,,,,,2000,4,2000
2000-04-09,,,,,,,,,,2000,4,2000
2000-04-10,,,,,,,,,,2000,4,2000
2000-04-11,,,,,,,,,,2000,4,2000
2000-04-12,,,,,,,,,,2000,4,2000
2000-04-13,,,,,,,,,,2000,4,2000
2000-04-14,,,,,,,,,,2000,4,2000
2000-04-15,,,,,,,,,,2000,4,2000
2000-04-16,,,,,,,,,,2000,4,2000
2000-04-17,,,,,,,,,,2000,4,2000
2000-04-18,,,,,,,,,,2000,4,2000
2000-04-19,,,,,,,,,,2000,4,2000
2000-04-20,,,,,,,,,,2000,4,2000
2000-04-21,,,,,,,,,,2000,4,2000
2000-04-22,,,,,,,,,,2000,4,2000
2000-04-23,,,,,,,,,,2000,4,2000
2000-04-24,,,,,,,,,,2000,4,2000
2000-04-25,,,,,,,,,,2000,4,2000
2000-04-26,,,,,,,,,,2000,4,2000
2000-04-27,,,,,,,,,,2000,4,2000
2000-04-28,,,,,,,,,,2000,4,2000
2000-04-29,,,,,,,,,,2000,4,2000
2000-04-30,,,,,,,,,,2000,4,2000
2000-05-01,,,,,,,,,,2000,5,2000
2000-05-02,,,,,,,,,,2000,5,2000
2000-05-03,,,,,,,,,,2000,5,2000
2000-05-04,,,,,,,,,,2000,5,2000
2000-05-05,,,,,,,,,,2000,5,2000
2000-05-06,,,,,,,,,,2000,5,2000
2000-05-07,,,,,,,,,,2000,5,2000
2000-05-08,,,,,,,,,,2000,5,2000
2000-05-09,,,,,,,,,,2000,5,2000
2000-05-10,,,,,,,,,,2000,5,2000
2000-05-11,,,,,,,,,,2000,5,2000
2000-05-12,,,,,,,,,,2000,5,2000
2000-05-13,,,,,,,,,,2000,5,2000
2000-05-14,,,,,,,,,,2000,5,2000
2000-05-15,,,,,,,,,,2000,5,2000
2000-05-16,,,,,,,,,,2000,5,2000
2000-05-17,,,,,,,,,,2000,5,2000
2000-05-18,,,,,,,,,,2000,5,2000
2000-05-19,,,,,,,,,,2000,5,2000
2000-05-20,,,,,,,,,,2000,5,2000
2000-05-21,,,,,,,,,,2000,5,2000
2000-05-22,,,,,,,,,,2000,5,2000
2000-05-23,,,,,,,,,,2000,5,2000
2000-05-24,,,,,,,,,,2000,5,2000
2000-05-25,,,,,,,,,,2000,5,2000
2000-05-26,,,,,,,,,,2000,5,2000
2000-05-27,,,,,,,,,,2000,5,2000
2000-05-28,,,,,,,,,,2000,5,2000
2000-05-29,,,,,,,,,,2000,5,2000
2000-05-30,,,,,,,,,,2000,5,2000
2000-05-31,,,,,,,,,,2000,5,2000
2000-06-01,,,,,,,,,,2000,6,2000
2000-06-02,,,,,,,,,,2000,6,2000
2000-06-03,,,,,,,,,,2000,6,2000
2000-06-04,,,,,,,,,,2000,6,2000
2000-06-05,,,,,,,,,,2000,6,2000
2000-06-06,,,,,,,,,,2000,6,2000
2000-06-07,,,,,,,,,,2000,6,2000
2000-06-08,,,,,,,,,,2000,6,2000
2000-06-09,,,,,,,,,,2000,6,2000
2000-06-10,,,,,,,,,,2000,6,2000
2000-06-11,,,,,,,,,,2000,6,2000
2000-06-12,0.000118406508348,5.575929756e-05,6.099629825240001e-05,7.002711781800001e-05,6.380612952160001e-05,6.082136712280001e-05,9.78302342288e-05,0.000217789256352,,2000,6,2000
2000-06-13,9.752410475200004e-05,2.7540719716400003e-05,3.4308367792800004e-05,2.9202565447600004e-05,4.966950761080001e-05,1.5229941470800004e-05,3.8353650164800006e-05,0.000140710227372,,2000,6,2000
2000-06-14,6.855113641200001e-05,1.6268595052800004e-05,2.5835141202800004e-05,2.0816804422400004e-05,3.8933109531600005e-05,6.384986230400001e-06,2.1319731420000003e-05,8.859168394680001e-05,,2000,6,2000
2000-06-15,5.4447314088000016e-05,1.2201446289600005e-05,2.24458505668e-05,1.6377927008800003e-05,3.1279872611600006e-05,5.400998626400001e-06,1.5656336099200002e-05,6.545704205720001e-05,,2000,6,2000
2000-06-16,4.581008956400001e-05,9.850809235600002e-06,2.00405475348e-05,1.3557162544000004e-05,2.6523932525600006e-05,3.8594180468e-06,1.2431043397200005e-05,5.423958337160002e-05,,2000,6,2000
2000-06-17,3.990616394e-05,8.221763091200002e-06,1.82803030432e-05,1.2113980724800004e-05,2.1910123982400005e-05,3.5970213524000007e-06,1.02553374728e-05,4.7395402926e-05,,2000,6,2000
2000-06-18,3.586088156800001e-05,7.434573008000001e-06,1.6946453180000003e-05,1.15782541404e-05,1.9056559930800004e-05,3.553288570000001e-06,9.3150826512e-06,4.1874139148000006e-05,,2000,6,2000
2000-06-19,3.269025484400001e-05,6.7129820984e-06,1.54923381652e-05,1.09003960132e-05,1.69136535932e-05,3.8156852644e-06,8.342028242800001e-06,3.719473143120001e-05,,2000,6,2000
2000-06-20,3.0394283768000004e-05,5.969524797600001e-06,1.4453684583200002e-05,1.02662706684e-05,1.57000688816e-05,3.9468836116e-06,7.434573008000001e-06,3.363050966560001e-05,,2000,6,2000
2000-06-21,2.8098312692000003e-05,5.4556646044e-06,1.3896091607600002e-05,9.982007582800002e-06,1.6968319571200002e-05,3.2252927020000003e-06,6.767648076400001e-06,3.1323605394000004e-05,,2000,6,2000
2000-06-22,2.634900139600001e-05,5.280733474800001e-06,1.3655561304400002e-05,1.06707989056e-05,1.5645402903600003e-05,2.984762398800001e-06,6.559917360000001e-06,2.9290031012400004e-05,,2000,6,2000
2000-06-23,2.449035814400001e-05,4.8215392596000014e-06,1.284650483e-05,1.0189738299200003e-05,1.4672348495200004e-05,3.3236914624000005e-06,6.559917360000001e-06,2.756258610760001e-05,,2000,6,2000
2000-06-24,2.317837467200001e-05,4.438877413600001e-06,1.2343577832400004e-05,9.818009648800002e-06,1.3622761717600002e-05,3.2362258976000003e-06,6.3521866436e-06,2.60319387236e-05,,2000,6,2000
2000-06-25,2.1757059244000004e-05,4.0343491764e-06,1.1785984856800004e-05,9.347882238000002e-06,1.26606405048e-05,3.1050275504000004e-06,6.3521866436e-06,2.43482266012e-05,,2000,6,2000
2000-06-26,2.0882403596e-05,3.8484848512e-06,1.1261191468000002e-05,8.834022044800002e-06,1.1818784443600002e-05,3.1487603328000005e-06,5.4993973868000005e-06,2.299251034680001e-05,,2000,6,2000
2000-06-27,1.9461088168000003e-05,3.8703512424000005e-06,1.0878529622000002e-05,8.407627416400002e-06,1.0922262404400002e-05,3.509555787600001e-06,4.9636708024000005e-06,2.1571194918800004e-05,,2000,6,2000
2000-06-28,1.9023760344e-05,3.6516873304e-06,1.05833333408e-05,8.046831961600002e-06,1.0430268602400005e-05,3.3127582668e-06,4.6028753476e-06,2.02482782512e-05,,2000,6,2000
2000-06-29,1.8149104696000003e-05,3.487689396400001e-06,1.0167871908000002e-05,7.740702484800001e-06,1.00366735608e-05,3.5204889832000005e-06,4.4498106092000006e-06,1.88269628232e-05,,2000,6,2000
2000-06-30,1.7274449048000004e-05,3.4439566140000008e-06,9.807076453200002e-06,7.6641701156e-06,9.643078519200005e-06,3.8922176336000005e-06,4.0780819588000006e-06,1.8236570260800003e-05,,2000,6,2000
2000-07-01,1.6837121224000003e-05,3.3783574404e-06,9.5556129544e-06,7.5220385728e-06,9.1948174996e-06,3.9687500028e-06,4.2420798928000005e-06,1.7558712133600004e-05,,2000,7,2000
2000-07-02,1.6290461444000003e-05,3.3236914624000005e-06,9.2713498688e-06,7.303374660800001e-06,8.877754827200002e-06,4.493543391600001e-06,4.0780819588000006e-06,1.7077651527200005e-05,,2000,7,2000
2000-07-03,1.6290461444000003e-05,3.7828856776e-06,9.183884304e-06,7.500172181600002e-06,8.757489675600001e-06,3.8156852644e-06,4.482610196000001e-06,1.7121384309600003e-05,,2000,7,2000
2000-07-04,1.5853133620000002e-05,3.9250172204e-06,9.1620179128e-06,7.489238986000002e-06,8.593491741600002e-06,3.3674242448000006e-06,4.6028753476e-06,1.7001119158e-05,,2000,7,2000
2000-07-05,1.5415805796e-05,3.673553721600001e-06,8.965220392000002e-06,7.139376726800002e-06,8.298295460400001e-06,3.8156852644e-06,4.417011022400001e-06,1.7996039957600002e-05,,2000,7,2000
2000-07-06,1.5415805796e-05,3.2143595064000007e-06,8.516959372400002e-06,6.833247250000001e-06,7.9047004188e-06,4.657541325600001e-06,3.9031508292e-06,1.67059228768e-05,,2000,7,2000
2000-07-07,1.4541150148000002e-05,3.0066287900000006e-06,8.331095047200002e-06,6.6255165336e-06,7.5767045508e-06,3.935950416000001e-06,3.4111570272000007e-06,1.7318181830400003e-05,,2000,7,2000
2000-07-08,1.4541150148000002e-05,2.9300964208000004e-06,8.232696286800002e-06,6.4505854040000005e-06,7.336174247600002e-06,3.717286504000001e-06,3.2580922888000003e-06,1.64216597912e-05,,2000,7,2000
2000-07-09,1.3666494500000002e-05,2.7004993132000003e-06,7.970299592400001e-06,6.122589536000002e-06,6.9863119884000005e-06,3.914084024800001e-06,3.2580922888000003e-06,1.54923381652e-05,,2000,7,2000
2000-07-10,1.3119834720000002e-05,2.5146349880000003e-06,7.9484332012e-06,5.871126037200001e-06,6.581783751200001e-06,3.914084024800001e-06,3.2580922888000003e-06,1.5142475906000002e-05,,2000,7,2000
2000-07-11,1.2682506896000002e-05,2.4053030320000005e-06,7.828168049600001e-06,5.510330582400001e-06,6.210055100800001e-06,3.695420112800001e-06,3.1050275504000004e-06,1.4453684583200002e-05,,2000,7,2000
2000-07-12,1.2245179072000005e-05,2.295971076e-06,7.6641701156e-06,5.3353994528000005e-06,6.035123971200001e-06,2.5146349880000003e-06,2.809831269200001e-06,1.3568095739600002e-05,,2000,7,2000
2000-07-13,1.1807851248000002e-05,2.1757059244000004e-06,7.423639812400002e-06,5.1276687364e-06,5.739927690000001e-06,1.7493112960000002e-06,2.809831269200001e-06,1.3218233480400005e-05,,2000,7,2000
2000-07-14,1.1370523424e-05,2.1757059244000004e-06,7.248708682800002e-06,5.029269976000001e-06,5.597796147200001e-06,2.0117079904000004e-06,2.9519628120000005e-06,1.2977703177200003e-05,,2000,7,2000
2000-07-15,1.1370523424e-05,2.0882403596e-06,7.183109509200001e-06,5.105802345200001e-06,5.390065430800001e-06,2.2413050980000005e-06,2.9519628120000005e-06,1.2420110201600002e-05,,2000,7,2000
2000-07-16,1.0933195600000002e-05,1.8805096432e-06,7.117510335600001e-06,4.952737606800001e-06,5.094869149600002e-06,2.3725034452000004e-06,2.9519628120000005e-06,1.2103047529200005e-05,,2000,7,2000
2000-07-17,1.0933195600000002e-05,2.0117079904000004e-06,7.117510335600001e-06,4.9855371936000005e-06,5.0074035848000014e-06,2.5146349880000003e-06,2.9519628120000005e-06,1.2135847116000004e-05,,2000,7,2000
2000-07-18,1.038653582e-05,1.8805096432e-06,7.008178379600001e-06,4.7778064772000005e-06,4.701274108000001e-06,2.7223657044e-06,2.9519628120000005e-06,1.1982782377600002e-05,,2000,7,2000
2000-07-19,9.949207996000002e-06,1.7711776872000005e-06,6.931646010400002e-06,4.755940086e-06,4.6028753476e-06,2.623966944000001e-06,2.6676997264e-06,1.1818784443600002e-05,,2000,7,2000
2000-07-20,9.949207996000002e-06,1.6618457312000002e-06,6.505251382000001e-06,4.701274108000001e-06,4.504476587200001e-06,2.4927685968000003e-06,2.3943698364000005e-06,1.14907885756e-05,,2000,7,2000
2000-07-21,9.511880172e-06,1.5634469708000002e-06,6.330320252400001e-06,4.6247417388e-06,4.384211435600001e-06,2.8863636384000003e-06,2.3943698364000005e-06,1.1195592294400002e-05,,2000,7,2000
2000-07-22,9.511880172e-06,1.5525137752000002e-06,6.1553891228e-06,4.5810089564e-06,4.2639462840000006e-06,2.5146349880000003e-06,2.3943698364000005e-06,1.1108126729600002e-05,,2000,7,2000
2000-07-23,9.074552348000002e-06,1.6071797532000003e-06,6.067923558000002e-06,4.515409782800001e-06,4.187413914800001e-06,2.4818354012e-06,2.2631714892e-06,1.0780130861600002e-05,,2000,7,2000
2000-07-24,9.074552348000002e-06,1.4322486236e-06,5.914858819600001e-06,4.395144631200001e-06,4.001549589600001e-06,2.3178374672000003e-06,2.1319731420000003e-06,1.0605199732000002e-05,,2000,7,2000
2000-07-25,8.637224524000002e-06,1.3229166676e-06,5.772727276800001e-06,4.2202135016000005e-06,3.6516873304e-06,1.9789084036000003e-06,2.45996901e-06,1.02881370596e-05,,2000,7,2000
2000-07-26,8.637224524000002e-06,1.3229166676e-06,5.696194907600001e-06,4.2202135016000005e-06,3.542355374400001e-06,1.8914428388e-06,2.3943698364000005e-06,9.9710743872e-06,,2000,7,2000
2000-07-27,8.199896700000001e-06,1.2573174940000002e-06,5.4993973868000005e-06,4.1327479368e-06,3.4767562008000004e-06,2.0991735552e-06,2.5255681836000008e-06,9.632145323600002e-06,,2000,7,2000
2000-07-28,8.199896700000001e-06,1.147985538e-06,5.3135330616e-06,4.099948350000001e-06,3.4220902228000007e-06,2.1101067508e-06,2.6676997264e-06,9.282283064400002e-06,,2000,7,2000
2000-07-29,8.199896700000001e-06,1.1151859512e-06,5.247933888000001e-06,4.045282372000001e-06,3.4330234184000003e-06,1.9679752080000003e-06,2.6676997264e-06,9.0964187392e-06,,2000,7,2000
2000-07-30,7.762568876e-06,1.0277203864000005e-06,5.193267910000001e-06,3.9687500028e-06,3.2799586800000004e-06,2.295971076e-06,2.809831269200001e-06,8.713756893200001e-06,,2000,7,2000
2000-07-31,7.762568876e-06,9.511880172000002e-07,5.0511363672000015e-06,3.8922176336000005e-06,3.1596935284e-06,1.9679752080000003e-06,2.9519628120000005e-06,8.549758959200002e-06,,2000,7,2000
2000-08-01,7.2159090960000015e-06,9.074552348e-07,4.909004824400001e-06,3.706353308400001e-06,3.0722279636000008e-06,1.6727789268000005e-06,2.9519628120000005e-06,8.003099179200002e-06,,2000,8,2000
2000-08-02,7.2159090960000015e-06,8.855888436000001e-07,4.6903409124e-06,3.6298209392e-06,2.9519628120000005e-06,1.3338498632e-06,2.809831269200001e-06,7.5657713552e-06,,2000,8,2000
2000-08-03,6.778581272000001e-06,8.418560612000001e-07,4.679407716800001e-06,3.5642217656000006e-06,2.8644972472000003e-06,1.3338498632e-06,2.5255681836000008e-06,7.270575074000001e-06,,2000,8,2000
2000-08-04,6.778581272000001e-06,8.309228656000001e-07,4.6138085432000005e-06,3.5204889832000005e-06,2.7223657044e-06,1.1807851248000002e-06,2.3943698364000005e-06,6.975378792800002e-06,,2000,8,2000
2000-08-05,6.778581272000001e-06,8.199896700000001e-07,4.5482093696e-06,3.4439566140000008e-06,2.7114325088000004e-06,1.0714531688000002e-06,2.2631714892e-06,6.734848489600001e-06,,2000,8,2000
2000-08-06,6.341253448000001e-06,7.981232788000002e-07,4.493543391600001e-06,3.4002238316000003e-06,2.6349001396e-06,1.1698519292000002e-06,2.1319731420000003e-06,6.7129820984e-06,,2000,8,2000
2000-08-07,6.341253448000001e-06,7.434573008000001e-07,4.504476587200001e-06,3.3455578536000005e-06,2.5037017924000007e-06,1.2901170808000002e-06,2.0007747948000004e-06,6.6364497292000005e-06,,2000,8,2000
2000-08-08,6.341253448000001e-06,7.215909096000001e-07,4.384211435600001e-06,3.2252927020000003e-06,2.3834366408000004e-06,1.147985538e-06,1.8805096432e-06,6.384986230400001e-06,,2000,8,2000
2000-08-09,6.341253448000001e-06,6.997245184000001e-07,4.067148763200001e-06,3.2252927020000003e-06,2.252238293600001e-06,8.746556480000001e-07,1.8805096432e-06,6.253787883200001e-06,,2000,8,2000
2000-08-10,6.341253448000001e-06,6.559917360000001e-07,4.089015154400001e-06,3.2143595064000007e-06,2.1757059244000004e-06,9.402548216e-07,1.8805096432e-06,6.188188709600001e-06,,2000,8,2000
2000-08-11,5.903925624000001e-06,6.559917360000001e-07,4.0780819588000006e-06,3.2034263108e-06,2.1429063376000003e-06,1.0714531688000002e-06,1.8805096432e-06,6.177255514e-06,,2000,8,2000
2000-08-12,5.903925624000001e-06,5.794593668000001e-07,4.001549589600001e-06,3.1596935284e-06,2.0445075772000005e-06,9.839876040000002e-07,1.8805096432e-06,6.1663223184e-06,,2000,8,2000
2000-08-13,5.903925624000001e-06,,4.0343491764e-06,3.1487603328000005e-06,1.9789084036000003e-06,1.3447830588e-06,1.8805096432e-06,6.046057166800001e-06,,2000,8,2000
2000-08-14,5.903925624000001e-06,,4.0562155676000005e-06,3.1378271372e-06,1.8914428388e-06,1.9789084036000003e-06,1.8805096432e-06,6.002324384400002e-06,,2000,8,2000
2000-08-15,5.903925624000001e-06,,4.023415980800001e-06,3.0722279636000008e-06,1.7055785136000004e-06,1.91330923e-06,1.8805096432e-06,5.925792015200002e-06,,2000,8,2000
2000-08-16,5.903925624000001e-06,,3.914084024800001e-06,3.0503615724000007e-06,1.6618457312000002e-06,1.4869146016000005e-06,1.8805096432e-06,5.838326450400002e-06,,2000,8,2000
2000-08-17,5.466597800000001e-06,,3.8156852644e-06,3.0175619856000006e-06,1.6399793400000002e-06,1.3885158412000005e-06,1.8805096432e-06,5.641528929600001e-06,,2000,8,2000
2000-08-18,5.466597800000001e-06,,3.7610192864e-06,3.061294768000001e-06,1.6618457312000002e-06,1.3338498632e-06,1.7602444916000005e-06,5.772727276800001e-06,,2000,8,2000
2000-08-19,5.903925624000001e-06,,3.8047520688000008e-06,3.1487603328000005e-06,1.6399793400000002e-06,1.3338498632e-06,1.6399793400000002e-06,6.2647210788000005e-06,,2000,8,2000
2000-08-20,5.466597800000001e-06,,3.6516873304e-06,3.0394283768000003e-06,1.5197141884e-06,1.6946453180000003e-06,1.6399793400000002e-06,5.860192841600001e-06,,2000,8,2000
2000-08-21,5.466597800000001e-06,,3.553288570000001e-06,2.984762398800001e-06,1.4650482104000002e-06,2.1647727288000004e-06,1.6399793400000002e-06,5.6852617120000005e-06,,2000,8,2000
2000-08-22,5.466597800000001e-06,,3.487689396400001e-06,2.8535640516000007e-06,1.4322486236e-06,1.5415805796e-06,1.6399793400000002e-06,5.586862951600001e-06,,2000,8,2000
2000-08-23,5.466597800000001e-06,,3.3455578536000005e-06,2.7879648780000005e-06,1.3557162544000002e-06,7.325241052000001e-07,1.6399793400000002e-06,5.477530995600001e-06,,2000,8,2000
2000-08-24,5.029269976000001e-06,,3.3455578536000005e-06,2.7879648780000005e-06,1.3119834720000005e-06,,1.6399793400000002e-06,5.422865017600001e-06,,2000,8,2000
2000-08-25,,,3.3455578536000005e-06,2.766098486800001e-06,1.2354511028e-06,,1.5306473840000006e-06,5.422865017600001e-06,,2000,8,2000
2000-08-26,,,3.2908918756000004e-06,2.798898073600001e-06,1.2354511028e-06,,1.421315428e-06,5.3572658440000005e-06,,2000,8,2000
2000-08-27,,,3.2143595064000007e-06,2.7551652912000005e-06,1.2135847116000005e-06,,1.421315428e-06,5.3572658440000005e-06,,2000,8,2000
2000-08-28,,,3.1487603328000005e-06,2.6786329220000003e-06,1.0933195600000002e-06,,1.421315428e-06,5.3572658440000005e-06,,2000,8,2000
2000-08-29,,,3.115960746e-06,2.6349001396e-06,1.0495867776e-06,,1.421315428e-06,5.346332648400001e-06,,2000,8,2000
2000-08-30,,,3.1050275504000004e-06,2.623966944000001e-06,,,1.421315428e-06,5.3353994528000005e-06,,2000,8,2000
2000-08-31,,,3.1050275504000004e-06,,,,1.5306473840000006e-06,5.2698002792e-06,,2000,8,2000
2000-09-01,,,3.0722279636000008e-06,,,,1.6399793400000002e-06,5.2698002792e-06,,2000,9,2000
2000-09-02,,,4.657541325600001e-06,,,,1.6399793400000002e-06,7.248708682800002e-06,,2000,9,2000
2000-09-03,,,4.876205237600001e-06,,,,1.7602444916000005e-06,7.139376726800002e-06,,2000,9,2000
2000-09-04,,,4.7778064772000005e-06,,,,1.8805096432e-06,6.4396522084e-06,,2000,9,2000
2000-09-05,,,4.023415980800001e-06,,,,1.8805096432e-06,5.871126037200001e-06,,2000,9,2000
2000-09-06,,,3.465823005200001e-06,,,,1.8805096432e-06,5.411931822e-06,,2000,9,2000
2000-09-07,,,3.2362258976000003e-06,,,,1.8805096432e-06,5.2698002792e-06,,2000,9,2000
2000-09-08,,,3.465823005200001e-06,,,,1.8805096432e-06,7.6641701156e-06,,2000,9,2000
2000-09-09,,,3.4330234184000003e-06,,,,1.8805096432e-06,6.384986230400001e-06,,2000,9,2000
2000-09-10,,,3.5204889832000005e-06,,,,1.8805096432e-06,6.7129820984e-06,,2000,9,2000
2000-09-11,,,3.3564910492e-06,,,,1.8805096432e-06,6.330320252400001e-06,,2000,9,2000
2000-09-12,,,3.170626724000001e-06,,,,1.8805096432e-06,5.739927690000001e-06,,2000,9,2000
2000-09-13,,,3.0394283768000003e-06,,,,1.8805096432e-06,5.379132235200001e-06,,2000,9,2000
2000-09-14,,,,,,,1.4103822324000003e-06,4.974603998000001e-06,,2000,9,2000
2000-09-15,,,,,,,1.0167871908000002e-06,,,2000,9,2000
2000-09-16,,,,,,,,,,2000,9,2000
2000-09-17,,,,,,,,,,2000,9,2000
2000-09-18,,,,,,,,,,2000,9,2000
2000-09-19,,,,,,,,,,2000,9,2000
2000-09-20,,,,,,,,,,2000,9,2000
2000-09-21,,,,,,,,,,2000,9,2000
2000-09-22,,,,,,,,,,2000,9,2000
2000-09-23,,,,,,,,,,2000,9,2000
2000-09-24,,,,,,,,,,2000,9,2000
2000-09-25,,,,,,,,,,2000,9,2000
2000-09-26,,,,,,,,,,2000,9,2000
2000-09-27,,,,,,,,,,2000,9,2000
2000-09-28,,,,,,,,,,2000,9,2000
2000-09-29,,,,,,,,,,2000,9,2000
2000-09-30,,,,,,,,,,2000,9,2000
2000-10-01,,,,,,,,,,2000,10,2001
2000-10-02,,,,,,,,,,2000,10,2001
2000-10-03,,,,,,,,,,2000,10,2001
2000-10-04,,,,,,,,,,2000,10,2001
2000-10-05,,,,,,,,,,2000,10,2001
2000-10-06,,,,,,,,,,2000,10,2001
2000-10-07,,,,,,,,,,2000,10,2001
2000-10-08,,,,,,,,,,2000,10,2001
2000-10-09,,,,,,,,,,2000,10,2001
2000-10-10,,,,,,,,,,2000,10,2001
2000-10-11,,,,,,,,,,2000,10,2001
2000-10-12,,,,,,,,,,2000,10,2001
2000-10-13,,,,,,,,,,2000,10,2001
2000-10-14,,,,,,,,,,2000,10,2001
2000-10-15,,,,,,,,,,2000,10,2001
2000-10-16,,,,,,,,,,2000,10,2001
2000-10-17,,,,,,,,,,2000,10,2001
2000-10-18,,,,,,,,,,2000,10,2001
2000-10-19,,,,,,,,,,2000,10,2001
2000-10-20,,,,,,,,,,2000,10,2001
2000-10-21,,,,,,,,,,2000,10,2001
2000-10-22,,,,,,,,,,2000,10,2001
2000-10-23,,,,,,,,,,2000,10,2001
2000-10-24,,,,,,,,,,2000,10,2001
2000-10-25,,,,,,,,,,2000,10,2001
2000-10-26,,,,,,,,,,2000,10,2001
2000-10-27,,,,,,,,,,2000,10,2001
2000-10-28,,,,,,,,,,2000,10,2001
2000-10-29,,,,,,,,,,2000,10,2001
2000-10-30,,,,,,,,,,2000,10,2001
2000-10-31,,,,,,,,,,2000,10,2001
2000-11-01,,,,,,,,,,2000,11,2001
2000-11-02,,,,,,,,,,2000,11,2001
2000-11-03,,,,,,,,,,2000,11,2001
2000-11-04,,,,,,,,,,2000,11,2001
2000-11-05,,,,,,,,,,2000,11,2001
2000-11-06,,,,,,,,,,2000,11,2001
2000-11-07,,,,,,,,,,2000,11,2001
2000-11-08,,,,,,,,,,2000,11,2001
2000-11-09,,,,,,,,,,2000,11,2001
2000-11-10,,,,,,,,,,2000,11,2001
2000-11-11,,,,,,,,,,2000,11,2001
2000-11-12,,,,,,,,,,2000,11,2001
2000-11-13,,,,,,,,,,2000,11,2001
2000-11-14,,,,,,,,,,2000,11,2001
2000-11-15,,,,,,,,,,2000,11,2001
2000-11-16,,,,,,,,,,2000,11,2001
2000-11-17,,,,,,,,,,2000,11,2001
2000-11-18,,,,,,,,,,2000,11,2001
2000-11-19,,,,,,,,,,2000,11,2001
2000-11-20,,,,,,,,,,2000,11,2001
2000-11-21,,,,,,,,,,2000,11,2001
2000-11-22,,,,,,,,,,2000,11,2001
2000-11-23,,,,,,,,,,2000,11,2001
2000-11-24,,,,,,,,,,2000,11,2001
2000-11-25,,,,,,,,,,2000,11,2001
2000-11-26,,,,,,,,,,2000,11,2001
2000-11-27,,,,,,,,,,2000,11,2001
2000-11-28,,,,,,,,,,2000,11,2001
2000-11-29,,,,,,,,,,2000,11,2001
2000-11-30,,,,,,,,,,2000,11,2001
2000-12-01,,,,,,,,,,2000,12,2001
2000-12-02,,,,,,,,,,2000,12,2001
2000-12-03,,,,,,,,,,2000,12,2001
2000-12-04,,,,,,,,,,2000,12,2001
2000-12-05,,,,,,,,,,2000,12,2001
2000-12-06,,,,,,,,,,2000,12,2001
2000-12-07,,,,,,,,,,2000,12,2001
2000-12-08,,,,,,,,,,2000,12,2001
2000-12-09,,,,,,,,,,2000,12,2001
2000-12-10,,,,,,,,,,2000,12,2001
2000-12-11,,,,,,,,,,2000,12,2001
2000-12-12,,,,,,,,,,2000,12,2001
2000-12-13,,,,,,,,,,2000,12,2001
2000-12-14,,,,,,,,,,2000,12,2001
2000-12-15,,,,,,,,,,2000,12,2001
2000-12-16,,,,,,,,,,2000,12,2001
2000-12-17,,,,,,,,,,2000,12,2001
2000-12-18,,,,,,,,,,2000,12,2001
2000-12-19,,,,,,,,,,2000,12,2001
2000-12-20,,,,,,,,,,2000,12,2001
2000-12-21,,,,,,,,,,2000,12,2001
2000-12-22,,,,,,,,,,2000,12,2001
2000-12-23,,,,,,,,,,2000,12,2001
2000-12-24,,,,,,,,,,2000,12,2001
2000-12-25,,,,,,,,,,2000,12,2001
2000-12-26,,,,,,,,,,2000,12,2001
2000-12-27,,,,,,,,,,2000,12,2001
2000-12-28,,,,,,,,,,2000,12,2001
2000-12-29,,,,,,,,,,2000,12,2001
2000-12-30,,,,,,,,,,2000,12,2001
2000-12-31,,,,,,,,,,2000,12,2001
2001-01-01,,,,,,,,,,2001,1,2001
2001-01-02,,,,,,,,,,2001,1,2001
2001-01-03,,,,,,,,,,2001,1,2001
2001-01-04,,,,,,,,,,2001,1,2001
2001-01-05,,,,,,,,,,2001,1,2001
2001-01-06,,,,,,,,,,2001,1,2001
2001-01-07,,,,,,,,,,2001,1,2001
2001-01-08,,,,,,,,,,2001,1,2001
2001-01-09,,,,,,,,,,2001,1,2001
2001-01-10,,,,,,,,,,2001,1,2001
2001-01-11,,,,,,,,,,2001,1,2001
2001-01-12,,,,,,,,,,2001,1,2001
2001-01-13,,,,,,,,,,2001,1,2001
2001-01-14,,,,,,,,,,2001,1,2001
2001-01-15,,,,,,,,,,2001,1,2001
2001-01-16,,,,,,,,,,2001,1,2001
2001-01-17,,,,,,,,,,2001,1,2001
2001-01-18,,,,,,,,,,2001,1,2001
2001-01-19,,,,,,,,,,2001,1,2001
2001-01-20,,,,,,,,,,2001,1,2001
2001-01-21,,,,,,,,,,2001,1,2001
2001-01-22,,,,,,,,,,2001,1,2001
2001-01-23,,,,,,,,,,2001,1,2001
2001-01-24,,,,,,,,,,2001,1,2001
2001-01-25,,,,,,,,,,2001,1,2001
2001-01-26,,,,,,,,,,2001,1,2001
2001-01-27,,,,,,,,,,2001,1,2001
2001-01-28,,,,,,,,,,2001,1,2001
2001-01-29,,,,,,,,,,2001,1,2001
2001-01-30,,,,,,,,,,2001,1,2001
2001-01-31,,,,,,,,,,2001,1,2001
2001-02-01,,,,,,,,,,2001,2,2001
2001-02-02,,,,,,,,,,2001,2,2001
2001-02-03,,,,,,,,,,2001,2,2001
2001-02-04,,,,,,,,,,2001,2,2001
2001-02-05,,,,,,,,,,2001,2,2001
2001-02-06,,,,,,,,,,2001,2,2001
2001-02-07,,,,,,,,,,2001,2,2001
2001-02-08,,,,,,,,,,2001,2,2001
2001-02-09,,,,,,,,,,2001,2,2001
2001-02-10,,,,,,,,,,2001,2,2001
2001-02-11,,,,,,,,,,2001,2,2001
2001-02-12,,,,,,,,,,2001,2,2001
2001-02-13,,,,,,,,,,2001,2,2001
2001-02-14,,,,,,,,,,2001,2,2001
2001-02-15,,,,,,,,,,2001,2,2001
2001-02-16,,,,,,,,,,2001,2,2001
2001-02-17,,,,,,,,,,2001,2,2001
2001-02-18,,,,,,,,,,2001,2,2001
2001-02-19,,,,,,,,,,2001,2,2001
2001-02-20,,,,,,,,,,2001,2,2001
2001-02-21,,,,,,,,,,2001,2,2001
2001-02-22,,,,,,,,,,2001,2,2001
2001-02-23,,,,,,,,,,2001,2,2001
2001-02-24,,,,,,,,,,2001,2,2001
2001-02-25,,,,,,,,,,2001,2,2001
2001-02-26,,,,,,,,,,2001,2,2001
2001-02-27,,,,,,,,,,2001,2,2001
2001-02-28,,,,,,,,,,2001,2,2001
2001-03-01,,,,,,,,,,2001,3,2001
2001-03-02,,,,,,,,,,2001,3,2001
2001-03-03,,,,,,,,,,2001,3,2001
2001-03-04,,,,,,,,,,2001,3,2001
2001-03-05,,,,,,,,,,2001,3,2001
2001-03-06,,,,,,,,,,2001,3,2001
2001-03-07,,,,,,,,,,2001,3,2001
2001-03-08,,,,,,,,,,2001,3,2001
2001-03-09,,,,,,,,,,2001,3,2001
2001-03-10,,,,,,,,,,2001,3,2001
2001-03-11,,,,,,,,,,2001,3,2001
2001-03-12,,,,,,,,,,2001,3,2001
2001-03-13,,,,,,,,,,2001,3,2001
2001-03-14,,,,,,,,,,2001,3,2001
2001-03-15,,,,,,,,,,2001,3,2001
2001-03-16,,,,,,,,,,2001,3,2001
2001-03-17,,,,,,,,,,2001,3,2001
2001-03-18,,,,,,,,,,2001,3,2001
2001-03-19,,,,,,,,,,2001,3,2001
2001-03-20,,,,,,,,,,2001,3,2001
2001-03-21,,,,,,,,,,2001,3,2001
2001-03-22,,,,,,,,,,2001,3,2001
2001-03-23,,,,,,,,,,2001,3,2001
2001-03-24,,,,,,,,,,2001,3,2001
2001-03-25,,,,,,,,,,2001,3,2001
2001-03-26,,,,,,,,,,2001,3,2001
2001-03-27,,,,,,,,,,2001,3,2001
2001-03-28,,,,,,,,,,2001,3,2001
2001-03-29,,,,,,,,,,2001,3,2001
2001-03-30,,,,,,,,,,2001,3,2001
2001-03-31,,,,,,,,,,2001,3,2001
2001-04-01,,,,,,,,,,2001,4,2001
2001-04-02,,,,,,,,,,2001,4,2001
2001-04-03,,,,,,,,,,2001,4,2001
2001-04-04,,,,,,,,,,2001,4,2001
2001-04-05,,,,,,,,,,2001,4,2001
2001-04-06,,,,,,,,,,2001,4,2001
2001-04-07,,,,,,,,,,2001,4,2001
2001-04-08,,,,,,,,,,2001,4,2001
2001-04-09,,,,,,,,,,2001,4,2001
2001-04-10,,,,,,,,,,2001,4,2001
2001-04-11,,,,,,,,,,2001,4,2001
2001-04-12,,,,,,,,,,2001,4,2001
2001-04-13,,,,,,,,,,2001,4,2001
2001-04-14,,,,,,,,,,2001,4,2001
2001-04-15,,,,,,,,,,2001,4,2001
2001-04-16,,,,,,,,,,2001,4,2001
2001-04-17,,,,,,,,,,2001,4,2001
2001-04-18,,,,,,,,,,2001,4,2001
2001-04-19,,,,,,,,,,2001,4,2001
2001-04-20,,,,,,,,,,2001,4,2001
2001-04-21,,,,,,,,,,2001,4,2001
2001-04-22,,,,,,,,,,2001,4,2001
2001-04-23,,,,,,,,,,2001,4,2001
2001-04-24,,,,,,,,,,2001,4,2001
2001-04-25,,,,,,,,,,2001,4,2001
2001-04-26,,,,,,,,,,2001,4,2001
2001-04-27,,,,,,,,,,2001,4,2001
2001-04-28,,,,,,,,,,2001,4,2001
2001-04-29,,,,,,,,,,2001,4,2001
2001-04-30,,,,,,,,,,2001,4,2001
2001-05-01,,,,,,,,,,2001,5,2001
2001-05-02,,,,,,,,,,2001,5,2001
2001-05-03,,,,,,,,,,2001,5,2001
2001-05-04,,,,,,,,,,2001,5,2001
2001-05-05,,,,,,,,,,2001,5,2001
2001-05-06,,,,,,,,,,2001,5,2001
2001-05-07,,,,,,,,,,2001,5,2001
2001-05-08,,,,,,,,,,2001,5,2001
2001-05-09,,,,,,,,,,2001,5,2001
2001-05-10,,,,,,,,,,2001,5,2001
2001-05-11,,,,,,,,,,2001,5,2001
2001-05-12,,,,,,,,,,2001,5,2001
2001-05-13,,,,,,,,,,2001,5,2001
2001-05-14,,,,,,,,,,2001,5,2001
2001-05-15,,0.0001148313533868,9.285563023080002e-05,0.0001106876722544,,0.0001584985366132,0.0001393982439,,,2001,5,2001
2001-05-16,0.0001229984505,9.38942838128e-05,8.795755860200001e-05,8.37045455136e-05,6.0460571668000014e-05,6.826687332640001e-05,0.0001307391529848,0.000151206095148,,2001,5,2001
2001-05-17,8.888688022800003e-05,4.800766187960001e-05,6.449492084440001e-05,5.275266877000001e-05,5.018336780400001e-05,2.8316976604000005e-05,6.780767911120001e-05,9.705397734120004e-05,,2001,5,2001
2001-05-18,6.898846423600001e-05,3.11814738512e-05,4.82263257916e-05,4.10650826736e-05,4.149147730200001e-05,1.8313102630000004e-05,4.32298554024e-05,7.113137057360001e-05,,2001,5,2001
2001-05-19,5.7617940812e-05,2.3069042716000003e-05,3.776325760240001e-05,3.52704890056e-05,3.4691029638800004e-05,1.4278753453600003e-05,3.2220127433200006e-05,5.673235196840001e-05,,2001,5,2001
2001-05-20,4.9418044112e-05,1.8597365715600004e-05,3.1542269306e-05,3.066761365800001e-05,2.95086949244e-05,1.1742252074400004e-05,2.643646696080001e-05,4.942897730760001e-05,,2001,5,2001
2001-05-21,4.307679066400001e-05,1.5907799598000003e-05,2.7759383628400005e-05,2.728925621760001e-05,2.6228736244400007e-05,1.02444042772e-05,2.3725034452000003e-05,4.43669077448e-05,,2001,5,2001
2001-05-22,3.8594180468e-05,1.36992940868e-05,2.5015151532800004e-05,2.4512224535200005e-05,2.3079975911600006e-05,9.490013780800002e-06,2.1035468334400003e-05,4.0048295482800005e-05,,2001,5,2001
2001-05-23,3.4986225920000006e-05,1.2190513094000003e-05,2.2828512412800005e-05,2.2161587481200003e-05,2.07293388576e-05,8.615358132800001e-06,1.83787018036e-05,3.65387396952e-05,,2001,5,2001
2001-05-24,3.181559919600001e-05,1.1042527556000004e-05,2.1101067508e-05,2.01498794908e-05,1.8837896018800005e-05,8.112431135200001e-06,1.64763257692e-05,3.3685175643600006e-05,,2001,5,2001
2001-05-25,2.951962812000001e-05,1.01241391256e-05,1.983281681840001e-05,1.8597365715600004e-05,1.7427513786400002e-05,7.6204373332e-06,1.5776601250800005e-05,3.084254478760001e-05,,2001,5,2001
2001-05-26,2.7660984868e-05,9.3588154336e-06,1.8203770674000004e-05,1.7033918744800003e-05,1.6487258964800003e-05,6.6364497292000005e-06,1.50440771456e-05,2.8273243821600004e-05,,2001,5,2001
2001-05-27,2.5911673572000005e-05,8.615358132800001e-06,1.7591511720400003e-05,1.5656336099200002e-05,1.5645402903600003e-05,6.1444559272000015e-06,1.4563016539200003e-05,2.5999139136800005e-05,,2001,5,2001
2001-05-28,2.449035814400001e-05,8.342028242800001e-06,1.6869920810800002e-05,1.4617682517200005e-05,1.5000344363200004e-05,6.1444559272000015e-06,1.4322486236000004e-05,2.4227961449600005e-05,,2001,5,2001
2001-05-29,2.317837467200001e-05,7.784435267200001e-06,1.6181129488000004e-05,1.36774276956e-05,1.41475551064e-05,6.1444559272000015e-06,1.3283832654000004e-05,2.2697314065600003e-05,,2001,5,2001
2001-05-30,2.1757059244000004e-05,7.0519111620000015e-06,1.5448605382800003e-05,1.23982438104e-05,1.33603650232e-05,6.384986230400001e-06,1.2234245876400002e-05,2.0882403596e-05,,2001,5,2001
2001-05-31,2.0445075772000004e-05,6.494318186400001e-06,1.4858212820400004e-05,1.1764118465600004e-05,1.24857093752e-05,5.903925624000001e-06,1.0878529622000002e-05,1.94829545592e-05,,2001,5,2001
2001-06-01,2.0007747948000003e-05,6.8004476632000005e-06,1.4278753453600003e-05,1.1567320944800002e-05,1.2245179072000005e-05,6.133522731600001e-06,1.0320936646400002e-05,1.9275223842800003e-05,,2001,6,2001
2001-06-02,2.0007747948000003e-05,7.281508269600002e-06,1.4049156346000002e-05,1.257317494e-05,1.26387741136e-05,6.876980032400001e-06,1.2135847116000004e-05,2.03248106204e-05,,2001,6,2001
2001-06-03,2.0445075772000004e-05,7.7516356804e-06,1.3819559238400002e-05,1.2354511028e-05,1.26606405048e-05,6.6364497292000005e-06,1.2015581964400005e-05,2.0259211446800004e-05,,2001,6,2001
2001-06-04,1.9023760344e-05,6.680182511600001e-06,1.3065168742000004e-05,1.10315943604e-05,1.17313188788e-05,6.384986230400001e-06,1.10862603384e-05,1.8291236238800005e-05,,2001,6,2001
2001-06-05,2.0007747948000003e-05,7.598570942000001e-06,1.3261966262800003e-05,1.2605974526800002e-05,1.2802772047600005e-05,6.876980032400001e-06,1.24747761796e-05,2.17789256352e-05,,2001,6,2001
2001-06-06,2.1319731420000003e-05,6.789514467600001e-06,1.3065168742000004e-05,1.1151859512000002e-05,1.3054235546400002e-05,6.570850555600001e-06,1.12502582724e-05,2.150559574520001e-05,,2001,6,2001
2001-06-07,1.858643252e-05,5.7617940812e-06,1.2026515160000002e-05,9.8836088224e-06,1.10862603384e-05,5.193267910000001e-06,8.593491741600002e-06,1.7996039957600002e-05,,2001,6,2001
2001-06-08,1.7274449048000004e-05,5.3681990396e-06,1.15782541404e-05,9.260416673200002e-06,1.0113205930000004e-05,4.493543391600001e-06,8.2108298956e-06,1.6399793400000002e-05,,2001,6,2001
2001-06-09,1.6837121224000003e-05,5.1495351276000005e-06,1.1151859512000002e-05,8.757489675600001e-06,9.4790805852e-06,4.285812675200001e-06,7.882834027600001e-06,1.7394714199600003e-05,,2001,6,2001
2001-06-10,1.5853133620000002e-05,5.105802345200001e-06,1.0823863644e-05,8.626291328400001e-06,8.834022044800002e-06,4.274879479600001e-06,7.65323692e-06,1.58094008376e-05,,2001,6,2001
2001-06-11,1.6837121224000003e-05,5.4993973868000005e-06,1.20593147468e-05,1.1720385683200002e-05,9.861742431200002e-06,5.521263778000001e-06,9.719610888400002e-06,2.1013601943200004e-05,,2001,6,2001
2001-06-12,2.1757059244000004e-05,6.177255514e-06,1.2409177006000002e-05,1.0441201798e-05,1.1261191468000002e-05,5.4993973868000005e-06,9.763343670800002e-06,2.5594610899600006e-05,,2001,6,2001
2001-06-13,1.858643252e-05,4.865272042000001e-06,1.0605199732000002e-05,8.899621218400001e-06,9.2494834776e-06,4.5700757608e-06,7.117510335600001e-06,2.0423209380800005e-05,,2001,6,2001
2001-06-14,1.6290461444000003e-05,4.296745870800001e-06,9.8836088224e-06,8.342028242800001e-06,8.429493807600001e-06,3.6516873304e-06,6.505251382000001e-06,1.8291236238800005e-05,,2001,6,2001
2001-06-15,1.5415805796e-05,3.9468836116e-06,9.3697486292e-06,7.9484332012e-06,7.828168049600001e-06,3.4220902228000007e-06,6.089789949200001e-06,1.7066718331600002e-05,,2001,6,2001
2001-06-16,1.4978477972000003e-05,3.728219699600001e-06,9.1510847172e-06,7.587637746400001e-06,7.390840225600001e-06,3.2580922888000003e-06,5.827393254800001e-06,1.56126033168e-05,,2001,6,2001
2001-06-17,1.4103822324000005e-05,3.6079545480000007e-06,8.9324208052e-06,7.292441465200002e-06,7.040977966400001e-06,3.1050275504000004e-06,5.6087293428000016e-06,1.4705148082000005e-05,,2001,6,2001
2001-06-18,1.3666494500000002e-05,3.3674242448000006e-06,8.604424937200002e-06,7.062844357600002e-06,6.7567148808e-06,3.115960746e-06,5.2698002792e-06,1.38742252164e-05,,2001,6,2001
2001-06-19,1.2682506896000002e-05,3.2580922888000003e-06,8.484159785600001e-06,6.811380858800001e-06,6.4396522084e-06,3.115960746e-06,5.171401518800001e-06,1.30979683288e-05,,2001,6,2001
2001-06-20,1.2245179072000005e-05,3.0831611592e-06,8.298295460400001e-06,6.5489841644e-06,6.1991219052e-06,2.798898073600001e-06,4.876205237600001e-06,1.2507575766400002e-05,,2001,6,2001
2001-06-21,1.1807851248000002e-05,2.8754304428000007e-06,8.035898766e-06,6.297520665600001e-06,6.013257580000001e-06,2.6349001396e-06,4.5700757608e-06,1.1862517226000002e-05,,2001,6,2001
2001-06-22,1.1370523424e-05,2.8207644648000006e-06,7.784435267200001e-06,6.0788567536000005e-06,5.805526863600002e-06,2.6130337484e-06,4.5482093696e-06,1.14579889888e-05,,2001,6,2001
2001-06-23,1.0933195600000002e-05,2.9300964208000004e-06,7.642303724400001e-06,5.9804579932000016e-06,5.674328516400001e-06,2.6458333352e-06,4.679407716800001e-06,1.0933195600000002e-05,,2001,6,2001
2001-06-24,1.1807851248000002e-05,3.914084024800001e-06,8.309228656e-06,7.686036506800001e-06,6.297520665600001e-06,3.4767562008000004e-06,6.067923558000002e-06,1.3021435959600002e-05,,2001,6,2001
2001-06-25,1.2245179072000005e-05,3.6188877436000008e-06,8.0796315484e-06,7.259641878400001e-06,6.210055100800001e-06,3.4111570272000007e-06,5.5649965604000015e-06,1.25513085488e-05,,2001,6,2001
2001-06-26,1.2682506896000002e-05,4.504476587200001e-06,8.9324208052e-06,8.855888436000003e-06,6.909779619200001e-06,4.165547523600001e-06,6.7129820984e-06,1.3666494500000002e-05,,2001,6,2001
2001-06-27,1.3666494500000002e-05,5.193267910000001e-06,9.6977444972e-06,9.3806818248e-06,7.117510335600001e-06,4.8215392596000014e-06,6.931646010400002e-06,1.3054235546400002e-05,,2001,6,2001
2001-06-28,1.1370523424e-05,3.739152895200001e-06,7.860967636400002e-06,6.876980032400001e-06,6.133522731600001e-06,3.1815599196e-06,4.799672868400001e-06,1.1436122597600002e-05,,2001,6,2001
2001-06-29,1.038653582e-05,3.2252927020000003e-06,7.336174247600002e-06,6.1663223184e-06,5.674328516400001e-06,2.7332989000000004e-06,3.9250172204e-06,1.0867596426400002e-05,,2001,6,2001
2001-06-30,9.949207996000002e-06,3.0831611592e-06,7.062844357600002e-06,5.838326450400002e-06,5.3353994528000005e-06,2.5802341616000005e-06,3.771952482e-06,1.0550533754e-05,,2001,6,2001
2001-07-01,9.511880172e-06,2.842630856e-06,6.745781685200002e-06,5.575929756000001e-06,5.073002758400001e-06,2.3834366408000004e-06,3.6188877436000008e-06,1.0047606756400002e-05,,2001,7,2001
2001-07-02,9.074552348000002e-06,2.6567665308e-06,6.527117773200001e-06,5.3572658440000005e-06,4.8215392596000014e-06,2.2194387068000005e-06,3.4002238316000003e-06,9.818009648800002e-06,,2001,7,2001
2001-07-03,9.074552348000002e-06,2.4162362276000005e-06,6.395919426e-06,5.2151343012000015e-06,4.6138085432000005e-06,2.0991735552e-06,3.0175619856000006e-06,9.4790805852e-06,,2001,7,2001
2001-07-04,8.637224524000002e-06,2.1866391200000004e-06,6.2209882964e-06,5.040203171600001e-06,4.438877413600001e-06,2.0007747948000004e-06,2.569300966e-06,9.2057506952e-06,,2001,7,2001
2001-07-05,8.199896700000001e-06,2.0226411860000004e-06,6.067923558000002e-06,4.909004824400001e-06,4.340478653200001e-06,1.9023760344000004e-06,2.6676997264e-06,8.998019978800001e-06,,2001,7,2001
2001-07-06,7.762568876e-06,1.8914428388e-06,6.035123971200001e-06,4.854338846400001e-06,4.1983471104e-06,1.8805096432e-06,2.6895661176000003e-06,8.790289262400002e-06,,2001,7,2001
2001-07-07,7.2159090960000015e-06,1.7383781004000002e-06,6.002324384400002e-06,4.755940086e-06,4.099948350000001e-06,1.8258436652e-06,2.7223657044e-06,8.670024110800001e-06,,2001,7,2001
2001-07-08,7.2159090960000015e-06,1.5197141884e-06,5.871126037200001e-06,4.64660813e-06,3.957816807200001e-06,1.6946453180000003e-06,2.8207644648000006e-06,8.462293394400002e-06,,2001,7,2001
2001-07-09,6.778581272000001e-06,1.3338498632e-06,5.696194907600001e-06,4.5810089564e-06,3.8375516556e-06,1.6071797532000003e-06,2.919163225200001e-06,8.342028242800001e-06,,2001,7,2001
2001-07-10,6.778581272000001e-06,1.3447830588e-06,5.532196973600002e-06,4.537276174000001e-06,3.750086090800001e-06,1.6509125356000002e-06,3.2034263108e-06,8.035898766e-06,,2001,7,2001
2001-07-11,1.3666494500000002e-05,1.5743801664000005e-06,5.433798213200001e-06,4.766873281600001e-06,7.183109509200001e-06,1.7821108828000003e-06,3.2580922888000003e-06,1.3688360891200005e-05,,2001,7,2001
2001-07-12,1.3666494500000002e-05,1.6618457312000002e-06,5.433798213200001e-06,4.723140499200001e-06,5.138601932e-06,1.8149104696e-06,3.2580922888000003e-06,1.0069473147600004e-05,,2001,7,2001
2001-07-13,9.511880172e-06,1.4541150148000002e-06,5.324466257200001e-06,4.417011022400001e-06,4.285812675200001e-06,1.6399793400000002e-06,3.2471590932000003e-06,8.637224524000002e-06,,2001,7,2001
2001-07-14,8.199896700000001e-06,1.2682506896000002e-06,5.171401518800001e-06,4.2639462840000006e-06,3.8922176336000005e-06,1.5306473840000006e-06,3.1487603328000005e-06,8.145230722000002e-06,,2001,7,2001
2001-07-15,7.2159090960000015e-06,1.3119834720000005e-06,5.083935954000001e-06,4.165547523600001e-06,3.673553721600001e-06,1.5087809928000003e-06,3.115960746e-06,7.871900832000001e-06,,2001,7,2001
2001-07-16,7.2159090960000015e-06,1.4759814060000002e-06,4.91993802e-06,4.143681132400001e-06,3.4767562008000004e-06,1.5525137752000002e-06,3.115960746e-06,7.860967636400002e-06,,2001,7,2001
2001-07-17,6.778581272000001e-06,1.3994490368000005e-06,4.7122073036e-06,4.0124827852e-06,3.3018250712000004e-06,1.4759814060000002e-06,3.0722279636000008e-06,7.696969702400001e-06,,2001,7,2001
2001-07-18,6.341253448000001e-06,1.3885158412000005e-06,4.5919421520000005e-06,3.9031508292e-06,3.2471590932000003e-06,1.4650482104000002e-06,2.984762398800001e-06,7.6204373332e-06,,2001,7,2001
2001-07-19,6.341253448000001e-06,1.3338498632e-06,4.5919421520000005e-06,3.914084024800001e-06,3.1596935284e-06,1.4103822324000003e-06,2.9082300296000004e-06,7.554838159600001e-06,,2001,7,2001
2001-07-20,5.903925624000001e-06,1.2463842984e-06,4.5919421520000005e-06,3.8703512424000005e-06,3.0940943548000004e-06,1.2682506896000002e-06,2.8207644648000006e-06,7.500172181600002e-06,,2001,7,2001
2001-07-21,5.903925624000001e-06,1.2354511028e-06,4.6356749344000006e-06,3.82661846e-06,3.0394283768000003e-06,1.2901170808000002e-06,2.8535640516000007e-06,7.478305790400002e-06,,2001,7,2001
2001-07-22,5.903925624000001e-06,1.0933195600000002e-06,4.5482093696e-06,3.728219699600001e-06,2.919163225200001e-06,1.1807851248000002e-06,2.8207644648000006e-06,7.390840225600001e-06,,2001,7,2001
2001-07-23,5.466597800000001e-06,9.949207996000002e-07,4.4498106092000006e-06,3.662620526000001e-06,2.8644972472000003e-06,1.038653582e-06,2.7879648780000005e-06,7.259641878400001e-06,,2001,7,2001
2001-07-24,5.466597800000001e-06,8.965220392000002e-07,4.438877413600001e-06,3.6079545480000007e-06,2.7879648780000005e-06,1.0058539952000002e-06,2.4818354012e-06,7.139376726800002e-06,,2001,7,2001
2001-07-25,5.466597800000001e-06,8.309228656000001e-07,4.253013088400001e-06,3.509555787600001e-06,2.7004993132000003e-06,9.29321626e-07,2.2631714892e-06,6.855113641200001e-06,,2001,7,2001
2001-07-26,5.029269976000001e-06,7.543904964000002e-07,4.099948350000001e-06,3.3674242448000006e-06,2.7004993132000003e-06,9.074552348e-07,2.1319731420000003e-06,6.767648076400001e-06,,2001,7,2001
2001-07-27,5.029269976000001e-06,7.106577140000001e-07,3.990616394e-06,3.3236914624000005e-06,2.6021005528000005e-06,8.855888436000001e-07,1.6946453180000003e-06,6.647382924800001e-06,,2001,7,2001
2001-07-28,5.029269976000001e-06,7.653236920000003e-07,3.881284438e-06,3.2690254844000004e-06,2.5802341616000005e-06,8.855888436000001e-07,1.3775826456000002e-06,6.559917360000001e-06,,2001,7,2001
2001-07-29,5.466597800000001e-06,1.3119834720000005e-06,4.493543391600001e-06,4.537276174000001e-06,3.0284951812000007e-06,1.4869146016000005e-06,1.6727789268000005e-06,7.259641878400001e-06,,2001,7,2001
2001-07-30,6.778581272000001e-06,2.077307164e-06,5.160468323200001e-06,4.6684745212e-06,3.6079545480000007e-06,2.0991735552e-06,2.4818354012e-06,8.670024110800001e-06,,2001,7,2001
2001-07-31,5.466597800000001e-06,1.3775826456000002e-06,4.1764807192e-06,3.695420112800001e-06,2.8863636384000003e-06,1.5525137752000002e-06,2.2194387068000005e-06,6.931646010400002e-06,,2001,7,2001
2001-08-01,5.029269976000001e-06,1.0058539952000002e-06,3.935950416000001e-06,3.3674242448000006e-06,2.6130337484e-06,1.0933195600000002e-06,2.1647727288000004e-06,6.505251382000001e-06,,2001,8,2001
2001-08-02,5.029269976000001e-06,8.527892568000002e-07,3.8156852644e-06,3.2252927020000003e-06,2.438102618800001e-06,9.839876040000002e-07,1.6618457312000002e-06,6.3193870568e-06,,2001,8,2001
2001-08-03,5.029269976000001e-06,7.762568876000001e-07,3.8594180468e-06,3.170626724000001e-06,2.3943698364000005e-06,8.965220392000002e-07,1.6290461444000002e-06,6.286587470000001e-06,,2001,8,2001
2001-08-04,5.029269976000001e-06,8.855888436000001e-07,3.8703512424000005e-06,3.1596935284e-06,2.3178374672000003e-06,9.621212128e-07,1.7055785136000004e-06,6.3631198392e-06,,2001,8,2001
2001-08-05,5.029269976000001e-06,8.637224524000001e-07,3.7828856776e-06,3.0940943548000004e-06,2.1975723156000004e-06,9.183884304e-07,1.5853133620000005e-06,6.210055100800001e-06,,2001,8,2001
2001-08-06,4.5919421520000005e-06,6.450585404000001e-07,3.662620526000001e-06,3.0066287900000006e-06,2.0882403596e-06,8.199896700000001e-07,1.3775826456000002e-06,6.067923558000002e-06,,2001,8,2001
2001-08-07,4.5919421520000005e-06,6.231921492000001e-07,3.3783574404e-06,2.962896007600001e-06,2.0226411860000004e-06,7.871900832000001e-07,1.4869146016000005e-06,5.9804579932000016e-06,,2001,8,2001
2001-08-08,4.5919421520000005e-06,5.685261712e-07,3.3127582668e-06,2.9300964208000004e-06,1.9461088168000003e-06,7.215909096000001e-07,1.2682506896000002e-06,5.816460059200001e-06,,2001,8,2001
2001-08-09,4.482610196000001e-06,4.591942152000001e-07,3.2034263108e-06,2.8316976604000006e-06,1.8258436652e-06,6.341253448000001e-07,1.1917183204000002e-06,5.586862951600001e-06,,2001,8,2001
2001-08-10,4.482610196000001e-06,3.717286504000001e-07,3.1378271372e-06,2.7223657044e-06,1.7821108828000003e-06,6.231921492000001e-07,1.1917183204000002e-06,5.433798213200001e-06,,2001,8,2001
2001-08-11,4.373278240000001e-06,3.717286504000001e-07,3.115960746e-06,2.7004993132000003e-06,1.7274449048000002e-06,5.903925624000001e-07,1.1042527556000002e-06,5.400998626400001e-06,,2001,8,2001
2001-08-12,4.2639462840000006e-06,3.6079545480000004e-07,3.0831611592e-06,2.6786329220000003e-06,1.6509125356000002e-06,5.575929756e-07,1.1042527556000002e-06,5.193267910000001e-06,,2001,8,2001
2001-08-13,4.2639462840000006e-06,,3.061294768000001e-06,2.6458333352e-06,1.5962465576000003e-06,4.810606064000001e-07,1.1589187336e-06,5.193267910000001e-06,,2001,8,2001
2001-08-14,4.2639462840000006e-06,,3.0284951812000007e-06,2.623966944000001e-06,1.5853133620000005e-06,4.810606064000001e-07,1.1807851248000002e-06,5.073002758400001e-06,,2001,8,2001
2001-08-15,4.154614328e-06,,2.962896007600001e-06,2.623966944000001e-06,1.5197141884e-06,4.701274108e-07,1.0058539952000002e-06,4.909004824400001e-06,,2001,8,2001
2001-08-16,4.154614328e-06,,2.9519628120000005e-06,2.6130337484e-06,1.4978477972000005e-06,4.482610196000001e-07,9.730544084e-07,4.8215392596000014e-06,,2001,8,2001
2001-08-17,4.154614328e-06,,2.8863636384000003e-06,2.569300966e-06,1.4541150148000002e-06,4.591942152000001e-07,9.621212128e-07,4.745006890400001e-06,,2001,8,2001
2001-08-18,4.154614328e-06,,2.8316976604000006e-06,2.5255681836000008e-06,1.421315428e-06,4.373278240000001e-07,1.0167871908000002e-06,4.6356749344000006e-06,,2001,8,2001
2001-08-19,4.045282372000001e-06,,2.809831269200001e-06,2.4927685968000003e-06,1.3666494500000002e-06,4.591942152000001e-07,9.511880172000002e-07,4.515409782800001e-06,,2001,8,2001
2001-08-20,4.045282372000001e-06,,2.766098486800001e-06,2.4490358144e-06,1.3229166676e-06,4.263946284000001e-07,9.29321626e-07,4.384211435600001e-06,,2001,8,2001
2001-08-21,4.045282372000001e-06,,2.744232095600001e-06,2.4053030320000005e-06,1.2682506896000002e-06,4.373278240000001e-07,9.621212128e-07,4.318612262000001e-06,,2001,8,2001
2001-08-22,4.154614328e-06,,2.842630856e-06,2.809831269200001e-06,1.4541150148000002e-06,1.6509125356000002e-06,1.6071797532000003e-06,4.6356749344000006e-06,,2001,8,2001
2001-08-23,5.466597800000001e-06,,4.154614328e-06,4.110881545600001e-06,3.0175619856000006e-06,2.0335743816000005e-06,2.2413050980000005e-06,6.177255514e-06,,2001,8,2001
2001-08-24,4.5919421520000005e-06,,3.0722279636000008e-06,2.6676997264e-06,1.6509125356000002e-06,6.559917360000001e-07,1.2026515160000002e-06,4.6028753476e-06,,2001,8,2001
2001-08-25,4.2639462840000006e-06,,2.8207644648000006e-06,2.4927685968000003e-06,1.4759814060000002e-06,5.466597800000001e-07,9.949207996000002e-07,4.395144631200001e-06,,2001,8,2001
2001-08-26,4.154614328e-06,,2.7004993132000003e-06,2.45996901e-06,1.3666494500000002e-06,4.810606064000001e-07,9.29321626e-07,4.274879479600001e-06,,2001,8,2001
2001-08-27,4.045282372000001e-06,,2.6458333352e-06,2.3178374672000003e-06,1.3229166676e-06,4.482610196000001e-07,8.746556480000001e-07,4.154614328e-06,,2001,8,2001
2001-08-28,4.045282372000001e-06,,2.6021005528000005e-06,2.3069042716000003e-06,1.2463842984e-06,3.935950416000001e-07,8.418560612000001e-07,3.979683198400001e-06,,2001,8,2001
2001-08-29,3.935950416000001e-06,,2.5583677704000004e-06,2.3069042716000003e-06,1.2135847116000005e-06,3.826618460000002e-07,8.090564744000001e-07,3.8703512424000005e-06,,2001,8,2001
2001-08-30,3.935950416000001e-06,,2.5365013792000004e-06,2.3069042716000003e-06,1.1589187336e-06,3.717286504000001e-07,7.871900832000001e-07,3.9031508292e-06,,2001,8,2001
2001-08-31,3.82661846e-06,,2.5037017924000007e-06,2.2631714892e-06,1.1042527556000002e-06,3.6079545480000004e-07,7.543904964000002e-07,3.8922176336000005e-06,,2001,8,2001
2001-09-01,3.82661846e-06,,2.4271694232000005e-06,2.1757059244000004e-06,1.0823863644000002e-06,3.3892906360000004e-07,7.543904964000002e-07,3.9250172204e-06,,2001,9,2001
2001-09-02,3.82661846e-06,,2.3943698364000005e-06,2.1647727288000004e-06,1.0605199732e-06,,7.653236920000003e-07,3.979683198400001e-06,,2001,9,2001
2001-09-03,3.82661846e-06,,2.3834366408000004e-06,2.1319731420000003e-06,1.0277203864000005e-06,,7.325241052000001e-07,4.023415980800001e-06,,2001,9,2001
2001-09-04,3.717286504000001e-06,,2.3397038584000003e-06,2.1101067508e-06,9.730544084e-07,,,3.9687500028e-06,,2001,9,2001
2001-09-05,3.717286504000001e-06,,2.2741046848e-06,2.1101067508e-06,9.511880172000002e-07,,,3.7828856776e-06,,2001,9,2001
2001-09-06,3.717286504000001e-06,,2.2303719024e-06,2.1101067508e-06,9.511880172000002e-07,,,3.7938188732e-06,,2001,9,2001
2001-09-07,3.6079545480000007e-06,,2.2303719024e-06,2.1210399464000003e-06,8.855888436000001e-07,,,3.739152895200001e-06,,2001,9,2001
2001-09-08,,,2.1757059244000004e-06,2.077307164e-06,8.199896700000001e-07,,,3.6298209392e-06,,2001,9,2001
2001-09-09,,,2.0554407728000005e-06,,,,,,,2001,9,2001
2001-09-10,,,,,,,,,,2001,9,2001
2001-09-11,,,,,,,,,,2001,9,2001
2001-09-12,,,,,,,,,,2001,9,2001
2001-09-13,,,,,,,,,,2001,9,2001
2001-09-14,,,,,,,,,,2001,9,2001
2001-09-15,,,,,,,,,,2001,9,2001
2001-09-16,,,,,,,,,,2001,9,2001
2001-09-17,,,,,,,,,,2001,9,2001
2001-09-18,,,,,,,,,,2001,9,2001
2001-09-19,,,,,,,,,,2001,9,2001
2001-09-20,,,,,,,,,,2001,9,2001
2001-09-21,,,,,,,,,,2001,9,2001
2001-09-22,,,,,,,,,,2001,9,2001
2001-09-23,,,,,,,,,,2001,9,2001
2001-09-24,,,,,,,,,,2001,9,2001
2001-09-25,,,,,,,,,,2001,9,2001
2001-09-26,,,,,,,,,,2001,9,2001
2001-09-27,,,,,,,,,,2001,9,2001
2001-09-28,,,,,,,,,,2001,9,2001
2001-09-29,,,,,,,,,,2001,9,2001
2001-09-30,,,,,,,,,,2001,9,2001
2001-10-01,,,,,,,,,,2001,10,2002
2001-10-02,,,,,,,,,,2001,10,2002
2001-10-03,,,,,,,,,,2001,10,2002
2001-10-04,,,,,,,,,,2001,10,2002
2001-10-05,,,,,,,,,,2001,10,2002
2001-10-06,,,,,,,,,,2001,10,2002
2001-10-07,,,,,,,,,,2001,10,2002
2001-10-08,,,,,,,,,,2001,10,2002
2001-10-09,,,,,,,,,,2001,10,2002
2001-10-10,,,,,,,,,,2001,10,2002
2001-10-11,,,,,,,,,,2001,10,2002
2001-10-12,,,,,,,,,,2001,10,2002
2001-10-13,,,,,,,,,,2001,10,2002
2001-10-14,,,,,,,,,,2001,10,2002
2001-10-15,,,,,,,,,,2001,10,2002
2001-10-16,,,,,,,,,,2001,10,2002
2001-10-17,,,,,,,,,,2001,10,2002
2001-10-18,,,,,,,,,,2001,10,2002
2001-10-19,,,,,,,,,,2001,10,2002
2001-10-20,,,,,,,,,,2001,10,2002
2001-10-21,,,,,,,,,,2001,10,2002
2001-10-22,,,,,,,,,,2001,10,2002
2001-10-23,,,,,,,,,,2001,10,2002
2001-10-24,,,,,,,,,,2001,10,2002
2001-10-25,,,,,,,,,,2001,10,2002
2001-10-26,,,,,,,,,,2001,10,2002
2001-10-27,,,,,,,,,,2001,10,2002
2001-10-28,,,,,,,,,,2001,10,2002
2001-10-29,,,,,,,,,,2001,10,2002
2001-10-30,,,,,,,,,,2001,10,2002
2001-10-31,,,,,,,,,,2001,10,2002
2001-11-01,,,,,,,,,,2001,11,2002
2001-11-02,,,,,,,,,,2001,11,2002
2001-11-03,,,,,,,,,,2001,11,2002
2001-11-04,,,,,,,,,,2001,11,2002
2001-11-05,,,,,,,,,,2001,11,2002
2001-11-06,,,,,,,,,,2001,11,2002
2001-11-07,,,,,,,,,,2001,11,2002
2001-11-08,,,,,,,,,,2001,11,2002
2001-11-09,,,,,,,,,,2001,11,2002
2001-11-10,,,,,,,,,,2001,11,2002
2001-11-11,,,,,,,,,,2001,11,2002
2001-11-12,,,,,,,,,,2001,11,2002
2001-11-13,,,,,,,,,,2001,11,2002
2001-11-14,,,,,,,,,,2001,11,2002
2001-11-15,,,,,,,,,,2001,11,2002
2001-11-16,,,,,,,,,,2001,11,2002
2001-11-17,,,,,,,,,,2001,11,2002
2001-11-18,,,,,,,,,,2001,11,2002
2001-11-19,,,,,,,,,,2001,11,2002
2001-11-20,,,,,,,,,,2001,11,2002
2001-11-21,,,,,,,,,,2001,11,2002
2001-11-22,,,,,,,,,,2001,11,2002
2001-11-23,,,,,,,,,,2001,11,2002
2001-11-24,,,,,,,,,,2001,11,2002
2001-11-25,,,,,,,,,,2001,11,2002
2001-11-26,,,,,,,,,,2001,11,2002
2001-11-27,,,,,,,,,,2001,11,2002
2001-11-28,,,,,,,,,,2001,11,2002
2001-11-29,,,,,,,,,,2001,11,2002
2001-11-30,,,,,,,,,,2001,11,2002
2001-12-01,,,,,,,,,,2001,12,2002
2001-12-02,,,,,,,,,,2001,12,2002
2001-12-03,,,,,,,,,,2001,12,2002
2001-12-04,,,,,,,,,,2001,12,2002
2001-12-05,,,,,,,,,,2001,12,2002
2001-12-06,,,,,,,,,,2001,12,2002
2001-12-07,,,,,,,,,,2001,12,2002
2001-12-08,,,,,,,,,,2001,12,2002
2001-12-09,,,,,,,,,,2001,12,2002
2001-12-10,,,,,,,,,,2001,12,2002
2001-12-11,,,,,,,,,,2001,12,2002
2001-12-12,,,,,,,,,,2001,12,2002
2001-12-13,,,,,,,,,,2001,12,2002
2001-12-14,,,,,,,,,,2001,12,2002
2001-12-15,,,,,,,,,,2001,12,2002
2001-12-16,,,,,,,,,,2001,12,2002
2001-12-17,,,,,,,,,,2001,12,2002
2001-12-18,,,,,,,,,,2001,12,2002
2001-12-19,,,,,,,,,,2001,12,2002
2001-12-20,,,,,,,,,,2001,12,2002
2001-12-21,,,,,,,,,,2001,12,2002
2001-12-22,,,,,,,,,,2001,12,2002
2001-12-23,,,,,,,,,,2001,12,2002
2001-12-24,,,,,,,,,,2001,12,2002
2001-12-25,,,,,,,,,,2001,12,2002
2001-12-26,,,,,,,,,,2001,12,2002
2001-12-27,,,,,,,,,,2001,12,2002
2001-12-28,,,,,,,,,,2001,12,2002
2001-12-29,,,,,,,,,,2001,12,2002
2001-12-30,,,,,,,,,,2001,12,2002
2001-12-31,,,,,,,,,,2001,12,2002
2002-01-01,,,,,,,,,,2002,1,2002
2002-01-02,,,,,,,,,,2002,1,2002
2002-01-03,,,,,,,,,,2002,1,2002
2002-01-04,,,,,,,,,,2002,1,2002
2002-01-05,,,,,,,,,,2002,1,2002
2002-01-06,,,,,,,,,,2002,1,2002
2002-01-07,,,,,,,,,,2002,1,2002
2002-01-08,,,,,,,,,,2002,1,2002
2002-01-09,,,,,,,,,,2002,1,2002
2002-01-10,,,,,,,,,,2002,1,2002
2002-01-11,,,,,,,,,,2002,1,2002
2002-01-12,,,,,,,,,,2002,1,2002
2002-01-13,,,,,,,,,,2002,1,2002
2002-01-14,,,,,,,,,,2002,1,2002
2002-01-15,,,,,,,,,,2002,1,2002
2002-01-16,,,,,,,,,,2002,1,2002
2002-01-17,,,,,,,,,,2002,1,2002
2002-01-18,,,,,,,,,,2002,1,2002
2002-01-19,,,,,,,,,,2002,1,2002
2002-01-20,,,,,,,,,,2002,1,2002
2002-01-21,,,,,,,,,,2002,1,2002
2002-01-22,,,,,,,,,,2002,1,2002
2002-01-23,,,,,,,,,,2002,1,2002
2002-01-24,,,,,,,,,,2002,1,2002
2002-01-25,,,,,,,,,,2002,1,2002
2002-01-26,,,,,,,,,,2002,1,2002
2002-01-27,,,,,,,,,,2002,1,2002
2002-01-28,,,,,,,,,,2002,1,2002
2002-01-29,,,,,,,,,,2002,1,2002
2002-01-30,,,,,,,,,,2002,1,2002
2002-01-31,,,,,,,,,,2002,1,2002
2002-02-01,,,,,,,,,,2002,2,2002
2002-02-02,,,,,,,,,,2002,2,2002
2002-02-03,,,,,,,,,,2002,2,2002
2002-02-04,,,,,,,,,,2002,2,2002
2002-02-05,,,,,,,,,,2002,2,2002
2002-02-06,,,,,,,,,,2002,2,2002
2002-02-07,,,,,,,,,,2002,2,2002
2002-02-08,,,,,,,,,,2002,2,2002
2002-02-09,,,,,,,,,,2002,2,2002
2002-02-10,,,,,,,,,,2002,2,2002
2002-02-11,,,,,,,,,,2002,2,2002
2002-02-12,,,,,,,,,,2002,2,2002
2002-02-13,,,,,,,,,,2002,2,2002
2002-02-14,,,,,,,,,,2002,2,2002
2002-02-15,,,,,,,,,,2002,2,2002
2002-02-16,,,,,,,,,,2002,2,2002
2002-02-17,,,,,,,,,,2002,2,2002
2002-02-18,,,,,,,,,,2002,2,2002
2002-02-19,,,,,,,,,,2002,2,2002
2002-02-20,,,,,,,,,,2002,2,2002
2002-02-21,,,,,,,,,,2002,2,2002
2002-02-22,,,,,,,,,,2002,2,2002
2002-02-23,,,,,,,,,,2002,2,2002
2002-02-24,,,,,,,,,,2002,2,2002
2002-02-25,,,,,,,,,,2002,2,2002
2002-02-26,,,,,,,,,,2002,2,2002
2002-02-27,,,,,,,,,,2002,2,2002
2002-02-28,,,,,,,,,,2002,2,2002
2002-03-01,,,,,,,,,,2002,3,2002
2002-03-02,,,,,,,,,,2002,3,2002
2002-03-03,,,,,,,,,,2002,3,2002
2002-03-04,,,,,,,,,,2002,3,2002
2002-03-05,,,,,,,,,,2002,3,2002
2002-03-06,,,,,,,,,,2002,3,2002
2002-03-07,,,,,,,,,,2002,3,2002
2002-03-08,,,,,,,,,,2002,3,2002
2002-03-09,,,,,,,,,,2002,3,2002
2002-03-10,,,,,,,,,,2002,3,2002
2002-03-11,,,,,,,,,,2002,3,2002
2002-03-12,,,,,,,,,,2002,3,2002
2002-03-13,,,,,,,,,,2002,3,2002
2002-03-14,,,,,,,,,,2002,3,2002
2002-03-15,,,,,,,,,,2002,3,2002
2002-03-16,,,,,,,,,,2002,3,2002
2002-03-17,,,,,,,,,,2002,3,2002
2002-03-18,,,,,,,,,,2002,3,2002
2002-03-19,,,,,,,,,,2002,3,2002
2002-03-20,,,,,,,,,,2002,3,2002
2002-03-21,,,,,,,,,,2002,3,2002
2002-03-22,,,,,,,,,,2002,3,2002
2002-03-23,,,,,,,,,,2002,3,2002
2002-03-24,,,,,,,,,,2002,3,2002
2002-03-25,,,,,,,,,,2002,3,2002
2002-03-26,,,,,,,,,,2002,3,2002
2002-03-27,,,,,,,,,,2002,3,2002
2002-03-28,,,,,,,,,,2002,3,2002
2002-03-29,,,,,,,,,,2002,3,2002
2002-03-30,,,,,,,,,,2002,3,2002
2002-03-31,,,,,,,,,,2002,3,2002
2002-04-01,,,,,,,,,,2002,4,2002
2002-04-02,,,,,,,,,,2002,4,2002
2002-04-03,,,,,,,,,,2002,4,2002
2002-04-04,,,,,,,,,,2002,4,2002
2002-04-05,,,,,,,,,,2002,4,2002
2002-04-06,,,,,,,,,,2002,4,2002
2002-04-07,,,,,,,,,,2002,4,2002
2002-04-08,,,,,,,,,,2002,4,2002
2002-04-09,,,,,,,,,,2002,4,2002
2002-04-10,,,,,,,,,,2002,4,2002
2002-04-11,,,,,,,,,,2002,4,2002
2002-04-12,,,,,,,,,,2002,4,2002
2002-04-13,,,,,,,,,,2002,4,2002
2002-04-14,0.000480841942488,0.0002061235366468,0.0001709077136192,0.00017848441817,0.0003652561986048,0.0001570444215984,0.0003398255856392,0.000676655475684,,2002,4,2002
2002-04-15,0.00023725034452,8.626291328400002e-05,0.0001173787879616,0.0001084682335476,0.000193025568318,5.547503447440001e-05,0.0001036138947012,0.000277593836284,,2002,4,2002
2002-04-16,0.000153830062092,5.810993461400001e-05,8.973966948480002e-05,9.135778243360002e-05,0.0001306188878332,4.90135158748e-05,7.036604688160001e-05,0.000173947141996,,2002,4,2002
2002-04-17,0.000118843836172,5.64262224916e-05,7.887207305840001e-05,8.28954890392e-05,9.060339193720002e-05,5.08721591268e-05,6.871513434600002e-05,0.000124857093752,,2002,4,2002
2002-04-18,9.752410475200004e-05,4.90135158748e-05,6.950232442920002e-05,6.847460404280001e-05,6.936019288640001e-05,4.156800967120001e-05,6.0340306516400005e-05,9.948114676440002e-05,,2002,4,2002
2002-04-19,8.4404270032e-05,4.046375691560001e-05,6.032937332080001e-05,5.769447318120001e-05,5.8077135027200006e-05,3.02630854208e-05,4.902444907040001e-05,8.392320942560002e-05,,2002,4,2002
2002-04-20,7.3908402256e-05,3.3543044100800005e-05,5.237000692400001e-05,5.0194300999600015e-05,5.00084366744e-05,2.40420971244e-05,4.0780819588000006e-05,7.363507236600002e-05,,2002,4,2002
2002-04-21,6.712982098400001e-05,2.70815255012e-05,4.4487172896400006e-05,4.458557165680001e-05,4.56898244124e-05,2.0270144642400004e-05,3.3138515863600006e-05,6.711888778840001e-05,,2002,4,2002
2002-04-22,6.264721078800001e-05,2.317837467200001e-05,3.77523244068e-05,4.047469011120001e-05,4.4137310637200005e-05,1.78320420236e-05,2.7070592305600003e-05,6.569757236040002e-05,,2002,4,2002
2002-04-23,5.991391188800001e-05,2.0138946295200005e-05,3.2766787213200006e-05,3.6320075783200005e-05,4.21584022336e-05,1.5918732793600003e-05,2.22818526328e-05,6.618956616240002e-05,,2002,4,2002
2002-04-24,5.6743285164000014e-05,1.8149104696000003e-05,3.00881542912e-05,3.32150482328e-05,3.8364583360400005e-05,1.4694214886400002e-05,1.95376205372e-05,6.445118806200001e-05,,2002,4,2002
2002-04-25,5.630595734000001e-05,1.6596590920800002e-05,2.802178032280001e-05,3.068948004920001e-05,3.7817923580400005e-05,1.4081955932800002e-05,1.7689910480800003e-05,7.063937677160002e-05,,2002,4,2002
2002-04-26,5.7617940812e-05,1.6017131554000003e-05,2.7245523435200004e-05,2.9716425640800005e-05,3.5773416003200005e-05,1.4420884996400002e-05,1.7558712133600004e-05,7.524225211920001e-05,,2002,4,2002
2002-04-27,5.630595734000001e-05,1.63341942264e-05,2.6830062002400005e-05,2.9650826467200008e-05,3.38273071864e-05,1.54048726004e-05,1.7066718331600002e-05,7.144843324600001e-05,,2002,4,2002
2002-04-28,5.1714015188000014e-05,1.4256887062400004e-05,2.3725034452000003e-05,2.5266615031600005e-05,3.02630854208e-05,1.2857438025600004e-05,1.5055010341200002e-05,6.296427346040001e-05,,2002,4,2002
2002-04-29,5.0402031716000014e-05,1.3261966262800003e-05,2.224905304600001e-05,2.2850378804e-05,2.8688705254400005e-05,1.1862517226000002e-05,1.4224087475600002e-05,6.614583338e-05,,2002,4,2002
2002-04-30,5.258867083600001e-05,1.2376377419200002e-05,2.13415978112e-05,2.09698691608e-05,2.8426308560000008e-05,1.1425189402e-05,1.3568095739600002e-05,7.385373627800002e-05,,2002,4,2002
2002-05-01,5.083935954000001e-05,1.15782541404e-05,2.0117079904000003e-05,1.9242424256000004e-05,2.5802341616e-05,1.0878529622000002e-05,1.284650483e-05,7.338360886720001e-05,,2002,5,2002
2002-05-02,5.357265844000001e-05,1.0747331274800002e-05,1.9614152906400004e-05,1.7853908414800004e-05,2.3965564755200005e-05,1.0419335406800002e-05,1.2365444223600002e-05,8.541012402720002e-05,,2002,5,2002
2002-05-03,5.718061298800002e-05,1.0277203864e-05,1.8990960757200003e-05,1.6837121224000003e-05,2.2489583349200004e-05,9.894542018000002e-06,1.1764118465600004e-05,9.10407197612e-05,,2002,5,2002
2002-05-04,5.357265844000001e-05,9.643078519200005e-06,1.73509814172e-05,1.57000688816e-05,2.0226411860000005e-05,9.905475213600002e-06,1.11409263164e-05,7.986699385800002e-05,,2002,5,2002
2002-05-05,5.083935954000001e-05,9.3697486292e-06,1.7296315439200004e-05,1.5120609514800002e-05,1.87394972584e-05,1.01569387124e-05,1.08457300352e-05,7.290254826080001e-05,,2002,5,2002
2002-05-06,4.810606064000001e-05,9.238550282e-06,1.6957386375600002e-05,1.54923381652e-05,1.7875774806000003e-05,1.01569387124e-05,1.13377238372e-05,6.35546660228e-05,,2002,5,2002
2002-05-07,4.351411848800001e-05,8.691890502000002e-06,1.5798467642000004e-05,1.4224087475600002e-05,1.6498192160400002e-05,9.850809235600002e-06,9.6540117148e-06,5.315719700720001e-05,,2002,5,2002
2002-05-08,4.034349176400001e-05,8.320161851600002e-06,1.5557937338800003e-05,1.34259641968e-05,1.4880079211600002e-05,9.129218326e-06,8.823088849200002e-06,4.629115017040001e-05,,2002,5,2002
2002-05-09,3.8594180468e-05,8.003099179200002e-06,1.51315427104e-05,1.30323691552e-05,1.4169421497600002e-05,9.5446797588e-06,8.823088849200002e-06,4.4257575788800014e-05,,2002,5,2002
2002-05-10,3.6298209392000006e-05,7.6204373332e-06,1.45739497348e-05,1.24419765928e-05,1.3568095739600002e-05,9.3806818248e-06,8.823088849200002e-06,4.184133956120001e-05,,2002,5,2002
2002-05-11,3.586088156800001e-05,7.303374660800001e-06,1.4081955932800002e-05,1.1906250008400002e-05,1.2824638438800004e-05,9.129218326e-06,8.823088849200002e-06,4.314238983760001e-05,,2002,5,2002
2002-05-12,3.8594180468e-05,6.898846423600001e-06,1.34259641968e-05,1.12721246636e-05,1.24419765928e-05,8.560692154800002e-06,8.823088849200002e-06,5.6251291362e-05,,2002,5,2002
2002-05-13,4.581008956400001e-05,6.8004476632000005e-06,1.2912104003600004e-05,1.0955061991200004e-05,1.2321711441200002e-05,8.363894634000002e-06,8.823088849200002e-06,7.084710748800002e-05,,2002,5,2002
2002-05-14,4.449810609200001e-05,6.5489841644e-06,1.2540375353200002e-05,1.09003960132e-05,1.21467803116e-05,8.0796315484e-06,8.331095047200002e-06,6.851833682520001e-05,,2002,5,2002
2002-05-15,4.4935433916e-05,6.374053034800001e-06,1.2135847116000004e-05,1.065986571e-05,1.1447055793200002e-05,7.6095041376000015e-06,7.882834027600001e-06,6.921806134360001e-05,,2002,5,2002
2002-05-16,4.449810609200001e-05,6.177255514e-06,1.1895316812800002e-05,1.0222537886000002e-05,1.09113292088e-05,7.2159090960000015e-06,7.6751033112e-06,6.726101933120002e-05,,2002,5,2002
2002-05-17,4.668474521200001e-05,5.947658406400001e-06,1.1917183204000005e-05,1.0135072321200002e-05,1.05396005584e-05,7.117510335600001e-06,7.686036506800001e-06,7.450972801400001e-05,,2002,5,2002
2002-05-18,4.898071628800002e-05,5.838326450400002e-06,1.17750516612e-05,9.5556129544e-06,1.01241391256e-05,7.117510335600001e-06,7.204975900400002e-06,7.921100212200002e-05,,2002,5,2002
2002-05-19,4.723140499200001e-05,5.849259646000002e-06,1.1556387749200004e-05,9.4134814116e-06,9.599345736800004e-06,7.040977966400001e-06,6.9863119884000005e-06,7.419266534160001e-05,,2002,5,2002
2002-05-20,4.4935433916e-05,5.663395320800001e-06,1.120652549e-05,8.998019978800001e-06,9.5009469764e-06,6.6255165336e-06,6.767648076400001e-06,6.633169770520001e-05,,2002,5,2002
2002-05-21,4.351411848800001e-05,6.3084538612e-06,1.15235881624e-05,1.1042527556000004e-05,9.599345736800004e-06,6.7129820984e-06,7.9484332012e-06,6.268001037480001e-05,,2002,5,2002
2002-05-22,4.4935433916e-05,6.3193870568e-06,1.1851584030400004e-05,1.0823863644e-05,1.0867596426400002e-05,6.7567148808e-06,7.7516356804e-06,6.440745527960001e-05,,2002,5,2002
2002-05-23,4.2202135016e-05,5.433798213200001e-06,1.1108126729600002e-05,9.730544084e-06,9.861742431200002e-06,6.3193870568e-06,6.723915294000001e-06,6.122589536e-05,,2002,5,2002
2002-05-24,4.2202135016e-05,5.0074035848000014e-06,1.0605199732000002e-05,9.2276170864e-06,9.0636191524e-06,5.739927690000001e-06,6.1444559272000015e-06,6.371866395680001e-05,,2002,5,2002
2002-05-25,4.581008956400001e-05,4.6684745212e-06,1.03646694288e-05,8.9542871964e-06,8.462293394400002e-06,5.510330582400001e-06,6.1444559272000015e-06,7.50235882072e-05,,2002,5,2002
2002-05-26,5.1714015188000014e-05,4.373278240000001e-06,1.02662706684e-05,8.855888436000003e-06,7.9484332012e-06,4.9636708024000005e-06,6.1444559272000015e-06,8.836208683920002e-05,,2002,5,2002
2002-05-27,5.5321969736e-05,4.701274108000001e-06,1.02444042772e-05,9.4790805852e-06,8.101497939600001e-06,5.105802345200001e-06,6.822314054400001e-06,9.48892046124e-05,,2002,5,2002
2002-05-28,5.991391188800001e-05,5.6852617120000005e-06,1.1162792707600002e-05,1.21467803116e-05,9.0526859568e-06,6.2756542744e-06,9.118285130400002e-06,0.0001051554752808,,2002,5,2002
2002-05-29,7.893767223200001e-05,5.9585916020000015e-06,1.18843836172e-05,1.12502582724e-05,1.41475551064e-05,6.778581272000001e-06,9.282283064400002e-06,0.000132728994584,,2002,5,2002
2002-05-30,6.942579206e-05,4.559142565200001e-06,9.752410475200002e-06,8.9214876096e-06,1.1283057859200002e-05,5.5649965604000015e-06,6.614583338000001e-06,0.000110315943604,,2002,5,2002
2002-05-31,5.892992428400001e-05,4.143681132400001e-06,9.1729511084e-06,8.232696286800002e-06,1.0025740365200002e-05,5.433798213200001e-06,5.521263778000001e-06,8.952100557280002e-05,,2002,5,2002
2002-06-01,5.2151343012000005e-05,3.935950416000001e-06,8.451360198800002e-06,7.915633614400001e-06,8.998019978800001e-06,5.433798213200001e-06,4.7778064772000005e-06,7.51001205764e-05,,2002,6,2002
2002-06-02,4.6247417388000016e-05,3.7828856776e-06,8.254562678000001e-06,7.686036506800001e-06,8.221763091200002e-06,5.193267910000001e-06,4.253013088400001e-06,6.316107098120002e-05,,2002,6,2002
2002-06-03,4.1764807192e-05,3.6079545480000007e-06,7.828168049600001e-06,7.5329717684e-06,7.970299592400001e-06,5.193267910000001e-06,3.739152895200001e-06,5.517983819320001e-05,,2002,6,2002
2002-06-04,3.990616394e-05,3.1924931152000006e-06,7.598570942000001e-06,7.336174247600002e-06,7.784435267200001e-06,4.8215392596000014e-06,3.061294768000001e-06,5.2457472488800014e-05,,2002,6,2002
2002-06-05,3.9031508292e-05,3.0175619856000006e-06,7.4017734212000015e-06,7.095643944400002e-06,7.303374660800001e-06,4.7340736948e-06,2.809831269200001e-06,5.15172176672e-05,,2002,6,2002
2002-06-06,3.6735537216e-05,2.962896007600001e-06,7.434573008000001e-06,6.898846423600001e-06,6.767648076400001e-06,4.274879479600001e-06,2.9519628120000005e-06,4.7854597141200005e-05,,2002,6,2002
2002-06-07,3.3127582668e-05,2.9519628120000005e-06,7.314307856400001e-06,6.8441804456000015e-06,6.527117773200001e-06,3.6188877436000008e-06,3.0831611592e-06,4.17538739964e-05,,2002,6,2002
2002-06-08,2.9956955944000007e-05,3.0722279636000008e-06,7.336174247600002e-06,6.7129820984e-06,6.4396522084e-06,4.493543391600001e-06,3.5751549612000007e-06,3.6680871238000006e-05,,2002,6,2002
2002-06-09,2.7223657044000008e-05,2.984762398800001e-06,7.434573008000001e-06,6.6583161204000014e-06,6.384986230400001e-06,4.7340736948e-06,3.4111570272000007e-06,3.3127582668e-05,,2002,6,2002
2002-06-10,2.5911673572000005e-05,2.7223657044e-06,7.5329717684e-06,6.494318186400001e-06,6.1991219052e-06,4.493543391600001e-06,3.2580922888000003e-06,3.107214189520001e-05,,2002,6,2002
2002-06-11,2.5911673572000005e-05,2.5146349880000003e-06,7.379907030000002e-06,6.122589536000002e-06,5.903925624000001e-06,4.657541325600001e-06,3.3674242448000006e-06,3.0722279636000006e-05,,2002,6,2002
2002-06-12,2.6786329220000004e-05,2.2631714892e-06,7.0519111620000015e-06,5.914858819600001e-06,5.663395320800001e-06,4.493543391600001e-06,3.2143595064000007e-06,3.2580922888000006e-05,,2002,6,2002
2002-06-13,2.7660984868e-05,2.0226411860000004e-06,7.0519111620000015e-06,5.914858819600001e-06,5.4447314088e-06,4.045282372000001e-06,2.9519628120000005e-06,3.56640840472e-05,,2002,6,2002
2002-06-14,2.7660984868e-05,2.0663739684e-06,7.0519111620000015e-06,5.849259646000002e-06,5.204201105600001e-06,3.8156852644e-06,2.962896007600001e-06,3.605767908880001e-05,,2002,6,2002
2002-06-15,2.5911673572000005e-05,2.1101067508e-06,7.0519111620000015e-06,5.7945936680000016e-06,5.1823347144e-06,3.8156852644e-06,2.809831269200001e-06,3.32150482328e-05,,2002,6,2002
2002-06-16,2.4053030320000005e-05,2.1757059244000004e-06,6.931646010400002e-06,5.7945936680000016e-06,5.029269976000001e-06,3.8156852644e-06,2.6676997264e-06,3.044894974600001e-05,,2002,6,2002
2002-06-17,2.5911673572000005e-05,4.6028753476e-06,1.0780130861600002e-05,1.2737172874000004e-05,7.248708682800002e-06,5.3135330616e-06,6.111656340400002e-06,3.812405305720001e-05,,2002,6,2002
2002-06-18,3.6298209392000006e-05,4.559142565200001e-06,1.04849345804e-05,9.0636191524e-06,8.527892568000001e-06,4.6356749344000006e-06,5.521263778000001e-06,5.02052341952e-05,,2002,6,2002
2002-06-19,2.6786329220000004e-05,2.7879648780000005e-06,8.0249655704e-06,6.680182511600001e-06,6.3193870568e-06,3.8156852644e-06,3.4767562008000004e-06,3.5401687352800005e-05,,2002,6,2002
2002-06-20,2.3615702496000004e-05,2.4162362276000005e-06,6.822314054400001e-06,6.1553891228e-06,5.882059232800002e-06,3.9250172204e-06,3.4986225920000005e-06,2.960709368480001e-05,,2002,6,2002
2002-06-21,2.1757059244000004e-05,2.3069042716000003e-06,6.559917360000001e-06,5.871126037200001e-06,5.532196973600002e-06,3.7828856776e-06,3.3455578536000005e-06,2.75297865208e-05,,2002,6,2002
2002-06-22,2.0882403596e-05,2.1866391200000004e-06,6.330320252400001e-06,5.488464191200002e-06,5.1823347144e-06,3.717286504000001e-06,3.170626724000001e-06,2.5944473158800007e-05,,2002,6,2002
2002-06-23,1.9461088168000003e-05,2.0554407728000005e-06,6.1553891228e-06,5.1276687364e-06,4.865272042000001e-06,3.6079545480000007e-06,2.995695594400001e-06,2.4009297537600006e-05,,2002,6,2002
2002-06-24,1.8149104696000003e-05,1.9023760344000004e-06,5.947658406400001e-06,4.887138433200001e-06,4.6247417388e-06,3.6188877436000008e-06,2.7879648780000005e-06,2.2303719024000004e-05,,2002,6,2002
2002-06-25,1.7274449048000004e-05,1.8039772740000004e-06,5.838326450400002e-06,4.64660813e-06,4.406077826800001e-06,3.3236914624000005e-06,2.7114325088000004e-06,2.06528064884e-05,,2002,6,2002
2002-06-26,1.6290461444000003e-05,1.5743801664000005e-06,5.6852617120000005e-06,4.395144631200001e-06,4.2420798928000005e-06,2.995695594400001e-06,2.4490358144e-06,1.8990960757200003e-05,,2002,6,2002
2002-06-27,1.5853133620000002e-05,1.5962465576000003e-06,5.5431301692000006e-06,4.285812675200001e-06,4.110881545600001e-06,2.8863636384000003e-06,2.45996901e-06,1.7504046155600003e-05,,2002,6,2002
2002-06-28,1.5415805796e-05,2.0882403596e-06,5.630595734000001e-06,4.8215392596000014e-06,4.154614328e-06,3.542355374400001e-06,3.2690254844000004e-06,1.7012052353600004e-05,,2002,6,2002
2002-06-29,1.858643252e-05,3.3564910492e-06,7.784435267200001e-06,7.686036506800001e-06,7.204975900400002e-06,4.6138085432000005e-06,5.105802345200001e-06,2.21834538724e-05,,2002,6,2002
2002-06-30,1.6290461444000003e-05,2.1101067508e-06,5.925792015200002e-06,4.9636708024000005e-06,4.9855371936000005e-06,3.4767562008000004e-06,2.9300964208000004e-06,1.71760502876e-05,,2002,6,2002
2002-07-01,1.4978477972000003e-05,1.7930440784000003e-06,5.532196973600002e-06,4.5263429784e-06,4.427944218000001e-06,3.0831611592e-06,2.45996901e-06,1.5831267228800003e-05,,2002,7,2002
2002-07-02,1.4103822324000005e-05,1.6509125356000002e-06,5.324466257200001e-06,4.307679066400001e-06,4.121814741200001e-06,2.7004993132000003e-06,2.2741046848e-06,1.4694214886400002e-05,,2002,7,2002
2002-07-03,1.3666494500000002e-05,1.5415805796e-06,5.1276687364e-06,4.1327479368e-06,3.8594180468e-06,2.623966944000001e-06,2.2631714892e-06,1.3885158412e-05,,2002,7,2002
2002-07-04,1.3119834720000002e-05,1.5197141884e-06,4.974603998000001e-06,4.067148763200001e-06,3.684486917200001e-06,2.7114325088000004e-06,2.1319731420000003e-06,1.3218233480400005e-05,,2002,7,2002
2002-07-05,1.2682506896000002e-05,1.421315428e-06,4.930871215600001e-06,3.957816807200001e-06,3.5204889832000005e-06,2.4927685968000003e-06,2.1101067508e-06,1.2452909788400002e-05,,2002,7,2002
2002-07-06,1.2245179072000005e-05,1.3119834720000005e-06,4.865272042000001e-06,3.8703512424000005e-06,3.4111570272000007e-06,2.5802341616000005e-06,2.0335743816000005e-06,1.175318527e-05,,2002,7,2002
2002-07-07,1.2245179072000005e-05,1.3885158412000005e-06,4.8215392596000014e-06,3.8703512424000005e-06,3.3564910492e-06,3.2908918756000004e-06,2.1210399464000003e-06,1.1567320944800002e-05,,2002,7,2002
2002-07-08,1.1807851248000002e-05,1.3010502764000005e-06,4.7340736948e-06,3.8156852644e-06,3.2471590932000003e-06,2.9082300296000004e-06,1.9242424256e-06,1.1348657032800002e-05,,2002,7,2002
2002-07-09,1.1370523424e-05,1.0495867776e-06,4.515409782800001e-06,3.6516873304e-06,3.0940943548000004e-06,2.0991735552e-06,1.7930440784000003e-06,1.1020661164800002e-05,,2002,7,2002
2002-07-10,1.0933195600000002e-05,8.418560612000001e-07,4.362345044400001e-06,3.4986225920000005e-06,3.0066287900000006e-06,1.7055785136000004e-06,1.6399793400000002e-06,1.04630681892e-05,,2002,7,2002
2002-07-11,1.038653582e-05,7.981232788000002e-07,4.274879479600001e-06,3.4767562008000004e-06,2.941029616400001e-06,1.5853133620000005e-06,1.6290461444000002e-06,1.0135072321200002e-05,,2002,7,2002
2002-07-12,1.038653582e-05,8.090564744000001e-07,4.2639462840000006e-06,3.4548898096000004e-06,2.8535640516000007e-06,1.6837121224000003e-06,1.7055785136000004e-06,9.807076453200002e-06,,2002,7,2002
2002-07-13,9.949207996000002e-06,7.434573008000001e-07,4.099948350000001e-06,3.334624658e-06,2.7879648780000005e-06,1.5962465576000003e-06,1.5962465576000003e-06,9.3806818248e-06,,2002,7,2002
2002-07-14,9.511880172e-06,6.559917360000001e-07,4.023415980800001e-06,3.2252927020000003e-06,2.7004993132000003e-06,1.5087809928000003e-06,1.5525137752000002e-06,9.1620179128e-06,,2002,7,2002
2002-07-15,9.511880172e-06,6.997245184000001e-07,4.001549589600001e-06,3.2143595064000007e-06,2.6130337484e-06,1.4431818192000002e-06,1.5525137752000002e-06,8.9761535876e-06,,2002,7,2002
2002-07-16,9.074552348000002e-06,6.341253448000001e-07,4.001549589600001e-06,3.2034263108e-06,2.5583677704000004e-06,1.5087809928000003e-06,1.4978477972000005e-06,8.834022044800002e-06,,2002,7,2002
2002-07-17,9.074552348000002e-06,6.122589536e-07,3.8594180468e-06,3.1378271372e-06,2.4818354012e-06,1.4978477972000005e-06,1.3994490368000005e-06,8.342028242800001e-06,,2002,7,2002
2002-07-18,8.637224524000002e-06,5.903925624000001e-07,3.739152895200001e-06,3.0940943548000004e-06,2.4162362276000005e-06,1.4322486236e-06,1.3994490368000005e-06,8.068698352800001e-06,,2002,7,2002
2002-07-19,8.637224524000002e-06,5.685261712e-07,3.717286504000001e-06,3.0831611592e-06,2.3943698364000005e-06,1.2901170808000002e-06,1.3119834720000005e-06,8.0249655704e-06,,2002,7,2002
2002-07-20,8.637224524000002e-06,5.903925624000001e-07,3.5970213524000007e-06,3.061294768000001e-06,2.3615702496000004e-06,1.2791838852000002e-06,1.3557162544000002e-06,7.9921659836e-06,,2002,7,2002
2002-07-21,8.199896700000001e-06,5.138601932000001e-07,3.5970213524000007e-06,3.0175619856000006e-06,2.295971076e-06,1.1917183204000002e-06,1.2463842984e-06,7.7953684628e-06,,2002,7,2002
2002-07-22,8.199896700000001e-06,4.482610196000001e-07,3.6188877436000008e-06,2.984762398800001e-06,2.623966944000001e-06,1.1151859512e-06,1.3229166676e-06,8.320161851600002e-06,,2002,7,2002
2002-07-23,8.637224524000002e-06,5.029269976000001e-07,4.0124827852e-06,3.2143595064000007e-06,3.2143595064000007e-06,1.1042527556000002e-06,1.3994490368000005e-06,8.691890502000002e-06,,2002,7,2002
2002-07-24,8.199896700000001e-06,5.247933888e-07,3.6079545480000007e-06,2.941029616400001e-06,2.3397038584000003e-06,9.949207996000002e-07,1.2354511028e-06,7.696969702400001e-06,,2002,7,2002
2002-07-25,7.762568876e-06,4.373278240000001e-07,3.4220902228000007e-06,2.8972968340000008e-06,2.1647727288000004e-06,9.730544084e-07,1.1261191468000005e-06,7.467372594800002e-06,,2002,7,2002
2002-07-26,7.2159090960000015e-06,3.935950416000001e-07,3.4220902228000007e-06,2.8754304428000007e-06,2.0991735552e-06,9.183884304e-07,1.1370523424e-06,7.423639812400002e-06,,2002,7,2002
2002-07-27,7.2159090960000015e-06,3.826618460000002e-07,3.3455578536000005e-06,2.809831269200001e-06,2.0335743816000005e-06,9.074552348e-07,1.0823863644000002e-06,7.172176313600001e-06,,2002,7,2002
2002-07-28,6.778581272000001e-06,3.498622592000001e-07,3.3127582668e-06,2.766098486800001e-06,1.91330923e-06,8.855888436000001e-07,1.0605199732e-06,6.997245184000001e-06,,2002,7,2002
2002-07-29,6.778581272000001e-06,3.1706267240000005e-07,3.2799586800000004e-06,2.766098486800001e-06,1.8258436652e-06,8.746556480000001e-07,9.949207996000002e-07,6.975378792800002e-06,,2002,7,2002
2002-07-30,6.778581272000001e-06,3.061294768e-07,3.2799586800000004e-06,2.7332989000000004e-06,1.7821108828000003e-06,8.309228656000001e-07,9.949207996000002e-07,6.7567148808e-06,,2002,7,2002
2002-07-31,6.341253448000001e-06,3.061294768e-07,3.1924931152000006e-06,2.6786329220000003e-06,1.7165117092000002e-06,7.981232788000002e-07,9.621212128e-07,6.691115707200001e-06,,2002,7,2002
2002-08-01,6.341253448000001e-06,2.842630856e-07,3.0940943548000004e-06,2.6130337484e-06,1.6399793400000002e-06,7.653236920000003e-07,8.965220392000002e-07,6.603650142400001e-06,,2002,8,2002
2002-08-02,6.341253448000001e-06,2.405303032000001e-07,3.0284951812000007e-06,2.5365013792000004e-06,1.5743801664000005e-06,7.325241052000001e-07,8.965220392000002e-07,6.5927169468e-06,,2002,8,2002
2002-08-03,6.341253448000001e-06,2.405303032000001e-07,3.0284951812000007e-06,2.4818354012e-06,1.5743801664000005e-06,7.106577140000001e-07,8.965220392000002e-07,6.581783751200001e-06,,2002,8,2002
2002-08-04,5.903925624000001e-06,2.7332989000000005e-07,3.0066287900000006e-06,2.4818354012e-06,1.5634469708000002e-06,7.215909096000001e-07,9.29321626e-07,6.5927169468e-06,,2002,8,2002
2002-08-05,5.466597800000001e-06,4.701274108e-07,2.984762398800001e-06,2.4818354012e-06,1.5525137752000002e-06,7.981232788000002e-07,9.511880172000002e-07,6.603650142400001e-06,,2002,8,2002
2002-08-06,5.466597800000001e-06,5.029269976000001e-07,3.0175619856000006e-06,2.5146349880000003e-06,1.4978477972000005e-06,8.418560612000001e-07,9.511880172000002e-07,6.505251382000001e-06,,2002,8,2002
2002-08-07,5.466597800000001e-06,4.373278240000001e-07,2.919163225200001e-06,2.4927685968000003e-06,1.421315428e-06,7.871900832000001e-07,8.527892568000002e-07,6.428719012800001e-06,,2002,8,2002
2002-08-08,5.466597800000001e-06,3.279958680000001e-07,2.8535640516000007e-06,2.4271694232000005e-06,1.3885158412000005e-06,7.215909096000001e-07,7.981232788000002e-07,6.286587470000001e-06,,2002,8,2002
2002-08-09,5.466597800000001e-06,2.9519628120000005e-07,2.798898073600001e-06,2.3506370540000004e-06,1.3557162544000002e-06,6.887913228000001e-07,7.653236920000003e-07,6.177255514e-06,,2002,8,2002
2002-08-10,5.029269976000001e-06,2.9519628120000005e-07,2.766098486800001e-06,2.3069042716000003e-06,1.3229166676e-06,6.450585404000001e-07,7.871900832000001e-07,6.1663223184e-06,,2002,8,2002
2002-08-11,5.029269976000001e-06,2.623966944e-07,2.7223657044e-06,2.2631714892e-06,1.2682506896000002e-06,6.122589536e-07,7.653236920000003e-07,5.925792015200002e-06,,2002,8,2002
2002-08-12,5.029269976000001e-06,2.2959710760000006e-07,2.6786329220000003e-06,2.1647727288000004e-06,1.2135847116000005e-06,6.122589536e-07,7.981232788000002e-07,5.849259646000002e-06,,2002,8,2002
2002-08-13,5.029269976000001e-06,1.530647384e-07,2.6676997264e-06,2.0663739684e-06,1.1261191468000005e-06,4.919938020000001e-07,6.231921492000001e-07,5.597796147200001e-06,,2002,8,2002
2002-08-14,5.029269976000001e-06,,2.6130337484e-06,2.0117079904000004e-06,1.0933195600000002e-06,4.591942152000001e-07,6.450585404000001e-07,5.5431301692000006e-06,,2002,8,2002
2002-08-15,5.029269976000001e-06,,2.5802341616000005e-06,2.0117079904000004e-06,1.0823863644000002e-06,4.919938020000001e-07,6.122589536e-07,5.532196973600002e-06,,2002,8,2002
2002-08-16,5.029269976000001e-06,,2.5146349880000003e-06,2.0445075772000005e-06,1.0605199732e-06,4.810606064000001e-07,6.450585404000001e-07,5.4447314088e-06,,2002,8,2002
2002-08-17,5.029269976000001e-06,,2.438102618800001e-06,2.0663739684e-06,1.0495867776e-06,4.810606064000001e-07,6.778581272000001e-07,5.510330582400001e-06,,2002,8,2002
2002-08-18,4.5919421520000005e-06,,2.3943698364000005e-06,2.0991735552e-06,1.0277203864000005e-06,4.591942152000001e-07,7.106577140000001e-07,5.575929756000001e-06,,2002,8,2002
2002-08-19,4.5919421520000005e-06,,2.3506370540000004e-06,2.1210399464000003e-06,1.0277203864000005e-06,5.029269976000001e-07,8.090564744000001e-07,5.641528929600001e-06,,2002,8,2002
2002-08-20,5.029269976000001e-06,,2.7332989000000004e-06,3.0394283768000003e-06,1.4759814060000002e-06,1.7165117092000002e-06,1.5743801664000005e-06,6.0788567536000005e-06,,2002,8,2002
2002-08-21,5.029269976000001e-06,,2.9738292032000005e-06,2.5146349880000003e-06,1.3775826456000002e-06,1.0823863644000002e-06,1.1151859512e-06,6.013257580000001e-06,,2002,8,2002
2002-08-22,5.029269976000001e-06,,2.766098486800001e-06,2.3725034452000004e-06,1.147985538e-06,8.090564744000001e-07,8.965220392000002e-07,5.488464191200002e-06,,2002,8,2002
2002-08-23,4.5919421520000005e-06,,2.547434574800001e-06,2.252238293600001e-06,1.0823863644000002e-06,6.669249316000001e-07,7.762568876000001e-07,5.849259646000002e-06,,2002,8,2002
2002-08-24,5.466597800000001e-06,,2.4162362276000005e-06,2.1757059244000004e-06,1.1042527556000002e-06,6.122589536e-07,6.887913228000001e-07,5.860192841600001e-06,,2002,8,2002
2002-08-25,5.029269976000001e-06,,2.2631714892e-06,2.1210399464000003e-06,9.29321626e-07,5.575929756e-07,6.450585404000001e-07,5.1823347144e-06,,2002,8,2002
2002-08-26,4.5919421520000005e-06,,2.1210399464000003e-06,2.077307164e-06,8.637224524000001e-07,5.575929756e-07,5.794593668000001e-07,5.0183367804e-06,,2002,8,2002
2002-08-27,4.5919421520000005e-06,,2.0882403596e-06,2.0445075772000005e-06,7.981232788000002e-07,5.247933888e-07,6.013257580000001e-07,4.9855371936000005e-06,,2002,8,2002
2002-08-28,4.5919421520000005e-06,,1.9898415992000004e-06,1.9789084036000003e-06,7.215909096000001e-07,4.701274108e-07,5.466597800000001e-07,4.887138433200001e-06,,2002,8,2002
2002-08-29,4.5919421520000005e-06,,1.8914428388e-06,1.91330923e-06,6.559917360000001e-07,3.826618460000002e-07,4.919938020000001e-07,4.887138433200001e-06,,2002,8,2002
2002-08-30,4.482610196000001e-06,,1.9023760344000004e-06,1.9023760344000004e-06,6.231921492000001e-07,3.717286504000001e-07,,4.952737606800001e-06,,2002,8,2002
2002-08-31,4.482610196000001e-06,,1.9023760344000004e-06,1.9023760344000004e-06,6.013257580000001e-07,,,4.9636708024000005e-06,,2002,8,2002
2002-09-01,4.373278240000001e-06,,1.9023760344000004e-06,1.9023760344000004e-06,5.685261712e-07,,,4.952737606800001e-06,,2002,9,2002
2002-09-02,4.373278240000001e-06,,1.8695764476000003e-06,1.8805096432e-06,5.466597800000001e-07,,,4.887138433200001e-06,,2002,9,2002
2002-09-03,4.373278240000001e-06,,1.9351756212e-06,1.91330923e-06,6.450585404000001e-07,,,5.073002758400001e-06,,2002,9,2002
2002-09-04,4.373278240000001e-06,,1.8695764476000003e-06,1.8695764476000003e-06,6.778581272000001e-07,,,5.040203171600001e-06,,2002,9,2002
2002-09-05,4.2639462840000006e-06,,1.7930440784000003e-06,1.8039772740000004e-06,5.903925624000001e-07,,,4.766873281600001e-06,,2002,9,2002
2002-09-06,4.2639462840000006e-06,,1.7930440784000003e-06,1.7711776872000005e-06,5.466597800000001e-07,,,4.6903409124e-06,,2002,9,2002
2002-09-07,4.2639462840000006e-06,,1.7821108828000003e-06,,5.357265844000001e-07,,,4.559142565200001e-06,,2002,9,2002
2002-09-08,4.2639462840000006e-06,,,,5.029269976000001e-07,,,4.493543391600001e-06,,2002,9,2002
2002-09-09,4.154614328e-06,,,,,,,,,2002,9,2002
2002-09-10,,,,,,,,,,2002,9,2002
2002-09-11,,,,,,,,,,2002,9,2002
2002-09-12,,,,,,,,,,2002,9,2002
2002-09-13,,,,,,,,,,2002,9,2002
2002-09-14,,,,,,,,,,2002,9,2002
2002-09-15,,,,,,,,,,2002,9,2002
2002-09-16,,,,,,,,,,2002,9,2002
2002-09-17,,,,,,,,,,2002,9,2002
2002-09-18,,,,,,,,,,2002,9,2002
2002-09-19,,,,,,,,,,2002,9,2002
2002-09-20,,,,,,,,,,2002,9,2002
2002-09-21,,,,,,,,,,2002,9,2002
2002-09-22,,,,,,,,,,2002,9,2002
2002-09-23,,,,,,,,,,2002,9,2002
2002-09-24,,,,,,,,,,2002,9,2002
2002-09-25,,,,,,,,,,2002,9,2002
2002-09-26,,,,,,,,,,2002,9,2002
2002-09-27,,,,,,,,,,2002,9,2002
2002-09-28,,,,,,,,,,2002,9,2002
2002-09-29,,,,,,,,,,2002,9,2002
2002-09-30,,,,,,,,,,2002,9,2002
2002-10-01,,,,,,,,,,2002,10,2003
2002-10-02,,,,,,,,,,2002,10,2003
2002-10-03,,,,,,,,,,2002,10,2003
2002-10-04,,,,,,,,,,2002,10,2003
2002-10-05,,,,,,,,,,2002,10,2003
2002-10-06,,,,,,,,,,2002,10,2003
2002-10-07,,,,,,,,,,2002,10,2003
2002-10-08,,,,,,,,,,2002,10,2003
2002-10-09,,,,,,,,,,2002,10,2003
2002-10-10,,,,,,,,,,2002,10,2003
2002-10-11,,,,,,,,,,2002,10,2003
2002-10-12,,,,,,,,,,2002,10,2003
2002-10-13,,,,,,,,,,2002,10,2003
2002-10-14,,,,,,,,,,2002,10,2003
2002-10-15,,,,,,,,,,2002,10,2003
2002-10-16,,,,,,,,,,2002,10,2003
2002-10-17,,,,,,,,,,2002,10,2003
2002-10-18,,,,,,,,,,2002,10,2003
2002-10-19,,,,,,,,,,2002,10,2003
2002-10-20,,,,,,,,,,2002,10,2003
2002-10-21,,,,,,,,,,2002,10,2003
2002-10-22,,,,,,,,,,2002,10,2003
2002-10-23,,,,,,,,,,2002,10,2003
2002-10-24,,,,,,,,,,2002,10,2003
2002-10-25,,,,,,,,,,2002,10,2003
2002-10-26,,,,,,,,,,2002,10,2003
2002-10-27,,,,,,,,,,2002,10,2003
2002-10-28,,,,,,,,,,2002,10,2003
2002-10-29,,,,,,,,,,2002,10,2003
2002-10-30,,,,,,,,,,2002,10,2003
2002-10-31,,,,,,,,,,2002,10,2003
2002-11-01,,,,,,,,,,2002,11,2003
2002-11-02,,,,,,,,,,2002,11,2003
2002-11-03,,,,,,,,,,2002,11,2003
2002-11-04,,,,,,,,,,2002,11,2003
2002-11-05,,,,,,,,,,2002,11,2003
2002-11-06,,,,,,,,,,2002,11,2003
2002-11-07,,,,,,,,,,2002,11,2003
2002-11-08,,,,,,,,,,2002,11,2003
2002-11-09,,,,,,,,,,2002,11,2003
2002-11-10,,,,,,,,,,2002,11,2003
2002-11-11,,,,,,,,,,2002,11,2003
2002-11-12,,,,,,,,,,2002,11,2003
2002-11-13,,,,,,,,,,2002,11,2003
2002-11-14,,,,,,,,,,2002,11,2003
2002-11-15,,,,,,,,,,2002,11,2003
2002-11-16,,,,,,,,,,2002,11,2003
2002-11-17,,,,,,,,,,2002,11,2003
2002-11-18,,,,,,,,,,2002,11,2003
2002-11-19,,,,,,,,,,2002,11,2003
2002-11-20,,,,,,,,,,2002,11,2003
2002-11-21,,,,,,,,,,2002,11,2003
2002-11-22,,,,,,,,,,2002,11,2003
2002-11-23,,,,,,,,,,2002,11,2003
2002-11-24,,,,,,,,,,2002,11,2003
2002-11-25,,,,,,,,,,2002,11,2003
2002-11-26,,,,,,,,,,2002,11,2003
2002-11-27,,,,,,,,,,2002,11,2003
2002-11-28,,,,,,,,,,2002,11,2003
2002-11-29,,,,,,,,,,2002,11,2003
2002-11-30,,,,,,,,,,2002,11,2003
2002-12-01,,,,,,,,,,2002,12,2003
2002-12-02,,,,,,,,,,2002,12,2003
2002-12-03,,,,,,,,,,2002,12,2003
2002-12-04,,,,,,,,,,2002,12,2003
2002-12-05,,,,,,,,,,2002,12,2003
2002-12-06,,,,,,,,,,2002,12,2003
2002-12-07,,,,,,,,,,2002,12,2003
2002-12-08,,,,,,,,,,2002,12,2003
2002-12-09,,,,,,,,,,2002,12,2003
2002-12-10,,,,,,,,,,2002,12,2003
2002-12-11,,,,,,,,,,2002,12,2003
2002-12-12,,,,,,,,,,2002,12,2003
2002-12-13,,,,,,,,,,2002,12,2003
2002-12-14,,,,,,,,,,2002,12,2003
2002-12-15,,,,,,,,,,2002,12,2003
2002-12-16,,,,,,,,,,2002,12,2003
2002-12-17,,,,,,,,,,2002,12,2003
2002-12-18,,,,,,,,,,2002,12,2003
2002-12-19,,,,,,,,,,2002,12,2003
2002-12-20,,,,,,,,,,2002,12,2003
2002-12-21,,,,,,,,,,2002,12,2003
2002-12-22,,,,,,,,,,2002,12,2003
2002-12-23,,,,,,,,,,2002,12,2003
2002-12-24,,,,,,,,,,2002,12,2003
2002-12-25,,,,,,,,,,2002,12,2003
2002-12-26,,,,,,,,,,2002,12,2003
2002-12-27,,,,,,,,,,2002,12,2003
2002-12-28,,,,,,,,,,2002,12,2003
2002-12-29,,,,,,,,,,2002,12,2003
2002-12-30,,,,,,,,,,2002,12,2003
2002-12-31,,,,,,,,,,2002,12,2003
2003-01-01,,,,,,,,,,2003,1,2003
2003-01-02,,,,,,,,,,2003,1,2003
2003-01-03,,,,,,,,,,2003,1,2003
2003-01-04,,,,,,,,,,2003,1,2003
2003-01-05,,,,,,,,,,2003,1,2003
2003-01-06,,,,,,,,,,2003,1,2003
2003-01-07,,,,,,,,,,2003,1,2003
2003-01-08,,,,,,,,,,2003,1,2003
2003-01-09,,,,,,,,,,2003,1,2003
2003-01-10,,,,,,,,,,2003,1,2003
2003-01-11,,,,,,,,,,2003,1,2003
2003-01-12,,,,,,,,,,2003,1,2003
2003-01-13,,,,,,,,,,2003,1,2003
2003-01-14,,,,,,,,,,2003,1,2003
2003-01-15,,,,,,,,,,2003,1,2003
2003-01-16,,,,,,,,,,2003,1,2003
2003-01-17,,,,,,,,,,2003,1,2003
2003-01-18,,,,,,,,,,2003,1,2003
2003-01-19,,,,,,,,,,2003,1,2003
2003-01-20,,,,,,,,,,2003,1,2003
2003-01-21,,,,,,,,,,2003,1,2003
2003-01-22,,,,,,,,,,2003,1,2003
2003-01-23,,,,,,,,,,2003,1,2003
2003-01-24,,,,,,,,,,2003,1,2003
2003-01-25,,,,,,,,,,2003,1,2003
2003-01-26,,,,,,,,,,2003,1,2003
2003-01-27,,,,,,,,,,2003,1,2003
2003-01-28,,,,,,,,,,2003,1,2003
2003-01-29,,,,,,,,,,2003,1,2003
2003-01-30,,,,,,,,,,2003,1,2003
2003-01-31,,,,,,,,,,2003,1,2003
2003-02-01,,,,,,,,,,2003,2,2003
2003-02-02,,,,,,,,,,2003,2,2003
2003-02-03,,,,,,,,,,2003,2,2003
2003-02-04,,,,,,,,,,2003,2,2003
2003-02-05,,,,,,,,,,2003,2,2003
2003-02-06,,,,,,,,,,2003,2,2003
2003-02-07,,,,,,,,,,2003,2,2003
2003-02-08,,,,,,,,,,2003,2,2003
2003-02-09,,,,,,,,,,2003,2,2003
2003-02-10,,,,,,,,,,2003,2,2003
2003-02-11,,,,,,,,,,2003,2,2003
2003-02-12,,,,,,,,,,2003,2,2003
2003-02-13,,,,,,,,,,2003,2,2003
2003-02-14,,,,,,,,,,2003,2,2003
2003-02-15,,,,,,,,,,2003,2,2003
2003-02-16,,,,,,,,,,2003,2,2003
2003-02-17,,,,,,,,,,2003,2,2003
2003-02-18,,,,,,,,,,2003,2,2003
2003-02-19,,,,,,,,,,2003,2,2003
2003-02-20,,,,,,,,,,2003,2,2003
2003-02-21,,,,,,,,,,2003,2,2003
2003-02-22,,,,,,,,,,2003,2,2003
2003-02-23,,,,,,,,,,2003,2,2003
2003-02-24,,,,,,,,,,2003,2,2003
2003-02-25,,,,,,,,,,2003,2,2003
2003-02-26,,,,,,,,,,2003,2,2003
2003-02-27,,,,,,,,,,2003,2,2003
2003-02-28,,,,,,,,,,2003,2,2003
2003-03-01,,,,,,,,,,2003,3,2003
2003-03-02,,,,,,,,,,2003,3,2003
2003-03-03,,,,,,,,,,2003,3,2003
2003-03-04,,,,,,,,,,2003,3,2003
2003-03-05,,,,,,,,,,2003,3,2003
2003-03-06,,,,,,,,,,2003,3,2003
2003-03-07,,,,,,,,,,2003,3,2003
2003-03-08,,,,,,,,,,2003,3,2003
2003-03-09,,,,,,,,,,2003,3,2003
2003-03-10,,,,,,,,,,2003,3,2003
2003-03-11,,,,,,,,,,2003,3,2003
2003-03-12,,,,,,,,,,2003,3,2003
2003-03-13,,,,,,,,,,2003,3,2003
2003-03-14,,,,,,,,,,2003,3,2003
2003-03-15,,,,,,,,,,2003,3,2003
2003-03-16,,,,,,,,,,2003,3,2003
2003-03-17,,,,,,,,,,2003,3,2003
2003-03-18,,,,,,,,,,2003,3,2003
2003-03-19,,,,,,,,,,2003,3,2003
2003-03-20,,,,,,,,,,2003,3,2003
2003-03-21,,,,,,,,,,2003,3,2003
2003-03-22,,,,,,,,,,2003,3,2003
2003-03-23,,,,,,,,,,2003,3,2003
2003-03-24,,,,,,,,,,2003,3,2003
2003-03-25,,,,,,,,,,2003,3,2003
2003-03-26,,,,,,,,,,2003,3,2003
2003-03-27,,,,,,,,,,2003,3,2003
2003-03-28,,,,,,,,,,2003,3,2003
2003-03-29,,,,,,,,,,2003,3,2003
2003-03-30,,,,,,,,,,2003,3,2003
2003-03-31,,,,,,,,,,2003,3,2003
2003-04-01,,,,,,,,,,2003,4,2003
2003-04-02,,,,,,,,,,2003,4,2003
2003-04-03,,,,,,,,,,2003,4,2003
2003-04-04,,,,,,,,,,2003,4,2003
2003-04-05,,,,,,,,,,2003,4,2003
2003-04-06,,,,,,,,,,2003,4,2003
2003-04-07,,,,,,,,,,2003,4,2003
2003-04-08,,,7.747262402160001e-05,,,,,,,2003,4,2003
2003-04-09,,,7.482679068640003e-05,,,,,,,2003,4,2003
2003-04-10,,,7.176549591840002e-05,,,,,,,2003,4,2003
2003-04-11,0.000108894628176,,6.84636708472e-05,,9.86939566812e-05,,,0.00016809788235,,2003,4,2003
2003-04-12,9.982007582800002e-05,,6.273467635280002e-05,,8.63066460664e-05,,,0.0001392123795748,,2003,4,2003
2003-04-13,9.83987604e-05,,6.424345734560002e-05,,8.127737609040001e-05,,,0.0001270327996764,,2003,4,2003
2003-04-14,8.757489675600001e-05,,5.707128103200001e-05,,7.06175103804e-05,,,0.0001085228995256,,2003,4,2003
2003-04-15,7.937500005600001e-05,,5.304786505120001e-05,,5.9848312714400016e-05,,,9.56763946956e-05,,2003,4,2003
2003-04-16,7.532971768400001e-05,,5.0828426344400005e-05,,5.537663571400001e-05,,,8.88759470324e-05,,2003,4,2003
2003-04-17,7.937500005600001e-05,,5.552970045240001e-05,,6.227548213760001e-05,,,9.411294772480004e-05,,2003,4,2003
2003-04-18,8.024965570400002e-05,,5.783660472400001e-05,,6.626609853160001e-05,,,8.87994146632e-05,,2003,4,2003
2003-04-19,7.303374660800001e-05,,5.242467290200001e-05,,5.983737951880001e-05,,,7.973579551080002e-05,,2003,4,2003
2003-04-20,6.712982098400001e-05,,4.66628788208e-05,,5.149535127600001e-05,,,7.449879481840001e-05,,2003,4,2003
2003-04-21,6.483384990800001e-05,,4.122908060760001e-05,,4.556955926080001e-05,,,7.497985542480001e-05,,2003,4,2003
2003-04-22,6.122589536e-05,,3.571875002520001e-05,,3.992803033120001e-05,,,7.420359853720001e-05,,2003,4,2003
2003-04-23,6.0351239712e-05,,3.4833161181600005e-05,,3.78616563628e-05,,,7.511105377200002e-05,,2003,4,2003
2003-04-24,7.073777553200001e-05,,4.075895319680001e-05,,4.3951446312000005e-05,,,7.900327140560001e-05,,2003,4,2003
2003-04-25,6.439652208400001e-05,,3.755552688600001e-05,,4.257386366640001e-05,,,7.060657718480002e-05,,2003,4,2003
2003-04-26,6.1663223184e-05,,3.7030733497200007e-05,,4.10104166956e-05,,,6.42762569324e-05,,2003,4,2003
2003-04-27,5.892992428400001e-05,,3.662620526000001e-05,,3.91627066392e-05,,,5.838326450400001e-05,,2003,4,2003
2003-04-28,5.575929756e-05,,3.3947572338000004e-05,,3.511742426720001e-05,,,5.4895575107600006e-05,,2003,4,2003
2003-04-29,5.3135330616000016e-05,,3.1509469719200004e-05,,3.213266186840001e-05,,,5.391158750360001e-05,,2003,4,2003
2003-04-30,5.1714015188000014e-05,,3.0580148093200004e-05,,2.9683626054e-05,,,5.9400051694800005e-05,,2003,4,2003
2003-05-01,4.9855371936e-05,,2.8327909799600005e-05,,2.7015926327600005e-05,,,6.148829205440001e-05,,2003,5,2003
2003-05-02,4.9418044112e-05,,2.7322055804400008e-05,,2.4566890513200003e-05,,,6.50962466024e-05,,2003,5,2003
2003-05-03,4.9855371936e-05,,2.674259643760001e-05,,2.26426480876e-05,,,6.98959194708e-05,,2003,5,2003
2003-05-04,6.078856753600001e-05,,4.190693873480001e-05,5.1888946317600014e-05,3.14548037412e-05,5.341959370160001e-05,,8.378107788280003e-05,,2003,5,2003
2003-05-05,6.6255165336e-05,4.552582647840001e-05,4.4334108158000005e-05,4.657541325600001e-05,3.975309920160001e-05,4.963670802400001e-05,8.108057856960001e-05,8.730156686600002e-05,,2003,5,2003
2003-05-06,6.1663223184e-05,3.586088156800001e-05,3.8944042727200005e-05,3.9479769311600005e-05,3.716193184440001e-05,3.1465736936800006e-05,6.10509642304e-05,7.858780997280001e-05,,2003,5,2003
2003-05-07,5.630595734000001e-05,2.74751205428e-05,3.39585055336e-05,3.5937413937200006e-05,3.3685175643600006e-05,2.328770662800001e-05,4.45418388744e-05,7.101110542200002e-05,,2003,5,2003
2003-05-08,5.258867083600001e-05,2.31893078676e-05,3.2766787213200006e-05,3.3717975230400005e-05,3.159693528400001e-05,2.0412276185200005e-05,3.5806215590000004e-05,6.468078516960002e-05,,2003,5,2003
2003-05-09,4.898071628800002e-05,1.9898415992000004e-05,3.0722279636000006e-05,3.062388087560001e-05,2.9016701122400004e-05,1.7996039957600002e-05,2.8808970406e-05,5.91048554136e-05,,2003,5,2003
2003-05-10,4.6247417388000016e-05,1.8116305109200004e-05,2.9530561315600005e-05,2.9530561315600005e-05,2.71252582836e-05,1.66293905076e-05,2.4741821642800004e-05,5.726807855280001e-05,,2003,5,2003
2003-05-11,4.766873281600001e-05,1.7066718331600002e-05,2.9126033078400006e-05,2.9169765860800008e-05,2.6491132938800004e-05,1.6071797532e-05,2.3233040650000004e-05,6.269094357040001e-05,,2003,5,2003
2003-05-12,4.810606064000001e-05,1.5918732793600003e-05,2.841537536440001e-05,2.7048725914400008e-05,2.6010072332400005e-05,1.4694214886400002e-05,2.1265065442000005e-05,6.54461088616e-05,,2003,5,2003
2003-05-13,4.810606064000001e-05,1.4606749321600002e-05,2.5485278943600004e-05,2.3976497950800008e-05,2.39546315596e-05,1.37320936736e-05,1.9351756212000003e-05,7.136096768120002e-05,,2003,5,2003
2003-05-14,5.2151343012000005e-05,1.3469696979200002e-05,2.1789858830800003e-05,2.10792011168e-05,2.1669593679200004e-05,1.2791838852e-05,1.7547778938e-05,7.801928380160002e-05,,2003,5,2003
2003-05-15,5.0402031716000014e-05,1.27043732872e-05,2.0827737618000007e-05,1.9548553732800003e-05,2.0062413926000005e-05,1.2256112267600004e-05,1.6552858138400004e-05,7.403960060320001e-05,,2003,5,2003
2003-05-16,4.581008956400001e-05,1.2223312680800004e-05,2.01280130996e-05,1.9034693539600005e-05,1.919869147360001e-05,1.2256112267600004e-05,1.6104597118800003e-05,6.289867428680001e-05,,2003,5,2003
2003-05-17,4.2202135016e-05,1.2113980724800004e-05,1.97125516668e-05,1.98546832096e-05,1.84661673684e-05,1.25294421576e-05,1.5656336099200002e-05,5.556250003920001e-05,,2003,5,2003
2003-05-18,3.8594180468e-05,1.14579889888e-05,1.89581611704e-05,1.79085743928e-05,1.7405647395200003e-05,1.2267045463200002e-05,1.4956611580800004e-05,5.031456615120001e-05,,2003,5,2003
2003-05-19,3.586088156800001e-05,1.03646694288e-05,1.7810175632400002e-05,1.5885933206800004e-05,1.6137396705600002e-05,1.17313188788e-05,1.40054235636e-05,4.6728477994400006e-05,,2003,5,2003
2003-05-20,3.4439566140000006e-05,9.5446797588e-06,1.69792527668e-05,1.4672348495200004e-05,1.56126033168e-05,1.1468922184400002e-05,1.3130767915600005e-05,4.52852961752e-05,,2003,5,2003
2003-05-21,3.4439566140000006e-05,9.008953174400002e-06,1.6290461444000003e-05,1.38742252164e-05,1.4880079211600002e-05,1.0933195600000002e-05,1.2693440091600002e-05,4.60943526496e-05,,2003,5,2003
2003-05-22,3.717286504e-05,8.593491741600002e-06,1.57000688816e-05,1.3218233480400005e-05,1.4442751387600004e-05,1.01569387124e-05,1.2201446289600005e-05,4.951644287240001e-05,,2003,5,2003
2003-05-23,3.9468836116000006e-05,8.112431135200001e-06,1.50987431236e-05,1.2376377419200002e-05,1.4038223150400004e-05,9.129218326e-06,1.1304924250400002e-05,5.3517992462e-05,,2003,5,2003
2003-05-24,4.1327479368000006e-05,7.8391012452e-06,1.4606749321600002e-05,1.1906250008400002e-05,1.3469696979200002e-05,8.866821631600002e-06,1.1108126729600002e-05,5.563903240840001e-05,,2003,5,2003
2003-05-25,3.9031508292e-05,8.003099179200002e-06,1.41475551064e-05,1.27590392652e-05,1.37648932604e-05,8.866821631600002e-06,1.1720385683200002e-05,5.310253102920001e-05,,2003,5,2003
2003-05-26,3.4439566140000006e-05,7.358040638800001e-06,1.3415031001200004e-05,1.16657197052e-05,1.3196367089200002e-05,8.363894634000002e-06,1.04521349936e-05,4.67831439724e-05,,2003,5,2003
2003-05-27,3.181559919600001e-05,6.7567148808e-06,1.2912104003600004e-05,1.09987947736e-05,1.2584108135600002e-05,7.729769289200001e-06,9.4134814116e-06,4.223493460280001e-05,,2003,5,2003
2003-05-28,3.0831611592e-05,6.4068526216e-06,1.2977703177200003e-05,1.0408402211200002e-05,1.20374483556e-05,7.6095041376000015e-06,9.1073519348e-06,4.0234159808000005e-05,,2003,5,2003
2003-05-29,2.8535640516000004e-05,6.188188709600001e-06,1.30323691552e-05,1.0408402211200002e-05,1.1436122597600002e-05,7.368973834400002e-06,9.0636191524e-06,3.7960055123200007e-05,,2003,5,2003
2003-05-30,2.7660984868e-05,6.4833849908e-06,1.3371298218800004e-05,1.1654786509600002e-05,1.1217458685600005e-05,7.6095041376000015e-06,1.0430268602400005e-05,3.65387396952e-05,,2003,5,2003
2003-05-31,2.4927685968e-05,5.816460059200001e-06,1.2999569568400004e-05,1.01241391256e-05,1.08457300352e-05,7.6204373332e-06,9.260416673200002e-06,3.200146352120001e-05,,2003,5,2003
2003-06-01,2.2741046848e-05,5.422865017600001e-06,1.2715306482800004e-05,9.6102789324e-06,1.02662706684e-05,7.117510335600001e-06,8.582558546e-06,2.7988980736000004e-05,,2003,6,2003
2003-06-02,2.1319731420000003e-05,5.193267910000001e-06,1.1742252074400004e-05,9.4244146072e-06,9.719610888400002e-06,7.117510335600001e-06,8.582558546e-06,2.5474345748000007e-05,,2003,6,2003
2003-06-03,2.0007747948000003e-05,4.952737606800001e-06,1.1261191468000002e-05,9.01988637e-06,9.4134814116e-06,6.876980032400001e-06,8.342028242800001e-06,2.3462637757600003e-05,,2003,6,2003
2003-06-04,1.858643252e-05,4.504476587200001e-06,1.08894628176e-05,8.790289262400002e-06,8.9542871964e-06,6.384986230400001e-06,7.65323692e-06,2.1899190786800005e-05,,2003,6,2003
2003-06-05,1.7711776872000005e-05,4.1764807192e-06,1.0506800971600002e-05,8.374827829600002e-06,8.637224524000002e-06,6.920712814800001e-06,7.65323692e-06,2.0182679077600004e-05,,2003,6,2003
2003-06-06,1.6837121224000003e-05,3.9031508292e-06,9.752410475200002e-06,8.178030308800002e-06,8.309228656e-06,6.1444559272000015e-06,7.5767045508e-06,1.8684831280400004e-05,,2003,6,2003
2003-06-07,1.5853133620000002e-05,3.771952482e-06,9.5556129544e-06,8.035898766e-06,7.9047004188e-06,6.1444559272000015e-06,7.423639812400002e-06,1.6946453180000003e-05,,2003,6,2003
2003-06-08,1.5415805796e-05,3.6516873304e-06,9.347882238000002e-06,7.8063016584e-06,7.642303724400001e-06,5.903925624000001e-06,7.358040638800001e-06,1.58968664024e-05,,2003,6,2003
2003-06-09,1.4978477972000003e-05,3.5860881568000007e-06,9.1401515216e-06,7.412706616800002e-06,7.467372594800002e-06,5.663395320800001e-06,7.204975900400002e-06,1.4628615712800004e-05,,2003,6,2003
2003-06-10,1.4541150148000002e-05,3.6188877436000008e-06,8.735623284400002e-06,7.412706616800002e-06,7.314307856400001e-06,5.433798213200001e-06,6.898846423600001e-06,1.4858212820400004e-05,,2003,6,2003
2003-06-11,1.4103822324000005e-05,3.4548898096000004e-06,8.527892568000001e-06,7.358040638800001e-06,7.073777553200001e-06,5.193267910000001e-06,5.9367252108000015e-06,1.3994490368000002e-05,,2003,6,2003
2003-06-12,1.3666494500000002e-05,3.4548898096000004e-06,8.429493807600001e-06,7.281508269600002e-06,6.822314054400001e-06,5.433798213200001e-06,5.739927690000001e-06,1.3207300284800002e-05,,2003,6,2003
2003-06-13,1.3666494500000002e-05,3.7610192864e-06,8.287362264800001e-06,7.281508269600002e-06,6.7020489028000015e-06,6.1444559272000015e-06,6.4833849908e-06,1.4213154280000004e-05,,2003,6,2003
2003-06-14,1.3119834720000002e-05,3.3018250712000004e-06,8.188963504400002e-06,7.2159090960000015e-06,6.5927169468e-06,6.1444559272000015e-06,6.4833849908e-06,1.3130767915600005e-05,,2003,6,2003
2003-06-15,1.2245179072000005e-05,3.0831611592e-06,8.0249655704e-06,7.019111575200002e-06,6.374053034800001e-06,5.903925624000001e-06,5.9367252108000015e-06,1.2092114333600002e-05,,2003,6,2003
2003-06-16,1.2245179072000005e-05,3.2471590932000003e-06,7.926566810000001e-06,6.8879132280000016e-06,6.111656340400002e-06,6.1444559272000015e-06,5.488464191200002e-06,1.1862517226000002e-05,,2003,6,2003
2003-06-17,1.1807851248000002e-05,2.7879648780000005e-06,7.740702484800001e-06,6.013257580000001e-06,5.849259646000002e-06,6.1444559272000015e-06,6.2428546876000005e-06,1.12939910548e-05,,2003,6,2003
2003-06-18,1.1370523424e-05,3.0722279636000008e-06,7.9484332012e-06,5.9367252108000015e-06,5.652462125200001e-06,4.395144631200001e-06,4.755940086e-06,1.09659951868e-05,,2003,6,2003
2003-06-19,1.1370523424e-05,3.1050275504000004e-06,7.729769289200001e-06,5.9367252108000015e-06,5.116735540800001e-06,4.471677000400001e-06,4.865272042000001e-06,1.0780130861600002e-05,,2003,6,2003
2003-06-20,1.0933195600000002e-05,3.1378271372e-06,7.4455062036000016e-06,6.122589536000002e-06,5.073002758400001e-06,4.6247417388e-06,4.9636708024000005e-06,1.1009727969200002e-05,,2003,6,2003
2003-06-21,1.1370523424e-05,3.2580922888000003e-06,7.4455062036000016e-06,6.341253448000001e-06,5.0183367804e-06,4.5810089564e-06,5.0620695628e-06,1.1097193534e-05,,2003,6,2003
2003-06-22,1.0933195600000002e-05,3.0066287900000006e-06,7.390840225600001e-06,6.002324384400002e-06,4.799672868400001e-06,4.515409782800001e-06,4.6138085432000005e-06,1.05286673628e-05,,2003,6,2003
2003-06-23,1.038653582e-05,2.8754304428000007e-06,7.139376726800002e-06,5.7508608856000015e-06,4.5919421520000005e-06,4.417011022400001e-06,4.384211435600001e-06,9.982007582800002e-06,,2003,6,2003
2003-06-24,1.038653582e-05,2.569300966e-06,6.8879132280000016e-06,5.4993973868000005e-06,4.417011022400001e-06,4.0343491764e-06,3.9250172204e-06,9.6102789324e-06,,2003,6,2003
2003-06-25,9.949207996000002e-06,2.295971076e-06,6.691115707200001e-06,5.258867083600001e-06,4.187413914800001e-06,3.673553721600001e-06,3.6298209392e-06,9.2057506952e-06,,2003,6,2003
2003-06-26,9.511880172e-06,2.0445075772000005e-06,6.5927169468e-06,5.0074035848000014e-06,3.979683198400001e-06,3.542355374400001e-06,3.4002238316000003e-06,8.899621218400001e-06,,2003,6,2003
2003-06-27,9.074552348000002e-06,1.8039772740000004e-06,6.4068526216e-06,4.766873281600001e-06,3.82661846e-06,3.3455578536000005e-06,3.2580922888000003e-06,8.648157719600002e-06,,2003,6,2003
2003-06-28,9.074552348000002e-06,1.6509125356000002e-06,6.231921492e-06,4.6028753476e-06,3.662620526000001e-06,3.3674242448000006e-06,3.1378271372e-06,8.276429069200002e-06,,2003,6,2003
2003-06-29,8.637224524000002e-06,1.5306473840000006e-06,6.0788567536000005e-06,4.4607438048e-06,3.5970213524000007e-06,3.1924931152000006e-06,3.061294768000001e-06,8.0796315484e-06,,2003,6,2003
2003-06-30,8.637224524000002e-06,1.6071797532000003e-06,6.024190775600002e-06,4.427944218000001e-06,3.542355374400001e-06,3.1378271372e-06,3.061294768000001e-06,8.0796315484e-06,,2003,6,2003
2003-07-01,8.637224524000002e-06,1.8258436652e-06,5.969524797600001e-06,4.4498106092000006e-06,3.4220902228000007e-06,3.3674242448000006e-06,3.3564910492e-06,8.003099179200002e-06,,2003,7,2003
2003-07-02,8.637224524000002e-06,1.7274449048000002e-06,5.892992428400001e-06,4.384211435600001e-06,3.2471590932000003e-06,3.0831611592e-06,3.0394283768000003e-06,7.7188360936e-06,,2003,7,2003
2003-07-03,8.199896700000001e-06,1.4759814060000002e-06,5.718061298800001e-06,4.231146697200001e-06,3.1487603328000005e-06,2.842630856e-06,2.7770316824000005e-06,7.489238986000002e-06,,2003,7,2003
2003-07-04,7.762568876e-06,1.3885158412000005e-06,5.4993973868000005e-06,4.143681132400001e-06,3.0831611592e-06,2.766098486800001e-06,2.623966944000001e-06,7.467372594800002e-06,,2003,7,2003
2003-07-05,7.762568876e-06,1.3119834720000005e-06,5.3353994528000005e-06,4.045282372000001e-06,2.984762398800001e-06,2.7332989000000004e-06,2.3615702496000004e-06,7.336174247600002e-06,,2003,7,2003
2003-07-06,7.762568876e-06,1.3010502764000005e-06,5.280733474800001e-06,4.001549589600001e-06,2.9082300296000004e-06,2.6567665308e-06,2.3615702496000004e-06,7.303374660800001e-06,,2003,7,2003
2003-07-07,7.2159090960000015e-06,1.2026515160000002e-06,5.193267910000001e-06,3.8922176336000005e-06,2.809831269200001e-06,2.4818354012e-06,2.4818354012e-06,7.281508269600002e-06,,2003,7,2003
2003-07-08,7.2159090960000015e-06,1.1261191468000005e-06,5.0183367804e-06,3.7938188732e-06,2.7332989000000004e-06,2.3834366408000004e-06,2.3287706628000003e-06,7.270575074000001e-06,,2003,7,2003
2003-07-09,7.2159090960000015e-06,1.1261191468000005e-06,4.843405650800001e-06,3.771952482e-06,2.6458333352e-06,2.3943698364000005e-06,2.295971076e-06,7.172176313600001e-06,,2003,7,2003
2003-07-10,6.778581272000001e-06,9.621212128e-07,4.7122073036e-06,3.662620526000001e-06,2.5255681836000008e-06,2.1866391200000004e-06,2.1429063376000003e-06,6.9863119884000005e-06,,2003,7,2003
2003-07-11,6.778581272000001e-06,8.855888436000001e-07,4.5919421520000005e-06,3.5860881568000007e-06,2.4162362276000005e-06,2.1319731420000003e-06,2.077307164e-06,7.008178379600001e-06,,2003,7,2003
2003-07-12,6.778581272000001e-06,8.527892568000002e-07,4.5263429784e-06,3.509555787600001e-06,2.2850378804e-06,1.9789084036000003e-06,2.0554407728000005e-06,6.7567148808e-06,,2003,7,2003
2003-07-13,6.778581272000001e-06,9.074552348e-07,4.427944218000001e-06,3.4330234184000003e-06,2.2631714892e-06,2.0007747948000004e-06,1.9789084036000003e-06,6.811380858800001e-06,,2003,7,2003
2003-07-14,6.341253448000001e-06,1.1370523424e-06,4.2639462840000006e-06,3.465823005200001e-06,2.1757059244000004e-06,1.9461088168000003e-06,2.0335743816000005e-06,6.7020489028000015e-06,,2003,7,2003
2003-07-15,6.341253448000001e-06,1.0167871908000002e-06,4.351411848800001e-06,3.4439566140000008e-06,2.0882403596e-06,1.91330923e-06,2.0117079904000004e-06,6.461518599600001e-06,,2003,7,2003
2003-07-16,6.341253448000001e-06,7.981232788000002e-07,4.373278240000001e-06,3.4111570272000007e-06,2.0663739684e-06,1.8367768608e-06,1.9242424256e-06,6.395919426e-06,,2003,7,2003
2003-07-17,6.341253448000001e-06,7.981232788000002e-07,4.285812675200001e-06,3.3236914624000005e-06,1.9570420124000003e-06,1.7821108828000003e-06,1.8258436652e-06,6.3084538612e-06,,2003,7,2003
2003-07-18,5.903925624000001e-06,6.341253448000001e-07,4.143681132400001e-06,3.2034263108e-06,1.8695764476000003e-06,1.6509125356000002e-06,1.6509125356000002e-06,6.1663223184e-06,,2003,7,2003
2003-07-19,5.903925624000001e-06,5.247933888e-07,4.0780819588000006e-06,3.115960746e-06,1.8039772740000004e-06,1.4431818192000002e-06,1.5087809928000003e-06,6.046057166800001e-06,,2003,7,2003
2003-07-20,5.903925624000001e-06,4.373278240000001e-07,3.9468836116e-06,3.0175619856000006e-06,1.7055785136000004e-06,1.3666494500000002e-06,1.3994490368000005e-06,5.947658406400001e-06,,2003,7,2003
2003-07-21,5.903925624000001e-06,4.0452823720000004e-07,3.8484848512e-06,2.9519628120000005e-06,1.6837121224000003e-06,1.3447830588e-06,1.3229166676e-06,5.925792015200002e-06,,2003,7,2003
2003-07-22,5.903925624000001e-06,3.826618460000002e-07,3.8156852644e-06,2.8972968340000008e-06,1.5743801664000005e-06,1.2354511028e-06,1.1917183204000002e-06,5.7508608856000015e-06,,2003,7,2003
2003-07-23,5.466597800000001e-06,3.3892906360000004e-07,3.695420112800001e-06,2.8316976604000006e-06,1.4869146016000005e-06,1.1698519292000002e-06,1.1698519292000002e-06,5.5649965604000015e-06,,2003,7,2003
2003-07-24,5.466597800000001e-06,3.061294768e-07,3.6188877436000008e-06,2.766098486800001e-06,1.4650482104000002e-06,1.1589187336e-06,1.1698519292000002e-06,5.4556646044e-06,,2003,7,2003
2003-07-25,5.466597800000001e-06,3.061294768e-07,3.5642217656000006e-06,2.7223657044e-06,1.4103822324000003e-06,1.1807851248000002e-06,1.1807851248000002e-06,5.280733474800001e-06,,2003,7,2003
2003-07-26,5.466597800000001e-06,3.061294768e-07,3.4330234184000003e-06,2.7332989000000004e-06,1.3666494500000002e-06,1.1589187336e-06,1.2354511028e-06,5.073002758400001e-06,,2003,7,2003
2003-07-27,5.466597800000001e-06,2.842630856e-07,3.3783574404e-06,2.7114325088000004e-06,1.3229166676e-06,1.147985538e-06,1.1261191468000005e-06,5.0511363672000015e-06,,2003,7,2003
2003-07-28,5.466597800000001e-06,2.5146349880000005e-07,3.2252927020000003e-06,2.5911673572e-06,1.2573174940000002e-06,1.0495867776e-06,1.0277203864000005e-06,4.8980716288e-06,,2003,7,2003
2003-07-29,5.029269976000001e-06,1.8586432520000006e-07,3.1050275504000004e-06,2.4927685968000003e-06,1.1807851248000002e-06,9.511880172000002e-07,1.0167871908000002e-06,4.930871215600001e-06,,2003,7,2003
2003-07-30,5.029269976000001e-06,1.6399793400000006e-07,2.995695594400001e-06,2.3834366408000004e-06,1.1151859512e-06,8.309228656000001e-07,9.511880172000002e-07,4.9418044112e-06,,2003,7,2003
2003-07-31,5.029269976000001e-06,1.530647384e-07,2.984762398800001e-06,2.3178374672000003e-06,1.0495867776e-06,8.090564744000001e-07,9.511880172000002e-07,4.996470389200001e-06,,2003,7,2003
2003-08-01,5.029269976000001e-06,1.6399793400000006e-07,2.984762398800001e-06,2.3615702496000004e-06,1.0058539952000002e-06,7.981232788000002e-07,9.839876040000002e-07,4.9855371936000005e-06,,2003,8,2003
2003-08-02,5.029269976000001e-06,1.6399793400000006e-07,2.962896007600001e-06,2.3725034452000004e-06,9.839876040000002e-07,8.309228656000001e-07,1.0933195600000002e-06,5.073002758400001e-06,,2003,8,2003
2003-08-03,5.029269976000001e-06,2.623966944e-07,3.0066287900000006e-06,2.3725034452000004e-06,1.0058539952000002e-06,9.949207996000002e-07,1.1698519292000002e-06,5.1276687364e-06,,2003,8,2003
2003-08-04,5.029269976000001e-06,3.3892906360000004e-07,3.0722279636000008e-06,2.3287706628000003e-06,9.183884304e-07,8.637224524000001e-07,1.0823863644000002e-06,4.9855371936000005e-06,,2003,8,2003
2003-08-05,5.029269976000001e-06,3.1706267240000005e-07,3.0722279636000008e-06,2.2850378804e-06,9.621212128e-07,8.746556480000001e-07,1.0823863644000002e-06,5.083935954000001e-06,,2003,8,2003
2003-08-06,5.466597800000001e-06,3.935950416000001e-07,3.115960746e-06,2.7332989000000004e-06,1.4650482104000002e-06,8.746556480000001e-07,1.2901170808000002e-06,5.4993973868000005e-06,,2003,8,2003
2003-08-07,5.903925624000001e-06,5.466597800000001e-07,3.2252927020000003e-06,2.8754304428000007e-06,1.9570420124000003e-06,1.0714531688000002e-06,1.2682506896000002e-06,5.871126037200001e-06,,2003,8,2003
2003-08-08,5.029269976000001e-06,4.591942152000001e-07,3.0722279636000008e-06,2.5146349880000003e-06,1.147985538e-06,8.309228656000001e-07,9.949207996000002e-07,4.9636708024000005e-06,,2003,8,2003
2003-08-09,5.029269976000001e-06,3.6079545480000004e-07,2.8972968340000008e-06,2.4490358144e-06,1.0277203864000005e-06,7.981232788000002e-07,9.511880172000002e-07,4.8980716288e-06,,2003,8,2003
2003-08-10,5.029269976000001e-06,3.061294768e-07,2.8972968340000008e-06,2.4162362276000005e-06,9.511880172000002e-07,7.434573008000001e-07,9.29321626e-07,4.832472455200001e-06,,2003,8,2003
2003-08-11,4.5919421520000005e-06,2.623966944e-07,2.8316976604000006e-06,2.3506370540000004e-06,9.183884304e-07,7.215909096000001e-07,8.855888436000001e-07,4.8215392596000014e-06,,2003,8,2003
2003-08-12,4.5919421520000005e-06,2.5146349880000005e-07,2.8207644648000006e-06,2.3178374672000003e-06,8.746556480000001e-07,6.778581272000001e-07,8.746556480000001e-07,4.755940086e-06,,2003,8,2003
2003-08-13,4.5919421520000005e-06,2.1866391200000006e-07,2.7223657044e-06,2.2850378804e-06,8.090564744000001e-07,6.778581272000001e-07,8.637224524000001e-07,4.5482093696e-06,,2003,8,2003
2003-08-14,4.5919421520000005e-06,2.0773071640000006e-07,2.6458333352e-06,2.2085055112000005e-06,7.325241052000001e-07,6.122589536e-07,8.090564744000001e-07,4.471677000400001e-06,,2003,8,2003
2003-08-15,4.5919421520000005e-06,1.7493112960000006e-07,2.5146349880000003e-06,2.1429063376000003e-06,6.778581272000001e-07,5.794593668000001e-07,7.543904964000002e-07,4.482610196000001e-06,,2003,8,2003
2003-08-16,4.482610196000001e-06,1.6399793400000006e-07,2.4818354012e-06,2.1319731420000003e-06,6.559917360000001e-07,5.575929756e-07,7.434573008000001e-07,4.417011022400001e-06,,2003,8,2003
2003-08-17,4.482610196000001e-06,1.7493112960000006e-07,2.4490358144e-06,2.1210399464000003e-06,6.122589536e-07,5.029269976000001e-07,7.325241052000001e-07,4.307679066400001e-06,,2003,8,2003
2003-08-18,4.373278240000001e-06,1.7493112960000006e-07,2.4162362276000005e-06,2.0991735552e-06,5.794593668000001e-07,4.919938020000001e-07,6.887913228000001e-07,4.296745870800001e-06,,2003,8,2003
2003-08-19,4.373278240000001e-06,1.2026515160000001e-07,2.3943698364000005e-06,2.0554407728000005e-06,5.466597800000001e-07,4.482610196000001e-07,6.778581272000001e-07,4.154614328e-06,,2003,8,2003
2003-08-20,4.2639462840000006e-06,,2.3506370540000004e-06,2.0117079904000004e-06,5.029269976000001e-07,,6.559917360000001e-07,4.0780819588000006e-06,,2003,8,2003
2003-08-21,4.2639462840000006e-06,,2.1866391200000004e-06,1.9679752080000003e-06,4.701274108e-07,,6.559917360000001e-07,4.089015154400001e-06,,2003,8,2003
2003-08-22,4.2639462840000006e-06,,2.1647727288000004e-06,2.0007747948000004e-06,5.138601932000001e-07,,7.653236920000003e-07,4.089015154400001e-06,,2003,8,2003
2003-08-23,4.373278240000001e-06,,2.2085055112000005e-06,2.077307164e-06,5.247933888e-07,,6.450585404000001e-07,4.089015154400001e-06,,2003,8,2003
2003-08-24,4.2639462840000006e-06,,2.1319731420000003e-06,2.0335743816000005e-06,4.373278240000001e-07,,,3.9468836116e-06,,2003,8,2003
2003-08-25,4.154614328e-06,,2.1538395332000003e-06,1.9570420124000003e-06,,,,3.8922176336000005e-06,,2003,8,2003
2003-08-26,,,2.0991735552e-06,,,,,3.8922176336000005e-06,,2003,8,2003
2003-08-27,,,2.077307164e-06,,,,,3.881284438e-06,,2003,8,2003
2003-08-28,,,2.0335743816000005e-06,,,,,3.8047520688000008e-06,,2003,8,2003
2003-08-29,,,1.9679752080000003e-06,,,,,3.728219699600001e-06,,2003,8,2003
2003-08-30,,,,,,,,3.673553721600001e-06,,2003,8,2003
2003-08-31,,,,,,,,3.662620526000001e-06,,2003,8,2003
2003-09-01,,,,,,,,3.5970213524000007e-06,,2003,9,2003
2003-09-02,,,,,,,,3.542355374400001e-06,,2003,9,2003
2003-09-03,,,,,,,,3.542355374400001e-06,,2003,9,2003
2003-09-04,,,,,,,,3.487689396400001e-06,,2003,9,2003
2003-09-05,,,,,,,,3.4767562008000004e-06,,2003,9,2003
2003-09-06,,,,,,,,,,2003,9,2003
2003-09-07,,,,,,,,,,2003,9,2003
2003-09-08,,,,,,,,,,2003,9,2003
2003-09-09,,,,,,,,,,2003,9,2003
2003-09-10,,,,,,,,,,2003,9,2003
2003-09-11,,,,,,,,,,2003,9,2003
2003-09-12,,,,,,,,,,2003,9,2003
2003-09-13,,,,,,,,,,2003,9,2003
2003-09-14,,,,,,,,,,2003,9,2003
2003-09-15,,,,,,,,,,2003,9,2003
2003-09-16,,,,,,,,,,2003,9,2003
2003-09-17,,,,,,,,,,2003,9,2003
2003-09-18,,,,,,,,,,2003,9,2003
2003-09-19,,,,,,,,,,2003,9,2003
2003-09-20,,,,,,,,,,2003,9,2003
2003-09-21,,,,,,,,,,2003,9,2003
2003-09-22,,,,,,,,,,2003,9,2003
2003-09-23,,,,,,,,,,2003,9,2003
2003-09-24,,,,,,,,,,2003,9,2003
2003-09-25,,,,,,,,,,2003,9,2003
2003-09-26,,,,,,,,,,2003,9,2003
2003-09-27,,,,,,,,,,2003,9,2003
2003-09-28,,,,,,,,,,2003,9,2003
2003-09-29,,,,,,,,,,2003,9,2003
2003-09-30,,,,,,,,,,2003,9,2003
2003-10-01,,,,,,,,,,2003,10,2004
2003-10-02,,,,,,,,,,2003,10,2004
2003-10-03,,,,,,,,,,2003,10,2004
2003-10-04,,,,,,,,,,2003,10,2004
2003-10-05,,,,,,,,,,2003,10,2004
2003-10-06,,,,,,,,,,2003,10,2004
2003-10-07,,,,,,,,,,2003,10,2004
2003-10-08,,,,,,,,,,2003,10,2004
2003-10-09,,,,,,,,,,2003,10,2004
2003-10-10,,,,,,,,,,2003,10,2004
2003-10-11,,,,,,,,,,2003,10,2004
2003-10-12,,,,,,,,,,2003,10,2004
2003-10-13,,,,,,,,,,2003,10,2004
2003-10-14,,,,,,,,,,2003,10,2004
2003-10-15,,,,,,,,,,2003,10,2004
2003-10-16,,,,,,,,,,2003,10,2004
2003-10-17,,,,,,,,,,2003,10,2004
2003-10-18,,,,,,,,,,2003,10,2004
2003-10-19,,,,,,,,,,2003,10,2004
2003-10-20,,,,,,,,,,2003,10,2004
2003-10-21,,,,,,,,,,2003,10,2004
2003-10-22,,,,,,,,,,2003,10,2004
2003-10-23,,,,,,,,,,2003,10,2004
2003-10-24,,,,,,,,,,2003,10,2004
2003-10-25,,,,,,,,,,2003,10,2004
2003-10-26,,,,,,,,,,2003,10,2004
2003-10-27,,,,,,,,,,2003,10,2004
2003-10-28,,,,,,,,,,2003,10,2004
2003-10-29,,,,,,,,,,2003,10,2004
2003-10-30,,,,,,,,,,2003,10,2004
2003-10-31,,,,,,,,,,2003,10,2004
2003-11-01,,,,,,,,,,2003,11,2004
2003-11-02,,,,,,,,,,2003,11,2004
2003-11-03,,,,,,,,,,2003,11,2004
2003-11-04,,,,,,,,,,2003,11,2004
2003-11-05,,,,,,,,,,2003,11,2004
2003-11-06,,,,,,,,,,2003,11,2004
2003-11-07,,,,,,,,,,2003,11,2004
2003-11-08,,,,,,,,,,2003,11,2004
2003-11-09,,,,,,,,,,2003,11,2004
2003-11-10,,,,,,,,,,2003,11,2004
2003-11-11,,,,,,,,,,2003,11,2004
2003-11-12,,,,,,,,,,2003,11,2004
2003-11-13,,,,,,,,,,2003,11,2004
2003-11-14,,,,,,,,,,2003,11,2004
2003-11-15,,,,,,,,,,2003,11,2004
2003-11-16,,,,,,,,,,2003,11,2004
2003-11-17,,,,,,,,,,2003,11,2004
2003-11-18,,,,,,,,,,2003,11,2004
2003-11-19,,,,,,,,,,2003,11,2004
2003-11-20,,,,,,,,,,2003,11,2004
2003-11-21,,,,,,,,,,2003,11,2004
2003-11-22,,,,,,,,,,2003,11,2004
2003-11-23,,,,,,,,,,2003,11,2004
2003-11-24,,,,,,,,,,2003,11,2004
2003-11-25,,,,,,,,,,2003,11,2004
2003-11-26,,,,,,,,,,2003,11,2004
2003-11-27,,,,,,,,,,2003,11,2004
2003-11-28,,,,,,,,,,2003,11,2004
2003-11-29,,,,,,,,,,2003,11,2004
2003-11-30,,,,,,,,,,2003,11,2004
2003-12-01,,,,,,,,,,2003,12,2004
2003-12-02,,,,,,,,,,2003,12,2004
2003-12-03,,,,,,,,,,2003,12,2004
2003-12-04,,,,,,,,,,2003,12,2004
2003-12-05,,,,,,,,,,2003,12,2004
2003-12-06,,,,,,,,,,2003,12,2004
2003-12-07,,,,,,,,,,2003,12,2004
2003-12-08,,,,,,,,,,2003,12,2004
2003-12-09,,,,,,,,,,2003,12,2004
2003-12-10,,,,,,,,,,2003,12,2004
2003-12-11,,,,,,,,,,2003,12,2004
2003-12-12,,,,,,,,,,2003,12,2004
2003-12-13,,,,,,,,,,2003,12,2004
2003-12-14,,,,,,,,,,2003,12,2004
2003-12-15,,,,,,,,,,2003,12,2004
2003-12-16,,,,,,,,,,2003,12,2004
2003-12-17,,,,,,,,,,2003,12,2004
2003-12-18,,,,,,,,,,2003,12,2004
2003-12-19,,,,,,,,,,2003,12,2004
2003-12-20,,,,,,,,,,2003,12,2004
2003-12-21,,,,,,,,,,2003,12,2004
2003-12-22,,,,,,,,,,2003,12,2004
2003-12-23,,,,,,,,,,2003,12,2004
2003-12-24,,,,,,,,,,2003,12,2004
2003-12-25,,,,,,,,,,2003,12,2004
2003-12-26,,,,,,,,,,2003,12,2004
2003-12-27,,,,,,,,,,2003,12,2004
2003-12-28,,,,,,,,,,2003,12,2004
2003-12-29,,,,,,,,,,2003,12,2004
2003-12-30,,,,,,,,,,2003,12,2004
2003-12-31,,,,,,,,,,2003,12,2004
2004-01-01,,,,,,,,,,2004,1,2004
2004-01-02,,,,,,,,,,2004,1,2004
2004-01-03,,,,,,,,,,2004,1,2004
2004-01-04,,,,,,,,,,2004,1,2004
2004-01-05,,,,,,,,,,2004,1,2004
2004-01-06,,,,,,,,,,2004,1,2004
2004-01-07,,,,,,,,,,2004,1,2004
2004-01-08,,,,,,,,,,2004,1,2004
2004-01-09,,,,,,,,,,2004,1,2004
2004-01-10,,,,,,,,,,2004,1,2004
2004-01-11,,,,,,,,,,2004,1,2004
2004-01-12,,,,,,,,,,2004,1,2004
2004-01-13,,,,,,,,,,2004,1,2004
2004-01-14,,,,,,,,,,2004,1,2004
2004-01-15,,,,,,,,,,2004,1,2004
2004-01-16,,,,,,,,,,2004,1,2004
2004-01-17,,,,,,,,,,2004,1,2004
2004-01-18,,,,,,,,,,2004,1,2004
2004-01-19,,,,,,,,,,2004,1,2004
2004-01-20,,,,,,,,,,2004,1,2004
2004-01-21,,,,,,,,,,2004,1,2004
2004-01-22,,,,,,,,,,2004,1,2004
2004-01-23,,,,,,,,,,2004,1,2004
2004-01-24,,,,,,,,,,2004,1,2004
2004-01-25,,,,,,,,,,2004,1,2004
2004-01-26,,,,,,,,,,2004,1,2004
2004-01-27,,,,,,,,,,2004,1,2004
2004-01-28,,,,,,,,,,2004,1,2004
2004-01-29,,,,,,,,,,2004,1,2004
2004-01-30,,,,,,,,,,2004,1,2004
2004-01-31,,,,,,,,,,2004,1,2004
2004-02-01,,,,,,,,,,2004,2,2004
2004-02-02,,,,,,,,,,2004,2,2004
2004-02-03,,,,,,,,,,2004,2,2004
2004-02-04,,,,,,,,,,2004,2,2004
2004-02-05,,,,,,,,,,2004,2,2004
2004-02-06,,,,,,,,,,2004,2,2004
2004-02-07,,,,,,,,,,2004,2,2004
2004-02-08,,,,,,,,,,2004,2,2004
2004-02-09,,,,,,,,,,2004,2,2004
2004-02-10,,,,,,,,,,2004,2,2004
2004-02-11,,,,,,,,,,2004,2,2004
2004-02-12,,,,,,,,,,2004,2,2004
2004-02-13,,,,,,,,,,2004,2,2004
2004-02-14,,,,,,,,,,2004,2,2004
2004-02-15,,,,,,,,,,2004,2,2004
2004-02-16,,,,,,,,,,2004,2,2004
2004-02-17,,,,,,,,,,2004,2,2004
2004-02-18,,,,,,,,,,2004,2,2004
2004-02-19,,,,,,,,,,2004,2,2004
2004-02-20,,,,,,,,,,2004,2,2004
2004-02-21,,,,,,,,,,2004,2,2004
2004-02-22,,,,,,,,,,2004,2,2004
2004-02-23,,,,,,,,,,2004,2,2004
2004-02-24,,,,,,,,,,2004,2,2004
2004-02-25,,,,,,,,,,2004,2,2004
2004-02-26,,,,,,,,,,2004,2,2004
2004-02-27,,,,,,,,,,2004,2,2004
2004-02-28,,,,,,,,,,2004,2,2004
2004-02-29,,,,,,,,,,2004,2,2004
2004-03-01,,,,,,,,,,2004,3,2004
2004-03-02,,,,,,,,,,2004,3,2004
2004-03-03,,,,,,,,,,2004,3,2004
2004-03-04,,,,,,,,,,2004,3,2004
2004-03-05,,,,,,,,,,2004,3,2004
2004-03-06,,,,,,,,,,2004,3,2004
2004-03-07,,,,,,,,,,2004,3,2004
2004-03-08,,,,,,,,,,2004,3,2004
2004-03-09,,,,,,,,,,2004,3,2004
2004-03-10,,,,,,,,,,2004,3,2004
2004-03-11,,,,,,,,,,2004,3,2004
2004-03-12,,,,,,,,,,2004,3,2004
2004-03-13,,,,,,,,,,2004,3,2004
2004-03-14,,,,,,,,,,2004,3,2004
2004-03-15,,,,,,,,,,2004,3,2004
2004-03-16,,,,,,,,,,2004,3,2004
2004-03-17,,,,,,,,,,2004,3,2004
2004-03-18,,,,,,,,,,2004,3,2004
2004-03-19,,,,,,,,,,2004,3,2004
2004-03-20,,,,,,,,,,2004,3,2004
2004-03-21,,,,,,,,,,2004,3,2004
2004-03-22,,,,,,,,,,2004,3,2004
2004-03-23,,,,,,,,,,2004,3,2004
2004-03-24,,,,,,,,,,2004,3,2004
2004-03-25,,,,,,,,,,2004,3,2004
2004-03-26,,,,,,,,,,2004,3,2004
2004-03-27,,,,,,,,,,2004,3,2004
2004-03-28,,,,,,,,,,2004,3,2004
2004-03-29,,,,,,,,,,2004,3,2004
2004-03-30,,,,,,,,,,2004,3,2004
2004-03-31,,,,,,,,,,2004,3,2004
2004-04-01,,,,,,,,,,2004,4,2004
2004-04-02,,,,,,,,,,2004,4,2004
2004-04-03,,,,,,,,,,2004,4,2004
2004-04-04,,,,,,,,,,2004,4,2004
2004-04-05,,,,,,,,,,2004,4,2004
2004-04-06,,,,,,,,,,2004,4,2004
2004-04-07,,,,,,,,,,2004,4,2004
2004-04-08,,,,,,,,,,2004,4,2004
2004-04-09,,,,,,,,,,2004,4,2004
2004-04-10,,,,,,,,,,2004,4,2004
2004-04-11,,,,,,,,,,2004,4,2004
2004-04-12,,,,,,,,,,2004,4,2004
2004-04-13,,,,,,,,,,2004,4,2004
2004-04-14,,,,,,,,,,2004,4,2004
2004-04-15,,,,,,,,,,2004,4,2004
2004-04-16,,,,,,,,,,2004,4,2004
2004-04-17,,,,,,,,,,2004,4,2004
2004-04-18,,,,,,,,,,2004,4,2004
2004-04-19,,,,,,,,,,2004,4,2004
2004-04-20,,,,,,,,,,2004,4,2004
2004-04-21,,,,,,,,,,2004,4,2004
2004-04-22,,,,,,,,,,2004,4,2004
2004-04-23,,,,,,,,,,2004,4,2004
2004-04-24,,,,,,,,,,2004,4,2004
2004-04-25,,,,,,,,,,2004,4,2004
2004-04-26,,,,,,,,,,2004,4,2004
2004-04-27,,,,,,,,,,2004,4,2004
2004-04-28,,,,,,,,,,2004,4,2004
2004-04-29,,,,,,,,,,2004,4,2004
2004-04-30,,,,,,,,,,2004,4,2004
2004-05-01,,,,,,,,,,2004,5,2004
2004-05-02,,,,,,,,,,2004,5,2004
2004-05-03,,,,,,,,,,2004,5,2004
2004-05-04,,,,,,,,,,2004,5,2004
2004-05-05,,,,,,,,,,2004,5,2004
2004-05-06,,,,,,,,,,2004,5,2004
2004-05-07,,,,,,,,,,2004,5,2004
2004-05-08,,,,,,,,,,2004,5,2004
2004-05-09,,,,,,,,,,2004,5,2004
2004-05-10,,,,,,,,,,2004,5,2004
2004-05-11,,,,,,,,,,2004,5,2004
2004-05-12,,,,,,,,,,2004,5,2004
2004-05-13,,,,,,,,,,2004,5,2004
2004-05-14,,,,,,,,,,2004,5,2004
2004-05-15,,,,,,,,,,2004,5,2004
2004-05-16,,,,,,,,,,2004,5,2004
2004-05-17,,,,,,,,,,2004,5,2004
2004-05-18,,,,,,,,,,2004,5,2004
2004-05-19,,,,,,,,,,2004,5,2004
2004-05-20,,,,,,,,,,2004,5,2004
2004-05-21,,,,,,,,,,2004,5,2004
2004-05-22,,,,,,,,,,2004,5,2004
2004-05-23,,,,,,,,,,2004,5,2004
2004-05-24,,,,,,,,,,2004,5,2004
2004-05-25,,,,,,,,,,2004,5,2004
2004-05-26,,,,,,,,,,2004,5,2004
2004-05-27,,,,,,,,,,2004,5,2004
2004-05-28,,0.0001079981061368,7.905793738360002e-05,,,,,,,2004,5,2004
2004-05-29,,7.865340914640001e-05,6.766554756840002e-05,,,,,,,2004,5,2004
2004-05-30,,4.341571972760001e-05,4.9549242459200005e-05,,,,,,,2004,5,2004
2004-05-31,,2.700499313200001e-05,3.6331008978800005e-05,,,,,,,2004,5,2004
2004-06-01,,1.995308197e-05,2.9027634318000003e-05,,,,,,,2004,6,2004
2004-06-02,,1.6126463510000002e-05,2.4785554425200005e-05,,,,,,,2004,6,2004
2004-06-03,,1.36008953264e-05,2.2085055112000005e-05,,,,,,,2004,6,2004
2004-06-04,,1.15782541404e-05,1.9964015165600005e-05,,,,,,,2004,6,2004
2004-06-05,,1.09659951868e-05,1.8619232106800003e-05,,,,,,,2004,6,2004
2004-06-06,,1.12721246636e-05,1.8531766542000003e-05,,,,,,,2004,6,2004
2004-06-07,,1.3907024803200002e-05,2.1319731420000003e-05,,,,,,,2004,6,2004
2004-06-08,,2.10792011168e-05,2.4435692166000005e-05,,,,,,,2004,6,2004
2004-06-09,,3.0547348506400006e-05,3.09846763304e-05,3.7238464213600006e-05,,3.806938707920001e-05,,,,2004,6,2004
2004-06-10,7.0300447708e-05,3.340091255800001e-05,3.2231060628800005e-05,3.3925705946800004e-05,5.573743116880001e-05,2.65567321124e-05,5.092682510480001e-05,9.1674845106e-05,,2004,6,2004
2004-06-11,6.1663223184e-05,2.4304493818800003e-05,2.8546573711600007e-05,2.895110194880001e-05,5.140788571120001e-05,1.3393164610000002e-05,3.55000861132e-05,7.876274110240002e-05,,2004,6,2004
2004-06-12,5.357265844000001e-05,1.8892561996800003e-05,2.5550878117200008e-05,2.5037017924000003e-05,4.512129824120001e-05,9.850809235600002e-06,2.5857007594000007e-05,6.35000000448e-05,,2004,6,2004
2004-06-13,4.810606064000001e-05,1.55907369256e-05,2.3593836104800005e-05,2.26754476744e-05,3.940323694240001e-05,8.112431135200001e-06,1.983281681840001e-05,5.417398419800001e-05,,2004,6,2004
2004-06-14,4.2202135016e-05,1.3371298218800004e-05,2.12431990508e-05,2.02482782512e-05,3.3368112971200004e-05,6.876980032400001e-06,1.6202995879200003e-05,4.6936208710800005e-05,,2004,6,2004
2004-06-15,3.7610192864000006e-05,1.1742252074400004e-05,1.9810950427200004e-05,1.81709710872e-05,2.9300964208000007e-05,5.903925624000001e-06,1.3983557172400002e-05,4.1535210084400005e-05,,2004,6,2004
2004-06-16,3.4002238316e-05,1.02444042772e-05,1.83021694344e-05,1.62467286616e-05,2.5463412552400004e-05,5.433798213200001e-06,1.2354511028e-05,3.732592977840001e-05,,2004,6,2004
2004-06-17,3.1268939416000006e-05,9.2057506952e-06,1.6957386375600002e-05,1.4923811994000002e-05,2.2686380870000004e-05,4.9636708024000005e-06,1.1129993120800005e-05,3.43521005752e-05,,2004,6,2004
2004-06-18,2.8535640516000004e-05,8.232696286800002e-06,1.6006198358400003e-05,1.4049156346000002e-05,2.01498794908e-05,4.274879479600001e-06,9.752410475200002e-06,3.15750688928e-05,,2004,6,2004
2004-06-19,2.634900139600001e-05,7.358040638800001e-06,1.5284607448800002e-05,1.2912104003600004e-05,1.7810175632400002e-05,3.5970213524000007e-06,8.735623284400002e-06,2.9202565447600004e-05,,2004,6,2004
2004-06-20,2.449035814400001e-05,6.691115707200001e-06,1.4409951800800004e-05,1.2179579898400002e-05,1.6017131554000003e-05,3.3674242448000006e-06,8.287362264800001e-06,2.6862861589200004e-05,,2004,6,2004
2004-06-21,2.317837467200001e-05,6.2428546876000005e-06,1.3710227282400002e-05,1.1796918052400002e-05,1.4497417365600004e-05,3.1487603328000005e-06,7.6641701156e-06,2.50042183372e-05,,2004,6,2004
2004-06-22,2.1757059244000004e-05,6.210055100800001e-06,1.3294765849600002e-05,1.1632920118400002e-05,1.3382231414400002e-05,3.1487603328000005e-06,7.981232788e-06,2.3451704562000003e-05,,2004,6,2004
2004-06-23,2.0882403596e-05,5.892992428400001e-06,1.27262396784e-05,1.1381456619600002e-05,1.2431043397200005e-05,2.941029616400001e-06,7.368973834400002e-06,2.20959883076e-05,,2004,6,2004
2004-06-24,1.9461088168000003e-05,5.619662538400001e-06,1.1785984856800004e-05,1.0867596426400002e-05,1.1556387749200004e-05,2.5146349880000003e-06,6.909779619200001e-06,2.08714704004e-05,,2004,6,2004
2004-06-25,1.858643252e-05,5.2260674968e-06,1.1108126729600002e-05,1.0331869842e-05,1.09003960132e-05,2.0991735552e-06,6.975378792800002e-06,1.95813533196e-05,,2004,6,2004
2004-06-26,1.7711776872000005e-05,5.029269976000001e-06,1.04740013848e-05,9.861742431200002e-06,1.0211604690400002e-05,1.6946453180000003e-06,7.204975900400002e-06,1.84989669552e-05,,2004,6,2004
2004-06-27,1.6837121224000003e-05,4.832472455200001e-06,1.02881370596e-05,9.56654615e-06,9.511880172e-06,1.4978477972000005e-06,7.423639812400002e-06,1.7558712133600004e-05,,2004,6,2004
2004-06-28,1.6290461444000003e-05,5.160468323200001e-06,9.905475213600002e-06,9.2276170864e-06,9.0308195656e-06,1.3338498632e-06,7.008178379600001e-06,1.6771522050400002e-05,,2004,6,2004
2004-06-29,1.5853133620000002e-05,4.909004824400001e-06,9.8289428444e-06,9.01988637e-06,8.549758959200002e-06,1.2573174940000002e-06,7.4017734212000015e-06,1.6093663923200003e-05,,2004,6,2004
2004-06-30,1.4978477972000003e-05,4.504476587200001e-06,9.5556129544e-06,8.855888436000003e-06,9.533746563200002e-06,1.3119834720000005e-06,7.423639812400002e-06,1.55032713608e-05,,2004,6,2004
2004-07-01,1.4541150148000002e-05,4.154614328e-06,9.1510847172e-06,8.713756893200001e-06,9.0636191524e-06,3.3674242448000006e-06,5.816460059200001e-06,1.4891012407200005e-05,,2004,7,2004
2004-07-02,1.4103822324000005e-05,4.045282372000001e-06,8.757489675600001e-06,8.068698352800001e-06,8.615358132800001e-06,3.1924931152000006e-06,5.718061298800001e-06,1.4300619844800004e-05,,2004,7,2004
2004-07-03,1.3666494500000002e-05,3.990616394e-06,8.516959372400002e-06,7.8500344408e-06,8.188963504400002e-06,3.1050275504000004e-06,5.5431301692000006e-06,1.3721160478000002e-05,,2004,7,2004
2004-07-04,1.3119834720000002e-05,3.7828856776e-06,8.199896700000001e-06,7.6641701156e-06,7.762568876e-06,3.0503615724000007e-06,5.2698002792e-06,1.3305699045200002e-05,,2004,7,2004
2004-07-05,1.2682506896000002e-05,3.5204889832000005e-06,7.9047004188e-06,7.336174247600002e-06,7.314307856400001e-06,2.8535640516000007e-06,4.9855371936000005e-06,1.2868371221200002e-05,,2004,7,2004
2004-07-06,1.2245179072000005e-05,3.334624658e-06,7.6313705288e-06,6.898846423600001e-06,6.9863119884000005e-06,2.7223657044e-06,4.7778064772000005e-06,1.2354511028e-05,,2004,7,2004
2004-07-07,1.1807851248000002e-05,3.1487603328000005e-06,7.543904964e-06,6.876980032400001e-06,6.7020489028000015e-06,2.569300966e-06,4.5919421520000005e-06,1.2048381551200003e-05,,2004,7,2004
2004-07-08,1.1370523424e-05,3.0394283768000003e-06,7.379907030000002e-06,7.008178379600001e-06,6.4068526216e-06,2.744232095600001e-06,4.5810089564e-06,1.1534521358000002e-05,,2004,7,2004
2004-07-09,1.1370523424e-05,2.919163225200001e-06,7.062844357600002e-06,6.931646010400002e-06,6.1991219052e-06,3.3892906360000006e-06,4.493543391600001e-06,1.09441287956e-05,,2004,7,2004
2004-07-10,1.0933195600000002e-05,2.7551652912000005e-06,6.789514467600001e-06,6.767648076400001e-06,6.024190775600002e-06,3.509555787600001e-06,4.395144631200001e-06,1.0681732101200002e-05,,2004,7,2004
2004-07-11,1.0933195600000002e-05,2.623966944000001e-06,6.647382924800001e-06,6.505251382000001e-06,5.7945936680000016e-06,3.6079545480000007e-06,4.154614328e-06,1.0331869842e-05,,2004,7,2004
2004-07-12,1.038653582e-05,2.3069042716000003e-06,6.505251382000001e-06,6.297520665600001e-06,5.532196973600002e-06,3.8047520688000008e-06,4.045282372000001e-06,1.0233471081600002e-05,,2004,7,2004
2004-07-13,9.949207996000002e-06,2.1975723156000004e-06,6.3193870568e-06,6.089789949200001e-06,5.2916666704e-06,3.0831611592e-06,3.979683198400001e-06,1.04521349936e-05,,2004,7,2004
2004-07-14,9.949207996000002e-06,2.1429063376000003e-06,6.1991219052e-06,5.914858819600001e-06,5.1276687364e-06,2.2741046848e-06,3.8047520688000008e-06,9.894542018000002e-06,,2004,7,2004
2004-07-15,9.511880172e-06,1.9898415992000004e-06,6.067923558000002e-06,5.718061298800001e-06,4.909004824400001e-06,2.295971076e-06,3.5860881568000007e-06,9.5446797588e-06,,2004,7,2004
2004-07-16,9.511880172e-06,1.8914428388e-06,5.914858819600001e-06,5.510330582400001e-06,4.723140499200001e-06,2.4927685968000003e-06,3.4548898096000004e-06,9.1401515216e-06,,2004,7,2004
2004-07-17,9.074552348000002e-06,1.8258436652e-06,5.696194907600001e-06,5.346332648400001e-06,4.559142565200001e-06,5.138601932e-06,3.4002238316000003e-06,8.877754827200002e-06,,2004,7,2004
2004-07-18,9.074552348000002e-06,1.8477100564000005e-06,5.575929756000001e-06,5.1823347144e-06,4.362345044400001e-06,4.5482093696e-06,3.553288570000001e-06,8.702823697600002e-06,,2004,7,2004
2004-07-19,9.074552348000002e-06,1.9679752080000003e-06,5.4556646044e-06,5.6852617120000005e-06,4.438877413600001e-06,3.531422178800001e-06,3.553288570000001e-06,9.2276170864e-06,,2004,7,2004
2004-07-20,8.637224524000002e-06,1.7711776872000005e-06,5.346332648400001e-06,5.0511363672000015e-06,4.099948350000001e-06,1.8367768608e-06,3.115960746e-06,8.571625350400001e-06,,2004,7,2004
2004-07-21,8.637224524000002e-06,1.6618457312000002e-06,5.2260674968e-06,4.887138433200001e-06,3.9468836116e-06,2.1101067508e-06,3.0175619856000006e-06,8.3966942208e-06,,2004,7,2004
2004-07-22,8.199896700000001e-06,1.4759814060000002e-06,5.116735540800001e-06,4.6903409124e-06,3.706353308400001e-06,1.8149104696e-06,2.8316976604000006e-06,8.2108298956e-06,,2004,7,2004
2004-07-23,7.762568876e-06,1.2026515160000002e-06,4.996470389200001e-06,4.471677000400001e-06,3.487689396400001e-06,1.6290461444000002e-06,2.6895661176000003e-06,7.860967636400002e-06,,2004,7,2004
2004-07-24,7.762568876e-06,1.1370523424e-06,4.887138433200001e-06,4.351411848800001e-06,3.3018250712000004e-06,1.6071797532000003e-06,2.7879648780000005e-06,7.6204373332e-06,,2004,7,2004
2004-07-25,7.2159090960000015e-06,1.1151859512e-06,4.7778064772000005e-06,4.318612262000001e-06,3.170626724000001e-06,1.7274449048000002e-06,2.7551652912000005e-06,7.325241052000002e-06,,2004,7,2004
2004-07-26,7.2159090960000015e-06,1.1151859512e-06,4.6684745212e-06,4.285812675200001e-06,3.0284951812000007e-06,1.9023760344000004e-06,2.7004993132000003e-06,7.019111575200002e-06,,2004,7,2004
2004-07-27,7.2159090960000015e-06,1.0933195600000002e-06,4.5482093696e-06,4.2639462840000006e-06,2.919163225200001e-06,1.7493112960000002e-06,2.623966944000001e-06,6.975378792800002e-06,,2004,7,2004
2004-07-28,7.2159090960000015e-06,1.0495867776e-06,4.5810089564e-06,4.187413914800001e-06,2.798898073600001e-06,1.5087809928000003e-06,2.6021005528000005e-06,6.680182511600001e-06,,2004,7,2004
2004-07-29,6.778581272000001e-06,9.839876040000002e-07,4.4607438048e-06,4.045282372000001e-06,2.6786329220000003e-06,1.421315428e-06,2.5583677704000004e-06,6.603650142400001e-06,,2004,7,2004
2004-07-30,6.778581272000001e-06,9.730544084e-07,4.296745870800001e-06,3.9250172204e-06,2.5802341616000005e-06,1.6181129488e-06,2.5037017924000007e-06,6.734848489600001e-06,,2004,7,2004
2004-07-31,6.778581272000001e-06,,4.1764807192e-06,3.881284438e-06,2.5146349880000003e-06,1.9242424256e-06,2.7004993132000003e-06,6.734848489600001e-06,,2004,7,2004
2004-08-01,6.778581272000001e-06,,4.1764807192e-06,3.7938188732e-06,2.4162362276000005e-06,1.6618457312000002e-06,2.1866391200000004e-06,6.4505854040000005e-06,,2004,8,2004
2004-08-02,6.778581272000001e-06,,4.187413914800001e-06,3.717286504000001e-06,2.3506370540000004e-06,1.91330923e-06,2.0554407728000005e-06,6.4396522084e-06,,2004,8,2004
2004-08-03,6.778581272000001e-06,,4.143681132400001e-06,3.6298209392e-06,2.2850378804e-06,1.4759814060000002e-06,1.8039772740000004e-06,6.417785817200001e-06,,2004,8,2004
2004-08-04,6.778581272000001e-06,,4.067148763200001e-06,3.5642217656000006e-06,2.2085055112000005e-06,1.2791838852000002e-06,1.9461088168000003e-06,6.2647210788000005e-06,,2004,8,2004
2004-08-05,6.778581272000001e-06,,4.045282372000001e-06,3.4767562008000004e-06,2.2631714892e-06,1.2135847116000005e-06,1.8586432520000005e-06,6.111656340400002e-06,,2004,8,2004
2004-08-06,6.778581272000001e-06,,3.8594180468e-06,3.82661846e-06,2.5146349880000003e-06,1.5197141884e-06,2.45996901e-06,6.5489841644e-06,,2004,8,2004
2004-08-07,6.778581272000001e-06,,3.728219699600001e-06,3.706353308400001e-06,2.3397038584000003e-06,1.3775826456000002e-06,2.0554407728000005e-06,6.3084538612e-06,,2004,8,2004
2004-08-08,6.341253448000001e-06,,3.673553721600001e-06,3.4220902228000007e-06,2.0117079904000004e-06,1.0167871908000002e-06,1.6399793400000002e-06,5.892992428400001e-06,,2004,8,2004
2004-08-09,6.341253448000001e-06,,3.6298209392e-06,3.2252927020000003e-06,1.8367768608e-06,,1.3666494500000002e-06,5.521263778000001e-06,,2004,8,2004
2004-08-10,5.903925624000001e-06,,3.553288570000001e-06,3.115960746e-06,1.7930440784000003e-06,,1.421315428e-06,5.554063364800001e-06,,2004,8,2004
2004-08-11,5.903925624000001e-06,,3.4439566140000008e-06,3.0503615724000007e-06,1.7055785136000004e-06,,1.3447830588e-06,5.521263778000001e-06,,2004,8,2004
2004-08-12,5.903925624000001e-06,,3.3236914624000005e-06,,1.6181129488e-06,,,5.3572658440000005e-06,,2004,8,2004
2004-08-13,5.903925624000001e-06,,3.2908918756000004e-06,,1.5634469708000002e-06,,,5.193267910000001e-06,,2004,8,2004
2004-08-14,5.903925624000001e-06,,3.2799586800000004e-06,,1.4869146016000005e-06,,,5.204201105600001e-06,,2004,8,2004
2004-08-15,5.903925624000001e-06,,3.2799586800000004e-06,,,,,5.1823347144e-06,,2004,8,2004
2004-08-16,5.466597800000001e-06,,3.2034263108e-06,,,,,5.094869149600002e-06,,2004,8,2004
2004-08-17,,,3.0175619856000006e-06,,,,,,,2004,8,2004
2004-08-18,,,2.984762398800001e-06,,,,,,,2004,8,2004
2004-08-19,,,,,,,,,,2004,8,2004
2004-08-20,,,,,,,,,,2004,8,2004
2004-08-21,,,,,,,,,,2004,8,2004
2004-08-22,,,,,,,,,,2004,8,2004
2004-08-23,,,,,,,,,,2004,8,2004
2004-08-24,,,,,,,,,,2004,8,2004
2004-08-25,,,,,,,,,,2004,8,2004
2004-08-26,,,,,,,,,,2004,8,2004
2004-08-27,,,,,,,,,,2004,8,2004
2004-08-28,,,,,,,,,,2004,8,2004
2004-08-29,,,,,,,,,,2004,8,2004
2004-08-30,,,,,,,,,,2004,8,2004
2004-08-31,,,,,,,,,,2004,8,2004
2004-09-01,,,,,,,,,,2004,9,2004
2004-09-02,,,,,,,,,,2004,9,2004
2004-09-03,,,,,,,,,,2004,9,2004
2004-09-04,,,,,,,,,,2004,9,2004
2004-09-05,,,,,,,,,,2004,9,2004
2004-09-06,,,,,,,,,,2004,9,2004
2004-09-07,,,,,,,,,,2004,9,2004
2004-09-08,,,,,,,,,,2004,9,2004
2004-09-09,,,,,,,,,,2004,9,2004
2004-09-10,,,,,,,,,,2004,9,2004
2004-09-11,,,,,,,,,,2004,9,2004
2004-09-12,,,,,,,,,,2004,9,2004
2004-09-13,,,,,,,,,,2004,9,2004
2004-09-14,,,,,,,,,,2004,9,2004
2004-09-15,,,,,,,,,,2004,9,2004
2004-09-16,,,,,,,,,,2004,9,2004
2004-09-17,,,,,,,,,,2004,9,2004
2004-09-18,,,,,,,,,,2004,9,2004
2004-09-19,,,,,,,,,,2004,9,2004
2004-09-20,,,,,,,,,,2004,9,2004
2004-09-21,,,,,,,,,,2004,9,2004
2004-09-22,,,,,,,,,,2004,9,2004
2004-09-23,,,,,,,,,,2004,9,2004
2004-09-24,,,,,,,,,,2004,9,2004
2004-09-25,,,,,,,,,,2004,9,2004
2004-09-26,,,,,,,,,,2004,9,2004
2004-09-27,,,,,,,,,,2004,9,2004
2004-09-28,,,,,,,,,,2004,9,2004
2004-09-29,,,,,,,,,,2004,9,2004
2004-09-30,,,,,,,,,,2004,9,2004
2004-10-01,,,,,,,,,,2004,10,2005
2004-10-02,,,,,,,,,,2004,10,2005
2004-10-03,,,,,,,,,,2004,10,2005
2004-10-04,,,,,,,,,,2004,10,2005
2004-10-05,,,,,,,,,,2004,10,2005
2004-10-06,,,,,,,,,,2004,10,2005
2004-10-07,,,,,,,,,,2004,10,2005
2004-10-08,,,,,,,,,,2004,10,2005
2004-10-09,,,,,,,,,,2004,10,2005
2004-10-10,,,,,,,,,,2004,10,2005
2004-10-11,,,,,,,,,,2004,10,2005
2004-10-12,,,,,,,,,,2004,10,2005
2004-10-13,,,,,,,,,,2004,10,2005
2004-10-14,,,,,,,,,,2004,10,2005
2004-10-15,,,,,,,,,,2004,10,2005
2004-10-16,,,,,,,,,,2004,10,2005
2004-10-17,,,,,,,,,,2004,10,2005
2004-10-18,,,,,,,,,,2004,10,2005
2004-10-19,,,,,,,,,,2004,10,2005
2004-10-20,,,,,,,,,,2004,10,2005
2004-10-21,,,,,,,,,,2004,10,2005
2004-10-22,,,,,,,,,,2004,10,2005
2004-10-23,,,,,,,,,,2004,10,2005
2004-10-24,,,,,,,,,,2004,10,2005
2004-10-25,,,,,,,,,,2004,10,2005
2004-10-26,,,,,,,,,,2004,10,2005
2004-10-27,,,,,,,,,,2004,10,2005
2004-10-28,,,,,,,,,,2004,10,2005
2004-10-29,,,,,,,,,,2004,10,2005
2004-10-30,,,,,,,,,,2004,10,2005
2004-10-31,,,,,,,,,,2004,10,2005
2004-11-01,,,,,,,,,,2004,11,2005
2004-11-02,,,,,,,,,,2004,11,2005
2004-11-03,,,,,,,,,,2004,11,2005
2004-11-04,,,,,,,,,,2004,11,2005
2004-11-05,,,,,,,,,,2004,11,2005
2004-11-06,,,,,,,,,,2004,11,2005
2004-11-07,,,,,,,,,,2004,11,2005
2004-11-08,,,,,,,,,,2004,11,2005
2004-11-09,,,,,,,,,,2004,11,2005
2004-11-10,,,,,,,,,,2004,11,2005
2004-11-11,,,,,,,,,,2004,11,2005
2004-11-12,,,,,,,,,,2004,11,2005
2004-11-13,,,,,,,,,,2004,11,2005
2004-11-14,,,,,,,,,,2004,11,2005
2004-11-15,,,,,,,,,,2004,11,2005
2004-11-16,,,,,,,,,,2004,11,2005
2004-11-17,,,,,,,,,,2004,11,2005
2004-11-18,,,,,,,,,,2004,11,2005
2004-11-19,,,,,,,,,,2004,11,2005
2004-11-20,,,,,,,,,,2004,11,2005
2004-11-21,,,,,,,,,,2004,11,2005
2004-11-22,,,,,,,,,,2004,11,2005
2004-11-23,,,,,,,,,,2004,11,2005
2004-11-24,,,,,,,,,,2004,11,2005
2004-11-25,,,,,,,,,,2004,11,2005
2004-11-26,,,,,,,,,,2004,11,2005
2004-11-27,,,,,,,,,,2004,11,2005
2004-11-28,,,,,,,,,,2004,11,2005
2004-11-29,,,,,,,,,,2004,11,2005
2004-11-30,,,,,,,,,,2004,11,2005
2004-12-01,,,,,,,,,,2004,12,2005
2004-12-02,,,,,,,,,,2004,12,2005
2004-12-03,,,,,,,,,,2004,12,2005
2004-12-04,,,,,,,,,,2004,12,2005
2004-12-05,,,,,,,,,,2004,12,2005
2004-12-06,,,,,,,,,,2004,12,2005
2004-12-07,,,,,,,,,,2004,12,2005
2004-12-08,,,,,,,,,,2004,12,2005
2004-12-09,,,,,,,,,,2004,12,2005
2004-12-10,,,,,,,,,,2004,12,2005
2004-12-11,,,,,,,,,,2004,12,2005
2004-12-12,,,,,,,,,,2004,12,2005
2004-12-13,,,,,,,,,,2004,12,2005
2004-12-14,,,,,,,,,,2004,12,2005
2004-12-15,,,,,,,,,,2004,12,2005
2004-12-16,,,,,,,,,,2004,12,2005
2004-12-17,,,,,,,,,,2004,12,2005
2004-12-18,,,,,,,,,,2004,12,2005
2004-12-19,,,,,,,,,,2004,12,2005
2004-12-20,,,,,,,,,,2004,12,2005
2004-12-21,,,,,,,,,,2004,12,2005
2004-12-22,,,,,,,,,,2004,12,2005
2004-12-23,,,,,,,,,,2004,12,2005
2004-12-24,,,,,,,,,,2004,12,2005
2004-12-25,,,,,,,,,,2004,12,2005
2004-12-26,,,,,,,,,,2004,12,2005
2004-12-27,,,,,,,,,,2004,12,2005
2004-12-28,,,,,,,,,,2004,12,2005
2004-12-29,,,,,,,,,,2004,12,2005
2004-12-30,,,,,,,,,,2004,12,2005
2004-12-31,,,,,,,,,,2004,12,2005
2005-01-01,,,,,,,,,,2005,1,2005
2005-01-02,,,,,,,,,,2005,1,2005
2005-01-03,,,,,,,,,,2005,1,2005
2005-01-04,,,,,,,,,,2005,1,2005
2005-01-05,,,,,,,,,,2005,1,2005
2005-01-06,,,,,,,,,,2005,1,2005
2005-01-07,,,,,,,,,,2005,1,2005
2005-01-08,,,,,,,,,,2005,1,2005
2005-01-09,,,,,,,,,,2005,1,2005
2005-01-10,,,,,,,,,,2005,1,2005
2005-01-11,,,,,,,,,,2005,1,2005
2005-01-12,,,,,,,,,,2005,1,2005
2005-01-13,,,,,,,,,,2005,1,2005
2005-01-14,,,,,,,,,,2005,1,2005
2005-01-15,,,,,,,,,,2005,1,2005
2005-01-16,,,,,,,,,,2005,1,2005
2005-01-17,,,,,,,,,,2005,1,2005
2005-01-18,,,,,,,,,,2005,1,2005
2005-01-19,,,,,,,,,,2005,1,2005
2005-01-20,,,,,,,,,,2005,1,2005
2005-01-21,,,,,,,,,,2005,1,2005
2005-01-22,,,,,,,,,,2005,1,2005
2005-01-23,,,,,,,,,,2005,1,2005
2005-01-24,,,,,,,,,,2005,1,2005
2005-01-25,,,,,,,,,,2005,1,2005
2005-01-26,,,,,,,,,,2005,1,2005
2005-01-27,,,,,,,,,,2005,1,2005
2005-01-28,,,,,,,,,,2005,1,2005
2005-01-29,,,,,,,,,,2005,1,2005
2005-01-30,,,,,,,,,,2005,1,2005
2005-01-31,,,,,,,,,,2005,1,2005
2005-02-01,,,,,,,,,,2005,2,2005
2005-02-02,,,,,,,,,,2005,2,2005
2005-02-03,,,,,,,,,,2005,2,2005
2005-02-04,,,,,,,,,,2005,2,2005
2005-02-05,,,,,,,,,,2005,2,2005
2005-02-06,,,,,,,,,,2005,2,2005
2005-02-07,,,,,,,,,,2005,2,2005
2005-02-08,,,,,,,,,,2005,2,2005
2005-02-09,,,,,,,,,,2005,2,2005
2005-02-10,,,,,,,,,,2005,2,2005
2005-02-11,,,,,,,,,,2005,2,2005
2005-02-12,,,,,,,,,,2005,2,2005
2005-02-13,,,,,,,,,,2005,2,2005
2005-02-14,,,,,,,,,,2005,2,2005
2005-02-15,,,,,,,,,,2005,2,2005
2005-02-16,,,,,,,,,,2005,2,2005
2005-02-17,,,,,,,,,,2005,2,2005
2005-02-18,,,,,,,,,,2005,2,2005
2005-02-19,,,,,,,,,,2005,2,2005
2005-02-20,,,,,,,,,,2005,2,2005
2005-02-21,,,,,,,,,,2005,2,2005
2005-02-22,,,,,,,,,,2005,2,2005
2005-02-23,,,,,,,,,,2005,2,2005
2005-02-24,,,,,,,,,,2005,2,2005
2005-02-25,,,,,,,,,,2005,2,2005
2005-02-26,,,,,,,,,,2005,2,2005
2005-02-27,,,,,,,,,,2005,2,2005
2005-02-28,,,,,,,,,,2005,2,2005
2005-03-01,,,,,,,,,,2005,3,2005
2005-03-02,,,,,,,,,,2005,3,2005
2005-03-03,,,,,,,,,,2005,3,2005
2005-03-04,,,,,,,,,,2005,3,2005
2005-03-05,,,,,,,,,,2005,3,2005
2005-03-06,,,,,,,,,,2005,3,2005
2005-03-07,,,,,,,,,,2005,3,2005
2005-03-08,,,,,,,,,,2005,3,2005
2005-03-09,,,,,,,,,,2005,3,2005
2005-03-10,,,,,,,,,,2005,3,2005
2005-03-11,,,,,,,,,,2005,3,2005
2005-03-12,,,,,,,,,,2005,3,2005
2005-03-13,,,,,,,,,,2005,3,2005
2005-03-14,,,,,,,,,,2005,3,2005
2005-03-15,,,,,,,,,,2005,3,2005
2005-03-16,,,,,,,,,,2005,3,2005
2005-03-17,,,,,,,,,,2005,3,2005
2005-03-18,,,,,,,,,,2005,3,2005
2005-03-19,,,,,,,,,,2005,3,2005
2005-03-20,,,,,,,,,,2005,3,2005
2005-03-21,,,,,,,,,,2005,3,2005
2005-03-22,,,,,,,,,,2005,3,2005
2005-03-23,,,,,,,,,,2005,3,2005
2005-03-24,,,,,,,,,,2005,3,2005
2005-03-25,,,,,,,,,,2005,3,2005
2005-03-26,,,,,,,,,,2005,3,2005
2005-03-27,,,,,,,,,,2005,3,2005
2005-03-28,,,,,,,,,,2005,3,2005
2005-03-29,,,,,,,,,,2005,3,2005
2005-03-30,,,,,,,,,,2005,3,2005
2005-03-31,,,,,,,,,,2005,3,2005
2005-04-01,,,,,,,,,,2005,4,2005
2005-04-02,,,,,,,,,,2005,4,2005
2005-04-03,,,,,,,,,,2005,4,2005
2005-04-04,,,,,,,,,,2005,4,2005
2005-04-05,,,,,,,,,,2005,4,2005
2005-04-06,,,,,,,,,,2005,4,2005
2005-04-07,,,,,,,,,,2005,4,2005
2005-04-08,,,,,,,,,,2005,4,2005
2005-04-09,,,,,,,,,,2005,4,2005
2005-04-10,,,,,,,,,,2005,4,2005
2005-04-11,,,,,,,,,,2005,4,2005
2005-04-12,,,,,,,,,,2005,4,2005
2005-04-13,,,,,,,,,,2005,4,2005
2005-04-14,,,,,,,,,,2005,4,2005
2005-04-15,,,,,,,,,,2005,4,2005
2005-04-16,,,,,,,,,,2005,4,2005
2005-04-17,,,,,,,,,,2005,4,2005
2005-04-18,,,,,,,,,,2005,4,2005
2005-04-19,,,,,,,,,,2005,4,2005
2005-04-20,,,,,,,,,,2005,4,2005
2005-04-21,,,,,,,,,,2005,4,2005
2005-04-22,,,,,,,,,,2005,4,2005
2005-04-23,,,,,,,,,,2005,4,2005
2005-04-24,,,,,,,,,,2005,4,2005
2005-04-25,,,,,,,,,,2005,4,2005
2005-04-26,,,,,,,,,,2005,4,2005
2005-04-27,,,,,,,,,,2005,4,2005
2005-04-28,,,,,,,,,,2005,4,2005
2005-04-29,,,,,,,,,,2005,4,2005
2005-04-30,,,,,,,,,,2005,4,2005
2005-05-01,,,,,,,,,,2005,5,2005
2005-05-02,,,,,,,,,,2005,5,2005
2005-05-03,,,,,,,,,,2005,5,2005
2005-05-04,,,,,,,,,,2005,5,2005
2005-05-05,,,,,,,,,,2005,5,2005
2005-05-06,,,,,,,,,,2005,5,2005
2005-05-07,,,,,,,,,,2005,5,2005
2005-05-08,,,,,,,,,,2005,5,2005
2005-05-09,,,,,,,,,,2005,5,2005
2005-05-10,,,,,,,,,,2005,5,2005
2005-05-11,,,,,,,,,,2005,5,2005
2005-05-12,,,,,,,,,,2005,5,2005
2005-05-13,,,,,,,,,,2005,5,2005
2005-05-14,,,,,,,,,,2005,5,2005
2005-05-15,,,,,,,,,,2005,5,2005
2005-05-16,,,,,,,,,,2005,5,2005
2005-05-17,,,,,,,,,,2005,5,2005
2005-05-18,,,,,,,,,,2005,5,2005
2005-05-19,,,,,,,,,,2005,5,2005
2005-05-20,,,,,,,,,,2005,5,2005
2005-05-21,,,,,,,,,,2005,5,2005
2005-05-22,,,,,,,,,,2005,5,2005
2005-05-23,,,,,,,,,,2005,5,2005
2005-05-24,,,,,,,,,,2005,5,2005
2005-05-25,,,,,,,,,,2005,5,2005
2005-05-26,,,,,,,,,,2005,5,2005
2005-05-27,,,,,,,,,,2005,5,2005
2005-05-28,,,,,,,,,,2005,5,2005
2005-05-29,,,,,,,,,,2005,5,2005
2005-05-30,,,,,,,,,,2005,5,2005
2005-05-31,,,,,,,,,,2005,5,2005
2005-06-01,,,,,,,,,,2005,6,2005
2005-06-02,,,,,,,,,,2005,6,2005
2005-06-03,,,,,,,,,,2005,6,2005
2005-06-04,,,,,,,,,,2005,6,2005
2005-06-05,,,,,,,,,,2005,6,2005
2005-06-06,,,,,,,,,,2005,6,2005
2005-06-07,,6.804820941440002e-05,5.453477965280001e-05,5.676515155520001e-05,4.0977617108800005e-05,7.70134298064e-05,9.388335061720002e-05,0.00010304536853,,2005,6,2005
2005-06-08,6.6255165336e-05,4.642234851760001e-05,4.37765151824e-05,3.830991738240001e-05,3.9479769311600005e-05,3.2821453191200004e-05,5.844886367760001e-05,9.3533488358e-05,,2005,6,2005
2005-06-09,5.488464191200001e-05,2.75297865208e-05,3.34118457536e-05,3.0470816137200005e-05,3.38163739908e-05,1.7766442850000003e-05,3.5795282394400004e-05,7.235588848080001e-05,,2005,6,2005
2005-06-10,4.723140499200001e-05,2.0062413926000005e-05,2.8732438036800004e-05,2.6086604701600005e-05,2.9126033078400006e-05,1.3141701111200002e-05,2.5649276877600008e-05,5.6743285164000014e-05,,2005,6,2005
2005-06-11,4.4935433916e-05,1.68043216372e-05,2.5824208007200008e-05,2.4271694232000007e-05,2.6425533765200003e-05,1.120652549e-05,2.0816804422400004e-05,5.408651863320001e-05,,2005,6,2005
2005-06-12,4.2202135016e-05,1.42022210844e-05,2.339703858400001e-05,2.1855458004400007e-05,2.4512224535200005e-05,1.01569387124e-05,1.7853908414800004e-05,5.01177686304e-05,,2005,6,2005
2005-06-13,3.8156852644000006e-05,1.24419765928e-05,2.19975895472e-05,2.02482782512e-05,2.1910123982400005e-05,9.3806818248e-06,1.64325929868e-05,4.553675967400001e-05,,2005,6,2005
2005-06-14,3.4986225920000006e-05,1.12721246636e-05,2.05981405104e-05,1.80835055224e-05,1.99749483612e-05,8.866821631600002e-06,1.5208075079600002e-05,4.127281339000001e-05,,2005,6,2005
2005-06-15,3.2252927020000004e-05,1.0277203864e-05,1.9297090234e-05,1.66075241164e-05,1.80835055224e-05,8.363894634000002e-06,1.38742252164e-05,3.7260330604800005e-05,,2005,6,2005
2005-06-16,3.181559919600001e-05,1.1709452487600002e-05,2.16258608968e-05,2.13415978112e-05,1.940642219e-05,9.785210062e-06,1.7427513786400002e-05,3.7336862974e-05,,2005,6,2005
2005-06-17,3.4986225920000006e-05,1.27262396784e-05,2.1461862962800004e-05,2.2894111586400003e-05,2.08714704004e-05,1.0419335406800002e-05,1.84443009772e-05,3.756646008160001e-05,,2005,6,2005
2005-06-18,3.3127582668e-05,1.1720385683200002e-05,1.9559486928400003e-05,1.98546832096e-05,1.91330923e-05,9.894542018000002e-06,1.69136535932e-05,3.58171487856e-05,,2005,6,2005
2005-06-19,3.181559919600001e-05,1.07363980792e-05,1.82147038696e-05,1.7733643263200005e-05,1.9701618471200004e-05,9.129218326e-06,1.4989411167600005e-05,3.47019628344e-05,,2005,6,2005
2005-06-20,3.2252927020000004e-05,9.5884125412e-06,1.7121384309600003e-05,1.51752754928e-05,1.9996814752400004e-05,8.112431135200001e-06,1.34259641968e-05,3.253719010560001e-05,,2005,6,2005
2005-06-21,2.9082300296000005e-05,8.724690088800002e-06,1.6170196292400004e-05,1.5514204556400004e-05,1.81928374784e-05,7.117510335600001e-06,1.2113980724800004e-05,2.997882233520001e-05,,2005,6,2005
2005-06-22,2.7223657044000008e-05,8.243629482400001e-06,1.5339273426800004e-05,1.4497417365600004e-05,1.7340048221600002e-05,6.6255165336e-06,1.1643853314000005e-05,2.8251377430400008e-05,,2005,6,2005
2005-06-23,2.5365013792000005e-05,7.6204373332e-06,1.45520833436e-05,1.3655561304400002e-05,1.6290461444000003e-05,7.915633614400001e-06,1.08129304484e-05,2.65457989168e-05,,2005,6,2005
2005-06-24,2.4053030320000005e-05,8.429493807600001e-06,1.4901945602800004e-05,1.2912104003600004e-05,1.52627410576e-05,7.347107443200001e-06,1.0178805103600002e-05,2.46215564912e-05,,2005,6,2005
2005-06-25,2.2741046848e-05,7.8391012452e-06,1.42896866492e-05,1.2190513094000003e-05,1.4453684583200002e-05,7.2159090960000015e-06,9.7414772796e-06,2.31893078676e-05,,2005,6,2005
2005-06-26,2.1319731420000003e-05,7.554838159600001e-06,1.38523588252e-05,1.16657197052e-05,1.3633694913200003e-05,6.975378792800002e-06,9.326015846800004e-06,2.2205320263600004e-05,,2005,6,2005
2005-06-27,2.0882403596e-05,7.5767045508e-06,1.3546229348400005e-05,1.15454545536e-05,1.3382231414400002e-05,6.997245184000001e-06,9.4681473896e-06,2.2555182522800005e-05,,2005,6,2005
2005-06-28,2.1319731420000003e-05,7.095643944400002e-06,1.3043302350800004e-05,1.1348657032800002e-05,1.3043302350800004e-05,6.5927169468e-06,9.1729511084e-06,2.26426480876e-05,,2005,6,2005
2005-06-29,2.0007747948000003e-05,6.461518599600001e-06,1.2496642570800002e-05,1.09003960132e-05,1.21467803116e-05,6.111656340400002e-06,8.374827829600002e-06,2.0259211446800004e-05,,2005,6,2005
2005-06-30,1.9023760344e-05,6.002324384400002e-06,1.2070247942400004e-05,1.0375602624400002e-05,1.14907885756e-05,5.871126037200001e-06,7.926566810000001e-06,1.8925361583600005e-05,,2005,6,2005
2005-07-01,1.7711776872000005e-05,5.6852617120000005e-06,1.16001205316e-05,9.938274800400002e-06,1.0878529622000002e-05,5.652462125200001e-06,7.6095041376000015e-06,1.7766442850000003e-05,,2005,7,2005
2005-07-02,1.7274449048000004e-05,5.433798213200001e-06,1.1162792707600002e-05,9.5884125412e-06,1.0320936646400002e-05,5.411931822e-06,7.183109509200001e-06,1.6760588854800003e-05,,2005,7,2005
2005-07-03,1.6290461444000003e-05,5.204201105600001e-06,1.08129304484e-05,9.282283064400002e-06,9.8836088224e-06,5.324466257200001e-06,6.898846423600001e-06,1.6017131554000003e-05,,2005,7,2005
2005-07-04,1.5853133620000002e-05,4.876205237600001e-06,1.04740013848e-05,8.987086783200001e-06,9.446280998400002e-06,5.346332648400001e-06,6.559917360000001e-06,1.5229941470800004e-05,,2005,7,2005
2005-07-05,1.5415805796e-05,4.6138085432000005e-06,1.0200671494800005e-05,8.659090915200001e-06,9.0308195656e-06,4.887138433200001e-06,6.3084538612e-06,1.4442751387600004e-05,,2005,7,2005
2005-07-06,1.4978477972000003e-05,4.810606064000001e-06,1.0080406343200002e-05,8.844955240400001e-06,8.987086783200001e-06,4.417011022400001e-06,7.030044770800001e-06,1.4672348495200004e-05,,2005,7,2005
2005-07-07,1.4541150148000002e-05,4.406077826800001e-06,9.6540117148e-06,8.473226590000001e-06,8.637224524000002e-06,3.684486917200001e-06,6.417785817200001e-06,1.39616907812e-05,,2005,7,2005
2005-07-08,1.4103822324000005e-05,4.6903409124e-06,9.511880172e-06,8.604424937200002e-06,8.385761025200001e-06,3.2799586800000004e-06,6.8879132280000016e-06,1.38523588252e-05,,2005,7,2005
2005-07-09,1.4541150148000002e-05,4.6138085432000005e-06,9.3150826512e-06,8.582558546e-06,8.320161851600002e-06,2.7879648780000005e-06,6.8441804456000015e-06,1.3841425629600002e-05,,2005,7,2005
2005-07-10,1.4541150148000002e-05,4.930871215600001e-06,9.435347802800002e-06,8.877754827200002e-06,8.440427003200001e-06,5.138601932e-06,7.183109509200001e-06,1.43990186052e-05,,2005,7,2005
2005-07-11,1.4103822324000005e-05,4.143681132400001e-06,8.735623284400002e-06,8.090564744000002e-06,7.8937672232e-06,5.0620695628e-06,6.0788567536000005e-06,1.30761019376e-05,,2005,7,2005
2005-07-12,1.3119834720000002e-05,3.9031508292e-06,8.374827829600002e-06,7.5329717684e-06,7.434573008000001e-06,4.482610196000001e-06,5.641528929600001e-06,1.1829717639200005e-05,,2005,7,2005
2005-07-13,1.2682506896000002e-05,3.914084024800001e-06,8.101497939600001e-06,7.194042704800001e-06,7.084710748800001e-06,4.307679066400001e-06,5.433798213200001e-06,1.1261191468000002e-05,,2005,7,2005
2005-07-14,1.2245179072000005e-05,3.717286504000001e-06,7.9921659836e-06,6.975378792800002e-06,6.778581272000001e-06,4.209280306000001e-06,5.324466257200001e-06,1.1064393947200004e-05,,2005,7,2005
2005-07-15,1.1807851248000002e-05,3.4986225920000005e-06,7.8500344408e-06,6.7129820984e-06,6.538050968800001e-06,3.979683198400001e-06,5.138601932e-06,1.0878529622000002e-05,,2005,7,2005
2005-07-16,1.1370523424e-05,3.3127582668e-06,7.65323692e-06,6.395919426e-06,6.297520665600001e-06,3.8703512424000005e-06,4.91993802e-06,1.05177341672e-05,,2005,7,2005
2005-07-17,1.1370523424e-05,3.0940943548000004e-06,7.434573008000001e-06,6.1663223184e-06,5.991391188800001e-06,3.673553721600001e-06,4.679407716800001e-06,1.0113205930000004e-05,,2005,7,2005
2005-07-18,1.0933195600000002e-05,2.941029616400001e-06,7.314307856400001e-06,5.9804579932000016e-06,5.739927690000001e-06,3.553288570000001e-06,4.504476587200001e-06,9.861742431200002e-06,,2005,7,2005
2005-07-19,1.038653582e-05,2.6458333352e-06,7.084710748800001e-06,5.969524797600001e-06,5.5649965604000015e-06,3.4220902228000007e-06,4.395144631200001e-06,9.4244146072e-06,,2005,7,2005
2005-07-20,1.038653582e-05,2.438102618800001e-06,6.833247250000001e-06,5.805526863600002e-06,5.379132235200001e-06,3.3018250712000004e-06,4.1764807192e-06,9.008953174400002e-06,,2005,7,2005
2005-07-21,9.949207996000002e-06,2.5037017924000007e-06,6.789514467600001e-06,5.707128103200001e-06,5.1823347144e-06,3.3564910492e-06,4.165547523600001e-06,8.834022044800002e-06,,2005,7,2005
2005-07-22,9.949207996000002e-06,2.6458333352e-06,6.8004476632000005e-06,5.9804579932000016e-06,5.116735540800001e-06,3.4548898096000004e-06,4.351411848800001e-06,8.648157719600002e-06,,2005,7,2005
2005-07-23,9.511880172e-06,2.4162362276000005e-06,6.5489841644e-06,5.6087293428000016e-06,4.865272042000001e-06,3.2034263108e-06,3.6298209392e-06,8.560692154800002e-06,,2005,7,2005
2005-07-24,9.511880172e-06,2.2194387068000005e-06,6.384986230400001e-06,5.411931822e-06,4.723140499200001e-06,2.995695594400001e-06,3.3455578536000005e-06,8.287362264800001e-06,,2005,7,2005
2005-07-25,9.074552348000002e-06,2.1210399464000003e-06,6.2756542744e-06,5.2698002792e-06,4.5810089564e-06,2.8972968340000008e-06,3.2034263108e-06,8.068698352800001e-06,,2005,7,2005
2005-07-26,8.637224524000002e-06,1.9679752080000003e-06,6.089789949200001e-06,5.073002758400001e-06,4.373278240000001e-06,2.766098486800001e-06,2.9300964208000004e-06,7.8500344408e-06,,2005,7,2005
2005-07-27,8.637224524000002e-06,1.7274449048000002e-06,5.9367252108000015e-06,4.766873281600001e-06,4.1764807192e-06,2.6130337484e-06,2.809831269200001e-06,7.6204373332e-06,,2005,7,2005
2005-07-28,8.199896700000001e-06,1.6837121224000003e-06,5.838326450400002e-06,4.701274108000001e-06,4.0562155676000005e-06,2.5146349880000003e-06,3.1815599196e-06,7.5329717684e-06,,2005,7,2005
2005-07-29,8.199896700000001e-06,1.6727789268000005e-06,5.674328516400001e-06,4.6247417388e-06,3.9468836116e-06,2.5037017924000007e-06,3.1487603328000005e-06,7.467372594800002e-06,,2005,7,2005
2005-07-30,8.199896700000001e-06,1.5634469708000002e-06,5.586862951600001e-06,4.4607438048e-06,3.82661846e-06,2.4053030320000005e-06,3.2908918756000004e-06,7.379907030000002e-06,,2005,7,2005
2005-07-31,7.762568876e-06,1.4541150148000002e-06,5.4556646044e-06,4.307679066400001e-06,3.695420112800001e-06,2.3178374672000003e-06,3.2799586800000004e-06,7.314307856400001e-06,,2005,7,2005
2005-08-01,7.762568876e-06,1.4650482104000002e-06,5.379132235200001e-06,4.2202135016000005e-06,3.5860881568000007e-06,2.3506370540000004e-06,3.4767562008000004e-06,7.248708682800002e-06,,2005,8,2005
2005-08-02,7.762568876e-06,1.6399793400000002e-06,5.302599866000001e-06,4.296745870800001e-06,3.4767562008000004e-06,2.3506370540000004e-06,3.4002238316000003e-06,7.390840225600001e-06,,2005,8,2005
2005-08-03,7.2159090960000015e-06,1.3775826456000002e-06,5.105802345200001e-06,4.110881545600001e-06,3.334624658e-06,2.1429063376000003e-06,3.1378271372e-06,6.811380858800001e-06,,2005,8,2005
2005-08-04,7.2159090960000015e-06,1.1589187336e-06,4.9418044112e-06,3.9468836116e-06,3.1924931152000006e-06,1.9898415992000004e-06,2.9082300296000004e-06,6.570850555600001e-06,,2005,8,2005
2005-08-05,7.2159090960000015e-06,1.0714531688000002e-06,4.865272042000001e-06,3.8703512424000005e-06,3.1050275504000004e-06,1.8914428388e-06,2.842630856e-06,6.297520665600001e-06,,2005,8,2005
2005-08-06,7.2159090960000015e-06,1.0495867776e-06,4.766873281600001e-06,3.8375516556e-06,2.984762398800001e-06,1.8258436652e-06,2.842630856e-06,6.133522731600001e-06,,2005,8,2005
2005-08-07,6.778581272000001e-06,1.0605199732e-06,4.723140499200001e-06,3.771952482e-06,2.8972968340000008e-06,1.8477100564000005e-06,2.8207644648000006e-06,6.056990362400001e-06,,2005,8,2005
2005-08-08,6.778581272000001e-06,1.0714531688000002e-06,4.657541325600001e-06,3.706353308400001e-06,2.842630856e-06,1.7165117092000002e-06,2.744232095600001e-06,5.783660472400001e-06,,2005,8,2005
2005-08-09,6.778581272000001e-06,9.839876040000002e-07,4.5482093696e-06,3.662620526000001e-06,2.766098486800001e-06,1.6071797532000003e-06,2.6130337484e-06,5.466597800000001e-06,,2005,8,2005
2005-08-10,6.778581272000001e-06,9.511880172000002e-07,4.4498106092000006e-06,3.5642217656000006e-06,2.6458333352e-06,1.5743801664000005e-06,2.5583677704000004e-06,5.488464191200002e-06,,2005,8,2005
2005-08-11,6.341253448000001e-06,9.511880172000002e-07,4.4498106092000006e-06,3.531422178800001e-06,2.5146349880000003e-06,1.5415805796e-06,2.5583677704000004e-06,5.4993973868000005e-06,,2005,8,2005
2005-08-12,6.341253448000001e-06,9.29321626e-07,4.427944218000001e-06,3.4548898096000004e-06,2.438102618800001e-06,1.4978477972000005e-06,2.547434574800001e-06,5.586862951600001e-06,,2005,8,2005
2005-08-13,6.341253448000001e-06,8.746556480000001e-07,4.329545457600001e-06,3.4439566140000008e-06,2.2850378804e-06,1.3885158412000005e-06,2.4271694232000005e-06,5.390065430800001e-06,,2005,8,2005
2005-08-14,6.341253448000001e-06,6.778581272000001e-07,4.231146697200001e-06,3.3127582668e-06,2.3943698364000005e-06,1.2463842984e-06,2.2085055112000005e-06,5.2698002792e-06,,2005,8,2005
2005-08-15,6.341253448000001e-06,6.341253448000001e-07,4.121814741200001e-06,3.3236914624000005e-06,2.5802341616000005e-06,1.2245179072e-06,2.3069042716000003e-06,5.247933888000001e-06,,2005,8,2005
2005-08-16,6.341253448000001e-06,,4.023415980800001e-06,3.3236914624000005e-06,2.1975723156000004e-06,1.2463842984e-06,2.4490358144e-06,5.237000692400001e-06,,2005,8,2005
2005-08-17,6.341253448000001e-06,,3.9250172204e-06,3.3236914624000005e-06,1.9242424256e-06,1.2463842984e-06,2.5583677704000004e-06,5.247933888000001e-06,,2005,8,2005
2005-08-18,6.341253448000001e-06,,3.8156852644e-06,3.3236914624000005e-06,1.8695764476000003e-06,1.2682506896000002e-06,2.6130337484e-06,5.2260674968e-06,,2005,8,2005
2005-08-19,5.903925624000001e-06,,3.728219699600001e-06,3.2799586800000004e-06,1.7930440784000003e-06,1.1589187336e-06,2.5037017924000007e-06,5.0074035848000014e-06,,2005,8,2005
2005-08-20,5.903925624000001e-06,,3.5970213524000007e-06,3.1487603328000005e-06,1.7165117092000002e-06,1.0277203864000005e-06,2.295971076e-06,4.91993802e-06,,2005,8,2005
2005-08-21,5.903925624000001e-06,,3.6188877436000008e-06,3.061294768000001e-06,1.6837121224000003e-06,9.839876040000002e-07,1.6290461444000002e-06,4.843405650800001e-06,,2005,8,2005
2005-08-22,5.903925624000001e-06,,3.706353308400001e-06,2.984762398800001e-06,1.6509125356000002e-06,9.949207996000002e-07,1.6727789268000005e-06,4.7778064772000005e-06,,2005,8,2005
2005-08-23,5.903925624000001e-06,,3.6188877436000008e-06,2.995695594400001e-06,1.6071797532000003e-06,9.621212128e-07,1.5743801664000005e-06,4.766873281600001e-06,,2005,8,2005
2005-08-24,5.903925624000001e-06,,3.4548898096000004e-06,2.9519628120000005e-06,1.5197141884e-06,8.965220392000002e-07,1.4541150148000002e-06,4.7340736948e-06,,2005,8,2005
2005-08-25,5.466597800000001e-06,,3.3236914624000005e-06,2.809831269200001e-06,1.4431818192000002e-06,,1.3229166676e-06,4.6356749344000006e-06,,2005,8,2005
2005-08-26,,,3.2252927020000003e-06,2.7114325088000004e-06,1.3775826456000002e-06,,,4.515409782800001e-06,,2005,8,2005
2005-08-27,,,3.1487603328000005e-06,2.6567665308e-06,1.3447830588e-06,,,4.493543391600001e-06,,2005,8,2005
2005-08-28,,,3.1268939416000005e-06,2.6458333352e-06,1.421315428e-06,,,4.4498106092000006e-06,,2005,8,2005
2005-08-29,,,3.2034263108e-06,2.7004993132000003e-06,1.5415805796e-06,,,4.482610196000001e-06,,2005,8,2005
2005-08-30,,,3.2143595064000007e-06,2.842630856e-06,1.5743801664000005e-06,,,4.5263429784e-06,,2005,8,2005
2005-08-31,,,3.1596935284e-06,2.798898073600001e-06,1.3994490368000005e-06,,,4.438877413600001e-06,,2005,8,2005
2005-09-01,,,3.0831611592e-06,2.744232095600001e-06,1.2791838852000002e-06,,,4.318612262000001e-06,,2005,9,2005
2005-09-02,,,2.995695594400001e-06,2.6458333352e-06,1.1261191468000005e-06,,,4.318612262000001e-06,,2005,9,2005
2005-09-03,,,2.9519628120000005e-06,2.6021005528000005e-06,1.1151859512e-06,,,4.329545457600001e-06,,2005,9,2005
2005-09-04,,,2.8535640516000007e-06,,1.0277203864000005e-06,,,4.318612262000001e-06,,2005,9,2005
2005-09-05,,,2.7770316824000005e-06,,,,,4.2639462840000006e-06,,2005,9,2005
2005-09-06,,,2.766098486800001e-06,,,,,4.1764807192e-06,,2005,9,2005
2005-09-07,,,,,,,,,,2005,9,2005
2005-09-08,,,,,,,,,,2005,9,2005
2005-09-09,,,,,,,,,,2005,9,2005
2005-09-10,,,,,,,,,,2005,9,2005
2005-09-11,,,,,,,,,,2005,9,2005
2005-09-12,,,,,,,,,,2005,9,2005
2005-09-13,,,,,,,,,,2005,9,2005
2005-09-14,,,,,,,,,,2005,9,2005
2005-09-15,,,,,,,,,,2005,9,2005
2005-09-16,,,,,,,,,,2005,9,2005
2005-09-17,,,,,,,,,,2005,9,2005
2005-09-18,,,,,,,,,,2005,9,2005
2005-09-19,,,,,,,,,,2005,9,2005
2005-09-20,,,,,,,,,,2005,9,2005
2005-09-21,,,,,,,,,,2005,9,2005
2005-09-22,,,,,,,,,,2005,9,2005
2005-09-23,,,,,,,,,,2005,9,2005
2005-09-24,,,,,,,,,,2005,9,2005
2005-09-25,,,,,,,,,,2005,9,2005
2005-09-26,,,,,,,,,,2005,9,2005
2005-09-27,,,,,,,,,,2005,9,2005
2005-09-28,,,,,,,,,,2005,9,2005
2005-09-29,,,,,,,,,,2005,9,2005
2005-09-30,,,,,,,,,,2005,9,2005
2005-10-01,,,,,,,,,,2005,10,2006
2005-10-02,,,,,,,,,,2005,10,2006
2005-10-03,,,,,,,,,,2005,10,2006
2005-10-04,,,,,,,,,,2005,10,2006
2005-10-05,,,,,,,,,,2005,10,2006
2005-10-06,,,,,,,,,,2005,10,2006
2005-10-07,,,,,,,,,,2005,10,2006
2005-10-08,,,,,,,,,,2005,10,2006
2005-10-09,,,,,,,,,,2005,10,2006
2005-10-10,,,,,,,,,,2005,10,2006
2005-10-11,,,,,,,,,,2005,10,2006
2005-10-12,,,,,,,,,,2005,10,2006
2005-10-13,,,,,,,,,,2005,10,2006
2005-10-14,,,,,,,,,,2005,10,2006
2005-10-15,,,,,,,,,,2005,10,2006
2005-10-16,,,,,,,,,,2005,10,2006
2005-10-17,,,,,,,,,,2005,10,2006
2005-10-18,,,,,,,,,,2005,10,2006
2005-10-19,,,,,,,,,,2005,10,2006
2005-10-20,,,,,,,,,,2005,10,2006
2005-10-21,,,,,,,,,,2005,10,2006
2005-10-22,,,,,,,,,,2005,10,2006
2005-10-23,,,,,,,,,,2005,10,2006
2005-10-24,,,,,,,,,,2005,10,2006
2005-10-25,,,,,,,,,,2005,10,2006
2005-10-26,,,,,,,,,,2005,10,2006
2005-10-27,,,,,,,,,,2005,10,2006
2005-10-28,,,,,,,,,,2005,10,2006
2005-10-29,,,,,,,,,,2005,10,2006
2005-10-30,,,,,,,,,,2005,10,2006
2005-10-31,,,,,,,,,,2005,10,2006
2005-11-01,,,,,,,,,,2005,11,2006
2005-11-02,,,,,,,,,,2005,11,2006
2005-11-03,,,,,,,,,,2005,11,2006
2005-11-04,,,,,,,,,,2005,11,2006
2005-11-05,,,,,,,,,,2005,11,2006
2005-11-06,,,,,,,,,,2005,11,2006
2005-11-07,,,,,,,,,,2005,11,2006
2005-11-08,,,,,,,,,,2005,11,2006
2005-11-09,,,,,,,,,,2005,11,2006
2005-11-10,,,,,,,,,,2005,11,2006
2005-11-11,,,,,,,,,,2005,11,2006
2005-11-12,,,,,,,,,,2005,11,2006
2005-11-13,,,,,,,,,,2005,11,2006
2005-11-14,,,,,,,,,,2005,11,2006
2005-11-15,,,,,,,,,,2005,11,2006
2005-11-16,,,,,,,,,,2005,11,2006
2005-11-17,,,,,,,,,,2005,11,2006
2005-11-18,,,,,,,,,,2005,11,2006
2005-11-19,,,,,,,,,,2005,11,2006
2005-11-20,,,,,,,,,,2005,11,2006
2005-11-21,,,,,,,,,,2005,11,2006
2005-11-22,,,,,,,,,,2005,11,2006
2005-11-23,,,,,,,,,,2005,11,2006
2005-11-24,,,,,,,,,,2005,11,2006
2005-11-25,,,,,,,,,,2005,11,2006
2005-11-26,,,,,,,,,,2005,11,2006
2005-11-27,,,,,,,,,,2005,11,2006
2005-11-28,,,,,,,,,,2005,11,2006
2005-11-29,,,,,,,,,,2005,11,2006
2005-11-30,,,,,,,,,,2005,11,2006
2005-12-01,,,,,,,,,,2005,12,2006
2005-12-02,,,,,,,,,,2005,12,2006
2005-12-03,,,,,,,,,,2005,12,2006
2005-12-04,,,,,,,,,,2005,12,2006
2005-12-05,,,,,,,,,,2005,12,2006
2005-12-06,,,,,,,,,,2005,12,2006
2005-12-07,,,,,,,,,,2005,12,2006
2005-12-08,,,,,,,,,,2005,12,2006
2005-12-09,,,,,,,,,,2005,12,2006
2005-12-10,,,,,,,,,,2005,12,2006
2005-12-11,,,,,,,,,,2005,12,2006
2005-12-12,,,,,,,,,,2005,12,2006
2005-12-13,,,,,,,,,,2005,12,2006
2005-12-14,,,,,,,,,,2005,12,2006
2005-12-15,,,,,,,,,,2005,12,2006
2005-12-16,,,,,,,,,,2005,12,2006
2005-12-17,,,,,,,,,,2005,12,2006
2005-12-18,,,,,,,,,,2005,12,2006
2005-12-19,,,,,,,,,,2005,12,2006
2005-12-20,,,,,,,,,,2005,12,2006
2005-12-21,,,,,,,,,,2005,12,2006
2005-12-22,,,,,,,,,,2005,12,2006
2005-12-23,,,,,,,,,,2005,12,2006
2005-12-24,,,,,,,,,,2005,12,2006
2005-12-25,,,,,,,,,,2005,12,2006
2005-12-26,,,,,,,,,,2005,12,2006
2005-12-27,,,,,,,,,,2005,12,2006
2005-12-28,,,,,,,,,,2005,12,2006
2005-12-29,,,,,,,,,,2005,12,2006
2005-12-30,,,,,,,,,,2005,12,2006
2005-12-31,,,,,,,,,,2005,12,2006
2006-01-01,,,,,,,,,,2006,1,2006
2006-01-02,,,,,,,,,,2006,1,2006
2006-01-03,,,,,,,,,,2006,1,2006
2006-01-04,,,,,,,,,,2006,1,2006
2006-01-05,,,,,,,,,,2006,1,2006
2006-01-06,,,,,,,,,,2006,1,2006
2006-01-07,,,,,,,,,,2006,1,2006
2006-01-08,,,,,,,,,,2006,1,2006
2006-01-09,,,,,,,,,,2006,1,2006
2006-01-10,,,,,,,,,,2006,1,2006
2006-01-11,,,,,,,,,,2006,1,2006
2006-01-12,,,,,,,,,,2006,1,2006
2006-01-13,,,,,,,,,,2006,1,2006
2006-01-14,,,,,,,,,,2006,1,2006
2006-01-15,,,,,,,,,,2006,1,2006
2006-01-16,,,,,,,,,,2006,1,2006
2006-01-17,,,,,,,,,,2006,1,2006
2006-01-18,,,,,,,,,,2006,1,2006
2006-01-19,,,,,,,,,,2006,1,2006
2006-01-20,,,,,,,,,,2006,1,2006
2006-01-21,,,,,,,,,,2006,1,2006
2006-01-22,,,,,,,,,,2006,1,2006
2006-01-23,,,,,,,,,,2006,1,2006
2006-01-24,,,,,,,,,,2006,1,2006
2006-01-25,,,,,,,,,,2006,1,2006
2006-01-26,,,,,,,,,,2006,1,2006
2006-01-27,,,,,,,,,,2006,1,2006
2006-01-28,,,,,,,,,,2006,1,2006
2006-01-29,,,,,,,,,,2006,1,2006
2006-01-30,,,,,,,,,,2006,1,2006
2006-01-31,,,,,,,,,,2006,1,2006
2006-02-01,,,,,,,,,,2006,2,2006
2006-02-02,,,,,,,,,,2006,2,2006
2006-02-03,,,,,,,,,,2006,2,2006
2006-02-04,,,,,,,,,,2006,2,2006
2006-02-05,,,,,,,,,,2006,2,2006
2006-02-06,,,,,,,,,,2006,2,2006
2006-02-07,,,,,,,,,,2006,2,2006
2006-02-08,,,,,,,,,,2006,2,2006
2006-02-09,,,,,,,,,,2006,2,2006
2006-02-10,,,,,,,,,,2006,2,2006
2006-02-11,,,,,,,,,,2006,2,2006
2006-02-12,,,,,,,,,,2006,2,2006
2006-02-13,,,,,,,,,,2006,2,2006
2006-02-14,,,,,,,,,,2006,2,2006
2006-02-15,,,,,,,,,,2006,2,2006
2006-02-16,,,,,,,,,,2006,2,2006
2006-02-17,,,,,,,,,,2006,2,2006
2006-02-18,,,,,,,,,,2006,2,2006
2006-02-19,,,,,,,,,,2006,2,2006
2006-02-20,,,,,,,,,,2006,2,2006
2006-02-21,,,,,,,,,,2006,2,2006
2006-02-22,,,,,,,,,,2006,2,2006
2006-02-23,,,,,,,,,,2006,2,2006
2006-02-24,,,,,,,,,,2006,2,2006
2006-02-25,,,,,,,,,,2006,2,2006
2006-02-26,,,,,,,,,,2006,2,2006
2006-02-27,,,,,,,,,,2006,2,2006
2006-02-28,,,,,,,,,,2006,2,2006
2006-03-01,,,,,,,,,,2006,3,2006
2006-03-02,,,,,,,,,,2006,3,2006
2006-03-03,,,,,,,,,,2006,3,2006
2006-03-04,,,,,,,,,,2006,3,2006
2006-03-05,,,,,,,,,,2006,3,2006
2006-03-06,,,,,,,,,,2006,3,2006
2006-03-07,,,,,,,,,,2006,3,2006
2006-03-08,,,,,,,,,,2006,3,2006
2006-03-09,,,,,,,,,,2006,3,2006
2006-03-10,,,,,,,,,,2006,3,2006
2006-03-11,,,,,,,,,,2006,3,2006
2006-03-12,,,,,,,,,,2006,3,2006
2006-03-13,,,,,,,,,,2006,3,2006
2006-03-14,,,,,,,,,,2006,3,2006
2006-03-15,,,,,,,,,,2006,3,2006
2006-03-16,,,,,,,,,,2006,3,2006
2006-03-17,,,,,,,,,,2006,3,2006
2006-03-18,,,,,,,,,,2006,3,2006
2006-03-19,,,,,,,,,,2006,3,2006
2006-03-20,,,,,,,,,,2006,3,2006
2006-03-21,,,,,,,,,,2006,3,2006
2006-03-22,,,,,,,,,,2006,3,2006
2006-03-23,,,,,,,,,,2006,3,2006
2006-03-24,,,,,,,,,,2006,3,2006
2006-03-25,,,,,,,,,,2006,3,2006
2006-03-26,,,,,,,,,,2006,3,2006
2006-03-27,,,,,,,,,,2006,3,2006
2006-03-28,,,,,,,,,,2006,3,2006
2006-03-29,,,,,,,,,,2006,3,2006
2006-03-30,,,,,,,,,,2006,3,2006
2006-03-31,,,,,,,,,,2006,3,2006
2006-04-01,,,,,,,,,,2006,4,2006
2006-04-02,,,,,,,,,,2006,4,2006
2006-04-03,,,,,,,,,,2006,4,2006
2006-04-04,,,,,,,,,,2006,4,2006
2006-04-05,,,,,,,,,,2006,4,2006
2006-04-06,,,,,,,,,,2006,4,2006
2006-04-07,,,,,,,,,,2006,4,2006
2006-04-08,,,,,,,,,,2006,4,2006
2006-04-09,,,,,,,,,,2006,4,2006
2006-04-10,,,,,,,,,,2006,4,2006
2006-04-11,,,,,,,,,,2006,4,2006
2006-04-12,,,,,,,,,,2006,4,2006
2006-04-13,,,,,,,,,,2006,4,2006
2006-04-14,,,,,,,,,,2006,4,2006
2006-04-15,,,,,,,,,,2006,4,2006
2006-04-16,,,,,,,8.039178724680001e-05,,,2006,4,2006
2006-04-17,,,,,,,5.3397727310400014e-05,,,2006,4,2006
2006-04-18,,,,,,,4.307679066400001e-05,,,2006,4,2006
2006-04-19,,,,,,,3.56750172428e-05,,,2006,4,2006
2006-04-20,,,,,,,2.82295110392e-05,,,2006,4,2006
2006-04-21,,,,,,,2.29269111732e-05,,,2006,4,2006
2006-04-22,,,,,,,2.0445075772000004e-05,,,2006,4,2006
2006-04-23,,,,,,,1.7788309241200003e-05,,,2006,4,2006
2006-04-24,,,,,,,1.6640323703200004e-05,,,2006,4,2006
2006-04-25,,,,,,,1.6071797532e-05,,,2006,4,2006
2006-04-26,,,,,,,1.4923811994000002e-05,,,2006,4,2006
2006-04-27,,,,,,,1.4322486236000004e-05,,,2006,4,2006
2006-04-28,,,,,,,1.3436897392400004e-05,,,2006,4,2006
2006-04-29,,,,,,,1.2343577832400004e-05,,,2006,4,2006
2006-04-30,,,,,,,1.1501721771200005e-05,,,2006,4,2006
2006-05-01,,,,,,,1.0550533754e-05,,,2006,5,2006
2006-05-02,,,,,,,1.0069473147600004e-05,,,2006,5,2006
2006-05-03,,,,,,,9.818009648800002e-06,,,2006,5,2006
2006-05-04,,,,,,,9.074552348000002e-06,,,2006,5,2006
2006-05-05,,,,,,,8.823088849200002e-06,,,2006,5,2006
2006-05-06,,,,,,,8.768422871200003e-06,,,2006,5,2006
2006-05-07,,,,,,,9.5228133676e-06,,,2006,5,2006
2006-05-08,,,,,,,8.866821631600002e-06,,,2006,5,2006
2006-05-09,,,,,,,7.7516356804e-06,,,2006,5,2006
2006-05-10,,,,,,,7.2159090960000015e-06,,,2006,5,2006
2006-05-11,,,,,,,6.789514467600001e-06,,,2006,5,2006
2006-05-12,,,,,,,6.767648076400001e-06,,,2006,5,2006
2006-05-13,,,,,,,6.822314054400001e-06,,,2006,5,2006
2006-05-14,,,,,,,6.3521866436e-06,,,2006,5,2006
2006-05-15,,,,,,,6.1444559272000015e-06,,,2006,5,2006
2006-05-16,,,,,,,6.1663223184e-06,,,2006,5,2006
2006-05-17,,,,,,,5.707128103200001e-06,,,2006,5,2006
2006-05-18,,,,,,,5.346332648400001e-06,,,2006,5,2006
2006-05-19,,,,,,,5.925792015200002e-06,,,2006,5,2006
2006-05-20,,,,,,,7.095643944400002e-06,,,2006,5,2006
2006-05-21,,,,,,,5.739927690000001e-06,,,2006,5,2006
2006-05-22,,,,,,,6.035123971200001e-06,,,2006,5,2006
2006-05-23,,,,,,,7.707902898e-06,,,2006,5,2006
2006-05-24,,,,,,,9.01988637e-06,,,2006,5,2006
2006-05-25,,,,,,,7.062844357600002e-06,,,2006,5,2006
2006-05-26,,,,,,,1.27043732872e-05,,,2006,5,2006
2006-05-27,,,,,,,1.0922262404400002e-05,,,2006,5,2006
2006-05-28,,,,,,,2.3812500016800003e-05,9.66275827128e-05,,2006,5,2006
2006-05-29,5.357265844000001e-05,,,,,,1.5721935272800003e-05,9.04503271988e-05,,2006,5,2006
2006-05-30,4.4935433916e-05,,,,,,1.07363980792e-05,6.8387138478e-05,,2006,5,2006
2006-05-31,3.8156852644000006e-05,,,,,,8.899621218400001e-06,5.366012400480001e-05,,2006,5,2006
2006-06-01,3.542355374400001e-05,,,,,,9.0854855436e-06,4.77124655984e-05,,2006,6,2006
2006-06-02,5.0402031716000014e-05,1.9690685275600005e-05,,,,3.533608817920001e-05,2.1363464202400005e-05,7.999819220520001e-05,,2006,6,2006
2006-06-03,5.3135330616000016e-05,1.7580578524800003e-05,,,,1.7022985549200003e-05,1.6924586788800004e-05,7.772408752040002e-05,,2006,6,2006
2006-06-04,5.3135330616000016e-05,1.63341942264e-05,,,2.46652892736e-05,1.3294765849600002e-05,1.90456267352e-05,8.028245529080002e-05,,2006,6,2006
2006-06-05,4.9855371936e-05,1.3579028935200002e-05,,,2.31565082808e-05,9.861742431200002e-06,1.5907799598000003e-05,7.13281680944e-05,,2006,6,2006
2006-06-06,4.2639462840000006e-05,1.065986571e-05,,,2.0466942163200003e-05,7.500172181600002e-06,1.1589187336000005e-05,5.772727276800001e-05,,2006,6,2006
2006-06-07,3.7610192864000006e-05,8.615358132800001e-06,,,1.8477100564e-05,6.6364497292000005e-06,8.560692154800002e-06,4.882765154960001e-05,,2006,6,2006
2006-06-08,3.3564910492000004e-05,7.4017734212000015e-06,,,1.6563791334e-05,5.903925624000001e-06,7.019111575200002e-06,4.221306821160001e-05,,2006,6,2006
2006-06-09,3.0394283768000004e-05,6.5927169468e-06,,,1.54048726004e-05,5.433798213200001e-06,6.461518599600001e-06,3.715099864880001e-05,,2006,6,2006
2006-06-10,2.8098312692000003e-05,5.827393254800001e-06,,,1.4388085409600005e-05,4.9636708024000005e-06,5.9804579932000016e-06,3.3368112971200004e-05,,2006,6,2006
2006-06-11,2.634900139600001e-05,5.466597800000001e-06,,,1.36992940868e-05,4.7340736948e-06,5.521263778000001e-06,3.0558281702000005e-05,,2006,6,2006
2006-06-12,2.634900139600001e-05,5.827393254800001e-06,,,1.3710227282400002e-05,4.7340736948e-06,6.964445597200001e-06,3.195773073880001e-05,,2006,6,2006
2006-06-13,2.634900139600001e-05,5.838326450400002e-06,,,1.3261966262800003e-05,4.865272042000001e-06,6.581783751200001e-06,3.2974517929600005e-05,,2006,6,2006
2006-06-14,2.7660984868e-05,5.302599866000001e-06,,,1.3218233480400005e-05,4.9636708024000005e-06,5.696194907600001e-06,3.60686122844e-05,,2006,6,2006
2006-06-15,2.7223657044000008e-05,4.799672868400001e-06,,,1.32510330672e-05,4.493543391600001e-06,5.040203171600001e-06,3.5609418069200004e-05,,2006,6,2006
2006-06-16,2.6786329220000004e-05,4.930871215600001e-06,,,1.3054235546400002e-05,4.7340736948e-06,5.903925624000001e-06,3.6669938042400006e-05,,2006,6,2006
2006-06-17,2.634900139600001e-05,4.384211435600001e-06,,,1.26387741136e-05,4.9636708024000005e-06,5.586862951600001e-06,3.50846246804e-05,,2006,6,2006
2006-06-18,2.4053030320000005e-05,3.9687500028e-06,,,1.2113980724800004e-05,4.5810089564e-06,4.909004824400001e-06,3.2274793411200004e-05,,2006,6,2006
2006-06-19,2.2741046848e-05,3.8047520688000008e-06,,,1.1611053727200004e-05,4.274879479600001e-06,4.5810089564e-06,2.97273588364e-05,,2006,6,2006
2006-06-20,2.1757059244000004e-05,3.6079545480000007e-06,,,1.0714531688e-05,4.274879479600001e-06,4.417011022400001e-06,2.7595385694400005e-05,,2006,6,2006
2006-06-21,2.0445075772000004e-05,3.3127582668e-06,,,1.02990702552e-05,4.274879479600001e-06,4.417011022400001e-06,2.570394285560001e-05,,2006,6,2006
2006-06-22,1.9461088168000003e-05,3.1268939416000005e-06,,,9.850809235600002e-06,4.274879479600001e-06,4.296745870800001e-06,2.39546315596e-05,,2006,6,2006
2006-06-23,1.858643252e-05,2.842630856e-06,,,9.5228133676e-06,4.045282372000001e-06,3.9031508292e-06,2.2467716958e-05,,2006,6,2006
2006-06-24,1.7711776872000005e-05,2.5911673572e-06,,,9.183884304e-06,3.5970213524000007e-06,3.5204889832000005e-06,2.0991735552000005e-05,,2006,6,2006
2006-06-25,1.6837121224000003e-05,2.2194387068000005e-06,,,8.812155653600003e-06,3.1487603328000005e-06,3.3236914624000005e-06,1.9526687341600004e-05,,2006,6,2006
2006-06-26,1.5853133620000002e-05,1.9789084036000003e-06,,,8.495092981200002e-06,3.5860881568000007e-06,2.9300964208000004e-06,1.8367768608e-05,,2006,6,2006
2006-06-27,1.5415805796e-05,2.0226411860000004e-06,,,8.178030308800002e-06,2.6567665308e-06,3.4002238316000003e-06,1.72853822436e-05,,2006,6,2006
2006-06-28,1.4978477972000003e-05,2.3397038584000003e-06,,,7.729769289200001e-06,2.7223657044e-06,3.3564910492e-06,1.6323261030800005e-05,,2006,6,2006
2006-06-29,2.0007747948000003e-05,5.575929756000001e-06,1.2627840918000004e-05,1.257317494e-05,1.23107782456e-05,6.330320252400001e-06,8.560692154800002e-06,2.06965392708e-05,,2006,6,2006
2006-06-30,1.7274449048000004e-05,3.542355374400001e-06,7.817234854000002e-06,7.762568876e-06,8.812155653600003e-06,3.673553721600001e-06,4.5700757608e-06,2.36813016696e-05,,2006,6,2006
2006-07-01,1.6290461444000003e-05,3.1924931152000006e-06,7.128443531200001e-06,6.8441804456000015e-06,8.014032374800001e-06,3.1268939416000005e-06,3.8375516556e-06,2.1046401530000003e-05,,2006,7,2006
2006-07-02,1.4978477972000003e-05,2.6676997264e-06,6.669249316e-06,6.1553891228e-06,7.368973834400002e-06,2.7223657044e-06,3.3564910492e-06,1.8094438718e-05,,2006,7,2006
2006-07-03,1.4103822324000005e-05,2.3834366408000004e-06,6.4068526216e-06,5.772727276800001e-06,7.970299592400001e-06,2.7551652912000005e-06,3.1268939416000005e-06,1.8509900150800003e-05,,2006,7,2006
2006-07-04,1.5415805796e-05,2.4490358144e-06,6.3631198392e-06,5.597796147200001e-06,7.6095041376000015e-06,2.9738292032000005e-06,3.0394283768000003e-06,1.7668044089600004e-05,,2006,7,2006
2006-07-05,1.4103822324000005e-05,2.5255681836000008e-06,6.177255514e-06,5.521263778000001e-06,6.953512401600001e-06,3.1815599196e-06,3.2362258976000003e-06,1.65309917472e-05,,2006,7,2006
2006-07-06,1.3666494500000002e-05,2.569300966e-06,6.1007231448000014e-06,5.5431301692000006e-06,6.723915294000001e-06,3.0722279636000008e-06,3.3018250712000004e-06,1.5929665989200003e-05,,2006,7,2006
2006-07-07,1.3119834720000002e-05,2.2850378804e-06,5.892992428400001e-06,5.422865017600001e-06,6.3521866436e-06,2.6676997264e-06,2.941029616400001e-06,1.5459538578400003e-05,,2006,7,2006
2006-07-08,1.2682506896000002e-05,1.9461088168000003e-06,5.652462125200001e-06,5.138601932e-06,5.925792015200002e-06,2.1866391200000004e-06,2.623966944000001e-06,1.4759814060000005e-05,,2006,7,2006
2006-07-09,1.2245179072000005e-05,1.7493112960000002e-06,5.4556646044e-06,4.952737606800001e-06,5.718061298800001e-06,2.4162362276000005e-06,2.547434574800001e-06,1.4213154280000004e-05,,2006,7,2006
2006-07-10,1.1807851248000002e-05,1.6837121224000003e-06,5.3572658440000005e-06,4.8215392596000014e-06,5.488464191200002e-06,2.1647727288000004e-06,2.5146349880000003e-06,1.3863292020800003e-05,,2006,7,2006
2006-07-11,1.1370523424e-05,1.7274449048000002e-06,5.193267910000001e-06,4.766873281600001e-06,5.3353994528000005e-06,2.3506370540000004e-06,2.547434574800001e-06,1.31854338936e-05,,2006,7,2006
2006-07-12,1.1370523424e-05,1.9023760344000004e-06,5.1495351276000005e-06,4.930871215600001e-06,5.2916666704e-06,2.5583677704000004e-06,2.8754304428000007e-06,1.3108901524400002e-05,,2006,7,2006
2006-07-13,1.1370523424e-05,1.91330923e-06,4.996470389200001e-06,4.701274108000001e-06,5.138601932e-06,2.4709022056e-06,2.569300966e-06,1.26387741136e-05,,2006,7,2006
2006-07-14,1.0933195600000002e-05,1.5525137752000002e-06,4.810606064000001e-06,4.493543391600001e-06,4.91993802e-06,2.1757059244000004e-06,2.2741046848e-06,1.2092114333600002e-05,,2006,7,2006
2006-07-15,1.038653582e-05,1.4431818192000002e-06,4.788739672800001e-06,4.417011022400001e-06,4.788739672800001e-06,2.1757059244000004e-06,2.2194387068000005e-06,1.1556387749200004e-05,,2006,7,2006
2006-07-16,9.949207996000002e-06,1.421315428e-06,4.6247417388e-06,4.373278240000001e-06,4.6684745212e-06,2.1319731420000003e-06,2.1538395332000003e-06,1.1151859512000002e-05,,2006,7,2006
2006-07-17,9.949207996000002e-06,1.2682506896000002e-06,4.6138085432000005e-06,4.274879479600001e-06,4.559142565200001e-06,1.9242424256e-06,2.0335743816000005e-06,1.09113292088e-05,,2006,7,2006
2006-07-18,9.511880172e-06,1.1698519292000002e-06,4.471677000400001e-06,4.165547523600001e-06,4.362345044400001e-06,1.7711776872000005e-06,2.1429063376000003e-06,1.06270661232e-05,,2006,7,2006
2006-07-19,9.074552348000002e-06,1.0933195600000002e-06,4.395144631200001e-06,4.089015154400001e-06,4.209280306000001e-06,1.6837121224000003e-06,2.0991735552e-06,1.0506800971600002e-05,,2006,7,2006
2006-07-20,9.074552348000002e-06,9.949207996000002e-07,4.362345044400001e-06,4.023415980800001e-06,4.023415980800001e-06,1.6071797532000003e-06,1.9023760344000004e-06,1.0277203864e-05,,2006,7,2006
2006-07-21,8.637224524000002e-06,8.418560612000001e-07,4.231146697200001e-06,3.9468836116e-06,3.8047520688000008e-06,1.4650482104000002e-06,1.7493112960000002e-06,1.0189738299200003e-05,,2006,7,2006
2006-07-22,8.637224524000002e-06,8.637224524000001e-07,4.187413914800001e-06,3.8594180468e-06,3.684486917200001e-06,1.3557162544000002e-06,1.7711776872000005e-06,9.992940778400002e-06,,2006,7,2006
2006-07-23,8.199896700000001e-06,7.543904964000002e-07,4.0780819588000006e-06,3.7938188732e-06,3.509555787600001e-06,1.147985538e-06,1.6071797532000003e-06,9.730544084e-06,,2006,7,2006
2006-07-24,8.199896700000001e-06,7.215909096000001e-07,3.957816807200001e-06,3.6079545480000007e-06,3.334624658e-06,9.949207996000002e-07,1.3775826456000002e-06,9.0854855436e-06,,2006,7,2006
2006-07-25,8.199896700000001e-06,6.559917360000001e-07,3.82661846e-06,3.531422178800001e-06,3.2143595064000007e-06,9.730544084e-07,1.3666494500000002e-06,8.462293394400002e-06,,2006,7,2006
2006-07-26,7.762568876e-06,6.450585404000001e-07,3.771952482e-06,3.5204889832000005e-06,3.1378271372e-06,1.0058539952000002e-06,1.3775826456000002e-06,7.981232788e-06,,2006,7,2006
2006-07-27,7.762568876e-06,6.669249316000001e-07,3.7610192864e-06,3.487689396400001e-06,3.0503615724000007e-06,1.0277203864000005e-06,1.3666494500000002e-06,7.817234854000002e-06,,2006,7,2006
2006-07-28,7.2159090960000015e-06,6.559917360000001e-07,3.717286504000001e-06,3.4548898096000004e-06,2.9738292032000005e-06,9.839876040000002e-07,1.3447830588e-06,7.6751033112e-06,,2006,7,2006
2006-07-29,7.2159090960000015e-06,7.106577140000001e-07,3.706353308400001e-06,3.4002238316000003e-06,2.919163225200001e-06,9.730544084e-07,1.3557162544000002e-06,7.587637746400001e-06,,2006,7,2006
2006-07-30,6.778581272000001e-06,7.543904964000002e-07,3.640754134800001e-06,3.334624658e-06,2.8207644648000006e-06,9.730544084e-07,1.3775826456000002e-06,7.412706616800002e-06,,2006,7,2006
2006-07-31,6.778581272000001e-06,7.543904964000002e-07,3.6188877436000008e-06,3.2690254844000004e-06,2.7332989000000004e-06,9.839876040000002e-07,1.3994490368000005e-06,7.270575074000001e-06,,2006,7,2006
2006-08-01,6.778581272000001e-06,7.215909096000001e-07,3.5860881568000007e-06,3.2471590932000003e-06,2.6349001396e-06,9.949207996000002e-07,1.3994490368000005e-06,7.172176313600001e-06,,2006,8,2006
2006-08-02,6.778581272000001e-06,7.215909096000001e-07,3.542355374400001e-06,3.2034263108e-06,2.5911673572e-06,9.402548216e-07,1.3229166676e-06,6.898846423600001e-06,,2006,8,2006
2006-08-03,6.341253448000001e-06,6.997245184000001e-07,3.509555787600001e-06,3.1815599196e-06,2.5037017924000007e-06,9.29321626e-07,1.3338498632e-06,6.691115707200001e-06,,2006,8,2006
2006-08-04,6.341253448000001e-06,6.778581272000001e-07,3.4002238316000003e-06,3.1487603328000005e-06,2.4271694232000005e-06,8.637224524000001e-07,1.2682506896000002e-06,6.767648076400001e-06,,2006,8,2006
2006-08-05,6.341253448000001e-06,6.341253448000001e-07,3.3455578536000005e-06,3.0722279636000008e-06,2.3287706628000003e-06,7.981232788000002e-07,1.2026515160000002e-06,6.4833849908e-06,,2006,8,2006
2006-08-06,6.341253448000001e-06,5.685261712e-07,3.2908918756000004e-06,3.0066287900000006e-06,2.2303719024e-06,7.325241052000001e-07,1.1807851248000002e-06,6.210055100800001e-06,,2006,8,2006
2006-08-07,6.341253448000001e-06,5.794593668000001e-07,3.2471590932000003e-06,3.2362258976000003e-06,3.061294768000001e-06,8.965220392000002e-07,1.5962465576000003e-06,6.581783751200001e-06,,2006,8,2006
2006-08-08,6.778581272000001e-06,9.183884304e-07,3.2690254844000004e-06,3.170626724000001e-06,2.7332989000000004e-06,1.0495867776e-06,1.5197141884e-06,6.472451795200001e-06,,2006,8,2006
2006-08-09,6.341253448000001e-06,7.653236920000003e-07,3.2143595064000007e-06,3.0284951812000007e-06,2.3069042716000003e-06,8.309228656000001e-07,1.2245179072e-06,5.991391188800001e-06,,2006,8,2006
2006-08-10,5.903925624000001e-06,6.122589536e-07,3.1378271372e-06,2.9519628120000005e-06,2.2085055112000005e-06,7.543904964000002e-07,1.1370523424e-06,5.925792015200002e-06,,2006,8,2006
2006-08-11,5.903925624000001e-06,5.903925624000001e-07,3.0175619856000006e-06,2.9300964208000004e-06,2.0882403596e-06,7.215909096000001e-07,1.0933195600000002e-06,5.838326450400002e-06,,2006,8,2006
2006-08-12,5.903925624000001e-06,5.794593668000001e-07,2.962896007600001e-06,2.8863636384000003e-06,1.9679752080000003e-06,7.106577140000001e-07,1.0605199732e-06,5.805526863600002e-06,,2006,8,2006
2006-08-13,5.466597800000001e-06,5.357265844000001e-07,2.9082300296000004e-06,2.798898073600001e-06,1.8477100564000005e-06,6.559917360000001e-07,9.839876040000002e-07,5.641528929600001e-06,,2006,8,2006
2006-08-14,5.466597800000001e-06,4.482610196000001e-07,2.8316976604000006e-06,2.6786329220000003e-06,1.7711776872000005e-06,6.013257580000001e-07,8.855888436000001e-07,5.521263778000001e-06,,2006,8,2006
2006-08-15,5.466597800000001e-06,4.154614328000001e-07,2.8535640516000007e-06,2.6567665308e-06,1.7602444916000005e-06,5.903925624000001e-07,8.965220392000002e-07,5.510330582400001e-06,,2006,8,2006
2006-08-16,5.466597800000001e-06,5.029269976000001e-07,2.798898073600001e-06,2.6567665308e-06,1.7274449048000002e-06,6.013257580000001e-07,8.855888436000001e-07,5.4556646044e-06,,2006,8,2006
2006-08-17,5.029269976000001e-06,5.575929756e-07,2.7770316824000005e-06,2.6567665308e-06,1.6509125356000002e-06,6.231921492000001e-07,8.527892568000002e-07,5.390065430800001e-06,,2006,8,2006
2006-08-18,5.029269976000001e-06,5.029269976000001e-07,2.7004993132000003e-06,2.6021005528000005e-06,1.5634469708000002e-06,5.794593668000001e-07,7.871900832000001e-07,5.204201105600001e-06,,2006,8,2006
2006-08-19,5.029269976000001e-06,3.826618460000002e-07,2.6349001396e-06,2.4709022056e-06,1.4431818192000002e-06,4.810606064000001e-07,6.778581272000001e-07,5.0183367804e-06,,2006,8,2006
2006-08-20,4.5919421520000005e-06,3.279958680000001e-07,2.5802341616000005e-06,2.4162362276000005e-06,1.3666494500000002e-06,4.482610196000001e-07,6.450585404000001e-07,4.996470389200001e-06,,2006,8,2006
2006-08-21,4.5919421520000005e-06,,2.5802341616000005e-06,2.3834366408000004e-06,1.3447830588e-06,4.482610196000001e-07,6.450585404000001e-07,5.0620695628e-06,,2006,8,2006
2006-08-22,4.5919421520000005e-06,,2.6021005528000005e-06,2.3834366408000004e-06,1.3010502764000005e-06,5.029269976000001e-07,6.778581272000001e-07,5.0074035848000014e-06,,2006,8,2006
2006-08-23,4.5919421520000005e-06,,2.569300966e-06,2.3834366408000004e-06,1.2573174940000002e-06,5.138601932000001e-07,6.669249316000001e-07,5.0511363672000015e-06,,2006,8,2006
2006-08-24,4.482610196000001e-06,,2.5583677704000004e-06,2.4053030320000005e-06,1.2245179072e-06,5.029269976000001e-07,7.215909096000001e-07,5.040203171600001e-06,,2006,8,2006
2006-08-25,4.373278240000001e-06,,2.5146349880000003e-06,2.4053030320000005e-06,1.1807851248000002e-06,5.138601932000001e-07,6.997245184000001e-07,4.865272042000001e-06,,2006,8,2006
2006-08-26,4.2639462840000006e-06,,2.4490358144e-06,2.3506370540000004e-06,1.1807851248000002e-06,4.701274108e-07,6.231921492000001e-07,4.810606064000001e-06,,2006,8,2006
2006-08-27,4.2639462840000006e-06,,2.3943698364000005e-06,2.3069042716000003e-06,1.0823863644000002e-06,4.154614328000001e-07,,4.6903409124e-06,,2006,8,2006
2006-08-28,4.154614328e-06,,2.3506370540000004e-06,2.2741046848e-06,1.0277203864000005e-06,,,4.6903409124e-06,,2006,8,2006
2006-08-29,4.154614328e-06,,2.3287706628000003e-06,2.2413050980000005e-06,9.183884304e-07,,,4.701274108000001e-06,,2006,8,2006
2006-08-30,4.2639462840000006e-06,,2.3287706628000003e-06,2.2303719024e-06,,,,4.701274108000001e-06,,2006,8,2006
2006-08-31,4.154614328e-06,,2.2631714892e-06,2.2194387068000005e-06,,,,4.6356749344000006e-06,,2006,8,2006
2006-09-01,4.045282372000001e-06,,2.1757059244000004e-06,,,,,4.471677000400001e-06,,2006,9,2006
2006-09-02,3.935950416000001e-06,,2.0991735552e-06,,,,,4.406077826800001e-06,,2006,9,2006
2006-09-03,,,2.0554407728000005e-06,,,,,,,2006,9,2006
2006-09-04,,,2.0445075772000005e-06,,,,,,,2006,9,2006
2006-09-05,,,,,,,,,,2006,9,2006
2006-09-06,,,,,,,,,,2006,9,2006
2006-09-07,,,,,,,,,,2006,9,2006
2006-09-08,,,,,,,,,,2006,9,2006
2006-09-09,,,,,,,,,,2006,9,2006
2006-09-10,,,,,,,,,,2006,9,2006
2006-09-11,,,,,,,,,,2006,9,2006
2006-09-12,,,,,,,,,,2006,9,2006
2006-09-13,,,,,,,,,,2006,9,2006
2006-09-14,,,,,,,,,,2006,9,2006
2006-09-15,,,,,,,,,,2006,9,2006
2006-09-16,,,,,,,,,,2006,9,2006
2006-09-17,,,,,,,,,,2006,9,2006
2006-09-18,,,,,,,,,,2006,9,2006
2006-09-19,,,,,,,,,,2006,9,2006
2006-09-20,,,,,,,,,,2006,9,2006
2006-09-21,,,,,,,,,,2006,9,2006
2006-09-22,,,,,,,,,,2006,9,2006
2006-09-23,,,,,,,,,,2006,9,2006
2006-09-24,,,,,,,,,,2006,9,2006
2006-09-25,,,,,,,,,,2006,9,2006
2006-09-26,,,,,,,,,,2006,9,2006
2006-09-27,,,,,,,,,,2006,9,2006
2006-09-28,,,,,,,,,,2006,9,2006
2006-09-29,,,,,,,,,,2006,9,2006
2006-09-30,,,,,,,,,,2006,9,2006
2006-10-01,,,,,,,,,,2006,10,2007
2006-10-02,,,,,,,,,,2006,10,2007
2006-10-03,,,,,,,,,,2006,10,2007
2006-10-04,,,,,,,,,,2006,10,2007
2006-10-05,,,,,,,,,,2006,10,2007
2006-10-06,,,,,,,,,,2006,10,2007
2006-10-07,,,,,,,,,,2006,10,2007
2006-10-08,,,,,,,,,,2006,10,2007
2006-10-09,,,,,,,,,,2006,10,2007
2006-10-10,,,,,,,,,,2006,10,2007
2006-10-11,,,,,,,,,,2006,10,2007
2006-10-12,,,,,,,,,,2006,10,2007
2006-10-13,,,,,,,,,,2006,10,2007
2006-10-14,,,,,,,,,,2006,10,2007
2006-10-15,,,,,,,,,,2006,10,2007
2006-10-16,,,,,,,,,,2006,10,2007
2006-10-17,,,,,,,,,,2006,10,2007
2006-10-18,,,,,,,,,,2006,10,2007
2006-10-19,,,,,,,,,,2006,10,2007
2006-10-20,,,,,,,,,,2006,10,2007
2006-10-21,,,,,,,,,,2006,10,2007
2006-10-22,,,,,,,,,,2006,10,2007
2006-10-23,,,,,,,,,,2006,10,2007
2006-10-24,,,,,,,,,,2006,10,2007
2006-10-25,,,,,,,,,,2006,10,2007
2006-10-26,,,,,,,,,,2006,10,2007
2006-10-27,,,,,,,,,,2006,10,2007
2006-10-28,,,,,,,,,,2006,10,2007
2006-10-29,,,,,,,,,,2006,10,2007
2006-10-30,,,,,,,,,,2006,10,2007
2006-10-31,,,,,,,,,,2006,10,2007
2006-11-01,,,,,,,,,,2006,11,2007
2006-11-02,,,,,,,,,,2006,11,2007
2006-11-03,,,,,,,,,,2006,11,2007
2006-11-04,,,,,,,,,,2006,11,2007
2006-11-05,,,,,,,,,,2006,11,2007
2006-11-06,,,,,,,,,,2006,11,2007
2006-11-07,,,,,,,,,,2006,11,2007
2006-11-08,,,,,,,,,,2006,11,2007
2006-11-09,,,,,,,,,,2006,11,2007
2006-11-10,,,,,,,,,,2006,11,2007
2006-11-11,,,,,,,,,,2006,11,2007
2006-11-12,,,,,,,,,,2006,11,2007
2006-11-13,,,,,,,,,,2006,11,2007
2006-11-14,,,,,,,,,,2006,11,2007
2006-11-15,,,,,,,,,,2006,11,2007
2006-11-16,,,,,,,,,,2006,11,2007
2006-11-17,,,,,,,,,,2006,11,2007
2006-11-18,,,,,,,,,,2006,11,2007
2006-11-19,,,,,,,,,,2006,11,2007
2006-11-20,,,,,,,,,,2006,11,2007
2006-11-21,,,,,,,,,,2006,11,2007
2006-11-22,,,,,,,,,,2006,11,2007
2006-11-23,,,,,,,,,,2006,11,2007
2006-11-24,,,,,,,,,,2006,11,2007
2006-11-25,,,,,,,,,,2006,11,2007
2006-11-26,,,,,,,,,,2006,11,2007
2006-11-27,,,,,,,,,,2006,11,2007
2006-11-28,,,,,,,,,,2006,11,2007
2006-11-29,,,,,,,,,,2006,11,2007
2006-11-30,,,,,,,,,,2006,11,2007
2006-12-01,,,,,,,,,,2006,12,2007
2006-12-02,,,,,,,,,,2006,12,2007
2006-12-03,,,,,,,,,,2006,12,2007
2006-12-04,,,,,,,,,,2006,12,2007
2006-12-05,,,,,,,,,,2006,12,2007
2006-12-06,,,,,,,,,,2006,12,2007
2006-12-07,,,,,,,,,,2006,12,2007
2006-12-08,,,,,,,,,,2006,12,2007
2006-12-09,,,,,,,,,,2006,12,2007
2006-12-10,,,,,,,,,,2006,12,2007
2006-12-11,,,,,,,,,,2006,12,2007
2006-12-12,,,,,,,,,,2006,12,2007
2006-12-13,,,,,,,,,,2006,12,2007
2006-12-14,,,,,,,,,,2006,12,2007
2006-12-15,,,,,,,,,,2006,12,2007
2006-12-16,,,,,,,,,,2006,12,2007
2006-12-17,,,,,,,,,,2006,12,2007
2006-12-18,,,,,,,,,,2006,12,2007
2006-12-19,,,,,,,,,,2006,12,2007
2006-12-20,,,,,,,,,,2006,12,2007
2006-12-21,,,,,,,,,,2006,12,2007
2006-12-22,,,,,,,,,,2006,12,2007
2006-12-23,,,,,,,,,,2006,12,2007
2006-12-24,,,,,,,,,,2006,12,2007
2006-12-25,,,,,,,,,,2006,12,2007
2006-12-26,,,,,,,,,,2006,12,2007
2006-12-27,,,,,,,,,,2006,12,2007
2006-12-28,,,,,,,,,,2006,12,2007
2006-12-29,,,,,,,,,,2006,12,2007
2006-12-30,,,,,,,,,,2006,12,2007
2006-12-31,,,,,,,,,,2006,12,2007
2007-01-01,,,,,,,,,,2007,1,2007
2007-01-02,,,,,,,,,,2007,1,2007
2007-01-03,,,,,,,,,,2007,1,2007
2007-01-04,,,,,,,,,,2007,1,2007
2007-01-05,,,,,,,,,,2007,1,2007
2007-01-06,,,,,,,,,,2007,1,2007
2007-01-07,,,,,,,,,,2007,1,2007
2007-01-08,,,,,,,,,,2007,1,2007
2007-01-09,,,,,,,,,,2007,1,2007
2007-01-10,,,,,,,,,,2007,1,2007
2007-01-11,,,,,,,,,,2007,1,2007
2007-01-12,,,,,,,,,,2007,1,2007
2007-01-13,,,,,,,,,,2007,1,2007
2007-01-14,,,,,,,,,,2007,1,2007
2007-01-15,,,,,,,,,,2007,1,2007
2007-01-16,,,,,,,,,,2007,1,2007
2007-01-17,,,,,,,,,,2007,1,2007
2007-01-18,,,,,,,,,,2007,1,2007
2007-01-19,,,,,,,,,,2007,1,2007
2007-01-20,,,,,,,,,,2007,1,2007
2007-01-21,,,,,,,,,,2007,1,2007
2007-01-22,,,,,,,,,,2007,1,2007
2007-01-23,,,,,,,,,,2007,1,2007
2007-01-24,,,,,,,,,,2007,1,2007
2007-01-25,,,,,,,,,,2007,1,2007
2007-01-26,,,,,,,,,,2007,1,2007
2007-01-27,,,,,,,,,,2007,1,2007
2007-01-28,,,,,,,,,,2007,1,2007
2007-01-29,,,,,,,,,,2007,1,2007
2007-01-30,,,,,,,,,,2007,1,2007
2007-01-31,,,,,,,,,,2007,1,2007
2007-02-01,,,,,,,,,,2007,2,2007
2007-02-02,,,,,,,,,,2007,2,2007
2007-02-03,,,,,,,,,,2007,2,2007
2007-02-04,,,,,,,,,,2007,2,2007
2007-02-05,,,,,,,,,,2007,2,2007
2007-02-06,,,,,,,,,,2007,2,2007
2007-02-07,,,,,,,,,,2007,2,2007
2007-02-08,,,,,,,,,,2007,2,2007
2007-02-09,,,,,,,,,,2007,2,2007
2007-02-10,,,,,,,,,,2007,2,2007
2007-02-11,,,,,,,,,,2007,2,2007
2007-02-12,,,,,,,,,,2007,2,2007
2007-02-13,,,,,,,,,,2007,2,2007
2007-02-14,,,,,,,,,,2007,2,2007
2007-02-15,,,,,,,,,,2007,2,2007
2007-02-16,,,,,,,,,,2007,2,2007
2007-02-17,,,,,,,,,,2007,2,2007
2007-02-18,,,,,,,,,,2007,2,2007
2007-02-19,,,,,,,,,,2007,2,2007
2007-02-20,,,,,,,,,,2007,2,2007
2007-02-21,,,,,,,,,,2007,2,2007
2007-02-22,,,,,,,,,,2007,2,2007
2007-02-23,,,,,,,,,,2007,2,2007
2007-02-24,,,,,,,,,,2007,2,2007
2007-02-25,,,,,,,,,,2007,2,2007
2007-02-26,,,,,,,,,,2007,2,2007
2007-02-27,,,,,,,,,,2007,2,2007
2007-02-28,,,,,,,,,,2007,2,2007
2007-03-01,,,,,,,,,,2007,3,2007
2007-03-02,,,,,,,,,,2007,3,2007
2007-03-03,,,,,,,,,,2007,3,2007
2007-03-04,,,,,,,,,,2007,3,2007
2007-03-05,,,,,,,,,,2007,3,2007
2007-03-06,,,,,,,,,,2007,3,2007
2007-03-07,,,,,,,,,,2007,3,2007
2007-03-08,,,,,,,,,,2007,3,2007
2007-03-09,,,,,,,,,,2007,3,2007
2007-03-10,,,,,,,,,,2007,3,2007
2007-03-11,,,,,,,,,,2007,3,2007
2007-03-12,,,,,,,,,,2007,3,2007
2007-03-13,,,,,,,,,,2007,3,2007
2007-03-14,,,,,,,,,,2007,3,2007
2007-03-15,,,,,,,,,,2007,3,2007
2007-03-16,,,,,,,,,,2007,3,2007
2007-03-17,,,,,,,,,,2007,3,2007
2007-03-18,,,,,,,,,,2007,3,2007
2007-03-19,,,,,,,,,,2007,3,2007
2007-03-20,,,,,,,,,,2007,3,2007
2007-03-21,,,,,,,,,,2007,3,2007
2007-03-22,,,,,,,,,,2007,3,2007
2007-03-23,,,,,,,,,,2007,3,2007
2007-03-24,,,,,,,,,,2007,3,2007
2007-03-25,,,,,,,,,,2007,3,2007
2007-03-26,,,,,,,,,,2007,3,2007
2007-03-27,,,,,,,,,,2007,3,2007
2007-03-28,,,,,,,,,,2007,3,2007
2007-03-29,,,,,,,,,,2007,3,2007
2007-03-30,,,,,,,,,,2007,3,2007
2007-03-31,,,,,,,,,,2007,3,2007
2007-04-01,,,,,,,,,,2007,4,2007
2007-04-02,,,,,,,,,,2007,4,2007
2007-04-03,,,,,,,,,,2007,4,2007
2007-04-04,,,,,,,,,,2007,4,2007
2007-04-05,,,,,,,,,,2007,4,2007
2007-04-06,,,,,,,,,,2007,4,2007
2007-04-07,,,,,,,,,,2007,4,2007
2007-04-08,,,,,,,,,,2007,4,2007
2007-04-09,5.991391188800001e-05,,3.380544079520001e-05,,,,5.5813963538000014e-05,8.024965570400002e-05,,2007,4,2007
2007-04-10,5.5321969736e-05,,3.1487603328000005e-05,,,,5.263240361840001e-05,6.84090048692e-05,,2007,4,2007
2007-04-11,5.127668736400001e-05,,3.0208419442800004e-05,,,,4.3175189424400006e-05,6.34781336536e-05,,2007,4,2007
2007-04-12,4.9855371936e-05,,3.253719010560001e-05,,,,4.687060953720001e-05,5.888619150160001e-05,,2007,4,2007
2007-04-13,4.810606064000001e-05,,3.20998622816e-05,,,,4.5952221106800014e-05,5.956404962880001e-05,,2007,4,2007
2007-04-14,4.9855371936e-05,,3.03068182032e-05,,,,3.812405305720001e-05,6.819034095720001e-05,,2007,4,2007
2007-04-15,4.810606064000001e-05,,2.70268595232e-05,,,,3.36523760568e-05,6.588343668560001e-05,,2007,4,2007
2007-04-16,4.581008956400001e-05,,2.5496212139200003e-05,,,,2.65457989168e-05,6.304080582960001e-05,,2007,4,2007
2007-04-17,4.810606064000001e-05,,2.4894886381200008e-05,,,,2.73001894132e-05,7.025671492560002e-05,,2007,4,2007
2007-04-18,4.668474521200001e-05,,2.4752754838400003e-05,,,,3.0284951812000005e-05,6.38170627172e-05,,2007,4,2007
2007-04-19,4.537276174000001e-05,,2.4053030320000005e-05,,,,3.21107954772e-05,5.850352965560001e-05,,2007,4,2007
2007-04-20,4.307679066400001e-05,,2.2828512412800005e-05,,,,2.74313877604e-05,5.448011367480001e-05,,2007,4,2007
2007-04-21,4.581008956400001e-05,,2.8327909799600005e-05,,,,3.3346246580000005e-05,5.983737951880001e-05,,2007,4,2007
2007-04-22,5.400998626400001e-05,,3.0787878809600004e-05,,3.6188877436e-05,,4.332825416280001e-05,6.71735537664e-05,,2007,4,2007
2007-04-23,5.2151343012000005e-05,,2.8743371232400003e-05,,3.5040891898000004e-05,,3.74024621476e-05,6.340160128440001e-05,,2007,4,2007
2007-04-24,4.8543388464000014e-05,,2.626153583120001e-05,,3.2755854017600006e-05,,2.997882233520001e-05,6.137896009840001e-05,,2007,4,2007
2007-04-25,4.6247417388000016e-05,,2.43154270144e-05,,2.9825757596800008e-05,,2.4534090926400004e-05,5.8809659132400006e-05,,2007,4,2007
2007-04-26,4.307679066400001e-05,,2.2784779630400004e-05,,2.64474001564e-05,,2.1090134312400004e-05,5.407558543760001e-05,,2007,4,2007
2007-04-27,4.034349176400001e-05,,2.1418130180400003e-05,,2.3079975911600006e-05,,1.8903495192400003e-05,5.15172176672e-05,,2007,4,2007
2007-04-28,4.034349176400001e-05,,2.0565340923600003e-05,,2.07074724664e-05,,1.7547778938e-05,5.189987951320001e-05,,2007,4,2007
2007-04-29,3.9031508292e-05,,1.9461088168000003e-05,,1.8662964889200005e-05,,1.6596590920800002e-05,5.100335747400001e-05,,2007,4,2007
2007-04-30,3.717286504e-05,,1.8509900150800003e-05,,1.7066718331600002e-05,,1.5568870534400002e-05,4.921031339560001e-05,,2007,4,2007
2007-05-01,3.542355374400001e-05,,1.78320420236e-05,,1.5754734859600002e-05,,1.4584882930400004e-05,4.676127758120001e-05,,2007,5,2007
2007-05-02,3.8594180468e-05,,2.0980802356400005e-05,,1.7186983483200004e-05,,1.7766442850000003e-05,5.275266877000001e-05,,2007,5,2007
2007-05-03,3.8594180468e-05,1.6235795466000005e-05,2.3528236931200007e-05,2.74751205428e-05,1.8608298911200003e-05,,2.4818354012000004e-05,5.00084366744e-05,,2007,5,2007
2007-05-04,3.6735537216e-05,1.5601670121200004e-05,2.0784004835600005e-05,2.3528236931200007e-05,2.07949380312e-05,,2.1483729354000004e-05,4.8751119180400007e-05,,2007,5,2007
2007-05-05,3.4986225920000006e-05,1.4431818192000005e-05,1.9275223842800003e-05,2.0270144642400004e-05,2.06965392708e-05,,1.86738980848e-05,4.641141532200001e-05,,2007,5,2007
2007-05-06,3.3564910492000004e-05,1.28137052432e-05,1.7755509654400004e-05,1.7416580590800003e-05,1.94282885812e-05,,1.6848054419600003e-05,4.615995182320001e-05,,2007,5,2007
2007-05-07,3.4002238316e-05,1.1698519292000004e-05,1.69136535932e-05,1.56126033168e-05,1.7580578524800003e-05,,1.5525137752e-05,4.842312331240001e-05,,2007,5,2007
2007-05-08,3.586088156800001e-05,1.0605199732000002e-05,1.6192062683600003e-05,1.40600895416e-05,1.56782024904e-05,,1.46395489084e-05,5.033643254240001e-05,,2007,5,2007
2007-05-09,3.542355374400001e-05,9.675878106000002e-06,1.530647384e-05,1.2835571634400002e-05,1.448648417e-05,,1.3327565436400002e-05,4.830285816080001e-05,,2007,5,2007
2007-05-10,3.3127582668e-05,8.899621218400001e-06,1.4584882930400004e-05,1.2288911854400005e-05,1.3797692847200002e-05,,1.2518508962e-05,4.351411848800001e-05,,2007,5,2007
2007-05-11,3.1268939416000006e-05,8.309228656e-06,1.3994490368000002e-05,1.1917183204000005e-05,1.30323691552e-05,,1.1873450421600005e-05,4.0616821654e-05,,2007,5,2007
2007-05-12,2.9956955944000007e-05,8.101497939600001e-06,1.3436897392400004e-05,1.1611053727200004e-05,1.2267045463200002e-05,,1.13595902284e-05,3.84192493384e-05,,2007,5,2007
2007-05-13,2.7660984868e-05,7.642303724400001e-06,1.2791838852e-05,1.12939910548e-05,1.12939910548e-05,,1.09659951868e-05,3.6495006912800006e-05,,2007,5,2007
2007-05-14,2.634900139600001e-05,7.2377754872000015e-06,1.23982438104e-05,1.1009727969200002e-05,1.0561466949600002e-05,,1.0320936646400002e-05,3.4472365726800005e-05,,2007,5,2007
2007-05-15,2.5911673572000005e-05,6.6255165336e-06,1.1982782377600002e-05,1.0867596426400002e-05,1.0091339538800002e-05,,9.326015846800004e-06,3.2941718342800006e-05,,2007,5,2007
2007-05-16,2.4927685968e-05,6.188188709600001e-06,1.1654786509600002e-05,1.0703598492400003e-05,1.02444042772e-05,,8.145230722000002e-06,3.2438791345200004e-05,,2007,5,2007
2007-05-17,2.4053030320000005e-05,5.903925624000001e-06,1.1348657032800002e-05,1.04521349936e-05,1.05724001452e-05,,7.65323692e-06,3.088627757000001e-05,,2007,5,2007
2007-05-18,2.2741046848e-05,5.696194907600001e-06,1.1064393947200004e-05,1.0222537886000002e-05,1.01241391256e-05,,7.423639812400002e-06,2.91478994696e-05,,2007,5,2007
2007-05-19,2.1757059244000004e-05,5.510330582400001e-06,1.0823863644e-05,9.818009648800002e-06,9.6977444972e-06,,7.2159090960000015e-06,2.793431475800001e-05,,2007,5,2007
2007-05-20,2.2741046848e-05,6.527117773200001e-06,1.30323691552e-05,1.2267045463200002e-05,1.0408402211200002e-05,,9.01988637e-06,3.06348140712e-05,,2007,5,2007
2007-05-21,2.2741046848e-05,7.259641878400001e-06,1.284650483e-05,1.1895316812800002e-05,1.0561466949600002e-05,,9.118285130400002e-06,3.19686639344e-05,,2007,5,2007
2007-05-22,2.2741046848e-05,6.002324384400002e-06,1.1436122597600002e-05,1.02990702552e-05,9.6102789324e-06,,7.5329717684e-06,2.9661759662800004e-05,,2007,5,2007
2007-05-23,2.0882403596e-05,5.3353994528000005e-06,1.07363980792e-05,9.326015846800004e-06,8.998019978800001e-06,,6.516184577600001e-06,2.653486572120001e-05,,2007,5,2007
2007-05-24,2.0007747948000003e-05,4.996470389200001e-06,1.03100034508e-05,8.9761535876e-06,8.593491741600002e-06,,6.1444559272000015e-06,2.496048555480001e-05,,2007,5,2007
2007-05-25,1.9023760344e-05,4.766873281600001e-06,9.8726756268e-06,8.746556480000002e-06,8.221763091200002e-06,,5.9367252108000015e-06,2.3757834038800005e-05,,2007,5,2007
2007-05-26,1.8149104696000003e-05,4.504476587200001e-06,9.4790805852e-06,8.582558546e-06,7.882834027600001e-06,,5.838326450400002e-06,2.2697314065600003e-05,,2007,5,2007
2007-05-27,1.7711776872000005e-05,4.537276174000001e-06,8.9214876096e-06,8.342028242800001e-06,7.6204373332e-06,,5.739927690000001e-06,2.1494662549600003e-05,,2007,5,2007
2007-05-28,1.7274449048000004e-05,4.373278240000001e-06,8.516959372400002e-06,8.068698352800001e-06,7.423639812400002e-06,,5.2698002792e-06,2.01498794908e-05,,2007,5,2007
2007-05-29,1.6837121224000003e-05,4.1327479368e-06,8.254562678000001e-06,7.828168049600001e-06,7.128443531200001e-06,,5.346332648400001e-06,1.91002927132e-05,,2007,5,2007
2007-05-30,1.6290461444000003e-05,3.8922176336000005e-06,7.959366396800001e-06,7.642303724400001e-06,6.778581272000001e-06,,4.909004824400001e-06,1.81819042828e-05,,2007,5,2007
2007-05-31,1.5853133620000002e-05,3.6516873304e-06,7.926566810000001e-06,7.467372594800002e-06,6.472451795200001e-06,,4.6028753476e-06,1.7307248634800003e-05,,2007,5,2007
2007-06-01,1.5415805796e-05,3.487689396400001e-06,7.926566810000001e-06,7.368973834400002e-06,6.330320252400001e-06,,4.5482093696e-06,1.6596590920800002e-05,,2007,6,2007
2007-06-02,1.4978477972000003e-05,3.2690254844000004e-06,7.871900832000001e-06,7.073777553200001e-06,6.1663223184e-06,,4.0343491764e-06,1.5689135686000005e-05,,2007,6,2007
2007-06-03,1.4103822324000005e-05,3.0831611592e-06,7.7953684628e-06,6.8004476632000005e-06,5.925792015200002e-06,,3.9031508292e-06,1.4672348495200004e-05,,2007,6,2007
2007-06-04,1.4103822324000005e-05,2.919163225200001e-06,7.65323692e-06,6.7567148808e-06,6.024190775600002e-06,,3.914084024800001e-06,1.43334194316e-05,,2007,6,2007
2007-06-05,1.7711776872000005e-05,4.5919421520000005e-06,1.0594266536400002e-05,9.5446797588e-06,7.9921659836e-06,,6.384986230400001e-06,2.0171745882000004e-05,,2007,6,2007
2007-06-06,1.858643252e-05,4.909004824400001e-06,1.0408402211200002e-05,9.2494834776e-06,8.998019978800001e-06,,6.6583161204000014e-06,1.94720213636e-05,,2007,6,2007
2007-06-07,1.7274449048000004e-05,4.318612262000001e-06,8.855888436000003e-06,8.363894634000002e-06,8.637224524000002e-06,,5.379132235200001e-06,1.7853908414800004e-05,,2007,6,2007
2007-06-08,1.5853133620000002e-05,3.4111570272000007e-06,8.0249655704e-06,7.543904964e-06,7.368973834400002e-06,,4.5810089564e-06,1.5568870534400002e-05,,2007,6,2007
2007-06-09,1.5415805796e-05,3.7938188732e-06,8.910554414e-06,8.374827829600002e-06,7.303374660800001e-06,,5.3135330616e-06,1.7493112960000003e-05,,2007,6,2007
2007-06-10,1.9023760344e-05,4.5482093696e-06,8.9324208052e-06,8.648157719600002e-06,8.429493807600001e-06,,6.177255514e-06,2.4381026188000006e-05,,2007,6,2007
2007-06-11,1.7274449048000004e-05,3.4220902228000007e-06,8.670024110800001e-06,7.554838159600001e-06,7.390840225600001e-06,,4.64660813e-06,1.8990960757200003e-05,,2007,6,2007
2007-06-12,1.5853133620000002e-05,2.962896007600001e-06,7.8391012452e-06,6.734848489600001e-06,6.7129820984e-06,,3.728219699600001e-06,1.6749655659200003e-05,,2007,6,2007
2007-06-13,1.4978477972000003e-05,2.5365013792000004e-06,7.390840225600001e-06,6.1553891228e-06,6.231921492e-06,,3.2580922888000003e-06,1.55032713608e-05,,2007,6,2007
2007-06-14,1.4103822324000005e-05,2.6458333352e-06,6.876980032400001e-06,6.1553891228e-06,5.903925624000001e-06,,3.4220902228000007e-06,1.4300619844800004e-05,,2007,6,2007
2007-06-15,1.3666494500000002e-05,2.569300966e-06,6.341253448000001e-06,6.1007231448000014e-06,5.6852617120000005e-06,,3.334624658e-06,1.3611828522000004e-05,,2007,6,2007
2007-06-16,1.3666494500000002e-05,2.6458333352e-06,6.253787883200001e-06,5.838326450400002e-06,5.433798213200001e-06,,3.1050275504000004e-06,1.3130767915600005e-05,,2007,6,2007
2007-06-17,1.3119834720000002e-05,2.7223657044e-06,5.914858819600001e-06,5.554063364800001e-06,5.2151343012000015e-06,,3.1050275504000004e-06,1.2507575766400002e-05,,2007,6,2007
2007-06-18,1.2682506896000002e-05,2.4271694232000005e-06,5.696194907600001e-06,5.4993973868000005e-06,5.029269976000001e-06,,3.1378271372e-06,1.2070247942400004e-05,,2007,6,2007
2007-06-19,1.2682506896000002e-05,2.3397038584000003e-06,5.554063364800001e-06,5.247933888000001e-06,4.8215392596000014e-06,,3.1050275504000004e-06,1.1425189402e-05,,2007,6,2007
2007-06-20,1.2245179072000005e-05,2.1647727288000004e-06,5.466597800000001e-06,5.1276687364e-06,4.5810089564e-06,,2.7223657044e-06,1.0867596426400002e-05,,2007,6,2007
2007-06-21,1.1807851248000002e-05,2.0335743816000005e-06,5.302599866000001e-06,4.996470389200001e-06,4.482610196000001e-06,,2.6567665308e-06,1.03100034508e-05,,2007,6,2007
2007-06-22,1.1370523424e-05,2.0991735552e-06,5.280733474800001e-06,4.952737606800001e-06,4.438877413600001e-06,,2.5255681836000008e-06,1.0222537886000002e-05,,2007,6,2007
2007-06-23,1.1370523424e-05,2.1101067508e-06,5.280733474800001e-06,4.952737606800001e-06,4.373278240000001e-06,,2.569300966e-06,1.0003873974000002e-05,,2007,6,2007
2007-06-24,1.1370523424e-05,2.0663739684e-06,5.193267910000001e-06,4.887138433200001e-06,4.285812675200001e-06,,2.3943698364000005e-06,9.894542018000002e-06,,2007,6,2007
2007-06-25,1.0933195600000002e-05,1.9898415992000004e-06,5.193267910000001e-06,4.701274108000001e-06,4.089015154400001e-06,,2.0007747948000004e-06,9.5009469764e-06,,2007,6,2007
2007-06-26,1.038653582e-05,1.8914428388e-06,5.193267910000001e-06,4.5482093696e-06,3.8922176336000005e-06,,1.8805096432e-06,9.1401515216e-06,,2007,6,2007
2007-06-27,1.038653582e-05,2.0445075772000005e-06,5.0511363672000015e-06,4.406077826800001e-06,3.7938188732e-06,,1.9351756212e-06,9.0308195656e-06,,2007,6,2007
2007-06-28,1.038653582e-05,2.1101067508e-06,5.2151343012000015e-06,4.766873281600001e-06,3.9031508292e-06,,3.2799586800000004e-06,9.2713498688e-06,,2007,6,2007
2007-06-29,1.1807851248000002e-05,3.1924931152000006e-06,6.4833849908e-06,6.723915294000001e-06,5.422865017600001e-06,7.040977966400001e-06,4.5810089564e-06,1.24747761796e-05,,2007,6,2007
2007-06-30,1.0933195600000002e-05,2.4490358144e-06,5.390065430800001e-06,5.138601932e-06,4.285812675200001e-06,4.482610196000001e-06,3.3018250712000004e-06,9.785210062e-06,,2007,6,2007
2007-07-01,9.949207996000002e-06,2.0445075772000005e-06,5.073002758400001e-06,4.7122073036e-06,3.8375516556e-06,4.067148763200001e-06,2.8207644648000006e-06,9.01988637e-06,,2007,7,2007
2007-07-02,9.949207996000002e-06,1.7930440784000003e-06,4.9418044112e-06,4.471677000400001e-06,3.542355374400001e-06,3.4767562008000004e-06,2.5365013792000004e-06,8.418560612000002e-06,,2007,7,2007
2007-07-03,9.511880172e-06,1.6618457312000002e-06,4.865272042000001e-06,4.351411848800001e-06,3.3455578536000005e-06,2.2303719024e-06,2.438102618800001e-06,8.057765157200001e-06,,2007,7,2007
2007-07-04,9.511880172e-06,1.5306473840000006e-06,4.788739672800001e-06,4.274879479600001e-06,3.2362258976000003e-06,2.1319731420000003e-06,2.3397038584000003e-06,7.817234854000002e-06,,2007,7,2007
2007-07-05,9.074552348000002e-06,1.4322486236e-06,4.723140499200001e-06,4.154614328e-06,3.1596935284e-06,2.0882403596e-06,2.2413050980000005e-06,7.554838159600001e-06,,2007,7,2007
2007-07-06,8.637224524000002e-06,1.3447830588e-06,4.5919421520000005e-06,4.0562155676000005e-06,3.0284951812000007e-06,2.6349001396e-06,2.1538395332000003e-06,7.467372594800002e-06,,2007,7,2007
2007-07-07,8.637224524000002e-06,1.2573174940000002e-06,4.417011022400001e-06,3.9468836116e-06,2.9519628120000005e-06,2.1647727288000004e-06,2.0991735552e-06,7.292441465200002e-06,,2007,7,2007
2007-07-08,8.199896700000001e-06,1.1807851248000002e-06,4.351411848800001e-06,3.82661846e-06,2.8316976604000006e-06,1.8805096432e-06,2.0335743816000005e-06,7.073777553200001e-06,,2007,7,2007
2007-07-09,7.762568876e-06,1.1589187336e-06,4.329545457600001e-06,3.728219699600001e-06,2.7770316824000005e-06,1.7930440784000003e-06,1.9898415992000004e-06,6.9863119884000005e-06,,2007,7,2007
2007-07-10,7.762568876e-06,1.0495867776e-06,4.165547523600001e-06,3.6188877436000008e-06,2.6349001396e-06,1.7055785136000004e-06,1.8477100564000005e-06,6.964445597200001e-06,,2007,7,2007
2007-07-11,7.762568876e-06,9.183884304e-07,4.0780819588000006e-06,3.509555787600001e-06,2.5146349880000003e-06,1.5525137752000002e-06,1.8039772740000004e-06,6.527117773200001e-06,,2007,7,2007
2007-07-12,7.2159090960000015e-06,9.730544084e-07,4.0780819588000006e-06,3.509555787600001e-06,2.5146349880000003e-06,1.5306473840000006e-06,1.7383781004000002e-06,6.680182511600001e-06,,2007,7,2007
2007-07-13,7.2159090960000015e-06,9.29321626e-07,4.001549589600001e-06,3.4986225920000005e-06,2.4709022056e-06,1.3447830588e-06,1.5853133620000005e-06,6.7567148808e-06,,2007,7,2007
2007-07-14,7.2159090960000015e-06,8.965220392000002e-07,3.914084024800001e-06,3.4330234184000003e-06,2.438102618800001e-06,1.3010502764000005e-06,1.5197141884e-06,6.6255165336e-06,,2007,7,2007
2007-07-15,7.2159090960000015e-06,8.746556480000001e-07,3.8375516556e-06,3.3674242448000006e-06,2.3615702496000004e-06,1.2463842984e-06,1.6509125356000002e-06,6.614583338000001e-06,,2007,7,2007
2007-07-16,6.778581272000001e-06,8.637224524000001e-07,3.82661846e-06,3.3674242448000006e-06,2.3397038584000003e-06,1.1698519292000002e-06,1.421315428e-06,6.5489841644e-06,,2007,7,2007
2007-07-17,7.2159090960000015e-06,1.0823863644000002e-06,3.9468836116e-06,3.5642217656000006e-06,2.4162362276000005e-06,1.5306473840000006e-06,1.8258436652e-06,6.6255165336e-06,,2007,7,2007
2007-07-18,8.637224524000002e-06,2.5146349880000003e-06,6.527117773200001e-06,6.6364497292000005e-06,3.4439566140000008e-06,3.8156852644e-06,3.640754134800001e-06,8.101497939600001e-06,,2007,7,2007
2007-07-19,8.637224524000002e-06,1.91330923e-06,4.909004824400001e-06,4.876205237600001e-06,3.2471590932000003e-06,2.4818354012e-06,2.2085055112000005e-06,8.779356066800002e-06,,2007,7,2007
2007-07-20,7.2159090960000015e-06,1.4541150148000002e-06,4.2202135016000005e-06,3.990616394e-06,2.5583677704000004e-06,1.9023760344000004e-06,2.0007747948000004e-06,6.833247250000001e-06,,2007,7,2007
2007-07-21,7.2159090960000015e-06,1.5415805796e-06,4.2420798928000005e-06,4.089015154400001e-06,2.5365013792000004e-06,1.9461088168000003e-06,2.0117079904000004e-06,6.559917360000001e-06,,2007,7,2007
2007-07-22,7.2159090960000015e-06,1.2463842984e-06,3.9468836116e-06,3.717286504000001e-06,2.3287706628000003e-06,1.4978477972000005e-06,1.6509125356000002e-06,6.330320252400001e-06,,2007,7,2007
2007-07-23,6.778581272000001e-06,1.038653582e-06,3.9031508292e-06,3.5642217656000006e-06,2.2303719024e-06,1.3338498632e-06,1.421315428e-06,6.1553891228e-06,,2007,7,2007
2007-07-24,6.778581272000001e-06,9.402548216e-07,3.771952482e-06,3.4548898096000004e-06,2.1319731420000003e-06,1.2354511028e-06,1.2354511028e-06,6.024190775600002e-06,,2007,7,2007
2007-07-25,6.341253448000001e-06,8.746556480000001e-07,3.640754134800001e-06,3.3455578536000005e-06,2.0445075772000005e-06,1.1807851248000002e-06,1.2245179072e-06,5.7945936680000016e-06,,2007,7,2007
2007-07-26,6.341253448000001e-06,7.981232788000002e-07,3.5751549612000007e-06,3.2690254844000004e-06,1.9789084036000003e-06,1.0714531688000002e-06,1.1589187336e-06,5.630595734000001e-06,,2007,7,2007
2007-07-27,5.903925624000001e-06,7.653236920000003e-07,3.487689396400001e-06,3.1815599196e-06,1.91330923e-06,1.0605199732e-06,1.1151859512e-06,5.488464191200002e-06,,2007,7,2007
2007-07-28,5.903925624000001e-06,7.106577140000001e-07,3.3674242448000006e-06,3.1050275504000004e-06,1.8695764476000003e-06,9.949207996000002e-07,1.0714531688000002e-06,5.411931822e-06,,2007,7,2007
2007-07-29,5.903925624000001e-06,6.669249316000001e-07,3.3127582668e-06,3.0503615724000007e-06,1.8149104696e-06,9.511880172000002e-07,1.038653582e-06,5.3353994528000005e-06,,2007,7,2007
2007-07-30,5.903925624000001e-06,6.450585404000001e-07,3.2471590932000003e-06,3.0175619856000006e-06,1.7383781004000002e-06,9.621212128e-07,1.0167871908000002e-06,5.258867083600001e-06,,2007,7,2007
2007-07-31,5.466597800000001e-06,6.013257580000001e-07,3.1815599196e-06,2.941029616400001e-06,1.6618457312000002e-06,8.965220392000002e-07,9.730544084e-07,5.1823347144e-06,,2007,7,2007
2007-08-01,5.466597800000001e-06,5.247933888e-07,3.0940943548000004e-06,2.8644972472000003e-06,1.6181129488e-06,8.199896700000001e-07,8.855888436000001e-07,5.0511363672000015e-06,,2007,8,2007
2007-08-02,5.466597800000001e-06,4.263946284000001e-07,3.0066287900000006e-06,2.744232095600001e-06,1.5087809928000003e-06,7.215909096000001e-07,8.199896700000001e-07,4.996470389200001e-06,,2007,8,2007
2007-08-03,5.466597800000001e-06,3.826618460000002e-07,2.9519628120000005e-06,2.6567665308e-06,1.4650482104000002e-06,7.215909096000001e-07,8.418560612000001e-07,5.0074035848000014e-06,,2007,8,2007
2007-08-04,5.466597800000001e-06,,2.9519628120000005e-06,2.6567665308e-06,1.4541150148000002e-06,7.762568876000001e-07,8.855888436000001e-07,5.0074035848000014e-06,,2007,8,2007
2007-08-05,5.029269976000001e-06,,2.9300964208000004e-06,2.6458333352e-06,1.3994490368000005e-06,7.762568876000001e-07,8.637224524000001e-07,4.887138433200001e-06,,2007,8,2007
2007-08-06,5.029269976000001e-06,,2.8863636384000003e-06,2.623966944000001e-06,1.3338498632e-06,7.434573008000001e-07,8.418560612000001e-07,4.952737606800001e-06,,2007,8,2007
2007-08-07,5.029269976000001e-06,,2.8535640516000007e-06,2.6130337484e-06,1.3119834720000005e-06,6.997245184000001e-07,7.871900832000001e-07,4.887138433200001e-06,,2007,8,2007
2007-08-08,5.029269976000001e-06,,2.7551652912000005e-06,2.547434574800001e-06,1.2682506896000002e-06,6.887913228000001e-07,7.871900832000001e-07,4.788739672800001e-06,,2007,8,2007
2007-08-09,5.029269976000001e-06,,2.766098486800001e-06,2.5037017924000007e-06,1.2354511028e-06,6.778581272000001e-07,7.653236920000003e-07,4.755940086e-06,,2007,8,2007
2007-08-10,5.029269976000001e-06,,2.7879648780000005e-06,2.438102618800001e-06,1.1807851248000002e-06,6.887913228000001e-07,7.434573008000001e-07,4.6903409124e-06,,2007,8,2007
2007-08-11,5.029269976000001e-06,,2.7114325088000004e-06,2.3506370540000004e-06,1.1589187336e-06,6.887913228000001e-07,7.106577140000001e-07,4.6247417388e-06,,2007,8,2007
2007-08-12,5.029269976000001e-06,,2.623966944000001e-06,2.2850378804e-06,1.1151859512e-06,6.231921492000001e-07,6.887913228000001e-07,4.537276174000001e-06,,2007,8,2007
2007-08-13,5.029269976000001e-06,,2.5365013792000004e-06,2.2413050980000005e-06,1.0823863644000002e-06,6.013257580000001e-07,6.887913228000001e-07,4.537276174000001e-06,,2007,8,2007
2007-08-14,5.029269976000001e-06,,2.4709022056e-06,2.2303719024e-06,1.038653582e-06,5.685261712e-07,6.341253448000001e-07,4.471677000400001e-06,,2007,8,2007
2007-08-15,5.029269976000001e-06,,2.3397038584000003e-06,2.2085055112000005e-06,9.839876040000002e-07,5.247933888e-07,6.013257580000001e-07,4.406077826800001e-06,,2007,8,2007
2007-08-16,5.029269976000001e-06,,2.2850378804e-06,2.1757059244000004e-06,9.949207996000002e-07,4.810606064000001e-07,5.685261712e-07,4.285812675200001e-06,,2007,8,2007
2007-08-17,5.029269976000001e-06,,2.2194387068000005e-06,2.1647727288000004e-06,9.511880172000002e-07,4.919938020000001e-07,5.685261712e-07,4.340478653200001e-06,,2007,8,2007
2007-08-18,5.029269976000001e-06,,2.2413050980000005e-06,2.1429063376000003e-06,9.621212128e-07,4.482610196000001e-07,5.794593668000001e-07,4.340478653200001e-06,,2007,8,2007
2007-08-19,5.903925624000001e-06,,3.5751549612000007e-06,3.6516873304e-06,2.0554407728000005e-06,1.3447830588e-06,1.7165117092000002e-06,6.2756542744e-06,,2007,8,2007
2007-08-20,6.778581272000001e-06,,4.952737606800001e-06,5.2151343012000015e-06,4.285812675200001e-06,2.8754304428000007e-06,2.7879648780000005e-06,8.998019978800001e-06,,2007,8,2007
2007-08-21,6.778581272000001e-06,,3.170626724000001e-06,2.941029616400001e-06,2.1538395332000003e-06,1.6181129488e-06,1.2682506896000002e-06,5.903925624000001e-06,,2007,8,2007
2007-08-22,5.466597800000001e-06,,2.7114325088000004e-06,2.6676997264e-06,1.5743801664000005e-06,1.0277203864000005e-06,9.183884304e-07,4.9418044112e-06,,2007,8,2007
2007-08-23,5.466597800000001e-06,,2.5583677704000004e-06,2.4818354012e-06,1.3666494500000002e-06,9.074552348e-07,8.527892568000002e-07,4.5263429784e-06,,2007,8,2007
2007-08-24,5.029269976000001e-06,,2.4490358144e-06,2.4053030320000005e-06,1.2245179072e-06,7.981232788000002e-07,7.871900832000001e-07,4.362345044400001e-06,,2007,8,2007
2007-08-25,5.029269976000001e-06,,2.3725034452000004e-06,2.2850378804e-06,1.1042527556000002e-06,6.887913228000001e-07,7.325241052000001e-07,4.165547523600001e-06,,2007,8,2007
2007-08-26,5.029269976000001e-06,,2.3069042716000003e-06,2.2085055112000005e-06,1.0605199732e-06,6.778581272000001e-07,6.997245184000001e-07,4.089015154400001e-06,,2007,8,2007
2007-08-27,5.029269976000001e-06,,2.252238293600001e-06,2.1647727288000004e-06,9.949207996000002e-07,6.559917360000001e-07,6.778581272000001e-07,3.979683198400001e-06,,2007,8,2007
2007-08-28,5.029269976000001e-06,,2.2303719024e-06,2.1210399464000003e-06,9.402548216e-07,6.231921492000001e-07,6.450585404000001e-07,3.935950416000001e-06,,2007,8,2007
2007-08-29,4.5919421520000005e-06,,2.1429063376000003e-06,2.0335743816000005e-06,8.746556480000001e-07,5.138601932000001e-07,5.794593668000001e-07,3.7828856776e-06,,2007,8,2007
2007-08-30,4.5919421520000005e-06,,2.0445075772000005e-06,1.9570420124000003e-06,8.199896700000001e-07,4.154614328000001e-07,5.138601932000001e-07,3.728219699600001e-06,,2007,8,2007
2007-08-31,4.5919421520000005e-06,,2.0226411860000004e-06,1.9789084036000003e-06,8.199896700000001e-07,3.935950416000001e-07,5.357265844000001e-07,3.7828856776e-06,,2007,8,2007
2007-09-01,4.5919421520000005e-06,,2.0007747948000004e-06,1.9789084036000003e-06,7.981232788000002e-07,,5.138601932000001e-07,3.771952482e-06,,2007,9,2007
2007-09-02,4.5919421520000005e-06,,1.9570420124000003e-06,1.9679752080000003e-06,8.527892568000002e-07,,4.919938020000001e-07,3.728219699600001e-06,,2007,9,2007
2007-09-03,4.482610196000001e-06,,1.8914428388e-06,1.9351756212e-06,1.1917183204000002e-06,,4.810606064000001e-07,3.5970213524000007e-06,,2007,9,2007
2007-09-04,5.029269976000001e-06,,2.2741046848e-06,2.4053030320000005e-06,1.7165117092000002e-06,,,4.515409782800001e-06,,2007,9,2007
2007-09-05,5.029269976000001e-06,,2.0445075772000005e-06,2.1210399464000003e-06,1.4978477972000005e-06,,,3.990616394e-06,,2007,9,2007
2007-09-06,4.5919421520000005e-06,,1.9351756212e-06,2.0554407728000005e-06,1.0933195600000002e-06,,,3.771952482e-06,,2007,9,2007
2007-09-07,4.482610196000001e-06,,1.8586432520000005e-06,1.9898415992000004e-06,6.997245184000001e-07,,,3.640754134800001e-06,,2007,9,2007
2007-09-08,4.373278240000001e-06,,1.7383781004000002e-06,1.8695764476000003e-06,6.013257580000001e-07,,,3.5751549612000007e-06,,2007,9,2007
2007-09-09,4.2639462840000006e-06,,1.5962465576000003e-06,1.7493112960000002e-06,5.247933888e-07,,,3.5751549612000007e-06,,2007,9,2007
2007-09-10,,,,1.6727789268000005e-06,,,,3.5642217656000006e-06,,2007,9,2007
2007-09-11,,,,1.6509125356000002e-06,,,,3.4767562008000004e-06,,2007,9,2007
2007-09-12,,,,,,,,,,2007,9,2007
2007-09-13,,,,,,,,,,2007,9,2007
2007-09-14,,,,,,,,,,2007,9,2007
2007-09-15,,,,,,,,,,2007,9,2007
2007-09-16,,,,,,,,,,2007,9,2007
2007-09-17,,,,,,,,,,2007,9,2007
2007-09-18,,,,,,,,,,2007,9,2007
2007-09-19,,,,,,,,,,2007,9,2007
2007-09-20,,,,,,,,,,2007,9,2007
2007-09-21,,,,,,,,,,2007,9,2007
2007-09-22,,,,,,,,,,2007,9,2007
2007-09-23,,,,,,,,,,2007,9,2007
2007-09-24,,,,,,,,,,2007,9,2007
2007-09-25,,,,,,,,,,2007,9,2007
2007-09-26,,,,,,,,,,2007,9,2007
2007-09-27,,,,,,,,,,2007,9,2007
2007-09-28,,,,,,,,,,2007,9,2007
2007-09-29,,,,,,,,,,2007,9,2007
2007-09-30,,,,,,,,,,2007,9,2007
2007-10-01,,,,,,,,,,2007,10,2008
2007-10-02,,,,,,,,,,2007,10,2008
2007-10-03,,,,,,,,,,2007,10,2008
2007-10-04,,,,,,,,,,2007,10,2008
2007-10-05,,,,,,,,,,2007,10,2008
2007-10-06,,,,,,,,,,2007,10,2008
2007-10-07,,,,,,,,,,2007,10,2008
2007-10-08,,,,,,,,,,2007,10,2008
2007-10-09,,,,,,,,,,2007,10,2008
2007-10-10,,,,,,,,,,2007,10,2008
2007-10-11,,,,,,,,,,2007,10,2008
2007-10-12,,,,,,,,,,2007,10,2008
2007-10-13,,,,,,,,,,2007,10,2008
2007-10-14,,,,,,,,,,2007,10,2008
2007-10-15,,,,,,,,,,2007,10,2008
2007-10-16,,,,,,,,,,2007,10,2008
2007-10-17,,,,,,,,,,2007,10,2008
2007-10-18,,,,,,,,,,2007,10,2008
2007-10-19,,,,,,,,,,2007,10,2008
2007-10-20,,,,,,,,,,2007,10,2008
2007-10-21,,,,,,,,,,2007,10,2008
2007-10-22,,,,,,,,,,2007,10,2008
2007-10-23,,,,,,,,,,2007,10,2008
2007-10-24,,,,,,,,,,2007,10,2008
2007-10-25,,,,,,,,,,2007,10,2008
2007-10-26,,,,,,,,,,2007,10,2008
2007-10-27,,,,,,,,,,2007,10,2008
2007-10-28,,,,,,,,,,2007,10,2008
2007-10-29,,,,,,,,,,2007,10,2008
2007-10-30,,,,,,,,,,2007,10,2008
2007-10-31,,,,,,,,,,2007,10,2008
2007-11-01,,,,,,,,,,2007,11,2008
2007-11-02,,,,,,,,,,2007,11,2008
2007-11-03,,,,,,,,,,2007,11,2008
2007-11-04,,,,,,,,,,2007,11,2008
2007-11-05,,,,,,,,,,2007,11,2008
2007-11-06,,,,,,,,,,2007,11,2008
2007-11-07,,,,,,,,,,2007,11,2008
2007-11-08,,,,,,,,,,2007,11,2008
2007-11-09,,,,,,,,,,2007,11,2008
2007-11-10,,,,,,,,,,2007,11,2008
2007-11-11,,,,,,,,,,2007,11,2008
2007-11-12,,,,,,,,,,2007,11,2008
2007-11-13,,,,,,,,,,2007,11,2008
2007-11-14,,,,,,,,,,2007,11,2008
2007-11-15,,,,,,,,,,2007,11,2008
2007-11-16,,,,,,,,,,2007,11,2008
2007-11-17,,,,,,,,,,2007,11,2008
2007-11-18,,,,,,,,,,2007,11,2008
2007-11-19,,,,,,,,,,2007,11,2008
2007-11-20,,,,,,,,,,2007,11,2008
2007-11-21,,,,,,,,,,2007,11,2008
2007-11-22,,,,,,,,,,2007,11,2008
2007-11-23,,,,,,,,,,2007,11,2008
2007-11-24,,,,,,,,,,2007,11,2008
2007-11-25,,,,,,,,,,2007,11,2008
2007-11-26,,,,,,,,,,2007,11,2008
2007-11-27,,,,,,,,,,2007,11,2008
2007-11-28,,,,,,,,,,2007,11,2008
2007-11-29,,,,,,,,,,2007,11,2008
2007-11-30,,,,,,,,,,2007,11,2008
2007-12-01,,,,,,,,,,2007,12,2008
2007-12-02,,,,,,,,,,2007,12,2008
2007-12-03,,,,,,,,,,2007,12,2008
2007-12-04,,,,,,,,,,2007,12,2008
2007-12-05,,,,,,,,,,2007,12,2008
2007-12-06,,,,,,,,,,2007,12,2008
2007-12-07,,,,,,,,,,2007,12,2008
2007-12-08,,,,,,,,,,2007,12,2008
2007-12-09,,,,,,,,,,2007,12,2008
2007-12-10,,,,,,,,,,2007,12,2008
2007-12-11,,,,,,,,,,2007,12,2008
2007-12-12,,,,,,,,,,2007,12,2008
2007-12-13,,,,,,,,,,2007,12,2008
2007-12-14,,,,,,,,,,2007,12,2008
2007-12-15,,,,,,,,,,2007,12,2008
2007-12-16,,,,,,,,,,2007,12,2008
2007-12-17,,,,,,,,,,2007,12,2008
2007-12-18,,,,,,,,,,2007,12,2008
2007-12-19,,,,,,,,,,2007,12,2008
2007-12-20,,,,,,,,,,2007,12,2008
2007-12-21,,,,,,,,,,2007,12,2008
2007-12-22,,,,,,,,,,2007,12,2008
2007-12-23,,,,,,,,,,2007,12,2008
2007-12-24,,,,,,,,,,2007,12,2008
2007-12-25,,,,,,,,,,2007,12,2008
2007-12-26,,,,,,,,,,2007,12,2008
2007-12-27,,,,,,,,,,2007,12,2008
2007-12-28,,,,,,,,,,2007,12,2008
2007-12-29,,,,,,,,,,2007,12,2008
2007-12-30,,,,,,,,,,2007,12,2008
2007-12-31,,,,,,,,,,2007,12,2008
2008-01-01,,,,,,,,,,2008,1,2008
2008-01-02,,,,,,,,,,2008,1,2008
2008-01-03,,,,,,,,,,2008,1,2008
2008-01-04,,,,,,,,,,2008,1,2008
2008-01-05,,,,,,,,,,2008,1,2008
2008-01-06,,,,,,,,,,2008,1,2008
2008-01-07,,,,,,,,,,2008,1,2008
2008-01-08,,,,,,,,,,2008,1,2008
2008-01-09,,,,,,,,,,2008,1,2008
2008-01-10,,,,,,,,,,2008,1,2008
2008-01-11,,,,,,,,,,2008,1,2008
2008-01-12,,,,,,,,,,2008,1,2008
2008-01-13,,,,,,,,,,2008,1,2008
2008-01-14,,,,,,,,,,2008,1,2008
2008-01-15,,,,,,,,,,2008,1,2008
2008-01-16,,,,,,,,,,2008,1,2008
2008-01-17,,,,,,,,,,2008,1,2008
2008-01-18,,,,,,,,,,2008,1,2008
2008-01-19,,,,,,,,,,2008,1,2008
2008-01-20,,,,,,,,,,2008,1,2008
2008-01-21,,,,,,,,,,2008,1,2008
2008-01-22,,,,,,,,,,2008,1,2008
2008-01-23,,,,,,,,,,2008,1,2008
2008-01-24,,,,,,,,,,2008,1,2008
2008-01-25,,,,,,,,,,2008,1,2008
2008-01-26,,,,,,,,,,2008,1,2008
2008-01-27,,,,,,,,,,2008,1,2008
2008-01-28,,,,,,,,,,2008,1,2008
2008-01-29,,,,,,,,,,2008,1,2008
2008-01-30,,,,,,,,,,2008,1,2008
2008-01-31,,,,,,,,,,2008,1,2008
2008-02-01,,,,,,,,,,2008,2,2008
2008-02-02,,,,,,,,,,2008,2,2008
2008-02-03,,,,,,,,,,2008,2,2008
2008-02-04,,,,,,,,,,2008,2,2008
2008-02-05,,,,,,,,,,2008,2,2008
2008-02-06,,,,,,,,,,2008,2,2008
2008-02-07,,,,,,,,,,2008,2,2008
2008-02-08,,,,,,,,,,2008,2,2008
2008-02-09,,,,,,,,,,2008,2,2008
2008-02-10,,,,,,,,,,2008,2,2008
2008-02-11,,,,,,,,,,2008,2,2008
2008-02-12,,,,,,,,,,2008,2,2008
2008-02-13,,,,,,,,,,2008,2,2008
2008-02-14,,,,,,,,,,2008,2,2008
2008-02-15,,,,,,,,,,2008,2,2008
2008-02-16,,,,,,,,,,2008,2,2008
2008-02-17,,,,,,,,,,2008,2,2008
2008-02-18,,,,,,,,,,2008,2,2008
2008-02-19,,,,,,,,,,2008,2,2008
2008-02-20,,,,,,,,,,2008,2,2008
2008-02-21,,,,,,,,,,2008,2,2008
2008-02-22,,,,,,,,,,2008,2,2008
2008-02-23,,,,,,,,,,2008,2,2008
2008-02-24,,,,,,,,,,2008,2,2008
2008-02-25,,,,,,,,,,2008,2,2008
2008-02-26,,,,,,,,,,2008,2,2008
2008-02-27,,,,,,,,,,2008,2,2008
2008-02-28,,,,,,,,,,2008,2,2008
2008-02-29,,,,,,,,,,2008,2,2008
2008-03-01,,,,,,,,,,2008,3,2008
2008-03-02,,,,,,,,,,2008,3,2008
2008-03-03,,,,,,,,,,2008,3,2008
2008-03-04,,,,,,,,,,2008,3,2008
2008-03-05,,,,,,,,,,2008,3,2008
2008-03-06,,,,,,,,,,2008,3,2008
2008-03-07,,,,,,,,,,2008,3,2008
2008-03-08,,,,,,,,,,2008,3,2008
2008-03-09,,,,,,,,,,2008,3,2008
2008-03-10,,,,,,,,,,2008,3,2008
2008-03-11,,,,,,,,,,2008,3,2008
2008-03-12,,,,,,,,,,2008,3,2008
2008-03-13,,,,,,,,,,2008,3,2008
2008-03-14,,,,,,,,,,2008,3,2008
2008-03-15,,,,,,,,,,2008,3,2008
2008-03-16,,,,,,,,,,2008,3,2008
2008-03-17,,,,,,,,,,2008,3,2008
2008-03-18,,,,,,,,,,2008,3,2008
2008-03-19,,,,,,,,,,2008,3,2008
2008-03-20,,,,,,,,,,2008,3,2008
2008-03-21,,,,,,,,,,2008,3,2008
2008-03-22,,,,,,,,,,2008,3,2008
2008-03-23,,,,,,,,,,2008,3,2008
2008-03-24,,,,,,,,,,2008,3,2008
2008-03-25,,,,,,,,,,2008,3,2008
2008-03-26,,,,,,,,,,2008,3,2008
2008-03-27,,,,,,,,,,2008,3,2008
2008-03-28,,,,,,,,,,2008,3,2008
2008-03-29,,,,,,,,,,2008,3,2008
2008-03-30,,,,,,,,,,2008,3,2008
2008-03-31,,,,,,,,,,2008,3,2008
2008-04-01,,,,,,,,,,2008,4,2008
2008-04-02,,,,,,,,,,2008,4,2008
2008-04-03,,,,,,,,,,2008,4,2008
2008-04-04,,,,,,,,,,2008,4,2008
2008-04-05,,,,,,,,,,2008,4,2008
2008-04-06,,,,,,,,,,2008,4,2008
2008-04-07,,,,,,,,,,2008,4,2008
2008-04-08,,,,,,,,,,2008,4,2008
2008-04-09,,,,,,,,,,2008,4,2008
2008-04-10,,,,,,,,,,2008,4,2008
2008-04-11,,,,,,,,,,2008,4,2008
2008-04-12,,,,,,,,,,2008,4,2008
2008-04-13,,,,,,,,,,2008,4,2008
2008-04-14,,,,,,,,,,2008,4,2008
2008-04-15,,,,,,,,,,2008,4,2008
2008-04-16,,,,,,,,,,2008,4,2008
2008-04-17,,,,,,,,,,2008,4,2008
2008-04-18,,,,,,,,,,2008,4,2008
2008-04-19,,,,,,,,,,2008,4,2008
2008-04-20,,,,,,,,,,2008,4,2008
2008-04-21,,,,,,,,,,2008,4,2008
2008-04-22,,,,,,,,,,2008,4,2008
2008-04-23,,6.781861230680001e-05,,,,,,,,2008,4,2008
2008-04-24,,6.468078516960002e-05,,,,,,,,2008,4,2008
2008-04-25,,5.4294249349600015e-05,,,,,,,,2008,4,2008
2008-04-26,,4.18085399744e-05,,,,,,,,2008,4,2008
2008-04-27,,3.586088156800001e-05,,,,,,,,2008,4,2008
2008-04-28,,3.1760933218e-05,,,,,,,,2008,4,2008
2008-04-29,,3.5773416003200005e-05,,,,,,,,2008,4,2008
2008-04-30,,4.816072661800001e-05,7.18092287008e-05,,,,,,,2008,4,2008
2008-05-01,,4.86964532024e-05,6.847460404280001e-05,,,,,,,2008,5,2008
2008-05-02,,4.047469011120001e-05,6.211148420360001e-05,,,,,,,2008,5,2008
2008-05-03,,3.396943872920001e-05,5.559529962600001e-05,,,,,,,2008,5,2008
2008-05-04,,2.869963845e-05,5.12329545816e-05,,,,,,,2008,5,2008
2008-05-05,,2.5813274811600005e-05,4.75375344688e-05,,,,,,,2008,5,2008
2008-05-06,,2.3528236931200007e-05,4.44543733096e-05,,,,,,,2008,5,2008
2008-05-07,,2.1385330593600004e-05,4.04856233068e-05,,,,,,,2008,5,2008
2008-05-08,,1.95813533196e-05,3.6473140521600007e-05,,,,,,,2008,5,2008
2008-05-09,,1.8050705935600003e-05,3.3018250712000004e-05,,,,,,,2008,5,2008
2008-05-10,,1.6837121224000003e-05,3.0591081288800004e-05,,,,,,,2008,5,2008
2008-05-11,,1.58750000112e-05,2.8601239689600005e-05,,,,,,,2008,5,2008
2008-05-12,,1.45739497348e-05,2.6972193545200007e-05,,,,,,,2008,5,2008
2008-05-13,,1.3885158412e-05,2.56164772908e-05,,,,,,,2008,5,2008
2008-05-14,,1.34259641968e-05,2.440289257920001e-05,,,,,,,2008,5,2008
2008-05-15,,1.28137052432e-05,2.3626635691600007e-05,,,,,,,2008,5,2008
2008-05-16,,1.2223312680800004e-05,2.3407971779600005e-05,,,,,,,2008,5,2008
2008-05-17,0.00029628960076,1.16657197052e-05,2.3539170126800003e-05,,0.0003633866221572,,,0.000623520145068,,2008,5,2008
2008-05-18,0.00026950327154,1.10534607516e-05,2.31565082808e-05,,0.0002952400139824,,,0.000515062844716,,2008,5,2008
2008-05-19,0.000228613119996,1.038653582e-05,2.1680526874800007e-05,,0.000230034435424,,,0.000432735881848,,2008,5,2008
2008-05-20,0.000216805268748,1.09441287956e-05,2.1953856764800007e-05,,0.0001990716254848,,,0.000402450930036,,2008,5,2008
2008-05-21,0.00018149104696,1.3327565436400002e-05,2.3167441476400007e-05,,0.0001724820937856,,,0.000291806990564,,2008,5,2008
2008-05-22,0.00014377152214,1.2223312680800004e-05,2.0816804422400004e-05,,0.000137047606846,,,0.000206746728796,,2008,5,2008
2008-05-23,0.000115673209448,1.1129993120800005e-05,1.99421487744e-05,,0.000109331956,,,0.000165528581384,,2008,5,2008
2008-05-24,9.982007582800002e-05,1.0277203864e-05,1.92533574516e-05,,0.0001001371385004,,,0.000150659435368,,2008,5,2008
2008-05-25,0.000106161329276,9.960141191600003e-06,1.85426997376e-05,,0.0001040949553076,,,0.00016454459378,,2008,5,2008
2008-05-26,0.000103428030376,9.2276170864e-06,1.7493112960000003e-05,,9.27353650792e-05,,,0.000163669938132,,2008,5,2008
2008-05-27,0.000100694731476,8.735623284400002e-06,1.69792527668e-05,,8.501652898560001e-05,,,0.000164325929868,,2008,5,2008
2008-05-28,0.000138414256296,1.21467803116e-05,2.1439996571600005e-05,,0.000101241391256,,,0.000262178030488,,2008,5,2008
2008-05-29,0.000145630165392,1.40272899548e-05,2.077307164e-05,,0.0001048384126084,,,0.000239764979508,,2008,5,2008
2008-05-30,0.00012245179072,1.2103047529200005e-05,1.90456267352e-05,,9.5610795522e-05,,,0.000187722968452,,2008,5,2008
2008-05-31,0.000116110537272,1.06707989056e-05,1.7974173566400003e-05,,8.545385680960002e-05,,,0.000183021694344,,2008,5,2008
2008-06-01,0.000108019972528,9.6868113016e-06,1.7022985549200003e-05,,7.31540117596e-05,,,0.000169683195712,,2008,6,2008
2008-06-02,9.3916150204e-05,8.834022044800002e-06,1.6115530314400003e-05,,6.0154442191200005e-05,,,0.00014650482104,,2008,6,2008
2008-06-03,0.000115235881624,2.0565340923600003e-05,2.7923381562400003e-05,3.036148418120001e-05,6.6528495226e-05,3.213266186840001e-05,,0.000198656164052,,2008,6,2008
2008-06-04,0.000113377238372,1.88269628232e-05,2.28066460216e-05,2.1407196984800006e-05,5.8984590262000007e-05,1.8684831280400004e-05,,0.000177336432632,,2008,6,2008
2008-06-05,9.347882238000002e-05,1.6257661857200004e-05,2.1647727288e-05,1.9450154972400003e-05,5.1954545491200005e-05,1.4584882930400004e-05,,0.00014541150148,,2008,6,2008
2008-06-06,9.5228133676e-05,1.7154183896400002e-05,2.2577048914e-05,2.22271866548e-05,5.3605458026800006e-05,1.4366219018400002e-05,,0.00015470471774,,2008,6,2008
2008-06-07,9.708677692800004e-05,2.1013601943200004e-05,2.3407971779600005e-05,2.2030389134000004e-05,5.531103654040001e-05,1.5689135686000005e-05,4.072615361000001e-05,0.000159952651628,,2008,6,2008
2008-06-08,8.757489675600001e-05,1.8334969021200003e-05,2.2041322329600004e-05,1.9526687341600004e-05,5.281826794360001e-05,1.3043302350800004e-05,2.74313877604e-05,0.000145630165392,,2008,6,2008
2008-06-09,8.757489675600001e-05,1.5907799598000003e-05,2.12759986376e-05,1.9078426322000003e-05,4.956017565480001e-05,1.120652549e-05,2.1418130180400003e-05,0.0001475981406,,2008,6,2008
2008-06-10,8.932420805200003e-05,1.83568354124e-05,2.38452996036e-05,2.5813274811600005e-05,4.8204459400400006e-05,1.5361139818000003e-05,2.7759383628400005e-05,0.000149566115808,,2008,6,2008
2008-06-11,8.298295460400001e-05,2.1407196984800006e-05,2.3134641889600004e-05,2.4818354012000004e-05,4.77452651852e-05,1.67059228768e-05,2.9946022748400004e-05,0.000138742252164,,2008,6,2008
2008-06-12,7.532971768400001e-05,1.8203770674000004e-05,2.2030389134000004e-05,1.967975208e-05,4.32517217936e-05,1.23873106148e-05,2.2883178390800003e-05,0.000127590392652,,2008,6,2008
2008-06-13,7.8500344408e-05,1.5372073013600003e-05,2.0827737618000007e-05,1.7274449048000004e-05,3.921737261720001e-05,9.894542018000002e-06,1.8160037891600003e-05,0.000137430268692,,2008,6,2008
2008-06-14,8.396694220800002e-05,1.2933970394800002e-05,1.93080234296e-05,1.55907369256e-05,3.476756200800001e-05,8.615358132800001e-06,1.5273674253200003e-05,0.000147160812776,,2008,6,2008
2008-06-15,8.167097113200001e-05,1.1468922184400002e-05,1.8050705935600003e-05,1.4409951800800004e-05,3.102840911280001e-05,7.860967636400002e-06,1.29449035904e-05,0.000141912878888,,2008,6,2008
2008-06-16,7.981232788000001e-05,1.0222537886000002e-05,1.71979166788e-05,1.32510330672e-05,2.756258610760001e-05,7.204975900400002e-06,1.0419335406800002e-05,0.0001393982439,,2008,6,2008
2008-06-17,7.664170115600001e-05,9.260416673200002e-06,1.6192062683600003e-05,1.2234245876400002e-05,2.4217028254e-05,6.6255165336e-06,8.287362264800001e-06,0.000131526343068,,2008,6,2008
2008-06-18,6.898846423600001e-05,8.418560612000002e-06,1.5459538578400003e-05,1.1217458685600005e-05,2.1844524808800004e-05,6.6255165336e-06,7.882834027600001e-06,0.000117422520744,,2008,6,2008
2008-06-19,6.3084538612e-05,7.9047004188e-06,1.4836346429200002e-05,1.0834796839600002e-05,1.95813533196e-05,5.9367252108000015e-06,7.5767045508e-06,0.00010605199732,,2008,6,2008
2008-06-20,6.3521866436e-05,7.456439399200002e-06,1.4235020671200002e-05,1.02881370596e-05,1.80069731532e-05,5.663395320800001e-06,7.204975900400002e-06,0.0001073749139876,,2008,6,2008
2008-06-21,6.669249316000001e-05,7.204975900400002e-06,1.3797692847200002e-05,1.0014807169600005e-05,1.6673123290000003e-05,5.663395320800001e-06,7.2377754872000015e-06,0.000114033230108,,2008,6,2008
2008-06-22,6.1663223184e-05,6.734848489600001e-06,1.3240099871600002e-05,9.7742768664e-06,1.5415805796e-05,5.433798213200001e-06,6.341253448000001e-06,0.0001022581784468,,2008,6,2008
2008-06-23,5.5321969736e-05,6.428719012800001e-06,1.2912104003600004e-05,9.4134814116e-06,1.4453684583200002e-05,5.193267910000001e-06,5.739927690000001e-06,8.830742086120001e-05,,2008,6,2008
2008-06-24,5.0402031716000014e-05,5.947658406400001e-06,1.2562241744400002e-05,9.0636191524e-06,1.3983557172400002e-05,4.9636708024000005e-06,5.433798213200001e-06,7.91235365572e-05,,2008,6,2008
2008-06-25,4.810606064000001e-05,5.7289944944000006e-06,1.1917183204000005e-05,8.691890502000002e-06,1.3382231414400002e-05,4.9636708024000005e-06,4.9636708024000005e-06,7.343827484520001e-05,,2008,6,2008
2008-06-26,4.668474521200001e-05,5.521263778000001e-06,1.1611053727200004e-05,8.757489675600001e-06,1.2649707309200003e-05,5.193267910000001e-06,4.799672868400001e-06,6.785141189360001e-05,,2008,6,2008
2008-06-27,4.6247417388000016e-05,5.247933888000001e-06,1.1162792707600002e-05,8.691890502000002e-06,1.21577135072e-05,5.193267910000001e-06,4.701274108000001e-06,6.899939743160001e-05,,2008,6,2008
2008-06-28,4.9418044112e-05,4.865272042000001e-06,1.06161329276e-05,8.363894634000002e-06,1.14033230108e-05,5.433798213200001e-06,3.957816807200001e-06,7.646677002640001e-05,,2008,6,2008
2008-06-29,5.0402031716000014e-05,4.799672868400001e-06,1.02881370596e-05,8.243629482400001e-06,1.1239325076800002e-05,5.433798213200001e-06,4.1764807192e-06,7.747262402160001e-05,,2008,6,2008
2008-06-30,4.581008956400001e-05,4.5810089564e-06,9.9273416048e-06,8.199896700000001e-06,1.0714531688e-05,5.193267910000001e-06,3.9031508292e-06,6.84090048692e-05,,2008,6,2008
2008-07-01,4.0780819588000006e-05,4.438877413600001e-06,9.533746563200002e-06,7.970299592400001e-06,1.03537362332e-05,4.9636708024000005e-06,3.881284438e-06,5.9706181171600014e-05,,2008,7,2008
2008-07-02,3.6735537216e-05,4.231146697200001e-06,9.4134814116e-06,7.8391012452e-06,9.861742431200002e-06,4.7340736948e-06,4.0124827852e-06,5.391158750360001e-05,,2008,7,2008
2008-07-03,3.3127582668e-05,4.001549589600001e-06,9.2494834776e-06,7.707902898e-06,9.3369490424e-06,4.493543391600001e-06,3.7828856776e-06,4.892605031e-05,,2008,7,2008
2008-07-04,2.9956955944000007e-05,4.045282372000001e-06,9.347882238000002e-06,7.467372594800002e-06,9.1401515216e-06,4.274879479600001e-06,3.728219699600001e-06,4.32298554024e-05,,2008,7,2008
2008-07-05,2.7223657044000008e-05,3.957816807200001e-06,9.457214194e-06,7.412706616800002e-06,8.844955240400001e-06,4.274879479600001e-06,3.5751549612000007e-06,3.88456439668e-05,,2008,7,2008
2008-07-06,2.5365013792000005e-05,3.684486917200001e-06,9.457214194e-06,7.226842291600001e-06,8.287362264800001e-06,3.8156852644e-06,3.2908918756000004e-06,3.55547520912e-05,,2008,7,2008
2008-07-07,2.3615702496000004e-05,3.4220902228000007e-06,9.2057506952e-06,6.898846423600001e-06,7.871900832000001e-06,1.5197141884000002e-05,3.1596935284e-06,3.2449724540800004e-05,,2008,7,2008
2008-07-08,2.2741046848e-05,3.487689396400001e-06,8.987086783200001e-06,6.5927169468e-06,7.467372594800002e-06,3.3783574404e-06,2.8644972472000003e-06,3.01974862472e-05,,2008,7,2008
2008-07-09,2.1319731420000003e-05,3.2471590932000003e-06,7.7516356804e-06,6.3631198392e-06,6.516184577600001e-06,3.0394283768000003e-06,3.8594180468e-06,2.904950070920001e-05,,2008,7,2008
2008-07-10,2.0445075772000004e-05,3.0831611592e-06,7.554838159600001e-06,6.133522731600001e-06,6.1444559272000015e-06,2.8863636384000003e-06,3.695420112800001e-06,2.72017906528e-05,,2008,7,2008
2008-07-11,1.9461088168000003e-05,2.8972968340000008e-06,7.347107443200001e-06,5.914858819600001e-06,5.9367252108000015e-06,2.7551652912000005e-06,3.4439566140000008e-06,2.4566890513200003e-05,,2008,7,2008
2008-07-12,1.858643252e-05,2.6895661176000003e-06,7.172176313600001e-06,5.739927690000001e-06,5.6087293428000016e-06,2.8316976604000006e-06,3.2908918756000004e-06,2.25442493272e-05,,2008,7,2008
2008-07-13,1.7711776872000005e-05,2.5911673572e-06,7.073777553200001e-06,5.619662538400001e-06,5.379132235200001e-06,2.7114325088000004e-06,3.2034263108e-06,2.095893596520001e-05,,2008,7,2008
2008-07-14,1.7274449048000004e-05,2.5365013792000004e-06,6.909779619200001e-06,5.521263778000001e-06,5.247933888000001e-06,2.6567665308e-06,3.2034263108e-06,2.0160812686400004e-05,,2008,7,2008
2008-07-15,1.6837121224000003e-05,2.4709022056e-06,6.778581272000001e-06,5.433798213200001e-06,5.029269976000001e-06,2.569300966e-06,3.0722279636000008e-06,1.8947227974800004e-05,,2008,7,2008
2008-07-16,1.6290461444000003e-05,2.4709022056e-06,6.603650142400001e-06,5.3572658440000005e-06,4.865272042000001e-06,2.4927685968000003e-06,2.9300964208000004e-06,1.7788309241200003e-05,,2008,7,2008
2008-07-17,1.5853133620000002e-05,2.3178374672000003e-06,6.472451795200001e-06,5.2698002792e-06,4.6356749344000006e-06,2.4927685968000003e-06,2.8972968340000008e-06,1.6694989681200002e-05,,2008,7,2008
2008-07-18,1.5415805796e-05,2.2303719024e-06,6.3521866436e-06,5.193267910000001e-06,4.537276174000001e-06,2.4709022056e-06,2.8207644648000006e-06,1.5842200424400002e-05,,2008,7,2008
2008-07-19,1.4978477972000003e-05,2.2631714892e-06,6.2647210788000005e-06,5.1823347144e-06,4.362345044400001e-06,2.4927685968000003e-06,2.8535640516000007e-06,1.4901945602800004e-05,,2008,7,2008
2008-07-20,1.4541150148000002e-05,2.2850378804e-06,6.188188709600001e-06,5.138601932e-06,4.253013088400001e-06,2.5255681836000008e-06,2.7770316824000005e-06,1.40272899548e-05,,2008,7,2008
2008-07-21,1.4541150148000002e-05,2.1210399464000003e-06,6.035123971200001e-06,5.029269976000001e-06,4.001549589600001e-06,2.3287706628000003e-06,2.7004993132000003e-06,1.39179579988e-05,,2008,7,2008
2008-07-22,1.4103822324000005e-05,2.3506370540000004e-06,5.925792015200002e-06,4.930871215600001e-06,4.0124827852e-06,2.5583677704000004e-06,2.9082300296000004e-06,1.3141701111200002e-05,,2008,7,2008
2008-07-23,1.4103822324000005e-05,2.2631714892e-06,5.849259646000002e-06,4.930871215600001e-06,3.8594180468e-06,2.4927685968000003e-06,2.744232095600001e-06,1.2737172874000004e-05,,2008,7,2008
2008-07-24,1.3666494500000002e-05,2.0445075772000005e-06,5.707128103200001e-06,4.865272042000001e-06,3.6079545480000007e-06,2.3069042716000003e-06,2.547434574800001e-06,1.20593147468e-05,,2008,7,2008
2008-07-25,1.3119834720000002e-05,1.91330923e-06,5.5431301692000006e-06,4.6903409124e-06,3.4330234184000003e-06,2.1975723156000004e-06,2.3615702496000004e-06,1.175318527e-05,,2008,7,2008
2008-07-26,1.3119834720000002e-05,1.8039772740000004e-06,5.3572658440000005e-06,4.5263429784e-06,3.2908918756000004e-06,2.0663739684e-06,2.252238293600001e-06,1.1381456619600002e-05,,2008,7,2008
2008-07-27,1.2682506896000002e-05,1.7821108828000003e-06,5.247933888000001e-06,4.384211435600001e-06,3.2908918756000004e-06,1.9789084036000003e-06,2.1101067508e-06,1.1151859512000002e-05,,2008,7,2008
2008-07-28,1.2682506896000002e-05,1.7602444916000005e-06,5.160468323200001e-06,4.274879479600001e-06,3.115960746e-06,1.8586432520000005e-06,2.1647727288000004e-06,1.0823863644e-05,,2008,7,2008
2008-07-29,1.2245179072000005e-05,1.8477100564000005e-06,5.0183367804e-06,4.143681132400001e-06,3.061294768000001e-06,1.8695764476000003e-06,2.2741046848e-06,1.0681732101200002e-05,,2008,7,2008
2008-07-30,1.2682506896000002e-05,1.9461088168000003e-06,5.029269976000001e-06,4.373278240000001e-06,3.1378271372e-06,2.1101067508e-06,2.2085055112000005e-06,1.0976928382400003e-05,,2008,7,2008
2008-07-31,1.2245179072000005e-05,1.7274449048000002e-06,4.876205237600001e-06,4.089015154400001e-06,2.8863636384000003e-06,1.9351756212e-06,1.8805096432e-06,1.0211604690400002e-05,,2008,7,2008
2008-08-01,1.1807851248000002e-05,1.4650482104000002e-06,4.7778064772000005e-06,3.935950416000001e-06,2.766098486800001e-06,1.6509125356000002e-06,1.7711776872000005e-06,9.83987604e-06,,2008,8,2008
2008-08-02,1.1807851248000002e-05,1.5415805796e-06,4.64660813e-06,3.881284438e-06,2.7223657044e-06,1.5634469708000002e-06,1.6837121224000003e-06,9.7414772796e-06,,2008,8,2008
2008-08-03,1.1370523424e-05,1.5525137752000002e-06,4.5263429784e-06,3.881284438e-06,2.6130337484e-06,1.5634469708000002e-06,1.6837121224000003e-06,9.4790805852e-06,,2008,8,2008
2008-08-04,1.1370523424e-05,1.421315428e-06,4.438877413600001e-06,3.7938188732e-06,2.45996901e-06,1.4650482104000002e-06,1.5853133620000005e-06,8.9761535876e-06,,2008,8,2008
2008-08-05,1.0933195600000002e-05,1.2573174940000002e-06,4.438877413600001e-06,3.662620526000001e-06,2.3834366408000004e-06,1.3338498632e-06,1.3557162544000002e-06,8.746556480000002e-06,,2008,8,2008
2008-08-06,1.0933195600000002e-05,1.2682506896000002e-06,4.351411848800001e-06,3.706353308400001e-06,2.3834366408000004e-06,1.3557162544000002e-06,1.4541150148000002e-06,8.637224524000002e-06,,2008,8,2008
2008-08-07,1.0933195600000002e-05,1.2682506896000002e-06,4.307679066400001e-06,3.6516873304e-06,2.4053030320000005e-06,1.3010502764000005e-06,1.4322486236e-06,8.309228656e-06,,2008,8,2008
2008-08-08,1.0933195600000002e-05,1.2135847116000005e-06,4.2202135016000005e-06,3.531422178800001e-06,2.3943698364000005e-06,1.2573174940000002e-06,1.2901170808000002e-06,8.046831961600002e-06,,2008,8,2008
2008-08-09,1.038653582e-05,1.2245179072e-06,4.110881545600001e-06,3.465823005200001e-06,2.3615702496000004e-06,1.2354511028e-06,1.3338498632e-06,8.0249655704e-06,,2008,8,2008
2008-08-10,1.038653582e-05,1.1807851248000002e-06,4.045282372000001e-06,3.4548898096000004e-06,2.2850378804e-06,1.2573174940000002e-06,1.3229166676e-06,7.773502071600001e-06,,2008,8,2008
2008-08-11,9.949207996000002e-06,1.0933195600000002e-06,4.0343491764e-06,3.4111570272000007e-06,2.1538395332000003e-06,1.2682506896000002e-06,1.3885158412000005e-06,7.5657713552e-06,,2008,8,2008
2008-08-12,9.949207996000002e-06,1.038653582e-06,3.990616394e-06,3.4220902228000007e-06,2.077307164e-06,1.1917183204000002e-06,1.2682506896000002e-06,7.358040638800001e-06,,2008,8,2008
2008-08-13,9.949207996000002e-06,9.511880172000002e-07,3.8375516556e-06,3.2799586800000004e-06,1.9789084036000003e-06,1.1151859512e-06,1.1917183204000002e-06,7.128443531200001e-06,,2008,8,2008
2008-08-14,9.511880172e-06,8.418560612000001e-07,3.640754134800001e-06,3.1596935284e-06,1.8586432520000005e-06,1.0495867776e-06,1.0714531688000002e-06,6.789514467600001e-06,,2008,8,2008
2008-08-15,9.511880172e-06,6.559917360000001e-07,3.4986225920000005e-06,2.9738292032000005e-06,1.7165117092000002e-06,8.637224524000001e-07,9.511880172000002e-07,6.7020489028000015e-06,,2008,8,2008
2008-08-16,9.074552348000002e-06,,3.4111570272000007e-06,2.9300964208000004e-06,1.6071797532000003e-06,8.855888436000001e-07,9.074552348e-07,6.538050968800001e-06,,2008,8,2008
2008-08-17,9.074552348000002e-06,,3.3127582668e-06,2.8535640516000007e-06,1.5415805796e-06,8.527892568000002e-07,9.183884304e-07,6.538050968800001e-06,,2008,8,2008
2008-08-18,9.074552348000002e-06,,3.4330234184000003e-06,2.995695594400001e-06,1.6290461444000002e-06,1.2245179072e-06,1.1698519292000002e-06,6.4068526216e-06,,2008,8,2008
2008-08-19,9.074552348000002e-06,,3.7938188732e-06,3.6298209392e-06,1.9679752080000003e-06,1.4869146016000005e-06,1.6509125356000002e-06,7.030044770800001e-06,,2008,8,2008
2008-08-20,1.6290461444000003e-05,,1.06161329276e-05,1.0823863644e-05,1.4071022737200004e-05,4.559142565200001e-06,6.1663223184e-06,2.6600464894800004e-05,,2008,8,2008
2008-08-21,1.8149104696000003e-05,,5.477530995600001e-06,5.105802345200001e-06,5.663395320800001e-06,2.8535640516000007e-06,2.6786329220000003e-06,2.07949380312e-05,,2008,8,2008
2008-08-22,1.2682506896000002e-05,,4.1983471104e-06,3.881284438e-06,3.662620526000001e-06,2.0335743816000005e-06,1.8258436652e-06,1.120652549e-05,,2008,8,2008
2008-08-23,1.1370523424e-05,,3.9031508292e-06,3.5204889832000005e-06,3.0284951812000007e-06,1.6290461444000002e-06,1.5197141884e-06,9.1620179128e-06,,2008,8,2008
2008-08-24,1.038653582e-05,,3.750086090800001e-06,3.2799586800000004e-06,2.6676997264e-06,1.5525137752000002e-06,1.4431818192000002e-06,8.287362264800001e-06,,2008,8,2008
2008-08-25,9.949207996000002e-06,,3.935950416000001e-06,3.5970213524000007e-06,2.7332989000000004e-06,1.7493112960000002e-06,1.8805096432e-06,8.724690088800002e-06,,2008,8,2008
2008-08-26,9.949207996000002e-06,,3.739152895200001e-06,3.3018250712000004e-06,2.4818354012e-06,1.6946453180000003e-06,1.5634469708000002e-06,7.970299592400001e-06,,2008,8,2008
2008-08-27,9.511880172e-06,,3.717286504000001e-06,3.1815599196e-06,2.1975723156000004e-06,1.6618457312000002e-06,1.6071797532000003e-06,7.729769289200001e-06,,2008,8,2008
2008-08-28,9.511880172e-06,,3.6188877436000008e-06,3.1487603328000005e-06,2.077307164e-06,1.4103822324000003e-06,1.4541150148000002e-06,7.434573008000001e-06,,2008,8,2008
2008-08-29,9.074552348000002e-06,,3.542355374400001e-06,3.0394283768000003e-06,1.91330923e-06,1.147985538e-06,1.3119834720000005e-06,6.975378792800002e-06,,2008,8,2008
2008-08-30,9.074552348000002e-06,,3.3674242448000006e-06,2.941029616400001e-06,1.8039772740000004e-06,9.839876040000002e-07,1.147985538e-06,6.680182511600001e-06,,2008,8,2008
2008-08-31,8.637224524000002e-06,,3.2362258976000003e-06,2.8207644648000006e-06,1.7165117092000002e-06,1.0167871908000002e-06,1.2682506896000002e-06,6.3521866436e-06,,2008,8,2008
2008-09-01,8.637224524000002e-06,,3.2690254844000004e-06,2.8207644648000006e-06,1.6618457312000002e-06,1.1370523424e-06,1.2791838852000002e-06,6.330320252400001e-06,,2008,9,2008
2008-09-02,8.199896700000001e-06,,3.2034263108e-06,2.798898073600001e-06,1.5743801664000005e-06,1.0495867776e-06,1.147985538e-06,6.1444559272000015e-06,,2008,9,2008
2008-09-03,8.199896700000001e-06,,3.1050275504000004e-06,2.7879648780000005e-06,1.4978477972000005e-06,9.29321626e-07,1.0823863644000002e-06,5.9367252108000015e-06,,2008,9,2008
2008-09-04,8.199896700000001e-06,,3.0940943548000004e-06,2.7551652912000005e-06,1.3775826456000002e-06,9.402548216e-07,1.038653582e-06,5.9804579932000016e-06,,2008,9,2008
2008-09-05,7.762568876e-06,,3.061294768000001e-06,2.7332989000000004e-06,1.3229166676e-06,9.183884304e-07,1.0167871908000002e-06,5.9804579932000016e-06,,2008,9,2008
2008-09-06,7.762568876e-06,,2.995695594400001e-06,2.7114325088000004e-06,1.3119834720000005e-06,8.309228656000001e-07,8.965220392000002e-07,5.969524797600001e-06,,2008,9,2008
2008-09-07,7.762568876e-06,,2.919163225200001e-06,2.6458333352e-06,1.2463842984e-06,7.434573008000001e-07,8.309228656000001e-07,6.024190775600002e-06,,2008,9,2008
2008-09-08,7.2159090960000015e-06,,2.8535640516000007e-06,2.547434574800001e-06,1.1807851248000002e-06,6.559917360000001e-07,7.325241052000001e-07,6.013257580000001e-06,,2008,9,2008
2008-09-09,7.2159090960000015e-06,,2.8535640516000007e-06,2.5365013792000004e-06,1.1042527556000002e-06,,,5.849259646000002e-06,,2008,9,2008
2008-09-10,7.2159090960000015e-06,,2.7879648780000005e-06,2.4927685968000003e-06,1.0495867776e-06,,,5.6087293428000016e-06,,2008,9,2008
2008-09-11,6.778581272000001e-06,,2.6567665308e-06,2.3506370540000004e-06,9.949207996000002e-07,,,5.3681990396e-06,,2008,9,2008
2008-09-12,,,2.6130337484e-06,2.3069042716000003e-06,9.621212128e-07,,,,,2008,9,2008
2008-09-13,,,2.6130337484e-06,,,,,,,2008,9,2008
2008-09-14,,,2.5255681836000008e-06,,,,,,,2008,9,2008
2008-09-15,,,,,,,,,,2008,9,2008
2008-09-16,,,,,,,,,,2008,9,2008
2008-09-17,,,,,,,,,,2008,9,2008
2008-09-18,,,,,,,,,,2008,9,2008
2008-09-19,,,,,,,,,,2008,9,2008
2008-09-20,,,,,,,,,,2008,9,2008
2008-09-21,,,,,,,,,,2008,9,2008
2008-09-22,,,,,,,,,,2008,9,2008
2008-09-23,,,,,,,,,,2008,9,2008
2008-09-24,,,,,,,,,,2008,9,2008
2008-09-25,,,,,,,,,,2008,9,2008
2008-09-26,,,,,,,,,,2008,9,2008
2008-09-27,,,,,,,,,,2008,9,2008
2008-09-28,,,,,,,,,,2008,9,2008
2008-09-29,,,,,,,,,,2008,9,2008
2008-09-30,,,,,,,,,,2008,9,2008
2008-10-01,,,,,,,,,,2008,10,2009
2008-10-02,,,,,,,,,,2008,10,2009
2008-10-03,,,,,,,,,,2008,10,2009
2008-10-04,,,,,,,,,,2008,10,2009
2008-10-05,,,,,,,,,,2008,10,2009
2008-10-06,,,,,,,,,,2008,10,2009
2008-10-07,,,,,,,,,,2008,10,2009
2008-10-08,,,,,,,,,,2008,10,2009
2008-10-09,,,,,,,,,,2008,10,2009
2008-10-10,,,,,,,,,,2008,10,2009
2008-10-11,,,,,,,,,,2008,10,2009
2008-10-12,,,,,,,,,,2008,10,2009
2008-10-13,,,,,,,,,,2008,10,2009
2008-10-14,,,,,,,,,,2008,10,2009
2008-10-15,,,,,,,,,,2008,10,2009
2008-10-16,,,,,,,,,,2008,10,2009
2008-10-17,,,,,,,,,,2008,10,2009
2008-10-18,,,,,,,,,,2008,10,2009
2008-10-19,,,,,,,,,,2008,10,2009
2008-10-20,,,,,,,,,,2008,10,2009
2008-10-21,,,,,,,,,,2008,10,2009
2008-10-22,,,,,,,,,,2008,10,2009
2008-10-23,,,,,,,,,,2008,10,2009
2008-10-24,,,,,,,,,,2008,10,2009
2008-10-25,,,,,,,,,,2008,10,2009
2008-10-26,,,,,,,,,,2008,10,2009
2008-10-27,,,,,,,,,,2008,10,2009
2008-10-28,,,,,,,,,,2008,10,2009
2008-10-29,,,,,,,,,,2008,10,2009
2008-10-30,,,,,,,,,,2008,10,2009
2008-10-31,,,,,,,,,,2008,10,2009
2008-11-01,,,,,,,,,,2008,11,2009
2008-11-02,,,,,,,,,,2008,11,2009
2008-11-03,,,,,,,,,,2008,11,2009
2008-11-04,,,,,,,,,,2008,11,2009
2008-11-05,,,,,,,,,,2008,11,2009
2008-11-06,,,,,,,,,,2008,11,2009
2008-11-07,,,,,,,,,,2008,11,2009
2008-11-08,,,,,,,,,,2008,11,2009
2008-11-09,,,,,,,,,,2008,11,2009
2008-11-10,,,,,,,,,,2008,11,2009
2008-11-11,,,,,,,,,,2008,11,2009
2008-11-12,,,,,,,,,,2008,11,2009
2008-11-13,,,,,,,,,,2008,11,2009
2008-11-14,,,,,,,,,,2008,11,2009
2008-11-15,,,,,,,,,,2008,11,2009
2008-11-16,,,,,,,,,,2008,11,2009
2008-11-17,,,,,,,,,,2008,11,2009
2008-11-18,,,,,,,,,,2008,11,2009
2008-11-19,,,,,,,,,,2008,11,2009
2008-11-20,,,,,,,,,,2008,11,2009
2008-11-21,,,,,,,,,,2008,11,2009
2008-11-22,,,,,,,,,,2008,11,2009
2008-11-23,,,,,,,,,,2008,11,2009
2008-11-24,,,,,,,,,,2008,11,2009
2008-11-25,,,,,,,,,,2008,11,2009
2008-11-26,,,,,,,,,,2008,11,2009
2008-11-27,,,,,,,,,,2008,11,2009
2008-11-28,,,,,,,,,,2008,11,2009
2008-11-29,,,,,,,,,,2008,11,2009
2008-11-30,,,,,,,,,,2008,11,2009
2008-12-01,,,,,,,,,,2008,12,2009
2008-12-02,,,,,,,,,,2008,12,2009
2008-12-03,,,,,,,,,,2008,12,2009
2008-12-04,,,,,,,,,,2008,12,2009
2008-12-05,,,,,,,,,,2008,12,2009
2008-12-06,,,,,,,,,,2008,12,2009
2008-12-07,,,,,,,,,,2008,12,2009
2008-12-08,,,,,,,,,,2008,12,2009
2008-12-09,,,,,,,,,,2008,12,2009
2008-12-10,,,,,,,,,,2008,12,2009
2008-12-11,,,,,,,,,,2008,12,2009
2008-12-12,,,,,,,,,,2008,12,2009
2008-12-13,,,,,,,,,,2008,12,2009
2008-12-14,,,,,,,,,,2008,12,2009
2008-12-15,,,,,,,,,,2008,12,2009
2008-12-16,,,,,,,,,,2008,12,2009
2008-12-17,,,,,,,,,,2008,12,2009
2008-12-18,,,,,,,,,,2008,12,2009
2008-12-19,,,,,,,,,,2008,12,2009
2008-12-20,,,,,,,,,,2008,12,2009
2008-12-21,,,,,,,,,,2008,12,2009
2008-12-22,,,,,,,,,,2008,12,2009
2008-12-23,,,,,,,,,,2008,12,2009
2008-12-24,,,,,,,,,,2008,12,2009
2008-12-25,,,,,,,,,,2008,12,2009
2008-12-26,,,,,,,,,,2008,12,2009
2008-12-27,,,,,,,,,,2008,12,2009
2008-12-28,,,,,,,,,,2008,12,2009
2008-12-29,,,,,,,,,,2008,12,2009
2008-12-30,,,,,,,,,,2008,12,2009
2008-12-31,,,,,,,,,,2008,12,2009
2009-01-01,,,,,,,,,,2009,1,2009
2009-01-02,,,,,,,,,,2009,1,2009
2009-01-03,,,,,,,,,,2009,1,2009
2009-01-04,,,,,,,,,,2009,1,2009
2009-01-05,,,,,,,,,,2009,1,2009
2009-01-06,,,,,,,,,,2009,1,2009
2009-01-07,,,,,,,,,,2009,1,2009
2009-01-08,,,,,,,,,,2009,1,2009
2009-01-09,,,,,,,,,,2009,1,2009
2009-01-10,,,,,,,,,,2009,1,2009
2009-01-11,,,,,,,,,,2009,1,2009
2009-01-12,,,,,,,,,,2009,1,2009
2009-01-13,,,,,,,,,,2009,1,2009
2009-01-14,,,,,,,,,,2009,1,2009
2009-01-15,,,,,,,,,,2009,1,2009
2009-01-16,,,,,,,,,,2009,1,2009
2009-01-17,,,,,,,,,,2009,1,2009
2009-01-18,,,,,,,,,,2009,1,2009
2009-01-19,,,,,,,,,,2009,1,2009
2009-01-20,,,,,,,,,,2009,1,2009
2009-01-21,,,,,,,,,,2009,1,2009
2009-01-22,,,,,,,,,,2009,1,2009
2009-01-23,,,,,,,,,,2009,1,2009
2009-01-24,,,,,,,,,,2009,1,2009
2009-01-25,,,,,,,,,,2009,1,2009
2009-01-26,,,,,,,,,,2009,1,2009
2009-01-27,,,,,,,,,,2009,1,2009
2009-01-28,,,,,,,,,,2009,1,2009
2009-01-29,,,,,,,,,,2009,1,2009
2009-01-30,,,,,,,,,,2009,1,2009
2009-01-31,,,,,,,,,,2009,1,2009
2009-02-01,,,,,,,,,,2009,2,2009
2009-02-02,,,,,,,,,,2009,2,2009
2009-02-03,,,,,,,,,,2009,2,2009
2009-02-04,,,,,,,,,,2009,2,2009
2009-02-05,,,,,,,,,,2009,2,2009
2009-02-06,,,,,,,,,,2009,2,2009
2009-02-07,,,,,,,,,,2009,2,2009
2009-02-08,,,,,,,,,,2009,2,2009
2009-02-09,,,,,,,,,,2009,2,2009
2009-02-10,,,,,,,,,,2009,2,2009
2009-02-11,,,,,,,,,,2009,2,2009
2009-02-12,,,,,,,,,,2009,2,2009
2009-02-13,,,,,,,,,,2009,2,2009
2009-02-14,,,,,,,,,,2009,2,2009
2009-02-15,,,,,,,,,,2009,2,2009
2009-02-16,,,,,,,,,,2009,2,2009
2009-02-17,,,,,,,,,,2009,2,2009
2009-02-18,,,,,,,,,,2009,2,2009
2009-02-19,,,,,,,,,,2009,2,2009
2009-02-20,,,,,,,,,,2009,2,2009
2009-02-21,,,,,,,,,,2009,2,2009
2009-02-22,,,,,,,,,,2009,2,2009
2009-02-23,,,,,,,,,,2009,2,2009
2009-02-24,,,,,,,,,,2009,2,2009
2009-02-25,,,,,,,,,,2009,2,2009
2009-02-26,,,,,,,,,,2009,2,2009
2009-02-27,,,,,,,,,,2009,2,2009
2009-02-28,,,,,,,,,,2009,2,2009
2009-03-01,,,,,,,,,,2009,3,2009
2009-03-02,,,,,,,,,,2009,3,2009
2009-03-03,,,,,,,,,,2009,3,2009
2009-03-04,,,,,,,,,,2009,3,2009
2009-03-05,,,,,,,,,,2009,3,2009
2009-03-06,,,,,,,,,,2009,3,2009
2009-03-07,,,,,,,,,,2009,3,2009
2009-03-08,,,,,,,,,,2009,3,2009
2009-03-09,,,,,,,,,,2009,3,2009
2009-03-10,,,,,,,,,,2009,3,2009
2009-03-11,,,,,,,,,,2009,3,2009
2009-03-12,,,,,,,,,,2009,3,2009
2009-03-13,,,,,,,,,,2009,3,2009
2009-03-14,,,,,,,,,,2009,3,2009
2009-03-15,,,,,,,,,,2009,3,2009
2009-03-16,,,,,,,,,,2009,3,2009
2009-03-17,,,,,,,,,,2009,3,2009
2009-03-18,,,,,,,,,,2009,3,2009
2009-03-19,,,,,,,,,,2009,3,2009
2009-03-20,,,,,,,,,,2009,3,2009
2009-03-21,,,,,,,,,,2009,3,2009
2009-03-22,,,,,,,,,,2009,3,2009
2009-03-23,,,,,,,,,,2009,3,2009
2009-03-24,,,,,,,,,,2009,3,2009
2009-03-25,,,,,,,,,,2009,3,2009
2009-03-26,,,,,,,,,,2009,3,2009
2009-03-27,,,,,,,,,,2009,3,2009
2009-03-28,,,,,,,,,,2009,3,2009
2009-03-29,,,,,,,,,,2009,3,2009
2009-03-30,,,,,,,,,,2009,3,2009
2009-03-31,,,,,,,,,,2009,3,2009
2009-04-01,,,,,,,,,,2009,4,2009
2009-04-02,,,,,,,,,,2009,4,2009
2009-04-03,,,,,,,,,,2009,4,2009
2009-04-04,,,,,,,,,,2009,4,2009
2009-04-05,,,,,,,,,,2009,4,2009
2009-04-06,,,,,,,,,,2009,4,2009
2009-04-07,,,,,,,,,,2009,4,2009
2009-04-08,,,,,,,,,,2009,4,2009
2009-04-09,,,,,,,,,,2009,4,2009
2009-04-10,,,,,,,,,,2009,4,2009
2009-04-11,,,,,,,,,,2009,4,2009
2009-04-12,,,,,,,,,,2009,4,2009
2009-04-13,,,,,,,,,,2009,4,2009
2009-04-14,,,,,,,,,,2009,4,2009
2009-04-15,,,,,,,,,,2009,4,2009
2009-04-16,,,,,,,,,,2009,4,2009
2009-04-17,,,,,,,,,,2009,4,2009
2009-04-18,,,,,,,,,,2009,4,2009
2009-04-19,,,,,,,,,,2009,4,2009
2009-04-20,,,,,,,,,,2009,4,2009
2009-04-21,,,,,,,,,,2009,4,2009
2009-04-22,,,,,,,,,,2009,4,2009
2009-04-23,,,,,,,,,,2009,4,2009
2009-04-24,,,,,,,,,,2009,4,2009
2009-04-25,,,,,,,,,,2009,4,2009
2009-04-26,,,,,,,,,,2009,4,2009
2009-04-27,,,,,,,,,,2009,4,2009
2009-04-28,,,,,,,,,,2009,4,2009
2009-04-29,,,,,,,,,,2009,4,2009
2009-04-30,,,,,,,,,,2009,4,2009
2009-05-01,,,,,,,,,,2009,5,2009
2009-05-02,,,,,,,,,,2009,5,2009
2009-05-03,,,,,,,,,,2009,5,2009
2009-05-04,,,,,,,,,,2009,5,2009
2009-05-05,,0.0001416832817804,,0.000116930526942,,,,,,2009,5,2009
2009-05-06,,0.0001077029098556,,0.0001054616047576,,,,,,2009,5,2009
2009-05-07,,0.0001039965565472,9.79832989672e-05,0.0001022909780336,0.0001359324208948,,,,,2009,5,2009
2009-05-08,,6.281120872200002e-05,7.76584883468e-05,7.444412884040001e-05,0.0001037122934616,,,,,2009,5,2009
2009-05-09,,4.080268597920001e-05,6.116029618640001e-05,5.597796147200001e-05,8.373734510040001e-05,,,,,2009,5,2009
2009-05-10,,3.0536415310800006e-05,4.894791670120001e-05,4.626928377920001e-05,6.49541150596e-05,,,,,2009,5,2009
2009-05-11,,2.4763688034000003e-05,4.005922867840001e-05,4.0245093003600005e-05,5.113455582120001e-05,,,,,2009,5,2009
2009-05-12,,2.22271866548e-05,3.5379820961600006e-05,3.843018253400001e-05,4.385304755160001e-05,,,,,2009,5,2009
2009-05-13,,2.1921057178e-05,3.5915547546000007e-05,4.05512224804e-05,4.027789259040001e-05,,,,,2009,5,2009
2009-05-14,0.000118406508348,4.2858126752e-05,5.1506284471600015e-05,6.000137745280002e-05,6.552264123080001e-05,4.45637052656e-05,7.895953862320001e-05,0.00019515754146,,2009,5,2009
2009-05-15,0.000105286673628,3.310571627680001e-05,4.17538739964e-05,4.314238983760001e-05,5.6502754860800016e-05,2.1221332659600003e-05,5.281826794360001e-05,0.000160499311408,,2009,5,2009
2009-05-16,9.347882238000002e-05,2.5550878117200008e-05,3.534702137480001e-05,3.764299245080001e-05,4.750473488200001e-05,1.5109676319200002e-05,3.90205750964e-05,0.000142350206712,,2009,5,2009
2009-05-17,9.347882238000002e-05,2.1002668747600004e-05,3.144387054560001e-05,3.4056904294000006e-05,4.0594955262800006e-05,1.2092114333600002e-05,3.0022555117600004e-05,0.000146832816908,,2009,5,2009
2009-05-18,9.0308195656e-05,1.79523071752e-05,2.8634039276400004e-05,3.0787878809600004e-05,3.4122503467600004e-05,1.0167871908000002e-05,2.4741821642800004e-05,0.000141803546932,,2009,5,2009
2009-05-19,8.298295460400001e-05,1.6082730727600004e-05,2.66441976772e-05,2.8852703188400003e-05,3.0536415310800006e-05,9.3806818248e-06,2.1177599877200005e-05,0.000129667699816,,2009,5,2009
2009-05-20,6.5817837512e-05,1.4256887062400004e-05,2.458875690440001e-05,2.6250602635600003e-05,2.63708677872e-05,8.866821631600002e-06,1.85426997376e-05,0.0001004104683904,,2009,5,2009
2009-05-21,5.6743285164000014e-05,1.2901170808e-05,2.2959710760000004e-05,2.42498278408e-05,2.3276773432400003e-05,8.473226590000001e-06,1.7318181830400003e-05,8.531172526680001e-05,,2009,5,2009
2009-05-22,5.3135330616000016e-05,1.1709452487600002e-05,2.14727961584e-05,2.2577048914e-05,2.05325413368e-05,7.860967636400002e-06,1.6148329901200005e-05,8.092751383120002e-05,,2009,5,2009
2009-05-23,5.1714015188000014e-05,1.0878529622000002e-05,2.03138774248e-05,2.077307164e-05,1.8236570260800003e-05,7.368973834400002e-06,1.5339273426800004e-05,7.938593325160001e-05,,2009,5,2009
2009-05-24,4.9418044112e-05,9.992940778400002e-06,1.9154958691200004e-05,1.89581611704e-05,1.6268595052800004e-05,6.876980032400001e-06,1.5120609514800002e-05,7.540625005320002e-05,,2009,5,2009
2009-05-25,4.537276174000001e-05,9.2494834776e-06,1.81709710872e-05,1.7657110894000004e-05,1.4683281690800002e-05,6.6255165336e-06,1.4563016539200003e-05,6.80372762188e-05,,2009,5,2009
2009-05-26,4.1764807192e-05,8.484159785600001e-06,1.7230716265600003e-05,1.6345127422000004e-05,1.3546229348400005e-05,6.395919426e-06,1.42459538668e-05,6.07448347536e-05,,2009,5,2009
2009-05-27,3.990616394e-05,7.970299592400001e-06,1.6563791334e-05,1.52627410576e-05,1.26606405048e-05,6.1444559272000015e-06,1.3622761717600002e-05,5.757420802960001e-05,,2009,5,2009
2009-05-28,3.9468836116000006e-05,7.543904964e-06,1.5907799598000003e-05,1.4344352627200004e-05,1.17750516612e-05,6.384986230400001e-06,1.3229166676000004e-05,5.742114329120001e-05,,2009,5,2009
2009-05-29,3.9468836116000006e-05,7.073777553200001e-06,1.5197141884000002e-05,1.36774276956e-05,1.0933195600000002e-05,6.1444559272000015e-06,1.2748106069600002e-05,5.802246904920001e-05,,2009,5,2009
2009-05-30,3.6735537216e-05,6.8441804456000015e-06,1.45739497348e-05,1.30323691552e-05,1.02444042772e-05,5.663395320800001e-06,1.14907885756e-05,5.418491739360002e-05,,2009,5,2009
2009-05-31,3.4002238316e-05,6.5489841644e-06,1.4125688715200004e-05,1.3666494500000002e-05,9.938274800400002e-06,5.663395320800001e-06,1.12502582724e-05,4.961484163280001e-05,,2009,5,2009
2009-06-01,3.1268939416000006e-05,6.5489841644e-06,1.3808626042800002e-05,1.5459538578400003e-05,1.0648932514400002e-05,5.903925624000001e-06,1.1468922184400002e-05,4.5033832676400006e-05,,2009,6,2009
2009-06-02,2.9082300296000005e-05,6.6583161204000014e-06,1.36774276956e-05,1.4278753453600003e-05,1.0014807169600005e-05,6.1444559272000015e-06,1.15782541404e-05,4.06386880452e-05,,2009,6,2009
2009-06-03,2.7223657044000008e-05,6.472451795200001e-06,1.3261966262800003e-05,1.2518508962e-05,9.2166838908e-06,6.1444559272000015e-06,1.15235881624e-05,3.812405305720001e-05,,2009,6,2009
2009-06-04,2.7660984868e-05,7.084710748800001e-06,1.3546229348400005e-05,1.2584108135600002e-05,1.1468922184400002e-05,5.903925624000001e-06,1.2015581964400005e-05,3.8364583360400005e-05,,2009,6,2009
2009-06-05,2.5911673572000005e-05,6.417785817200001e-06,1.2431043397200005e-05,1.16657197052e-05,9.8836088224e-06,5.433798213200001e-06,9.9710743872e-06,3.340091255800001e-05,,2009,6,2009
2009-06-06,2.449035814400001e-05,6.013257580000001e-06,1.16001205316e-05,1.13595902284e-05,9.2057506952e-06,4.9636708024000005e-06,9.2057506952e-06,3.1476670132400006e-05,,2009,6,2009
2009-06-07,2.317837467200001e-05,5.827393254800001e-06,1.1064393947200004e-05,1.09659951868e-05,8.998019978800001e-06,4.493543391600001e-06,8.254562678000001e-06,2.82295110392e-05,,2009,6,2009
2009-06-08,2.1757059244000004e-05,5.477530995600001e-06,1.05833333408e-05,1.0495867776000002e-05,8.648157719600002e-06,4.274879479600001e-06,7.106577140000002e-06,2.5725809246800005e-05,,2009,6,2009
2009-06-09,2.0882403596e-05,5.193267910000001e-06,1.03974690156e-05,1.01460055168e-05,8.199896700000001e-06,4.274879479600001e-06,7.0519111620000015e-06,2.39546315596e-05,,2009,6,2009
2009-06-10,2.1319731420000003e-05,6.297520665600001e-06,1.26387741136e-05,1.2168646702800002e-05,1.0113205930000004e-05,6.4833849908e-06,7.8391012452e-06,3.123613982920001e-05,,2009,6,2009
2009-06-11,2.317837467200001e-05,6.2756542744e-06,1.1676652900800003e-05,1.1709452487600002e-05,1.28137052432e-05,8.363894634000002e-06,8.145230722000002e-06,3.11814738512e-05,,2009,6,2009
2009-06-12,2.1319731420000003e-05,9.511880172e-06,1.4081955932800002e-05,1.5295540644400002e-05,1.0987861578e-05,1.3885158412e-05,9.3369490424e-06,2.7267389826400006e-05,,2009,6,2009
2009-06-13,2.0882403596e-05,8.298295460400001e-06,1.2780905656400002e-05,1.5000344363200004e-05,1.0375602624400002e-05,6.997245184000001e-06,1.0211604690400002e-05,2.9935089552800004e-05,,2009,6,2009
2009-06-14,2.0882403596e-05,6.931646010400002e-06,1.1436122597600002e-05,1.2113980724800004e-05,9.56654615e-06,5.674328516400001e-06,8.385761025200001e-06,3.1148674264400004e-05,,2009,6,2009
2009-06-15,1.9461088168000003e-05,5.597796147200001e-06,1.0277203864e-05,1.07582644704e-05,9.008953174400002e-06,4.493543391600001e-06,6.975378792800002e-06,2.68519283936e-05,,2009,6,2009
2009-06-16,1.858643252e-05,5.116735540800001e-06,9.5009469764e-06,1.01460055168e-05,8.495092981200002e-06,4.274879479600001e-06,6.3521866436e-06,2.4151429080400005e-05,,2009,6,2009
2009-06-17,1.7711776872000005e-05,4.788739672800001e-06,9.0964187392e-06,9.83987604e-06,8.243629482400001e-06,4.274879479600001e-06,6.3521866436e-06,2.22709194372e-05,,2009,6,2009
2009-06-18,1.6837121224000003e-05,4.406077826800001e-06,8.910554414e-06,9.5446797588e-06,7.959366396800001e-06,4.045282372000001e-06,5.860192841600001e-06,2.0456008967600004e-05,,2009,6,2009
2009-06-19,1.6837121224000003e-05,4.5919421520000005e-06,9.1620179128e-06,9.347882238000002e-06,8.855888436000003e-06,4.045282372000001e-06,6.122589536000002e-06,2.1691460070400003e-05,,2009,6,2009
2009-06-20,1.6290461444000003e-05,4.274879479600001e-06,8.844955240400001e-06,9.347882238000002e-06,8.3529614384e-06,4.274879479600001e-06,5.9367252108000015e-06,1.9614152906400004e-05,,2009,6,2009
2009-06-21,1.5853133620000002e-05,4.209280306000001e-06,8.604424937200002e-06,9.282283064400002e-06,7.871900832000001e-06,4.274879479600001e-06,5.871126037200001e-06,1.8641098498e-05,,2009,6,2009
2009-06-22,1.5853133620000002e-05,3.8484848512e-06,8.440427003200001e-06,8.998019978800001e-06,7.204975900400002e-06,3.8156852644e-06,5.0620695628e-06,1.7853908414800004e-05,,2009,6,2009
2009-06-23,1.4978477972000003e-05,3.8047520688000008e-06,8.090564744000002e-06,8.648157719600002e-06,6.723915294000001e-06,3.5970213524000007e-06,4.723140499200001e-06,1.6694989681200002e-05,,2009,6,2009
2009-06-24,1.4541150148000002e-05,3.771952482e-06,8.046831961600002e-06,8.221763091200002e-06,6.4068526216e-06,3.8156852644e-06,4.471677000400001e-06,1.58094008376e-05,,2009,6,2009
2009-06-25,1.4103822324000005e-05,3.6298209392e-06,7.762568876e-06,7.161243118000002e-06,6.1663223184e-06,3.8156852644e-06,4.2639462840000006e-06,1.4967544776400002e-05,,2009,6,2009
2009-06-26,1.4103822324000005e-05,3.5642217656000006e-06,7.686036506800001e-06,7.084710748800001e-06,5.5649965604000015e-06,3.8156852644e-06,4.2202135016000005e-06,1.4420884996400002e-05,,2009,6,2009
2009-06-27,1.3119834720000002e-05,3.3127582668e-06,7.467372594800002e-06,6.833247250000001e-06,5.422865017600001e-06,4.362345044400001e-06,3.9250172204e-06,1.3557162544000004e-05,,2009,6,2009
2009-06-28,1.2682506896000002e-05,3.1268939416000005e-06,7.314307856400001e-06,6.538050968800001e-06,5.280733474800001e-06,4.209280306000001e-06,3.7610192864e-06,1.2791838852e-05,,2009,6,2009
2009-06-29,1.2245179072000005e-05,3.0394283768000003e-06,7.139376726800002e-06,6.3521866436e-06,5.1276687364e-06,4.91993802e-06,3.640754134800001e-06,1.2256112267600004e-05,,2009,6,2009
2009-06-30,1.2245179072000005e-05,2.919163225200001e-06,7.019111575200002e-06,6.3193870568e-06,4.9418044112e-06,3.957816807200001e-06,3.5860881568000007e-06,1.17750516612e-05,,2009,6,2009
2009-07-01,1.1807851248000002e-05,2.798898073600001e-06,6.8441804456000015e-06,6.177255514e-06,4.766873281600001e-06,3.8047520688000008e-06,3.487689396400001e-06,1.13377238372e-05,,2009,7,2009
2009-07-02,1.1370523424e-05,2.5802341616000005e-06,6.734848489600001e-06,6.024190775600002e-06,4.6028753476e-06,4.1983471104e-06,3.3018250712000004e-06,1.0933195600000002e-05,,2009,7,2009
2009-07-03,1.1370523424e-05,2.438102618800001e-06,6.538050968800001e-06,5.772727276800001e-06,4.427944218000001e-06,3.509555787600001e-06,3.684486917200001e-06,1.05286673628e-05,,2009,7,2009
2009-07-04,1.0933195600000002e-05,2.3069042716000003e-06,6.374053034800001e-06,5.575929756000001e-06,4.2202135016000005e-06,3.334624658e-06,3.5970213524000007e-06,1.0167871908000002e-05,,2009,7,2009
2009-07-05,1.038653582e-05,2.1647727288000004e-06,6.3084538612e-06,5.4447314088e-06,4.099948350000001e-06,3.1815599196e-06,3.3674242448000006e-06,9.850809235600002e-06,,2009,7,2009
2009-07-06,9.949207996000002e-06,2.1975723156000004e-06,6.177255514e-06,5.346332648400001e-06,4.023415980800001e-06,3.0503615724000007e-06,2.962896007600001e-06,9.785210062e-06,,2009,7,2009
2009-07-07,9.949207996000002e-06,2.2413050980000005e-06,6.122589536000002e-06,5.3353994528000005e-06,4.0124827852e-06,3.1596935284e-06,2.9082300296000004e-06,9.5884125412e-06,,2009,7,2009
2009-07-08,9.949207996000002e-06,2.1866391200000004e-06,6.002324384400002e-06,5.237000692400001e-06,3.9687500028e-06,3.2690254844000004e-06,2.8863636384000003e-06,9.2166838908e-06,,2009,7,2009
2009-07-09,9.949207996000002e-06,2.2085055112000005e-06,5.947658406400001e-06,5.1823347144e-06,3.8594180468e-06,3.5751549612000007e-06,2.842630856e-06,9.0417527612e-06,,2009,7,2009
2009-07-10,9.511880172e-06,2.1210399464000003e-06,5.849259646000002e-06,5.073002758400001e-06,3.8594180468e-06,4.362345044400001e-06,2.6786329220000003e-06,8.877754827200002e-06,,2009,7,2009
2009-07-11,9.511880172e-06,2.077307164e-06,5.7508608856000015e-06,4.9418044112e-06,3.9031508292e-06,4.4607438048e-06,2.5583677704000004e-06,8.680957306400002e-06,,2009,7,2009
2009-07-12,9.511880172e-06,2.295971076e-06,5.7945936680000016e-06,5.029269976000001e-06,3.9031508292e-06,5.2698002792e-06,2.8863636384000003e-06,8.9214876096e-06,,2009,7,2009
2009-07-13,9.949207996000002e-06,2.5255681836000008e-06,5.925792015200002e-06,5.346332648400001e-06,3.979683198400001e-06,4.406077826800001e-06,2.919163225200001e-06,9.1401515216e-06,,2009,7,2009
2009-07-14,9.511880172e-06,2.1101067508e-06,5.554063364800001e-06,4.876205237600001e-06,3.509555787600001e-06,,2.4490358144e-06,8.331095047200002e-06,,2009,7,2009
2009-07-15,9.074552348000002e-06,1.9023760344000004e-06,5.3572658440000005e-06,4.64660813e-06,3.2471590932000003e-06,,2.252238293600001e-06,7.959366396800001e-06,,2009,7,2009
2009-07-16,8.637224524000002e-06,1.7165117092000002e-06,5.116735540800001e-06,4.417011022400001e-06,3.1050275504000004e-06,,2.0882403596e-06,7.7188360936e-06,,2009,7,2009
2009-07-17,8.199896700000001e-06,1.5743801664000005e-06,4.996470389200001e-06,4.231146697200001e-06,2.984762398800001e-06,,1.9570420124000003e-06,7.500172181600002e-06,,2009,7,2009
2009-07-18,8.199896700000001e-06,1.5306473840000006e-06,4.8980716288e-06,4.1327479368e-06,2.8972968340000008e-06,,1.8805096432e-06,7.259641878400001e-06,,2009,7,2009
2009-07-19,8.199896700000001e-06,1.421315428e-06,4.799672868400001e-06,4.067148763200001e-06,2.809831269200001e-06,,1.8039772740000004e-06,7.259641878400001e-06,,2009,7,2009
2009-07-20,7.762568876e-06,1.3557162544000002e-06,4.6684745212e-06,4.0124827852e-06,2.7223657044e-06,,1.7383781004000002e-06,7.073777553200001e-06,,2009,7,2009
2009-07-21,7.762568876e-06,1.2791838852000002e-06,4.5919421520000005e-06,3.881284438e-06,2.6349001396e-06,,1.6181129488e-06,7.008178379600001e-06,,2009,7,2009
2009-07-22,7.762568876e-06,1.2682506896000002e-06,4.537276174000001e-06,3.8594180468e-06,2.5802341616000005e-06,1.8477100564000005e-06,1.4978477972000005e-06,6.680182511600001e-06,,2009,7,2009
2009-07-23,7.2159090960000015e-06,1.2791838852000002e-06,4.471677000400001e-06,3.8156852644e-06,2.547434574800001e-06,1.91330923e-06,1.4869146016000005e-06,6.5927169468e-06,,2009,7,2009
2009-07-24,7.2159090960000015e-06,1.1917183204000002e-06,4.362345044400001e-06,3.7938188732e-06,2.4709022056e-06,1.7930440784000003e-06,1.4322486236e-06,6.4396522084e-06,,2009,7,2009
2009-07-25,7.2159090960000015e-06,1.1042527556000002e-06,4.307679066400001e-06,3.739152895200001e-06,2.45996901e-06,1.7274449048000002e-06,1.3447830588e-06,6.286587470000001e-06,,2009,7,2009
2009-07-26,6.778581272000001e-06,9.949207996000002e-07,4.187413914800001e-06,3.6188877436000008e-06,2.3506370540000004e-06,1.5853133620000005e-06,1.2682506896000002e-06,6.0788567536000005e-06,,2009,7,2009
2009-07-27,6.778581272000001e-06,8.965220392000002e-07,4.0562155676000005e-06,3.5204889832000005e-06,2.295971076e-06,1.5306473840000006e-06,1.2026515160000002e-06,5.838326450400002e-06,,2009,7,2009
2009-07-28,6.341253448000001e-06,7.871900832000001e-07,3.881284438e-06,3.3674242448000006e-06,2.1757059244000004e-06,1.2901170808000002e-06,1.1370523424e-06,5.696194907600001e-06,,2009,7,2009
2009-07-29,6.341253448000001e-06,7.215909096000001e-07,3.8703512424000005e-06,3.2799586800000004e-06,2.0445075772000005e-06,1.2245179072e-06,1.0714531688000002e-06,5.586862951600001e-06,,2009,7,2009
2009-07-30,6.341253448000001e-06,6.669249316000001e-07,3.82661846e-06,3.2362258976000003e-06,1.9461088168000003e-06,1.2135847116000005e-06,1.0277203864000005e-06,5.663395320800001e-06,,2009,7,2009
2009-07-31,6.341253448000001e-06,7.215909096000001e-07,3.771952482e-06,3.2908918756000004e-06,1.9242424256e-06,1.2463842984e-06,9.949207996000002e-07,5.7289944944000006e-06,,2009,7,2009
2009-08-01,5.903925624000001e-06,7.543904964000002e-07,3.673553721600001e-06,3.2908918756000004e-06,1.8477100564000005e-06,1.2901170808000002e-06,1.0058539952000002e-06,5.7289944944000006e-06,,2009,8,2009
2009-08-02,5.903925624000001e-06,8.199896700000001e-07,3.5970213524000007e-06,3.2690254844000004e-06,1.7930440784000003e-06,1.3229166676e-06,9.730544084e-07,5.630595734000001e-06,,2009,8,2009
2009-08-03,5.903925624000001e-06,6.778581272000001e-07,3.4767562008000004e-06,3.1596935284e-06,1.7165117092000002e-06,1.2026515160000002e-06,8.746556480000001e-07,5.6852617120000005e-06,,2009,8,2009
2009-08-04,5.903925624000001e-06,6.559917360000001e-07,3.3455578536000005e-06,3.0940943548000004e-06,1.6509125356000002e-06,1.1261191468000005e-06,8.527892568000002e-07,5.597796147200001e-06,,2009,8,2009
2009-08-05,5.466597800000001e-06,6.559917360000001e-07,3.2034263108e-06,3.061294768000001e-06,1.5853133620000005e-06,1.1261191468000005e-06,8.965220392000002e-07,5.597796147200001e-06,,2009,8,2009
2009-08-06,6.341253448000001e-06,1.2901170808000002e-06,4.5810089564e-06,4.6247417388e-06,2.1975723156000004e-06,2.4818354012e-06,2.2085055112000005e-06,6.527117773200001e-06,,2009,8,2009
2009-08-07,7.2159090960000015e-06,1.9898415992000004e-06,4.5263429784e-06,4.318612262000001e-06,2.5365013792000004e-06,2.9082300296000004e-06,2.3506370540000004e-06,7.981232788e-06,,2009,8,2009
2009-08-08,6.778581272000001e-06,1.5415805796e-06,3.9250172204e-06,3.717286504000001e-06,2.1210399464000003e-06,2.1975723156000004e-06,1.7602444916000005e-06,6.527117773200001e-06,,2009,8,2009
2009-08-09,6.341253448000001e-06,1.1698519292000002e-06,3.6516873304e-06,3.3892906360000006e-06,1.8258436652e-06,1.5853133620000005e-06,1.4103822324000003e-06,5.991391188800001e-06,,2009,8,2009
2009-08-10,5.903925624000001e-06,9.949207996000002e-07,3.5204889832000005e-06,3.1487603328000005e-06,1.6399793400000002e-06,1.2901170808000002e-06,1.2245179072e-06,5.630595734000001e-06,,2009,8,2009
2009-08-11,5.903925624000001e-06,8.637224524000001e-07,3.4111570272000007e-06,2.995695594400001e-06,1.5415805796e-06,1.1261191468000005e-06,1.0495867776e-06,5.466597800000001e-06,,2009,8,2009
2009-08-12,5.466597800000001e-06,7.871900832000001e-07,3.3892906360000006e-06,2.9300964208000004e-06,1.4759814060000002e-06,1.147985538e-06,1.0058539952000002e-06,5.324466257200001e-06,,2009,8,2009
2009-08-13,5.466597800000001e-06,8.418560612000001e-07,3.3018250712000004e-06,2.9300964208000004e-06,1.4322486236e-06,1.2682506896000002e-06,1.038653582e-06,5.346332648400001e-06,,2009,8,2009
2009-08-14,5.466597800000001e-06,9.183884304e-07,3.1815599196e-06,2.919163225200001e-06,1.3885158412000005e-06,1.2245179072e-06,1.0605199732e-06,5.2698002792e-06,,2009,8,2009
2009-08-15,5.466597800000001e-06,8.855888436000001e-07,3.1268939416000005e-06,2.9300964208000004e-06,1.3010502764000005e-06,1.1370523424e-06,1.0167871908000002e-06,5.116735540800001e-06,,2009,8,2009
2009-08-16,5.466597800000001e-06,8.309228656000001e-07,3.061294768000001e-06,2.9519628120000005e-06,1.2354511028e-06,1.1151859512e-06,9.949207996000002e-07,5.1276687364e-06,,2009,8,2009
2009-08-17,5.466597800000001e-06,7.762568876000001e-07,2.9300964208000004e-06,2.8644972472000003e-06,1.1261191468000005e-06,9.839876040000002e-07,8.965220392000002e-07,4.876205237600001e-06,,2009,8,2009
2009-08-18,5.029269976000001e-06,6.231921492000001e-07,2.798898073600001e-06,2.7332989000000004e-06,1.0714531688000002e-06,8.965220392000002e-07,7.981232788000002e-07,4.8215392596000014e-06,,2009,8,2009
2009-08-19,5.029269976000001e-06,5.466597800000001e-07,2.7332989000000004e-06,2.6567665308e-06,1.0495867776e-06,8.418560612000001e-07,7.543904964000002e-07,4.745006890400001e-06,,2009,8,2009
2009-08-20,5.029269976000001e-06,,2.6567665308e-06,2.569300966e-06,9.949207996000002e-07,7.543904964000002e-07,7.543904964000002e-07,4.537276174000001e-06,,2009,8,2009
2009-08-21,5.029269976000001e-06,,2.6567665308e-06,2.6130337484e-06,1.0058539952000002e-06,6.778581272000001e-07,7.762568876000001e-07,4.537276174000001e-06,,2009,8,2009
2009-08-22,5.029269976000001e-06,,2.6676997264e-06,2.6458333352e-06,1.0167871908000002e-06,8.418560612000001e-07,8.090564744000001e-07,4.515409782800001e-06,,2009,8,2009
2009-08-23,5.029269976000001e-06,,2.6349001396e-06,2.6567665308e-06,9.839876040000002e-07,7.981232788000002e-07,7.871900832000001e-07,4.515409782800001e-06,,2009,8,2009
2009-08-24,5.029269976000001e-06,,2.569300966e-06,2.6458333352e-06,9.511880172000002e-07,7.215909096000001e-07,7.543904964000002e-07,4.438877413600001e-06,,2009,8,2009
2009-08-25,4.5919421520000005e-06,,2.4818354012e-06,2.5802341616000005e-06,9.074552348e-07,6.669249316000001e-07,6.997245184000001e-07,4.373278240000001e-06,,2009,8,2009
2009-08-26,4.5919421520000005e-06,,2.4709022056e-06,2.5365013792000004e-06,8.637224524000001e-07,,7.106577140000001e-07,4.417011022400001e-06,,2009,8,2009
2009-08-27,4.5919421520000005e-06,,2.3834366408000004e-06,2.5146349880000003e-06,7.762568876000001e-07,,6.559917360000001e-07,4.340478653200001e-06,,2009,8,2009
2009-08-28,4.5919421520000005e-06,,2.3834366408000004e-06,2.4927685968000003e-06,7.325241052000001e-07,,,4.340478653200001e-06,,2009,8,2009
2009-08-29,4.5919421520000005e-06,,2.4818354012e-06,2.5365013792000004e-06,7.981232788000002e-07,,,4.340478653200001e-06,,2009,8,2009
2009-08-30,4.5919421520000005e-06,,2.4271694232000005e-06,2.5255681836000008e-06,7.325241052000001e-07,,,4.274879479600001e-06,,2009,8,2009
2009-08-31,4.5919421520000005e-06,,2.4053030320000005e-06,2.5037017924000007e-06,6.887913228000001e-07,,,4.2202135016000005e-06,,2009,8,2009
2009-09-01,4.5919421520000005e-06,,2.3725034452000004e-06,2.5037017924000007e-06,6.669249316000001e-07,,,4.209280306000001e-06,,2009,9,2009
2009-09-02,4.5919421520000005e-06,,2.295971076e-06,2.5255681836000008e-06,6.231921492000001e-07,,,4.089015154400001e-06,,2009,9,2009
2009-09-03,4.373278240000001e-06,,2.1866391200000004e-06,2.4162362276000005e-06,,,,4.045282372000001e-06,,2009,9,2009
2009-09-04,,,2.1538395332000003e-06,2.3615702496000004e-06,,,,4.045282372000001e-06,,2009,9,2009
2009-09-05,,,3.8156852644e-06,4.121814741200001e-06,,,,5.9585916020000015e-06,,2009,9,2009
2009-09-06,,,4.766873281600001e-06,5.302599866000001e-06,,,,6.4068526216e-06,,2009,9,2009
2009-09-07,,,3.1815599196e-06,3.3018250712000004e-06,,,,5.2151343012000015e-06,,2009,9,2009
2009-09-08,,,2.5911673572e-06,2.7879648780000005e-06,,,,4.395144631200001e-06,,2009,9,2009
2009-09-09,,,2.3834366408000004e-06,2.6021005528000005e-06,,,,4.099948350000001e-06,,2009,9,2009
2009-09-10,,,2.2850378804e-06,2.4927685968000003e-06,,,,4.0343491764e-06,,2009,9,2009
2009-09-11,,,2.1975723156000004e-06,2.4490358144e-06,,,,,,2009,9,2009
2009-09-12,,,2.1210399464000003e-06,2.3397038584000003e-06,,,,,,2009,9,2009
2009-09-13,,,,,,,,,,2009,9,2009
2009-09-14,,,,,,,,,,2009,9,2009
2009-09-15,,,,,,,,,,2009,9,2009
2009-09-16,,,,,,,,,,2009,9,2009
2009-09-17,,,,,,,,,,2009,9,2009
2009-09-18,,,,,,,,,,2009,9,2009
2009-09-19,,,,,,,,,,2009,9,2009
2009-09-20,,,,,,,,,,2009,9,2009
2009-09-21,,,,,,,,,,2009,9,2009
2009-09-22,,,,,,,,,,2009,9,2009
2009-09-23,,,,,,,,,,2009,9,2009
2009-09-24,,,,,,,,,,2009,9,2009
2009-09-25,,,,,,,,,,2009,9,2009
2009-09-26,,,,,,,,,,2009,9,2009
2009-09-27,,,,,,,,,,2009,9,2009
2009-09-28,,,,,,,,,,2009,9,2009
2009-09-29,,,,,,,,,,2009,9,2009
2009-09-30,,,,,,,,,,2009,9,2009
2009-10-01,,,,,,,,,,2009,10,2010
2009-10-02,,,,,,,,,,2009,10,2010
2009-10-03,,,,,,,,,,2009,10,2010
2009-10-04,,,,,,,,,,2009,10,2010
2009-10-05,,,,,,,,,,2009,10,2010
2009-10-06,,,,,,,,,,2009,10,2010
2009-10-07,,,,,,,,,,2009,10,2010
2009-10-08,,,,,,,,,,2009,10,2010
2009-10-09,,,,,,,,,,2009,10,2010
2009-10-10,,,,,,,,,,2009,10,2010
2009-10-11,,,,,,,,,,2009,10,2010
2009-10-12,,,,,,,,,,2009,10,2010
2009-10-13,,,,,,,,,,2009,10,2010
2009-10-14,,,,,,,,,,2009,10,2010
2009-10-15,,,,,,,,,,2009,10,2010
2009-10-16,,,,,,,,,,2009,10,2010
2009-10-17,,,,,,,,,,2009,10,2010
2009-10-18,,,,,,,,,,2009,10,2010
2009-10-19,,,,,,,,,,2009,10,2010
2009-10-20,,,,,,,,,,2009,10,2010
2009-10-21,,,,,,,,,,2009,10,2010
2009-10-22,,,,,,,,,,2009,10,2010
2009-10-23,,,,,,,,,,2009,10,2010
2009-10-24,,,,,,,,,,2009,10,2010
2009-10-25,,,,,,,,,,2009,10,2010
2009-10-26,,,,,,,,,,2009,10,2010
2009-10-27,,,,,,,,,,2009,10,2010
2009-10-28,,,,,,,,,,2009,10,2010
2009-10-29,,,,,,,,,,2009,10,2010
2009-10-30,,,,,,,,,,2009,10,2010
2009-10-31,,,,,,,,,,2009,10,2010
2009-11-01,,,,,,,,,,2009,11,2010
2009-11-02,,,,,,,,,,2009,11,2010
2009-11-03,,,,,,,,,,2009,11,2010
2009-11-04,,,,,,,,,,2009,11,2010
2009-11-05,,,,,,,,,,2009,11,2010
2009-11-06,,,,,,,,,,2009,11,2010
2009-11-07,,,,,,,,,,2009,11,2010
2009-11-08,,,,,,,,,,2009,11,2010
2009-11-09,,,,,,,,,,2009,11,2010
2009-11-10,,,,,,,,,,2009,11,2010
2009-11-11,,,,,,,,,,2009,11,2010
2009-11-12,,,,,,,,,,2009,11,2010
2009-11-13,,,,,,,,,,2009,11,2010
2009-11-14,,,,,,,,,,2009,11,2010
2009-11-15,,,,,,,,,,2009,11,2010
2009-11-16,,,,,,,,,,2009,11,2010
2009-11-17,,,,,,,,,,2009,11,2010
2009-11-18,,,,,,,,,,2009,11,2010
2009-11-19,,,,,,,,,,2009,11,2010
2009-11-20,,,,,,,,,,2009,11,2010
2009-11-21,,,,,,,,,,2009,11,2010
2009-11-22,,,,,,,,,,2009,11,2010
2009-11-23,,,,,,,,,,2009,11,2010
2009-11-24,,,,,,,,,,2009,11,2010
2009-11-25,,,,,,,,,,2009,11,2010
2009-11-26,,,,,,,,,,2009,11,2010
2009-11-27,,,,,,,,,,2009,11,2010
2009-11-28,,,,,,,,,,2009,11,2010
2009-11-29,,,,,,,,,,2009,11,2010
2009-11-30,,,,,,,,,,2009,11,2010
2009-12-01,,,,,,,,,,2009,12,2010
2009-12-02,,,,,,,,,,2009,12,2010
2009-12-03,,,,,,,,,,2009,12,2010
2009-12-04,,,,,,,,,,2009,12,2010
2009-12-05,,,,,,,,,,2009,12,2010
2009-12-06,,,,,,,,,,2009,12,2010
2009-12-07,,,,,,,,,,2009,12,2010
2009-12-08,,,,,,,,,,2009,12,2010
2009-12-09,,,,,,,,,,2009,12,2010
2009-12-10,,,,,,,,,,2009,12,2010
2009-12-11,,,,,,,,,,2009,12,2010
2009-12-12,,,,,,,,,,2009,12,2010
2009-12-13,,,,,,,,,,2009,12,2010
2009-12-14,,,,,,,,,,2009,12,2010
2009-12-15,,,,,,,,,,2009,12,2010
2009-12-16,,,,,,,,,,2009,12,2010
2009-12-17,,,,,,,,,,2009,12,2010
2009-12-18,,,,,,,,,,2009,12,2010
2009-12-19,,,,,,,,,,2009,12,2010
2009-12-20,,,,,,,,,,2009,12,2010
2009-12-21,,,,,,,,,,2009,12,2010
2009-12-22,,,,,,,,,,2009,12,2010
2009-12-23,,,,,,,,,,2009,12,2010
2009-12-24,,,,,,,,,,2009,12,2010
2009-12-25,,,,,,,,,,2009,12,2010
2009-12-26,,,,,,,,,,2009,12,2010
2009-12-27,,,,,,,,,,2009,12,2010
2009-12-28,,,,,,,,,,2009,12,2010
2009-12-29,,,,,,,,,,2009,12,2010
2009-12-30,,,,,,,,,,2009,12,2010
2009-12-31,,,,,,,,,,2009,12,2010
2010-01-01,,,,,,,,,,2010,1,2010
2010-01-02,,,,,,,,,,2010,1,2010
2010-01-03,,,,,,,,,,2010,1,2010
2010-01-04,,,,,,,,,,2010,1,2010
2010-01-05,,,,,,,,,,2010,1,2010
2010-01-06,,,,,,,,,,2010,1,2010
2010-01-07,,,,,,,,,,2010,1,2010
2010-01-08,,,,,,,,,,2010,1,2010
2010-01-09,,,,,,,,,,2010,1,2010
2010-01-10,,,,,,,,,,2010,1,2010
2010-01-11,,,,,,,,,,2010,1,2010
2010-01-12,,,,,,,,,,2010,1,2010
2010-01-13,,,,,,,,,,2010,1,2010
2010-01-14,,,,,,,,,,2010,1,2010
2010-01-15,,,,,,,,,,2010,1,2010
2010-01-16,,,,,,,,,,2010,1,2010
2010-01-17,,,,,,,,,,2010,1,2010
2010-01-18,,,,,,,,,,2010,1,2010
2010-01-19,,,,,,,,,,2010,1,2010
2010-01-20,,,,,,,,,,2010,1,2010
2010-01-21,,,,,,,,,,2010,1,2010
2010-01-22,,,,,,,,,,2010,1,2010
2010-01-23,,,,,,,,,,2010,1,2010
2010-01-24,,,,,,,,,,2010,1,2010
2010-01-25,,,,,,,,,,2010,1,2010
2010-01-26,,,,,,,,,,2010,1,2010
2010-01-27,,,,,,,,,,2010,1,2010
2010-01-28,,,,,,,,,,2010,1,2010
2010-01-29,,,,,,,,,,2010,1,2010
2010-01-30,,,,,,,,,,2010,1,2010
2010-01-31,,,,,,,,,,2010,1,2010
2010-02-01,,,,,,,,,,2010,2,2010
2010-02-02,,,,,,,,,,2010,2,2010
2010-02-03,,,,,,,,,,2010,2,2010
2010-02-04,,,,,,,,,,2010,2,2010
2010-02-05,,,,,,,,,,2010,2,2010
2010-02-06,,,,,,,,,,2010,2,2010
2010-02-07,,,,,,,,,,2010,2,2010
2010-02-08,,,,,,,,,,2010,2,2010
2010-02-09,,,,,,,,,,2010,2,2010
2010-02-10,,,,,,,,,,2010,2,2010
2010-02-11,,,,,,,,,,2010,2,2010
2010-02-12,,,,,,,,,,2010,2,2010
2010-02-13,,,,,,,,,,2010,2,2010
2010-02-14,,,,,,,,,,2010,2,2010
2010-02-15,,,,,,,,,,2010,2,2010
2010-02-16,,,,,,,,,,2010,2,2010
2010-02-17,,,,,,,,,,2010,2,2010
2010-02-18,,,,,,,,,,2010,2,2010
2010-02-19,,,,,,,,,,2010,2,2010
2010-02-20,,,,,,,,,,2010,2,2010
2010-02-21,,,,,,,,,,2010,2,2010
2010-02-22,,,,,,,,,,2010,2,2010
2010-02-23,,,,,,,,,,2010,2,2010
2010-02-24,,,,,,,,,,2010,2,2010
2010-02-25,,,,,,,,,,2010,2,2010
2010-02-26,,,,,,,,,,2010,2,2010
2010-02-27,,,,,,,,,,2010,2,2010
2010-02-28,,,,,,,,,,2010,2,2010
2010-03-01,,,,,,,,,,2010,3,2010
2010-03-02,,,,,,,,,,2010,3,2010
2010-03-03,,,,,,,,,,2010,3,2010
2010-03-04,,,,,,,,,,2010,3,2010
2010-03-05,,,,,,,,,,2010,3,2010
2010-03-06,,,,,,,,,,2010,3,2010
2010-03-07,,,,,,,,,,2010,3,2010
2010-03-08,,,,,,,,,,2010,3,2010
2010-03-09,,,,,,,,,,2010,3,2010
2010-03-10,,,,,,,,,,2010,3,2010
2010-03-11,,,,,,,,,,2010,3,2010
2010-03-12,,,,,,,,,,2010,3,2010
2010-03-13,,,,,,,,,,2010,3,2010
2010-03-14,,,,,,,,,,2010,3,2010
2010-03-15,,,,,,,,,,2010,3,2010
2010-03-16,,,,,,,,,,2010,3,2010
2010-03-17,,,,,,,,,,2010,3,2010
2010-03-18,,,,,,,,,,2010,3,2010
2010-03-19,,,,,,,,,,2010,3,2010
2010-03-20,,,,,,,,,,2010,3,2010
2010-03-21,,,,,,,,,,2010,3,2010
2010-03-22,,,,,,,,,,2010,3,2010
2010-03-23,,,,,,,,,,2010,3,2010
2010-03-24,,,,,,,,,,2010,3,2010
2010-03-25,,,,,,,,,,2010,3,2010
2010-03-26,,,,,,,,,,2010,3,2010
2010-03-27,,,,,,,,,,2010,3,2010
2010-03-28,,,,,,,,,,2010,3,2010
2010-03-29,,,,,,,,,,2010,3,2010
2010-03-30,,,,,,,,,,2010,3,2010
2010-03-31,,,,,,,,,,2010,3,2010
2010-04-01,,,,,,,,,,2010,4,2010
2010-04-02,,,,,,,,,,2010,4,2010
2010-04-03,,,,,,,,,,2010,4,2010
2010-04-04,,,,,,,,,,2010,4,2010
2010-04-05,,,,,,,,,,2010,4,2010
2010-04-06,,,,,,,,,,2010,4,2010
2010-04-07,,,,,,,,,,2010,4,2010
2010-04-08,,,,,,,,,,2010,4,2010
2010-04-09,,,,,,,,,,2010,4,2010
2010-04-10,,,,,,,,,,2010,4,2010
2010-04-11,,,,,,,,,,2010,4,2010
2010-04-12,,,,,,,,,,2010,4,2010
2010-04-13,,,,,,,,,,2010,4,2010
2010-04-14,,,,,,,,,,2010,4,2010
2010-04-15,,,,,,,,,,2010,4,2010
2010-04-16,,,,,,,,,,2010,4,2010
2010-04-17,,,,,,,,,,2010,4,2010
2010-04-18,,,,,,,,,,2010,4,2010
2010-04-19,,,,,,,,,,2010,4,2010
2010-04-20,,,,,,,,,,2010,4,2010
2010-04-21,,,,,,,,,,2010,4,2010
2010-04-22,,,,,,,,,,2010,4,2010
2010-04-23,,,,,,,,,,2010,4,2010
2010-04-24,,,,,,,,,,2010,4,2010
2010-04-25,,,,,,,,,,2010,4,2010
2010-04-26,,,,,,,,,,2010,4,2010
2010-04-27,,,,,,,,,,2010,4,2010
2010-04-28,,,,,,,,,,2010,4,2010
2010-04-29,,,,,,,,,,2010,4,2010
2010-04-30,,,,,,,,,,2010,4,2010
2010-05-01,,,,,,,,,,2010,5,2010
2010-05-02,,,,,,,,,,2010,5,2010
2010-05-03,,,,,,,,,,2010,5,2010
2010-05-04,,,,,,,,,,2010,5,2010
2010-05-05,,,,,,,,,,2010,5,2010
2010-05-06,,,,,,,,,,2010,5,2010
2010-05-07,,,,,,,,,,2010,5,2010
2010-05-08,,,,,,,,,,2010,5,2010
2010-05-09,,,,,,,,,,2010,5,2010
2010-05-10,,,,,,,,,,2010,5,2010
2010-05-11,,,,,,,,,,2010,5,2010
2010-05-12,,,,,,,,,,2010,5,2010
2010-05-13,,,,,,,,,,2010,5,2010
2010-05-14,,,,,,,,,,2010,5,2010
2010-05-15,,,,,,,,,,2010,5,2010
2010-05-16,,,,,,,,,,2010,5,2010
2010-05-17,,,,,,,,,,2010,5,2010
2010-05-18,,,,,,,,,,2010,5,2010
2010-05-19,,,,,,,,,,2010,5,2010
2010-05-20,,,,,,,,,,2010,5,2010
2010-05-21,,,,,,,,,,2010,5,2010
2010-05-22,,,,,,,,,,2010,5,2010
2010-05-23,,,,,,,,,,2010,5,2010
2010-05-24,,,,,,,,,,2010,5,2010
2010-05-25,,,,,,,,,,2010,5,2010
2010-05-26,,,,,,,,,,2010,5,2010
2010-05-27,,,,,,,,,,2010,5,2010
2010-05-28,,,,,,,,,,2010,5,2010
2010-05-29,,,,,,,,,,2010,5,2010
2010-05-30,,,,,,,,,,2010,5,2010
2010-05-31,,,,,,,,,,2010,5,2010
2010-06-01,,,,,,,,,,2010,6,2010
2010-06-02,,,,,,,0.0003600082647168,,,2010,6,2010
2010-06-03,,,,,,,0.0002540218665704,,,2010,6,2010
2010-06-04,0.000329307851472,0.0002428918734496,0.0002483366048584,0.0002423233472784,0.0002819999141108,0.000232767734324,0.0003386885332968,0.000321873278464,,2010,6,2010
2010-06-05,0.000245887569044,0.0001178926481548,0.0001840494147304,0.0001544969870236,0.0001867171144568,8.527892568000001e-05,0.0001581158747672,0.0002131973142,,2010,6,2010
2010-06-06,0.000166075241164,6.511811299360001e-05,0.0001219379305268,0.000109386621978,0.0001271858644148,6.062456960200001e-05,8.113524454760001e-05,0.000162029958792,,2010,6,2010
2010-06-07,0.00013065168742,5.172494838360001e-05,9.002393257040001e-05,8.46666667264e-05,9.177324386640002e-05,5.557343323480001e-05,6.044963847240001e-05,0.00014267820258,,2010,6,2010
2010-06-08,9.894542018e-05,3.9676566832400005e-05,7.062844357600002e-05,6.489944908160001e-05,6.95460572116e-05,4.17976067788e-05,4.6925275515200005e-05,0.000113049242504,,2010,6,2010
2010-06-09,9.1182851304e-05,3.839738294720001e-05,6.586157029440001e-05,6.429812332360002e-05,6.31720041768e-05,4.628021697480001e-05,4.977883956680001e-05,0.000105833333408,,2010,6,2010
2010-06-10,9.708677692800004e-05,4.403891187680001e-05,6.27674759396e-05,6.114936299080001e-05,6.269094357040001e-05,5.3441460092800005e-05,6.265814398360001e-05,0.000115673209448,,2010,6,2010
2010-06-11,8.844955240400002e-05,4.089015154400001e-05,5.654648764320001e-05,5.246840568440001e-05,5.70494146408e-05,4.3503185292400015e-05,5.871126037200001e-05,0.0001071781164668,,2010,6,2010
2010-06-12,7.532971768400001e-05,3.2438791345200004e-05,4.937431132960001e-05,4.5208763806e-05,5.004123626120001e-05,3.142200415440001e-05,4.656448006040001e-05,8.910554414000002e-05,,2010,6,2010
2010-06-13,6.395919426e-05,2.5671143268800004e-05,4.17976067788e-05,4.010296146080001e-05,4.314238983760001e-05,2.4916752772400004e-05,3.672460402040001e-05,7.272761713120001e-05,,2010,6,2010
2010-06-14,5.488464191200001e-05,2.1527462136400005e-05,3.569688363400001e-05,3.609047867560001e-05,3.652780649960001e-05,2.1735192852800005e-05,3.0241219029600003e-05,5.973898075840001e-05,,2010,6,2010
2010-06-15,4.8543388464000014e-05,1.8870695605600004e-05,3.178279960920001e-05,3.2624655670400004e-05,3.19139979564e-05,1.9373622603200003e-05,2.6600464894800004e-05,5.1779614361600005e-05,,2010,6,2010
2010-06-16,4.4935433916e-05,1.7514979351200002e-05,2.9497761728800003e-05,3.0514548919600003e-05,2.9191632252000004e-05,1.9176825082400003e-05,2.4184228667200003e-05,4.905724865720001e-05,,2010,6,2010
2010-06-17,4.1327479368000006e-05,1.6006198358400003e-05,2.6994059936400003e-05,2.82295110392e-05,2.6086604701600005e-05,1.858643252e-05,2.1658660483600004e-05,4.481516876440001e-05,,2010,6,2010
2010-06-18,3.717286504e-05,1.45192837568e-05,2.5026084728400007e-05,2.5561811312800004e-05,2.30471763248e-05,1.7132317505200003e-05,1.940642219e-05,3.97202996148e-05,,2010,6,2010
2010-06-19,3.4439566140000006e-05,1.3393164610000002e-05,2.3222107454400008e-05,2.317837467200001e-05,2.0609073706000005e-05,1.5568870534400002e-05,1.78648416104e-05,3.6516873304000005e-05,,2010,6,2010
2010-06-20,3.2252927020000004e-05,1.2627840918000004e-05,2.2194387068e-05,2.1724259657200005e-05,1.8783230040800004e-05,1.4967544776400002e-05,1.6694989681200002e-05,3.45379649004e-05,,2010,6,2010
2010-06-21,2.9956955944000007e-05,1.1698519292000004e-05,2.1090134312400004e-05,1.9964015165600005e-05,1.7143250700800002e-05,1.4453684583200002e-05,1.5197141884000002e-05,3.2416924954000005e-05,,2010,6,2010
2010-06-22,2.8098312692000003e-05,1.08129304484e-05,2.0084280317200004e-05,1.8061639131200003e-05,1.53502066224e-05,1.3240099871600002e-05,1.3885158412e-05,2.9792958010000003e-05,,2010,6,2010
2010-06-23,2.6786329220000004e-05,1.0135072321200002e-05,1.92533574516e-05,1.6880854006400002e-05,1.40928891284e-05,1.2354511028e-05,1.3010502764000002e-05,2.7770316824e-05,,2010,6,2010
2010-06-24,2.4927685968e-05,9.3806818248e-06,1.8334969021200003e-05,1.5885933206800004e-05,1.3174500698000005e-05,1.1370523424e-05,1.2321711441200002e-05,2.6021005528000004e-05,,2010,6,2010
2010-06-25,2.3615702496000004e-05,8.812155653600003e-06,1.7646177698400004e-05,1.46614152996e-05,1.2190513094000003e-05,1.03646694288e-05,1.1829717639200005e-05,2.4555957317600007e-05,,2010,6,2010
2010-06-26,2.2741046848e-05,8.385761025200001e-06,1.7022985549200003e-05,1.3841425629600002e-05,1.1676652900800003e-05,9.4681473896e-06,1.12283918812e-05,2.31565082808e-05,,2010,6,2010
2010-06-27,2.1319731420000003e-05,7.959366396800001e-06,1.6498192160400002e-05,1.3349431827600003e-05,1.1239325076800002e-05,8.615358132800001e-06,1.0780130861600002e-05,2.2019455938400004e-05,,2010,6,2010
2010-06-28,2.0445075772000004e-05,7.5767045508e-06,1.61592630968e-05,1.4366219018400002e-05,1.06161329276e-05,1.0375602624400002e-05,1.0222537886000002e-05,2.1046401530000003e-05,,2010,6,2010
2010-06-29,1.9461088168000003e-05,7.5220385728e-06,1.5667269294800002e-05,1.4158488302000004e-05,9.938274800400002e-06,1.0856663230800004e-05,9.982007582800002e-06,2.0062413926000005e-05,,2010,6,2010
2010-06-30,1.9023760344e-05,7.981232788e-06,1.54048726004e-05,1.3622761717600002e-05,1.03646694288e-05,1.0495867776000002e-05,9.282283064400002e-06,1.9187758278000003e-05,,2010,6,2010
2010-07-01,1.858643252e-05,7.762568876e-06,1.4880079211600002e-05,1.3054235546400002e-05,1.0233471081600002e-05,1.03537362332e-05,9.4244146072e-06,1.8433367781600003e-05,,2010,7,2010
2010-07-02,1.858643252e-05,8.014032374800001e-06,1.4759814060000005e-05,1.3130767915600005e-05,1.0419335406800002e-05,1.02553374728e-05,9.83987604e-06,1.9351756212000003e-05,,2010,7,2010
2010-07-03,1.7711776872000005e-05,7.303374660800001e-06,1.3994490368000002e-05,1.25513085488e-05,9.818009648800002e-06,9.5228133676e-06,8.899621218400001e-06,1.8050705935600003e-05,,2010,7,2010
2010-07-04,1.7274449048000004e-05,6.822314054400001e-06,1.3436897392400004e-05,1.17750516612e-05,9.2057506952e-06,9.0636191524e-06,8.243629482400001e-06,1.7066718331600002e-05,,2010,7,2010
2010-07-05,1.6290461444000003e-05,6.603650142400001e-06,1.2999569568400004e-05,1.12283918812e-05,8.8886880228e-06,8.823088849200002e-06,7.9484332012e-06,1.6574724529600003e-05,,2010,7,2010
2010-07-06,1.5415805796e-05,6.122589536000002e-06,1.2605974526800002e-05,1.07363980792e-05,8.407627416400002e-06,8.451360198800002e-06,7.6313705288e-06,1.5754734859600002e-05,,2010,7,2010
2010-07-07,1.4978477972000003e-05,5.575929756000001e-06,1.2081181138000002e-05,1.0189738299200003e-05,8.035898766e-06,7.9375000056e-06,7.194042704800001e-06,1.51315427104e-05,,2010,7,2010
2010-07-08,1.4541150148000002e-05,5.2260674968e-06,1.1632920118400002e-05,9.719610888400002e-06,7.6751033112e-06,7.5767045508e-06,6.909779619200001e-06,1.4814480038000004e-05,,2010,7,2010
2010-07-09,1.4103822324000005e-05,4.887138433200001e-06,1.1315857446e-05,9.347882238000002e-06,7.314307856400001e-06,7.325241052000002e-06,6.581783751200001e-06,1.4453684583200002e-05,,2010,7,2010
2010-07-10,1.3666494500000002e-05,4.64660813e-06,1.1009727969200002e-05,9.129218326e-06,6.953512401600001e-06,6.953512401600001e-06,6.253787883200001e-06,1.40600895416e-05,,2010,7,2010
2010-07-11,1.3119834720000002e-05,4.504476587200001e-06,1.07582644704e-05,8.855888436000003e-06,6.745781685200002e-06,6.822314054400001e-06,6.0788567536000005e-06,1.3775826456000005e-05,,2010,7,2010
2010-07-12,1.3119834720000002e-05,4.318612262000001e-06,1.0408402211200002e-05,8.593491741600002e-06,6.4833849908e-06,6.559917360000001e-06,5.892992428400001e-06,1.3491563370400003e-05,,2010,7,2010
2010-07-13,1.2682506896000002e-05,4.2202135016000005e-06,1.0047606756400002e-05,8.374827829600002e-06,6.286587470000001e-06,6.505251382000001e-06,5.707128103200001e-06,1.2890237612400003e-05,,2010,7,2010
2010-07-14,1.2245179072000005e-05,3.957816807200001e-06,9.83987604e-06,8.1670971132e-06,5.9804579932000016e-06,5.7945936680000016e-06,5.433798213200001e-06,1.2256112267600004e-05,,2010,7,2010
2010-07-15,1.1807851248000002e-05,3.739152895200001e-06,9.56654615e-06,7.882834027600001e-06,5.7617940812e-06,5.138601932e-06,5.171401518800001e-06,1.1873450421600005e-05,,2010,7,2010
2010-07-16,1.1370523424e-05,3.5204889832000005e-06,9.260416673200002e-06,7.6095041376000015e-06,5.510330582400001e-06,4.6138085432000005e-06,4.9636708024000005e-06,1.1381456619600002e-05,,2010,7,2010
2010-07-17,1.0933195600000002e-05,3.4002238316000003e-06,9.008953174400002e-06,7.4017734212000015e-06,5.4447314088e-06,4.318612262000001e-06,4.7122073036e-06,1.09987947736e-05,,2010,7,2010
2010-07-18,1.0933195600000002e-05,3.3018250712000004e-06,8.746556480000002e-06,7.281508269600002e-06,5.2151343012000015e-06,5.532196973600002e-06,4.5810089564e-06,1.06707989056e-05,,2010,7,2010
2010-07-19,1.038653582e-05,3.2580922888000003e-06,8.527892568000001e-06,7.139376726800002e-06,5.0511363672000015e-06,5.116735540800001e-06,4.4498106092000006e-06,1.02881370596e-05,,2010,7,2010
2010-07-20,1.038653582e-05,3.170626724000001e-06,8.3966942208e-06,6.975378792800002e-06,4.876205237600001e-06,5.2151343012000015e-06,4.373278240000001e-06,1.0200671494800005e-05,,2010,7,2010
2010-07-21,1.038653582e-05,3.1050275504000004e-06,8.276429069200002e-06,6.833247250000001e-06,4.766873281600001e-06,5.0620695628e-06,4.231146697200001e-06,1.3207300284800002e-05,,2010,7,2010
2010-07-22,9.949207996000002e-06,2.9300964208000004e-06,8.035898766e-06,6.6583161204000014e-06,4.6138085432000005e-06,4.930871215600001e-06,4.023415980800001e-06,9.490013780800002e-06,,2010,7,2010
2010-07-23,9.949207996000002e-06,2.8207644648000006e-06,7.8391012452e-06,6.428719012800001e-06,4.438877413600001e-06,4.745006890400001e-06,3.8047520688000008e-06,9.1073519348e-06,,2010,7,2010
2010-07-24,9.511880172e-06,2.5255681836000008e-06,7.6641701156e-06,6.2209882964e-06,4.143681132400001e-06,4.559142565200001e-06,3.553288570000001e-06,8.987086783200001e-06,,2010,7,2010
2010-07-25,9.511880172e-06,2.4053030320000005e-06,7.467372594800002e-06,6.002324384400002e-06,4.0124827852e-06,4.438877413600001e-06,3.4439566140000008e-06,8.812155653600003e-06,,2010,7,2010
2010-07-26,9.074552348000002e-06,2.2741046848e-06,7.248708682800002e-06,5.772727276800001e-06,3.8484848512e-06,4.2420798928000005e-06,3.334624658e-06,8.593491741600002e-06,,2010,7,2010
2010-07-27,9.074552348000002e-06,2.1647727288000004e-06,7.128443531200001e-06,5.5649965604000015e-06,3.717286504000001e-06,4.121814741200001e-06,3.1924931152000006e-06,8.538825763600002e-06,,2010,7,2010
2010-07-28,8.637224524000002e-06,2.1429063376000003e-06,6.964445597200001e-06,5.4993973868000005e-06,3.5860881568000007e-06,4.023415980800001e-06,3.2034263108e-06,8.418560612000002e-06,,2010,7,2010
2010-07-29,8.637224524000002e-06,2.0991735552e-06,6.8004476632000005e-06,5.379132235200001e-06,3.465823005200001e-06,3.935950416000001e-06,3.1924931152000006e-06,8.243629482400001e-06,,2010,7,2010
2010-07-30,8.637224524000002e-06,1.9898415992000004e-06,6.6364497292000005e-06,5.237000692400001e-06,3.2799586800000004e-06,3.750086090800001e-06,2.8644972472000003e-06,8.243629482400001e-06,,2010,7,2010
2010-07-31,8.199896700000001e-06,2.0335743816000005e-06,6.527117773200001e-06,5.138601932e-06,3.1924931152000006e-06,3.7610192864e-06,2.9300964208000004e-06,8.156163917600001e-06,,2010,7,2010
2010-08-01,8.199896700000001e-06,1.9789084036000003e-06,6.4068526216e-06,5.073002758400001e-06,3.0831611592e-06,3.640754134800001e-06,2.8644972472000003e-06,8.068698352800001e-06,,2010,8,2010
2010-08-02,8.199896700000001e-06,1.91330923e-06,6.2756542744e-06,5.0620695628e-06,2.984762398800001e-06,3.509555787600001e-06,2.744232095600001e-06,8.101497939600001e-06,,2010,8,2010
2010-08-03,7.762568876e-06,1.7930440784000003e-06,6.0788567536000005e-06,4.9636708024000005e-06,2.8754304428000007e-06,3.3455578536000005e-06,2.5365013792000004e-06,7.9047004188e-06,,2010,8,2010
2010-08-04,7.762568876e-06,1.7602444916000005e-06,5.991391188800001e-06,4.865272042000001e-06,2.842630856e-06,3.2580922888000003e-06,2.3069042716000003e-06,7.8391012452e-06,,2010,8,2010
2010-08-05,7.762568876e-06,1.6837121224000003e-06,5.860192841600001e-06,4.745006890400001e-06,2.7332989000000004e-06,3.1487603328000005e-06,2.3287706628000003e-06,7.6751033112e-06,,2010,8,2010
2010-08-06,7.762568876e-06,1.6290461444000002e-06,5.772727276800001e-06,4.5810089564e-06,2.6895661176000003e-06,3.0284951812000007e-06,2.3834366408000004e-06,7.511105377200002e-06,,2010,8,2010
2010-08-07,7.2159090960000015e-06,1.5415805796e-06,5.586862951600001e-06,4.471677000400001e-06,2.6349001396e-06,2.8972968340000008e-06,2.252238293600001e-06,7.598570942000001e-06,,2010,8,2010
2010-08-08,7.2159090960000015e-06,1.5197141884e-06,5.4993973868000005e-06,4.4498106092000006e-06,2.5583677704000004e-06,2.8754304428000007e-06,2.1757059244000004e-06,7.4455062036000016e-06,,2010,8,2010
2010-08-09,7.2159090960000015e-06,1.5306473840000006e-06,5.4556646044e-06,4.362345044400001e-06,2.5037017924000007e-06,2.8207644648000006e-06,2.1538395332000003e-06,7.226842291600001e-06,,2010,8,2010
2010-08-10,7.2159090960000015e-06,1.5197141884e-06,5.3135330616e-06,4.296745870800001e-06,2.4271694232000005e-06,2.7223657044e-06,2.1101067508e-06,7.073777553200001e-06,,2010,8,2010
2010-08-11,6.778581272000001e-06,1.4759814060000002e-06,5.171401518800001e-06,4.2202135016000005e-06,2.3397038584000003e-06,2.6349001396e-06,2.0226411860000004e-06,6.975378792800002e-06,,2010,8,2010
2010-08-12,6.778581272000001e-06,1.3885158412000005e-06,5.029269976000001e-06,4.1327479368e-06,2.2085055112000005e-06,2.5255681836000008e-06,1.9023760344000004e-06,6.8879132280000016e-06,,2010,8,2010
2010-08-13,6.778581272000001e-06,1.2354511028e-06,4.865272042000001e-06,4.0343491764e-06,2.0663739684e-06,2.3287706628000003e-06,1.7711776872000005e-06,6.6583161204000014e-06,,2010,8,2010
2010-08-14,6.341253448000001e-06,9.949207996000002e-07,4.5919421520000005e-06,3.8594180468e-06,1.9242424256e-06,2.0335743816000005e-06,1.5962465576000003e-06,6.374053034800001e-06,,2010,8,2010
2010-08-15,6.341253448000001e-06,,4.482610196000001e-06,3.750086090800001e-06,1.8586432520000005e-06,1.9789084036000003e-06,1.4978477972000005e-06,6.2756542744e-06,,2010,8,2010
2010-08-16,6.341253448000001e-06,,4.406077826800001e-06,3.739152895200001e-06,1.7274449048000002e-06,1.9679752080000003e-06,1.3885158412000005e-06,6.0788567536000005e-06,,2010,8,2010
2010-08-17,6.341253448000001e-06,,4.515409782800001e-06,3.9468836116e-06,1.7165117092000002e-06,1.9351756212e-06,1.5853133620000005e-06,6.822314054400001e-06,,2010,8,2010
2010-08-18,6.341253448000001e-06,,4.6138085432000005e-06,4.1764807192e-06,1.7821108828000003e-06,2.1975723156000004e-06,1.7274449048000002e-06,6.024190775600002e-06,,2010,8,2010
2010-08-19,5.903925624000001e-06,,4.340478653200001e-06,3.914084024800001e-06,1.6837121224000003e-06,1.9679752080000003e-06,1.5197141884e-06,6.067923558000002e-06,,2010,8,2010
2010-08-20,,,4.253013088400001e-06,3.7938188732e-06,1.6290461444000002e-06,1.9023760344000004e-06,1.421315428e-06,5.707128103200001e-06,,2010,8,2010
2010-08-21,,,4.110881545600001e-06,3.695420112800001e-06,1.5634469708000002e-06,1.6509125356000002e-06,1.2901170808000002e-06,5.7289944944000006e-06,,2010,8,2010
2010-08-22,,,4.001549589600001e-06,3.6188877436000008e-06,1.4869146016000005e-06,1.6946453180000003e-06,1.2573174940000002e-06,5.7508608856000015e-06,,2010,8,2010
2010-08-23,,,3.9031508292e-06,3.5970213524000007e-06,,1.6946453180000003e-06,1.2245179072e-06,5.619662538400001e-06,,2010,8,2010
2010-08-24,,,3.7610192864e-06,,,1.5087809928000003e-06,1.0714531688000002e-06,,,2010,8,2010
2010-08-25,,,3.6516873304e-06,,,1.3338498632e-06,,,,2010,8,2010
2010-08-26,,,,,,,,,,2010,8,2010
2010-08-27,,,,,,,,,,2010,8,2010
2010-08-28,,,,,,,,,,2010,8,2010
2010-08-29,,,,,,,,,,2010,8,2010
2010-08-30,,,,,,,,,,2010,8,2010
2010-08-31,,,,,,,,,,2010,8,2010
2010-09-01,,,,,,,,,,2010,9,2010
2010-09-02,,,,,,,,,,2010,9,2010
2010-09-03,,,,,,,,,,2010,9,2010
2010-09-04,,,,,,,,,,2010,9,2010
2010-09-05,,,,,,,,,,2010,9,2010
2010-09-06,,,,,,,,,,2010,9,2010
2010-09-07,,,,,,,,,,2010,9,2010
2010-09-08,,,,,,,,,,2010,9,2010
2010-09-09,,,,,,,,,,2010,9,2010
2010-09-10,,,,,,,,,,2010,9,2010
2010-09-11,,,,,,,,,,2010,9,2010
2010-09-12,,,,,,,,,,2010,9,2010
2010-09-13,,,,,,,,,,2010,9,2010
2010-09-14,,,,,,,,,,2010,9,2010
2010-09-15,,,,,,,,,,2010,9,2010
2010-09-16,,,,,,,,,,2010,9,2010
2010-09-17,,,,,,,,,,2010,9,2010
2010-09-18,,,,,,,,,,2010,9,2010
2010-09-19,,,,,,,,,,2010,9,2010
2010-09-20,,,,,,,,,,2010,9,2010
2010-09-21,,,,,,,,,,2010,9,2010
2010-09-22,,,,,,,,,,2010,9,2010
2010-09-23,,,,,,,,,,2010,9,2010
2010-09-24,,,,,,,,,,2010,9,2010
2010-09-25,,,,,,,,,,2010,9,2010
2010-09-26,,,,,,,,,,2010,9,2010
2010-09-27,,,,,,,,,,2010,9,2010
2010-09-28,,,,,,,,,,2010,9,2010
2010-09-29,,,,,,,,,,2010,9,2010
2010-09-30,,,,,,,,,,2010,9,2010
2010-10-01,,,,,,,,,,2010,10,2011
2010-10-02,,,,,,,,,,2010,10,2011
2010-10-03,,,,,,,,,,2010,10,2011
2010-10-04,,,,,,,,,,2010,10,2011
2010-10-05,,,,,,,,,,2010,10,2011
2010-10-06,,,,,,,,,,2010,10,2011
2010-10-07,,,,,,,,,,2010,10,2011
2010-10-08,,,,,,,,,,2010,10,2011
2010-10-09,,,,,,,,,,2010,10,2011
2010-10-10,,,,,,,,,,2010,10,2011
2010-10-11,,,,,,,,,,2010,10,2011
2010-10-12,,,,,,,,,,2010,10,2011
2010-10-13,,,,,,,,,,2010,10,2011
2010-10-14,,,,,,,,,,2010,10,2011
2010-10-15,,,,,,,,,,2010,10,2011
2010-10-16,,,,,,,,,,2010,10,2011
2010-10-17,,,,,,,,,,2010,10,2011
2010-10-18,,,,,,,,,,2010,10,2011
2010-10-19,,,,,,,,,,2010,10,2011
2010-10-20,,,,,,,,,,2010,10,2011
2010-10-21,,,,,,,,,,2010,10,2011
2010-10-22,,,,,,,,,,2010,10,2011
2010-10-23,,,,,,,,,,2010,10,2011
2010-10-24,,,,,,,,,,2010,10,2011
2010-10-25,,,,,,,,,,2010,10,2011
2010-10-26,,,,,,,,,,2010,10,2011
2010-10-27,,,,,,,,,,2010,10,2011
2010-10-28,,,,,,,,,,2010,10,2011
2010-10-29,,,,,,,,,,2010,10,2011
2010-10-30,,,,,,,,,,2010,10,2011
2010-10-31,,,,,,,,,,2010,10,2011
2010-11-01,,,,,,,,,,2010,11,2011
2010-11-02,,,,,,,,,,2010,11,2011
2010-11-03,,,,,,,,,,2010,11,2011
2010-11-04,,,,,,,,,,2010,11,2011
2010-11-05,,,,,,,,,,2010,11,2011
2010-11-06,,,,,,,,,,2010,11,2011
2010-11-07,,,,,,,,,,2010,11,2011
2010-11-08,,,,,,,,,,2010,11,2011
2010-11-09,,,,,,,,,,2010,11,2011
2010-11-10,,,,,,,,,,2010,11,2011
2010-11-11,,,,,,,,,,2010,11,2011
2010-11-12,,,,,,,,,,2010,11,2011
2010-11-13,,,,,,,,,,2010,11,2011
2010-11-14,,,,,,,,,,2010,11,2011
2010-11-15,,,,,,,,,,2010,11,2011
2010-11-16,,,,,,,,,,2010,11,2011
2010-11-17,,,,,,,,,,2010,11,2011
2010-11-18,,,,,,,,,,2010,11,2011
2010-11-19,,,,,,,,,,2010,11,2011
2010-11-20,,,,,,,,,,2010,11,2011
2010-11-21,,,,,,,,,,2010,11,2011
2010-11-22,,,,,,,,,,2010,11,2011
2010-11-23,,,,,,,,,,2010,11,2011
2010-11-24,,,,,,,,,,2010,11,2011
2010-11-25,,,,,,,,,,2010,11,2011
2010-11-26,,,,,,,,,,2010,11,2011
2010-11-27,,,,,,,,,,2010,11,2011
2010-11-28,,,,,,,,,,2010,11,2011
2010-11-29,,,,,,,,,,2010,11,2011
2010-11-30,,,,,,,,,,2010,11,2011
2010-12-01,,,,,,,,,,2010,12,2011
2010-12-02,,,,,,,,,,2010,12,2011
2010-12-03,,,,,,,,,,2010,12,2011
2010-12-04,,,,,,,,,,2010,12,2011
2010-12-05,,,,,,,,,,2010,12,2011
2010-12-06,,,,,,,,,,2010,12,2011
2010-12-07,,,,,,,,,,2010,12,2011
2010-12-08,,,,,,,,,,2010,12,2011
2010-12-09,,,,,,,,,,2010,12,2011
2010-12-10,,,,,,,,,,2010,12,2011
2010-12-11,,,,,,,,,,2010,12,2011
2010-12-12,,,,,,,,,,2010,12,2011
2010-12-13,,,,,,,,,,2010,12,2011
2010-12-14,,,,,,,,,,2010,12,2011
2010-12-15,,,,,,,,,,2010,12,2011
2010-12-16,,,,,,,,,,2010,12,2011
2010-12-17,,,,,,,,,,2010,12,2011
2010-12-18,,,,,,,,,,2010,12,2011
2010-12-19,,,,,,,,,,2010,12,2011
2010-12-20,,,,,,,,,,2010,12,2011
2010-12-21,,,,,,,,,,2010,12,2011
2010-12-22,,,,,,,,,,2010,12,2011
2010-12-23,,,,,,,,,,2010,12,2011
2010-12-24,,,,,,,,,,2010,12,2011
2010-12-25,,,,,,,,,,2010,12,2011
2010-12-26,,,,,,,,,,2010,12,2011
2010-12-27,,,,,,,,,,2010,12,2011
2010-12-28,,,,,,,,,,2010,12,2011
2010-12-29,,,,,,,,,,2010,12,2011
2010-12-30,,,,,,,,,,2010,12,2011
2010-12-31,,,,,,,,,,2010,12,2011
2011-01-01,,,,,,,,,,2011,1,2011
2011-01-02,,,,,,,,,,2011,1,2011
2011-01-03,,,,,,,,,,2011,1,2011
2011-01-04,,,,,,,,,,2011,1,2011
2011-01-05,,,,,,,,,,2011,1,2011
2011-01-06,,,,,,,,,,2011,1,2011
2011-01-07,,,,,,,,,,2011,1,2011
2011-01-08,,,,,,,,,,2011,1,2011
2011-01-09,,,,,,,,,,2011,1,2011
2011-01-10,,,,,,,,,,2011,1,2011
2011-01-11,,,,,,,,,,2011,1,2011
2011-01-12,,,,,,,,,,2011,1,2011
2011-01-13,,,,,,,,,,2011,1,2011
2011-01-14,,,,,,,,,,2011,1,2011
2011-01-15,,,,,,,,,,2011,1,2011
2011-01-16,,,,,,,,,,2011,1,2011
2011-01-17,,,,,,,,,,2011,1,2011
2011-01-18,,,,,,,,,,2011,1,2011
2011-01-19,,,,,,,,,,2011,1,2011
2011-01-20,,,,,,,,,,2011,1,2011
2011-01-21,,,,,,,,,,2011,1,2011
2011-01-22,,,,,,,,,,2011,1,2011
2011-01-23,,,,,,,,,,2011,1,2011
2011-01-24,,,,,,,,,,2011,1,2011
2011-01-25,,,,,,,,,,2011,1,2011
2011-01-26,,,,,,,,,,2011,1,2011
2011-01-27,,,,,,,,,,2011,1,2011
2011-01-28,,,,,,,,,,2011,1,2011
2011-01-29,,,,,,,,,,2011,1,2011
2011-01-30,,,,,,,,,,2011,1,2011
2011-01-31,,,,,,,,,,2011,1,2011
2011-02-01,,,,,,,,,,2011,2,2011
2011-02-02,,,,,,,,,,2011,2,2011
2011-02-03,,,,,,,,,,2011,2,2011
2011-02-04,,,,,,,,,,2011,2,2011
2011-02-05,,,,,,,,,,2011,2,2011
2011-02-06,,,,,,,,,,2011,2,2011
2011-02-07,,,,,,,,,,2011,2,2011
2011-02-08,,,,,,,,,,2011,2,2011
2011-02-09,,,,,,,,,,2011,2,2011
2011-02-10,,,,,,,,,,2011,2,2011
2011-02-11,,,,,,,,,,2011,2,2011
2011-02-12,,,,,,,,,,2011,2,2011
2011-02-13,,,,,,,,,,2011,2,2011
2011-02-14,,,,,,,,,,2011,2,2011
2011-02-15,,,,,,,,,,2011,2,2011
2011-02-16,,,,,,,,,,2011,2,2011
2011-02-17,,,,,,,,,,2011,2,2011
2011-02-18,,,,,,,,,,2011,2,2011
2011-02-19,,,,,,,,,,2011,2,2011
2011-02-20,,,,,,,,,,2011,2,2011
2011-02-21,,,,,,,,,,2011,2,2011
2011-02-22,,,,,,,,,,2011,2,2011
2011-02-23,,,,,,,,,,2011,2,2011
2011-02-24,,,,,,,,,,2011,2,2011
2011-02-25,,,,,,,,,,2011,2,2011
2011-02-26,,,,,,,,,,2011,2,2011
2011-02-27,,,,,,,,,,2011,2,2011
2011-02-28,,,,,,,,,,2011,2,2011
2011-03-01,,,,,,,,,,2011,3,2011
2011-03-02,,,,,,,,,,2011,3,2011
2011-03-03,,,,,,,,,,2011,3,2011
2011-03-04,,,,,,,,,,2011,3,2011
2011-03-05,,,,,,,,,,2011,3,2011
2011-03-06,,,,,,,,,,2011,3,2011
2011-03-07,,,,,,,,,,2011,3,2011
2011-03-08,,,,,,,,,,2011,3,2011
2011-03-09,,,,,,,,,,2011,3,2011
2011-03-10,,,,,,,,,,2011,3,2011
2011-03-11,,,,,,,,,,2011,3,2011
2011-03-12,,,,,,,,,,2011,3,2011
2011-03-13,,,,,,,,,,2011,3,2011
2011-03-14,,,,,,,,,,2011,3,2011
2011-03-15,,,,,,,,,,2011,3,2011
2011-03-16,,,,,,,,,,2011,3,2011
2011-03-17,,,,,,,,,,2011,3,2011
2011-03-18,,,,,,,,,,2011,3,2011
2011-03-19,,,,,,,,,,2011,3,2011
2011-03-20,,,,,,,,,,2011,3,2011
2011-03-21,,,,,,,,,,2011,3,2011
2011-03-22,,,,,,,,,,2011,3,2011
2011-03-23,,,,,,,,,,2011,3,2011
2011-03-24,,,,,,,,,,2011,3,2011
2011-03-25,,,,,,,,,,2011,3,2011
2011-03-26,,,,,,,,,,2011,3,2011
2011-03-27,,,,,,,,,,2011,3,2011
2011-03-28,,,,,,,,,,2011,3,2011
2011-03-29,,,,,,,,,,2011,3,2011
2011-03-30,,,,,,,,,,2011,3,2011
2011-03-31,,,,,,,,,,2011,3,2011
2011-04-01,,,,,,,,,,2011,4,2011
2011-04-02,,,,,,,,,,2011,4,2011
2011-04-03,,,,,,,,,,2011,4,2011
2011-04-04,,,,,,,,,,2011,4,2011
2011-04-05,,,,,,,,,,2011,4,2011
2011-04-06,,,,,,,,,,2011,4,2011
2011-04-07,,,,,,,,,,2011,4,2011
2011-04-08,,,,,,,,,,2011,4,2011
2011-04-09,,,,,,,,,,2011,4,2011
2011-04-10,,,,,,,,,,2011,4,2011
2011-04-11,,,,,,,,,,2011,4,2011
2011-04-12,,,,,,,,,,2011,4,2011
2011-04-13,,,,,,,,,,2011,4,2011
2011-04-14,,,,,,,,,,2011,4,2011
2011-04-15,,,,,,,,,,2011,4,2011
2011-04-16,,,,0.0002119181303148,,,,,,2011,4,2011
2011-04-17,,,,0.0001892973486184,,,,,,2011,4,2011
2011-04-18,,,,0.0001284213155176,,,,,,2011,4,2011
2011-04-19,,,,9.511880172e-05,,,,,,2011,4,2011
2011-04-20,,,,7.36460055616e-05,,,,,,2011,4,2011
2011-04-21,,,,5.8088068222800005e-05,,,,,,2011,4,2011
2011-04-22,,,,4.84996556816e-05,,,,,,2011,4,2011
2011-04-23,,,,4.2748794796e-05,,,,,,2011,4,2011
2011-04-24,,,,4.054028928480001e-05,,,,,,2011,4,2011
2011-04-25,,,,5.3889721112400016e-05,,,,,,2011,4,2011
2011-04-26,,,,6.598183544600001e-05,,,,,,2011,4,2011
2011-04-27,,,,5.366012400480001e-05,,,,,,2011,4,2011
2011-04-28,,,,5.544223488760001e-05,,,,,,2011,4,2011
2011-04-29,,,,6.333600211080001e-05,,,,,,2011,4,2011
2011-04-30,,,,6.120402896880001e-05,,,,,,2011,4,2011
2011-05-01,,,,5.127668736400001e-05,,,,,,2011,5,2011
2011-05-02,,,,4.4880767938000005e-05,,,,,,2011,5,2011
2011-05-03,,,,4.1152548238400006e-05,,,,,,2011,5,2011
2011-05-04,,,,3.7260330604800005e-05,,,,,,2011,5,2011
2011-05-05,,,,3.403503790280001e-05,,,,,,2011,5,2011
2011-05-06,,,,3.311664947240001e-05,,,,,,2011,5,2011
2011-05-07,,,,3.0897210765600006e-05,,,,,,2011,5,2011
2011-05-08,,,,3.0602014484400004e-05,,,,,,2011,5,2011
2011-05-09,,,,2.8787104014800005e-05,,,,,,2011,5,2011
2011-05-10,,,,2.59335399632e-05,,,,,,2011,5,2011
2011-05-11,,,,2.710339189240001e-05,,,,,,2011,5,2011
2011-05-12,,,,2.7496986934000008e-05,,,,,,2011,5,2011
2011-05-13,,,,2.4063963515600004e-05,,,,,,2011,5,2011
2011-05-14,,,,2.22818526328e-05,,,,,,2011,5,2011
2011-05-15,,,,2.1155733486000005e-05,,,,,,2011,5,2011
2011-05-16,,,,2.095893596520001e-05,,,,,,2011,5,2011
2011-05-17,,,,2.0160812686400004e-05,,,,,,2011,5,2011
2011-05-18,,,,1.9548553732800003e-05,,,,,,2011,5,2011
2011-05-19,,,,1.80069731532e-05,,,,,,2011,5,2011
2011-05-20,,,,1.7077651527200005e-05,,,,,,2011,5,2011
2011-05-21,,,,1.7077651527200005e-05,,,,,,2011,5,2011
2011-05-22,,,,1.57000688816e-05,,,,,,2011,5,2011
2011-05-23,,,,1.530647384e-05,,,,,,2011,5,2011
2011-05-24,,,,1.4508350561200002e-05,,,,,,2011,5,2011
2011-05-25,,,,2.2948777564400008e-05,,,,,,2011,5,2011
2011-05-26,,,,2.133066461560001e-05,,,,,,2011,5,2011
2011-05-27,,,,6.492131547280001e-05,,,,0.000164107265956,,2011,5,2011
2011-05-28,0.000136555613044,9.33913568152e-05,6.87916667152e-05,6.602556822840001e-05,7.276041671800002e-05,,0.0001120543217044,0.000161592630968,,2011,5,2011
2011-05-29,0.000110643939472,4.923217978680001e-05,5.1375086124400006e-05,4.5438360913600005e-05,6.43090565192e-05,,6.31829373724e-05,0.000123763774192,,2011,5,2011
2011-05-30,9.664944910400002e-05,3.345557853600001e-05,4.160080925800001e-05,3.8189652230800005e-05,5.71915461836e-05,,4.4388774136e-05,0.0001072874484228,,2011,5,2011
2011-05-31,9.621212128000002e-05,3.530328859240001e-05,4.204907027760001e-05,4.080268597920001e-05,5.501584025920001e-05,,4.458557165680001e-05,0.00011315857446,,2011,5,2011
2011-06-01,9.4790805852e-05,3.357584368760001e-05,3.848484851200001e-05,3.8102186666e-05,5.1582816840800005e-05,,4.103228308680001e-05,0.000116547865096,,2011,6,2011
2011-06-02,9.4790805852e-05,4.183040636560001e-05,4.03544249596e-05,4.10104166956e-05,5.2993199073200015e-05,5.2534004858e-05,4.861992083320001e-05,0.00011370523424,,2011,6,2011
2011-06-03,8.888688022800003e-05,3.6243543414e-05,3.74899277124e-05,3.63856749568e-05,4.830285816080001e-05,3.07004132448e-05,4.418104341960001e-05,0.0001078887741808,,2011,6,2011
2011-06-04,8.9870867832e-05,2.7147124674800007e-05,3.3379046166800004e-05,3.217639465080001e-05,4.21365358424e-05,1.97672176448e-05,3.39913051204e-05,0.000117750516612,,2011,6,2011
2011-06-05,9.796143257600004e-05,2.21725206768e-05,3.067854685360001e-05,2.94212293596e-05,3.7664858842e-05,1.6257661857200004e-05,2.67753960244e-05,0.000136227617176,,2011,6,2011
2011-06-06,0.000100257403652,1.9461088168000003e-05,2.8470041342400003e-05,2.6862861589200004e-05,3.5183023440800006e-05,1.448648417e-05,2.235838500200001e-05,0.000140272899548,,2011,6,2011
2011-06-07,8.844955240400002e-05,1.7022985549200003e-05,2.59335399632e-05,2.4293560623200003e-05,3.101747591720001e-05,1.2682506896000002e-05,1.8706697671600006e-05,0.000119827823776,,2011,6,2011
2011-06-08,7.6204373332e-05,1.52627410576e-05,2.39108987772e-05,2.1964789960400003e-05,2.7245523435200004e-05,1.1217458685600005e-05,1.69136535932e-05,0.0001015256543416,,2011,6,2011
2011-06-09,6.712982098400001e-05,1.38523588252e-05,2.22709194372e-05,2.05106749456e-05,2.4238894645200005e-05,1.02990702552e-05,1.5798467642000004e-05,9.094232100080002e-05,,2011,6,2011
2011-06-10,6.5817837512e-05,1.2605974526800002e-05,2.1002668747600004e-05,1.88269628232e-05,2.1669593679200004e-05,9.5884125412e-06,1.4825413233600004e-05,9.30196281648e-05,,2011,6,2011
2011-06-11,6.3084538612e-05,1.1479855380000002e-05,1.9745351253600003e-05,1.7788309241200003e-05,1.97672176448e-05,9.129218326e-06,1.4125688715200004e-05,8.861355033800001e-05,,2011,6,2011
2011-06-12,5.849259646e-05,1.10315943604e-05,1.91002927132e-05,1.79195075884e-05,1.8138171500400003e-05,9.129218326e-06,1.42459538668e-05,8.296108821280001e-05,,2011,6,2011
2011-06-13,6.538050968800002e-05,1.0594266536400002e-05,1.80069731532e-05,1.7514979351200002e-05,1.7547778938e-05,8.943354000800001e-06,1.4049156346000002e-05,9.30196281648e-05,,2011,6,2011
2011-06-14,5.991391188800001e-05,9.2166838908e-06,1.6443526182400004e-05,1.51752754928e-05,1.50987431236e-05,8.615358132800001e-06,1.2693440091600002e-05,8.523519289760001e-05,,2011,6,2011
2011-06-15,5.357265844000001e-05,8.516959372400002e-06,1.5951532380400002e-05,1.3994490368000002e-05,1.36008953264e-05,8.112431135200001e-06,1.2234245876400002e-05,7.525318531480001e-05,,2011,6,2011
2011-06-16,4.766873281600001e-05,8.046831961600002e-06,1.5426738991600004e-05,1.2955836786000002e-05,1.2649707309200003e-05,7.368973834400002e-06,1.2234245876400002e-05,6.68236915072e-05,,2011,6,2011
2011-06-17,4.351411848800001e-05,7.707902898e-06,1.4989411167600005e-05,1.2103047529200005e-05,1.1785984856800004e-05,6.876980032400001e-06,1.1818784443600002e-05,6.108376381720001e-05,,2011,6,2011
2011-06-18,4.351411848800001e-05,7.8063016584e-06,1.5372073013600003e-05,1.26606405048e-05,1.2354511028e-05,6.6255165336e-06,1.26715737004e-05,6.299707304720001e-05,,2011,6,2011
2011-06-19,4.723140499200001e-05,7.467372594800002e-06,1.4705148082000005e-05,1.2288911854400005e-05,1.29449035904e-05,6.6255165336e-06,1.26169077224e-05,6.661596079080001e-05,,2011,6,2011
2011-06-20,4.406077826800001e-05,6.8004476632000005e-06,1.4180354693200002e-05,1.1304924250400002e-05,1.1818784443600002e-05,5.7289944944000006e-06,1.1589187336000005e-05,6.288774109120001e-05,,2011,6,2011
2011-06-21,4.351411848800001e-05,6.428719012800001e-06,1.3830492434e-05,1.0823863644e-05,1.0987861578e-05,5.805526863600002e-06,1.0769197666000002e-05,6.13461605116e-05,,2011,6,2011
2011-06-22,4.351411848800001e-05,6.067923558000002e-06,1.33603650232e-05,1.0419335406800002e-05,1.0605199732000002e-05,5.193267910000001e-06,1.0320936646400002e-05,6.153202483680001e-05,,2011,6,2011
2011-06-23,3.9468836116000006e-05,5.914858819600001e-06,1.2715306482800004e-05,1.0135072321200002e-05,1.0441201798e-05,5.193267910000001e-06,1.0058539952e-05,5.6502754860800016e-05,,2011,6,2011
2011-06-24,3.3127582668e-05,5.619662538400001e-06,1.22123794852e-05,9.7961432576e-06,9.807076453200002e-06,5.193267910000001e-06,9.861742431200002e-06,4.9363378134000005e-05,,2011,6,2011
2011-06-25,2.9956955944000007e-05,5.258867083600001e-06,1.18843836172e-05,9.4134814116e-06,8.866821631600002e-06,4.9636708024000005e-06,9.3150826512e-06,4.4257575788800014e-05,,2011,6,2011
2011-06-26,2.8098312692000003e-05,5.105802345200001e-06,1.15454545536e-05,9.1620179128e-06,8.473226590000001e-06,4.9636708024000005e-06,9.304149455600002e-06,4.03106921772e-05,,2011,6,2011
2011-06-27,2.7223657044000008e-05,5.247933888000001e-06,1.1370523424e-05,9.0854855436e-06,8.593491741600002e-06,4.9636708024000005e-06,8.768422871200003e-06,3.8167785839600006e-05,,2011,6,2011
2011-06-28,2.951962812000001e-05,7.7953684628e-06,1.3655561304400002e-05,1.1982782377600002e-05,9.0854855436e-06,7.128443531200001e-06,1.1556387749200004e-05,4.00920282652e-05,,2011,6,2011
2011-06-29,2.7223657044000008e-05,6.2647210788000005e-06,1.1425189402e-05,9.402548216e-06,9.074552348000002e-06,6.1444559272000015e-06,9.632145323600002e-06,3.7632059255200005e-05,,2011,6,2011
2011-06-30,2.4927685968e-05,5.696194907600001e-06,1.0955061991200004e-05,9.8836088224e-06,8.735623284400002e-06,5.903925624000001e-06,6.559917360000001e-06,3.473476242120001e-05,,2011,6,2011
2011-07-01,2.2741046848e-05,5.2698002792e-06,1.05396005584e-05,9.4790805852e-06,8.331095047200002e-06,6.778581272000001e-06,6.297520665600001e-06,3.1115874677600005e-05,,2011,7,2011
2011-07-02,2.1757059244000004e-05,4.952737606800001e-06,1.02881370596e-05,9.1948174996e-06,7.970299592400001e-06,6.4396522084e-06,6.046057166800001e-06,2.9016701122400004e-05,,2011,7,2011
2011-07-03,2.0882403596e-05,4.657541325600001e-06,9.905475213600002e-06,8.855888436000003e-06,7.598570942000001e-06,6.188188709600001e-06,5.772727276800001e-06,2.7322055804400008e-05,,2011,7,2011
2011-07-04,2.0007747948000003e-05,4.482610196000001e-06,9.6868113016e-06,8.615358132800001e-06,7.358040638800001e-06,6.024190775600002e-06,5.4993973868000005e-06,2.5211949053600003e-05,,2011,7,2011
2011-07-05,1.858643252e-05,4.2202135016000005e-06,9.3369490424e-06,8.320161851600002e-06,7.106577140000002e-06,5.739927690000001e-06,5.193267910000001e-06,2.3364238997200003e-05,,2011,7,2011
2011-07-06,1.8149104696000003e-05,4.001549589600001e-06,9.1948174996e-06,8.068698352800001e-06,6.833247250000001e-06,5.652462125200001e-06,5.073002758400001e-06,2.1811725222000005e-05,,2011,7,2011
2011-07-07,1.7711776872000005e-05,3.9250172204e-06,8.998019978800001e-06,7.860967636400002e-06,6.505251382000001e-06,5.718061298800001e-06,5.0074035848000014e-06,2.01280130996e-05,,2011,7,2011
2011-07-08,1.6837121224000003e-05,3.8047520688000008e-06,8.702823697600002e-06,7.7188360936e-06,6.297520665600001e-06,6.111656340400002e-06,4.843405650800001e-06,1.8422434586000003e-05,,2011,7,2011
2011-07-09,1.5853133620000002e-05,3.662620526000001e-06,8.637224524000002e-06,7.65323692e-06,6.122589536000002e-06,6.3631198392e-06,4.7340736948e-06,1.7143250700800002e-05,,2011,7,2011
2011-07-10,1.4978477972000003e-05,3.487689396400001e-06,8.385761025200001e-06,7.478305790400002e-06,5.871126037200001e-06,6.395919426e-06,4.5482093696e-06,1.58640668156e-05,,2011,7,2011
2011-07-11,1.4541150148000002e-05,3.542355374400001e-06,8.309228656e-06,7.379907030000002e-06,5.619662538400001e-06,5.400998626400001e-06,4.5482093696e-06,1.50440771456e-05,,2011,7,2011
2011-07-12,1.4541150148000002e-05,3.881284438e-06,8.418560612000002e-06,7.5657713552e-06,5.925792015200002e-06,5.411931822e-06,5.0511363672000015e-06,1.5208075079600002e-05,,2011,7,2011
2011-07-13,1.4978477972000003e-05,3.6516873304e-06,8.188963504400002e-06,7.325241052000002e-06,5.9367252108000015e-06,4.996470389200001e-06,4.7340736948e-06,1.46614152996e-05,,2011,7,2011
2011-07-14,1.4103822324000005e-05,3.334624658e-06,7.817234854000002e-06,6.8879132280000016e-06,5.400998626400001e-06,4.701274108000001e-06,4.307679066400001e-06,1.35134297616e-05,,2011,7,2011
2011-07-15,1.3119834720000002e-05,3.2034263108e-06,7.6204373332e-06,6.6364497292000005e-06,5.160468323200001e-06,4.6138085432000005e-06,4.143681132400001e-06,1.27262396784e-05,,2011,7,2011
2011-07-16,1.4103822324000005e-05,3.739152895200001e-06,8.2654958736e-06,7.686036506800001e-06,5.849259646000002e-06,5.193267910000001e-06,4.930871215600001e-06,1.3054235546400002e-05,,2011,7,2011
2011-07-17,1.3666494500000002e-05,3.8703512424000005e-06,7.828168049600001e-06,7.368973834400002e-06,5.510330582400001e-06,5.488464191200002e-06,5.0511363672000015e-06,1.2791838852e-05,,2011,7,2011
2011-07-18,1.3119834720000002e-05,3.7610192864e-06,7.8937672232e-06,7.347107443200001e-06,5.3135330616e-06,6.2209882964e-06,4.843405650800001e-06,1.26606405048e-05,,2011,7,2011
2011-07-19,2.2194387068e-05,1.0430268602400005e-05,1.7985106762000002e-05,1.9362689407600003e-05,1.2452909788400002e-05,1.5557937338800003e-05,9.621212128000002e-06,2.5813274811600005e-05,,2011,7,2011
2011-07-20,1.7711776872000005e-05,4.4607438048e-06,9.238550282e-06,9.260416673200002e-06,8.178030308800002e-06,5.991391188800001e-06,4.701274108000001e-06,1.6968319571200002e-05,,2011,7,2011
2011-07-21,1.4978477972000003e-05,3.4986225920000005e-06,8.0249655704e-06,8.035898766e-06,6.822314054400001e-06,5.105802345200001e-06,4.187413914800001e-06,1.46395489084e-05,,2011,7,2011
2011-07-22,1.4541150148000002e-05,2.941029616400001e-06,7.5657713552e-06,7.4455062036000016e-06,6.046057166800001e-06,4.6684745212e-06,3.8703512424000005e-06,1.3404097805600005e-05,,2011,7,2011
2011-07-23,1.3119834720000002e-05,2.4709022056e-06,7.2159090960000015e-06,6.942579206e-06,5.554063364800001e-06,4.231146697200001e-06,3.465823005200001e-06,1.2267045463200002e-05,,2011,7,2011
2011-07-24,1.2682506896000002e-05,2.0663739684e-06,6.909779619200001e-06,6.570850555600001e-06,5.138601932e-06,3.8922176336000005e-06,3.2690254844000004e-06,1.16001205316e-05,,2011,7,2011
2011-07-25,1.2682506896000002e-05,2.3506370540000004e-06,6.6583161204000014e-06,6.2756542744e-06,4.876205237600001e-06,3.717286504000001e-06,3.1378271372e-06,1.11846590988e-05,,2011,7,2011
2011-07-26,1.2245179072000005e-05,2.6458333352e-06,6.472451795200001e-06,5.903925624000001e-06,4.6903409124e-06,3.7610192864e-06,3.1050275504000004e-06,1.08019972528e-05,,2011,7,2011
2011-07-27,1.1807851248000002e-05,2.4818354012e-06,6.297520665600001e-06,5.619662538400001e-06,4.471677000400001e-06,3.8703512424000005e-06,2.9519628120000005e-06,1.0375602624400002e-05,,2011,7,2011
2011-07-28,1.1370523424e-05,2.3943698364000005e-06,6.188188709600001e-06,5.532196973600002e-06,4.274879479600001e-06,3.7610192864e-06,2.809831269200001e-06,9.992940778400002e-06,,2011,7,2011
2011-07-29,1.1370523424e-05,2.2631714892e-06,6.013257580000001e-06,5.411931822e-06,4.187413914800001e-06,3.542355374400001e-06,2.7114325088000004e-06,9.5228133676e-06,,2011,7,2011
2011-07-30,1.0933195600000002e-05,2.1866391200000004e-06,5.838326450400002e-06,5.2916666704e-06,4.067148763200001e-06,3.4439566140000008e-06,2.547434574800001e-06,9.260416673200002e-06,,2011,7,2011
2011-07-31,1.038653582e-05,2.077307164e-06,5.707128103200001e-06,5.1823347144e-06,3.9687500028e-06,3.3892906360000006e-06,2.438102618800001e-06,8.998019978800001e-06,,2011,7,2011
2011-08-01,1.038653582e-05,2.0445075772000005e-06,5.630595734000001e-06,5.116735540800001e-06,3.82661846e-06,3.465823005200001e-06,2.3725034452000004e-06,8.834022044800002e-06,,2011,8,2011
2011-08-02,1.038653582e-05,1.9898415992000004e-06,5.477530995600001e-06,4.952737606800001e-06,3.739152895200001e-06,5.400998626400001e-06,2.4927685968000003e-06,8.648157719600002e-06,,2011,8,2011
2011-08-03,9.949207996000002e-06,1.8914428388e-06,5.3353994528000005e-06,4.7340736948e-06,3.6079545480000007e-06,5.663395320800001e-06,2.7551652912000005e-06,8.287362264800001e-06,,2011,8,2011
2011-08-04,9.949207996000002e-06,1.8258436652e-06,5.3353994528000005e-06,4.723140499200001e-06,3.4439566140000008e-06,5.925792015200002e-06,2.7114325088000004e-06,8.156163917600001e-06,,2011,8,2011
2011-08-05,9.511880172e-06,1.7930440784000003e-06,5.247933888000001e-06,4.6684745212e-06,3.334624658e-06,6.122589536000002e-06,2.5255681836000008e-06,7.882834027600001e-06,,2011,8,2011
2011-08-06,9.511880172e-06,1.7383781004000002e-06,5.1276687364e-06,4.5919421520000005e-06,3.2580922888000003e-06,6.122589536000002e-06,2.438102618800001e-06,7.707902898e-06,,2011,8,2011
2011-08-07,9.074552348000002e-06,1.6727789268000005e-06,5.105802345200001e-06,4.5482093696e-06,3.0831611592e-06,3.170626724000001e-06,2.4818354012e-06,7.434573008000001e-06,,2011,8,2011
2011-08-08,9.074552348000002e-06,1.6509125356000002e-06,5.0074035848000014e-06,4.504476587200001e-06,3.0175619856000006e-06,2.8644972472000003e-06,2.1757059244000004e-06,7.281508269600002e-06,,2011,8,2011
2011-08-09,9.074552348000002e-06,1.6399793400000002e-06,4.909004824400001e-06,4.427944218000001e-06,2.962896007600001e-06,4.9636708024000005e-06,2.0226411860000004e-06,7.281508269600002e-06,,2011,8,2011
2011-08-10,8.637224524000002e-06,1.5743801664000005e-06,4.755940086e-06,4.351411848800001e-06,2.8863636384000003e-06,5.029269976000001e-06,1.9898415992000004e-06,7.095643944400002e-06,,2011,8,2011
2011-08-11,8.637224524000002e-06,1.4650482104000002e-06,4.6356749344000006e-06,4.231146697200001e-06,2.809831269200001e-06,5.237000692400001e-06,1.9351756212e-06,6.833247250000001e-06,,2011,8,2011
2011-08-12,8.637224524000002e-06,1.4759814060000002e-06,4.559142565200001e-06,4.1983471104e-06,2.766098486800001e-06,6.330320252400001e-06,1.9570420124000003e-06,6.691115707200001e-06,,2011,8,2011
2011-08-13,8.637224524000002e-06,1.4759814060000002e-06,4.504476587200001e-06,4.165547523600001e-06,2.7004993132000003e-06,4.4498106092000006e-06,1.9679752080000003e-06,6.5489841644e-06,,2011,8,2011
2011-08-14,8.199896700000001e-06,1.4650482104000002e-06,4.427944218000001e-06,4.1327479368e-06,2.6349001396e-06,2.1866391200000004e-06,1.9898415992000004e-06,6.4833849908e-06,,2011,8,2011
2011-08-15,8.199896700000001e-06,1.4103822324000003e-06,4.329545457600001e-06,4.023415980800001e-06,2.5911673572e-06,2.547434574800001e-06,2.0117079904000004e-06,6.2756542744e-06,,2011,8,2011
2011-08-16,8.199896700000001e-06,1.3775826456000002e-06,4.2420798928000005e-06,3.9468836116e-06,2.5146349880000003e-06,3.4002238316000003e-06,1.9351756212e-06,5.947658406400001e-06,,2011,8,2011
2011-08-17,8.199896700000001e-06,1.3119834720000005e-06,4.1983471104e-06,3.957816807200001e-06,2.4162362276000005e-06,3.3783574404e-06,1.7930440784000003e-06,5.805526863600002e-06,,2011,8,2011
2011-08-18,7.762568876e-06,1.2135847116000005e-06,4.1327479368e-06,3.9031508292e-06,2.295971076e-06,3.509555787600001e-06,1.6837121224000003e-06,5.739927690000001e-06,,2011,8,2011
2011-08-19,7.762568876e-06,1.2354511028e-06,4.1327479368e-06,3.8703512424000005e-06,2.2741046848e-06,3.4767562008000004e-06,1.6727789268000005e-06,5.739927690000001e-06,,2011,8,2011
2011-08-20,7.2159090960000015e-06,1.2026515160000002e-06,4.0343491764e-06,3.7938188732e-06,2.1647727288000004e-06,3.465823005200001e-06,1.4869146016000005e-06,5.532196973600002e-06,,2011,8,2011
2011-08-21,7.2159090960000015e-06,1.0933195600000002e-06,3.9468836116e-06,3.673553721600001e-06,2.077307164e-06,3.487689396400001e-06,1.3885158412000005e-06,5.5431301692000006e-06,,2011,8,2011
2011-08-22,7.2159090960000015e-06,1.0823863644000002e-06,3.8703512424000005e-06,3.5642217656000006e-06,1.9898415992000004e-06,3.728219699600001e-06,1.3338498632e-06,5.510330582400001e-06,,2011,8,2011
2011-08-23,7.2159090960000015e-06,1.0823863644000002e-06,3.82661846e-06,3.5860881568000007e-06,1.9679752080000003e-06,3.8375516556e-06,1.2901170808000002e-06,5.411931822e-06,,2011,8,2011
2011-08-24,7.2159090960000015e-06,1.1042527556000002e-06,3.8156852644e-06,3.5860881568000007e-06,1.9023760344000004e-06,3.881284438e-06,1.3119834720000005e-06,5.411931822e-06,,2011,8,2011
2011-08-25,7.2159090960000015e-06,1.2135847116000005e-06,3.8156852644e-06,3.5751549612000007e-06,1.8586432520000005e-06,4.089015154400001e-06,1.3119834720000005e-06,5.3572658440000005e-06,,2011,8,2011
2011-08-26,6.778581272000001e-06,1.0495867776e-06,3.695420112800001e-06,3.553288570000001e-06,1.7821108828000003e-06,3.8703512424000005e-06,1.1698519292000002e-06,5.280733474800001e-06,,2011,8,2011
2011-08-27,6.778581272000001e-06,9.839876040000002e-07,3.6516873304e-06,3.487689396400001e-06,1.7055785136000004e-06,3.9031508292e-06,1.1042527556000002e-06,5.2698002792e-06,,2011,8,2011
2011-08-28,6.778581272000001e-06,9.29321626e-07,3.5970213524000007e-06,3.4439566140000008e-06,1.6509125356000002e-06,3.2580922888000003e-06,1.0495867776e-06,5.138601932e-06,,2011,8,2011
2011-08-29,6.778581272000001e-06,9.29321626e-07,3.553288570000001e-06,3.4002238316000003e-06,1.6181129488e-06,3.542355374400001e-06,1.0495867776e-06,5.073002758400001e-06,,2011,8,2011
2011-08-30,6.778581272000001e-06,1.0277203864000005e-06,3.487689396400001e-06,3.4002238316000003e-06,1.6071797532000003e-06,1.8149104696e-06,1.1042527556000002e-06,5.073002758400001e-06,,2011,8,2011
2011-08-31,6.341253448000001e-06,1.0058539952000002e-06,3.3564910492e-06,3.334624658e-06,1.5634469708000002e-06,1.3994490368000005e-06,1.0933195600000002e-06,5.073002758400001e-06,,2011,8,2011
2011-09-01,6.341253448000001e-06,1.0605199732e-06,3.2471590932000003e-06,3.3127582668e-06,1.5197141884e-06,1.4978477972000005e-06,1.0823863644000002e-06,4.952737606800001e-06,,2011,9,2011
2011-09-02,6.341253448000001e-06,1.0058539952000002e-06,3.1924931152000006e-06,3.2908918756000004e-06,1.4650482104000002e-06,1.3994490368000005e-06,1.0167871908000002e-06,4.887138433200001e-06,,2011,9,2011
2011-09-03,6.341253448000001e-06,8.855888436000001e-07,3.0066287900000006e-06,3.1596935284e-06,1.3447830588e-06,1.147985538e-06,9.183884304e-07,4.799672868400001e-06,,2011,9,2011
2011-09-04,6.341253448000001e-06,7.106577140000001e-07,3.115960746e-06,2.984762398800001e-06,1.3010502764000005e-06,1.0277203864000005e-06,8.199896700000001e-07,4.701274108000001e-06,,2011,9,2011
2011-09-05,6.341253448000001e-06,,3.0940943548000004e-06,2.9519628120000005e-06,1.2682506896000002e-06,1.0495867776e-06,8.090564744000001e-07,4.6247417388e-06,,2011,9,2011
2011-09-06,6.341253448000001e-06,,2.995695594400001e-06,2.962896007600001e-06,1.2245179072e-06,1.0605199732e-06,8.090564744000001e-07,4.5482093696e-06,,2011,9,2011
2011-09-07,5.903925624000001e-06,,2.8754304428000007e-06,2.919163225200001e-06,1.147985538e-06,9.949207996000002e-07,7.762568876000001e-07,4.504476587200001e-06,,2011,9,2011
2011-09-08,,,2.8207644648000006e-06,2.8644972472000003e-06,1.1042527556000002e-06,9.183884304e-07,,4.515409782800001e-06,,2011,9,2011
2011-09-09,,,2.798898073600001e-06,,1.0933195600000002e-06,,,4.384211435600001e-06,,2011,9,2011
2011-09-10,,,2.6676997264e-06,,,,,4.2202135016000005e-06,,2011,9,2011
2011-09-11,,,,,,,,4.143681132400001e-06,,2011,9,2011
2011-09-12,,,,,,,,4.089015154400001e-06,,2011,9,2011
2011-09-13,,,,,,,,,,2011,9,2011
2011-09-14,,,,,,,,,,2011,9,2011
2011-09-15,,,,,,,,,,2011,9,2011
2011-09-16,,,,,,,,,,2011,9,2011
2011-09-17,,,,,,,,,,2011,9,2011
2011-09-18,,,,,,,,,,2011,9,2011
2011-09-19,,,,,,,,,,2011,9,2011
2011-09-20,,,,,,,,,,2011,9,2011
2011-09-21,,,,,,,,,,2011,9,2011
2011-09-22,,,,,,,,,,2011,9,2011
2011-09-23,,,,,,,,,,2011,9,2011
2011-09-24,,,,,,,,,,2011,9,2011
2011-09-25,,,,,,,,,,2011,9,2011
2011-09-26,,,,,,,,,,2011,9,2011
2011-09-27,,,,,,,,,,2011,9,2011
2011-09-28,,,,,,,,,,2011,9,2011
2011-09-29,,,,,,,,,,2011,9,2011
2011-09-30,,,,,,,,,,2011,9,2011
2011-10-01,,,,,,,,,,2011,10,2012
2011-10-02,,,,,,,,,,2011,10,2012
2011-10-03,,,,,,,,,,2011,10,2012
2011-10-04,,,,,,,,,,2011,10,2012
2011-10-05,,,,,,,,,,2011,10,2012
2011-10-06,,,,,,,,,,2011,10,2012
2011-10-07,,,,,,,,,,2011,10,2012
2011-10-08,,,,,,,,,,2011,10,2012
2011-10-09,,,,,,,,,,2011,10,2012
2011-10-10,,,,,,,,,,2011,10,2012
2011-10-11,,,,,,,,,,2011,10,2012
2011-10-12,,,,,,,,,,2011,10,2012
2011-10-13,,,,,,,,,,2011,10,2012
2011-10-14,,,,,,,,,,2011,10,2012
2011-10-15,,,,,,,,,,2011,10,2012
2011-10-16,,,,,,,,,,2011,10,2012
2011-10-17,,,,,,,,,,2011,10,2012
2011-10-18,,,,,,,,,,2011,10,2012
2011-10-19,,,,,,,,,,2011,10,2012
2011-10-20,,,,,,,,,,2011,10,2012
2011-10-21,,,,,,,,,,2011,10,2012
2011-10-22,,,,,,,,,,2011,10,2012
2011-10-23,,,,,,,,,,2011,10,2012
2011-10-24,,,,,,,,,,2011,10,2012
2011-10-25,,,,,,,,,,2011,10,2012
2011-10-26,,,,,,,,,,2011,10,2012
2011-10-27,,,,,,,,,,2011,10,2012
2011-10-28,,,,,,,,,,2011,10,2012
2011-10-29,,,,,,,,,,2011,10,2012
2011-10-30,,,,,,,,,,2011,10,2012
2011-10-31,,,,,,,,,,2011,10,2012
2011-11-01,,,,,,,,,,2011,11,2012
2011-11-02,,,,,,,,,,2011,11,2012
2011-11-03,,,,,,,,,,2011,11,2012
2011-11-04,,,,,,,,,,2011,11,2012
2011-11-05,,,,,,,,,,2011,11,2012
2011-11-06,,,,,,,,,,2011,11,2012
2011-11-07,,,,,,,,,,2011,11,2012
2011-11-08,,,,,,,,,,2011,11,2012
2011-11-09,,,,,,,,,,2011,11,2012
2011-11-10,,,,,,,,,,2011,11,2012
2011-11-11,,,,,,,,,,2011,11,2012
2011-11-12,,,,,,,,,,2011,11,2012
2011-11-13,,,,,,,,,,2011,11,2012
2011-11-14,,,,,,,,,,2011,11,2012
2011-11-15,,,,,,,,,,2011,11,2012
2011-11-16,,,,,,,,,,2011,11,2012
2011-11-17,,,,,,,,,,2011,11,2012
2011-11-18,,,,,,,,,,2011,11,2012
2011-11-19,,,,,,,,,,2011,11,2012
2011-11-20,,,,,,,,,,2011,11,2012
2011-11-21,,,,,,,,,,2011,11,2012
2011-11-22,,,,,,,,,,2011,11,2012
2011-11-23,,,,,,,,,,2011,11,2012
2011-11-24,,,,,,,,,,2011,11,2012
2011-11-25,,,,,,,,,,2011,11,2012
2011-11-26,,,,,,,,,,2011,11,2012
2011-11-27,,,,,,,,,,2011,11,2012
2011-11-28,,,,,,,,,,2011,11,2012
2011-11-29,,,,,,,,,,2011,11,2012
2011-11-30,,,,,,,,,,2011,11,2012
2011-12-01,,,,,,,,,,2011,12,2012
2011-12-02,,,,,,,,,,2011,12,2012
2011-12-03,,,,,,,,,,2011,12,2012
2011-12-04,,,,,,,,,,2011,12,2012
2011-12-05,,,,,,,,,,2011,12,2012
2011-12-06,,,,,,,,,,2011,12,2012
2011-12-07,,,,,,,,,,2011,12,2012
2011-12-08,,,,,,,,,,2011,12,2012
2011-12-09,,,,,,,,,,2011,12,2012
2011-12-10,,,,,,,,,,2011,12,2012
2011-12-11,,,,,,,,,,2011,12,2012
2011-12-12,,,,,,,,,,2011,12,2012
2011-12-13,,,,,,,,,,2011,12,2012
2011-12-14,,,,,,,,,,2011,12,2012
2011-12-15,,,,,,,,,,2011,12,2012
2011-12-16,,,,,,,,,,2011,12,2012
2011-12-17,,,,,,,,,,2011,12,2012
2011-12-18,,,,,,,,,,2011,12,2012
2011-12-19,,,,,,,,,,2011,12,2012
2011-12-20,,,,,,,,,,2011,12,2012
2011-12-21,,,,,,,,,,2011,12,2012
2011-12-22,,,,,,,,,,2011,12,2012
2011-12-23,,,,,,,,,,2011,12,2012
2011-12-24,,,,,,,,,,2011,12,2012
2011-12-25,,,,,,,,,,2011,12,2012
2011-12-26,,,,,,,,,,2011,12,2012
2011-12-27,,,,,,,,,,2011,12,2012
2011-12-28,,,,,,,,,,2011,12,2012
2011-12-29,,,,,,,,,,2011,12,2012
2011-12-30,,,,,,,,,,2011,12,2012
2011-12-31,,,,,,,,,,2011,12,2012
2012-01-01,,,,,,,,,,2012,1,2012
2012-01-02,,,,,,,,,,2012,1,2012
2012-01-03,,,,,,,,,,2012,1,2012
2012-01-04,,,,,,,,,,2012,1,2012
2012-01-05,,,,,,,,,,2012,1,2012
2012-01-06,,,,,,,,,,2012,1,2012
2012-01-07,,,,,,,,,,2012,1,2012
2012-01-08,,,,,,,,,,2012,1,2012
2012-01-09,,,,,,,,,,2012,1,2012
2012-01-10,,,,,,,,,,2012,1,2012
2012-01-11,,,,,,,,,,2012,1,2012
2012-01-12,,,,,,,,,,2012,1,2012
2012-01-13,,,,,,,,,,2012,1,2012
2012-01-14,,,,,,,,,,2012,1,2012
2012-01-15,,,,,,,,,,2012,1,2012
2012-01-16,,,,,,,,,,2012,1,2012
2012-01-17,,,,,,,,,,2012,1,2012
2012-01-18,,,,,,,,,,2012,1,2012
2012-01-19,,,,,,,,,,2012,1,2012
2012-01-20,,,,,,,,,,2012,1,2012
2012-01-21,,,,,,,,,,2012,1,2012
2012-01-22,,,,,,,,,,2012,1,2012
2012-01-23,,,,,,,,,,2012,1,2012
2012-01-24,,,,,,,,,,2012,1,2012
2012-01-25,,,,,,,,,,2012,1,2012
2012-01-26,,,,,,,,,,2012,1,2012
2012-01-27,,,,,,,,,,2012,1,2012
2012-01-28,,,,,,,,,,2012,1,2012
2012-01-29,,,,,,,,,,2012,1,2012
2012-01-30,,,,,,,,,,2012,1,2012
2012-01-31,,,,,,,,,,2012,1,2012
2012-02-01,,,,,,,,,,2012,2,2012
2012-02-02,,,,,,,,,,2012,2,2012
2012-02-03,,,,,,,,,,2012,2,2012
2012-02-04,,,,,,,,,,2012,2,2012
2012-02-05,,,,,,,,,,2012,2,2012
2012-02-06,,,,,,,,,,2012,2,2012
2012-02-07,,,,,,,,,,2012,2,2012
2012-02-08,,,,,,,,,,2012,2,2012
2012-02-09,,,,,,,,,,2012,2,2012
2012-02-10,,,,,,,,,,2012,2,2012
2012-02-11,,,,,,,,,,2012,2,2012
2012-02-12,,,,,,,,,,2012,2,2012
2012-02-13,,,,,,,,,,2012,2,2012
2012-02-14,,,,,,,,,,2012,2,2012
2012-02-15,,,,,,,,,,2012,2,2012
2012-02-16,,,,,,,,,,2012,2,2012
2012-02-17,,,,,,,,,,2012,2,2012
2012-02-18,,,,,,,,,,2012,2,2012
2012-02-19,,,,,,,,,,2012,2,2012
2012-02-20,,,,,,,,,,2012,2,2012
2012-02-21,,,,,,,,,,2012,2,2012
2012-02-22,,,,,,,,,,2012,2,2012
2012-02-23,,,,,,,,,,2012,2,2012
2012-02-24,,,,,,,,,,2012,2,2012
2012-02-25,,,,,,,,,,2012,2,2012
2012-02-26,,,,,,,,,,2012,2,2012
2012-02-27,,,,,,,,,,2012,2,2012
2012-02-28,,,,,,,,,,2012,2,2012
2012-02-29,,,,,,,,,,2012,2,2012
2012-03-01,,,,,,,,,,2012,3,2012
2012-03-02,,,,,,,,,,2012,3,2012
2012-03-03,,,,,,,,,,2012,3,2012
2012-03-04,,,,,,,,,,2012,3,2012
2012-03-05,,,,,,,,,,2012,3,2012
2012-03-06,,,,,,,,,,2012,3,2012
2012-03-07,,,,,,,,,,2012,3,2012
2012-03-08,,,,,,,,,,2012,3,2012
2012-03-09,,,,,,,,,,2012,3,2012
2012-03-10,,,,,,,,,,2012,3,2012
2012-03-11,,,,,,,,,,2012,3,2012
2012-03-12,,,,,,,,,,2012,3,2012
2012-03-13,,,,,,,,,,2012,3,2012
2012-03-14,,,,,,,,,,2012,3,2012
2012-03-15,,,,,,,,,,2012,3,2012
2012-03-16,,,,,,,,,,2012,3,2012
2012-03-17,,,,,,,,,,2012,3,2012
2012-03-18,,,,,,,,,,2012,3,2012
2012-03-19,,,,,,,,,,2012,3,2012
2012-03-20,,,,,,,,,,2012,3,2012
2012-03-21,,,,,,,,,,2012,3,2012
2012-03-22,,,,,,,,,,2012,3,2012
2012-03-23,,,,,,,,,,2012,3,2012
2012-03-24,,,,,,,,,,2012,3,2012
2012-03-25,,,,,,,,,,2012,3,2012
2012-03-26,,,,,,,,,,2012,3,2012
2012-03-27,,,,,,,,,,2012,3,2012
2012-03-28,,,,,,,,,,2012,3,2012
2012-03-29,,,,,,,,,,2012,3,2012
2012-03-30,,,,,,,,,,2012,3,2012
2012-03-31,,,,,,,,,,2012,3,2012
2012-04-01,,,,,,,,,,2012,4,2012
2012-04-02,,,,,,,,,,2012,4,2012
2012-04-03,,,,,,,,,,2012,4,2012
2012-04-04,,,,,,,,,,2012,4,2012
2012-04-05,,,,,,,,,,2012,4,2012
2012-04-06,,,,,,,,,,2012,4,2012
2012-04-07,,,,,,,,,,2012,4,2012
2012-04-08,,,,,,,,,,2012,4,2012
2012-04-09,,,,,,,,,,2012,4,2012
2012-04-10,,,,,,,,,,2012,4,2012
2012-04-11,,,,,,,,,,2012,4,2012
2012-04-12,,,,,,,,,,2012,4,2012
2012-04-13,,,,,,,,,,2012,4,2012
2012-04-14,,,,,,,,,,2012,4,2012
2012-04-15,,,,,,,,,,2012,4,2012
2012-04-16,,,,,,,,,,2012,4,2012
2012-04-17,,,,,,,,,,2012,4,2012
2012-04-18,,,,,,,,,,2012,4,2012
2012-04-19,,,,,,,,,,2012,4,2012
2012-04-20,0.00030120953878,,,,0.0001987982955948,,,,,2012,4,2012
2012-04-21,0.000236813016696,,,,0.0001559839016252,,,,,2012,4,2012
2012-04-22,0.000216367940924,,,,0.0001226267218496,,,,,2012,4,2012
2012-04-23,0.000219101239824,,,,0.0001000824725224,,,,,2012,4,2012
2012-04-24,0.00020554407728,,,,8.158350556720001e-05,,,,,2012,4,2012
2012-04-25,0.000155142045564,,,,6.554450762200001e-05,,,,,2012,4,2012
2012-04-26,0.000178320420236,,,,8.17475035012e-05,,,,,2012,4,2012
2012-04-27,0.000161483299012,,,,8.172563711e-05,,,,,2012,4,2012
2012-04-28,0.000137867596516,,,,7.986699385800002e-05,,,,,2012,4,2012
2012-04-29,0.000117969180524,,,,6.587250349000001e-05,,,,,2012,4,2012
2012-04-30,0.000142459538668,,,,6.304080582960001e-05,,,,,2012,4,2012
2012-05-01,0.000136992940868,,,,5.5835829929200006e-05,,,,,2012,5,2012
2012-05-02,0.000109769283824,,,,5.057696284560001e-05,,,,,2012,5,2012
2012-05-03,0.000123435778324,,,,6.702048902800001e-05,,,,,2012,5,2012
2012-05-04,0.000132510330672,,,,7.297908063000001e-05,,,,,2012,5,2012
2012-05-05,0.0001147985538,,,,6.657222800840001e-05,,,,,2012,5,2012
2012-05-06,9.894542018e-05,,,,5.692914948920001e-05,,,,,2012,5,2012
2012-05-07,8.757489675600001e-05,,,,4.8893250723200015e-05,,,,,2012,5,2012
2012-05-08,8.571625350400001e-05,,,,4.1360278954800005e-05,,,,,2012,5,2012
2012-05-09,8.167097113200001e-05,,,,3.5226756223200005e-05,,,,,2012,5,2012
2012-05-10,7.172176313600002e-05,,,,3.0744146027200005e-05,,,,,2012,5,2012
2012-05-11,6.3521866436e-05,,,,2.6764462828800004e-05,,,,,2012,5,2012
2012-05-12,5.947658406400001e-05,,,,2.3550103322400003e-05,,,,,2012,5,2012
2012-05-13,6.1663223184e-05,,,,2.0816804422400004e-05,,,,,2012,5,2012
2012-05-14,6.5817837512e-05,,,,1.8367768608e-05,,,,,2012,5,2012
2012-05-15,6.538050968800002e-05,,,,1.65200585516e-05,,,,,2012,5,2012
2012-05-16,6.0351239712e-05,,,,1.4847279624800005e-05,,,,,2012,5,2012
2012-05-17,5.2151343012000005e-05,,,,1.3622761717600002e-05,,,,,2012,5,2012
2012-05-18,4.537276174000001e-05,,,,1.2835571634400002e-05,,,,,2012,5,2012
2012-05-19,4.0780819588000006e-05,,,,1.2256112267600004e-05,,,,,2012,5,2012
2012-05-20,3.8156852644000006e-05,,,,1.11737259032e-05,,,,,2012,5,2012
2012-05-21,4.0780819588000006e-05,,,,1.2890237612400003e-05,,,,,2012,5,2012
2012-05-22,5.2151343012000005e-05,,,,1.58094008376e-05,,,,,2012,5,2012
2012-05-23,4.9418044112e-05,,,,1.4781680451200002e-05,,,,,2012,5,2012
2012-05-24,5.991391188800001e-05,,,,2.2303719024000004e-05,,,,,2012,5,2012
2012-05-25,6.264721078800001e-05,,,,2.487301999e-05,,,,,2012,5,2012
2012-05-26,5.5321969736e-05,,,,2.1210399464000003e-05,,,,,2012,5,2012
2012-05-27,4.8543388464000014e-05,,,,1.7996039957600002e-05,,,,,2012,5,2012
2012-05-28,4.406077826800001e-05,,,,1.5820334033200003e-05,,,,,2012,5,2012
2012-05-29,3.9468836116000006e-05,,,,1.4267820258000002e-05,,,,,2012,5,2012
2012-05-30,3.6298209392000006e-05,,,,1.3054235546400002e-05,,,,,2012,5,2012
2012-05-31,3.4439566140000006e-05,,,,1.2135847116000004e-05,,,,,2012,5,2012
2012-06-01,3.3127582668e-05,,,,1.1392389815200002e-05,,,,,2012,6,2012
2012-06-02,3.542355374400001e-05,,,,1.3141701111200002e-05,,,,,2012,6,2012
2012-06-03,3.181559919600001e-05,,,,1.1151859512000002e-05,,,,,2012,6,2012
2012-06-04,3.990616394e-05,,,,2.1844524808800004e-05,,,,,2012,6,2012
2012-06-05,5.5321969736e-05,,,,3.17937328048e-05,,,,,2012,6,2012
2012-06-06,5.1714015188000014e-05,,,,2.80545799096e-05,,,,,2012,6,2012
2012-06-07,5.5321969736e-05,,,,3.216546145520001e-05,,,,,2012,6,2012
2012-06-08,6.9863119884e-05,,,,3.921737261720001e-05,,,,,2012,6,2012
2012-06-09,8.396694220800002e-05,5.727901174840001e-05,5.406465224200001e-05,4.96039084372e-05,4.992097110960001e-05,5.95093836508e-05,,9.67259814732e-05,,2012,6,2012
2012-06-10,7.3908402256e-05,3.813498625280001e-05,4.564609163e-05,3.848484851200001e-05,4.5700757608e-05,2.5583677704e-05,,8.044645322480001e-05,,2012,6,2012
2012-06-11,6.078856753600001e-05,2.53431474008e-05,3.6505940108400005e-05,3.143293735000001e-05,3.915177344360001e-05,1.5164342297200003e-05,,6.230828172440001e-05,,2012,6,2012
2012-06-12,5.2151343012000005e-05,1.98546832096e-05,3.1050275504e-05,2.7311122608800005e-05,3.3936639142400004e-05,1.1556387749200004e-05,,5.210761022960001e-05,,2012,6,2012
2012-06-13,4.668474521200001e-05,1.6498192160400002e-05,2.73985881736e-05,2.393276516840001e-05,3.043801655040001e-05,9.938274800400002e-06,,4.6553546864800005e-05,,2012,6,2012
2012-06-14,4.1327479368000006e-05,1.42896866492e-05,2.5736742442400005e-05,2.11994662684e-05,2.6064738310400003e-05,9.1401515216e-06,,4.129467978120001e-05,,2012,6,2012
2012-06-15,3.717286504e-05,1.2649707309200003e-05,2.3889032386000004e-05,1.9122159104400005e-05,2.3222107454400008e-05,7.9484332012e-06,,3.72931301916e-05,,2012,6,2012
2012-06-16,3.4439566140000006e-05,1.12283918812e-05,2.25442493272e-05,1.73728478084e-05,2.07293388576e-05,6.559917360000001e-06,,3.43411673796e-05,,2012,6,2012
2012-06-17,3.181559919600001e-05,1.02881370596e-05,2.113386709480001e-05,1.55032713608e-05,1.85426997376e-05,6.056990362400001e-06,,3.2077995890400004e-05,,2012,6,2012
2012-06-18,3.0831611592e-05,1.0780130861600002e-05,2.10573347256e-05,1.6028064749600002e-05,1.9023760344e-05,6.231921492e-06,,3.269025484400001e-05,,2012,6,2012
2012-06-19,2.9082300296000005e-05,9.719610888400002e-06,1.93408230164e-05,1.448648417e-05,1.7241649461200002e-05,5.925792015200002e-06,,2.997882233520001e-05,,2012,6,2012
2012-06-20,2.6786329220000004e-05,8.790289262400002e-06,1.83787018036e-05,1.32510330672e-05,1.5219008275200005e-05,5.575929756000001e-06,,2.7693784454800004e-05,,2012,6,2012
2012-06-21,2.5365013792000005e-05,8.1233643308e-06,1.7514979351200002e-05,1.2420110201600002e-05,1.3797692847200002e-05,4.91993802e-06,,2.550714533480001e-05,,2012,6,2012
2012-06-22,2.4927685968e-05,8.407627416400002e-06,1.7591511720400003e-05,1.2802772047600005e-05,1.3666494500000002e-05,5.1823347144e-06,,2.5485278943600004e-05,,2012,6,2012
2012-06-23,3.0831611592e-05,1.1468922184400002e-05,2.1221332659600003e-05,1.983281681840001e-05,2.24021177844e-05,9.0308195656e-06,,3.516115704960001e-05,,2012,6,2012
2012-06-24,3.0394283768000004e-05,1.0605199732000002e-05,1.8870695605600004e-05,1.51315427104e-05,2.3058109520400004e-05,8.495092981200002e-06,,3.2384125367200006e-05,,2012,6,2012
2012-06-25,2.7660984868e-05,9.807076453200002e-06,1.8313102630000004e-05,1.448648417e-05,2.0816804422400004e-05,7.412706616800002e-06,,3.0711346440400006e-05,,2012,6,2012
2012-06-26,3.3564910492000004e-05,1.2015581964400005e-05,2.0816804422400004e-05,1.93845557988e-05,2.59882059412e-05,1.038653582e-05,2.40420971244e-05,3.955630168080001e-05,,2012,6,2012
2012-06-27,3.2252927020000004e-05,1.1239325076800002e-05,1.88269628232e-05,1.5197141884000002e-05,2.820764464800001e-05,8.232696286800002e-06,1.6880854006400002e-05,3.7960055123200007e-05,,2012,6,2012
2012-06-28,2.951962812000001e-05,9.3369490424e-06,1.7668044089600004e-05,1.4453684583200002e-05,2.5966339550000003e-05,9.6977444972e-06,1.24747761796e-05,3.36523760568e-05,,2012,6,2012
2012-06-29,2.7223657044000008e-05,8.407627416400002e-06,1.67168560724e-05,1.4103822324000005e-05,2.37359676476e-05,8.670024110800001e-06,1.0823863644e-05,3.06457472668e-05,,2012,6,2012
2012-06-30,2.5911673572000005e-05,7.871900832000001e-06,1.6104597118800003e-05,1.3666494500000002e-05,2.24021177844e-05,8.309228656e-06,1.02444042772e-05,2.9038567513600003e-05,,2012,6,2012
2012-07-01,2.5365013792000005e-05,7.2159090960000015e-06,1.5142475906000002e-05,1.2868371221200002e-05,2.170239326600001e-05,7.762568876e-06,9.3588154336e-06,2.7693784454800004e-05,,2012,7,2012
2012-07-02,2.3615702496000004e-05,6.538050968800001e-06,1.4388085409600005e-05,1.1971849182e-05,1.9504820950400005e-05,7.0519111620000015e-06,8.462293394400002e-06,2.5693009660000003e-05,,2012,7,2012
2012-07-03,2.2741046848e-05,6.3084538612e-06,1.37648932604e-05,1.1468922184400002e-05,1.8422434586000003e-05,6.6364497292000005e-06,8.298295460400001e-06,2.514634988e-05,,2012,7,2012
2012-07-04,2.1757059244000004e-05,5.925792015200002e-06,1.3261966262800003e-05,1.1042527556000004e-05,1.67933884416e-05,6.2428546876000005e-06,7.543904964e-06,2.3637568887200003e-05,,2012,7,2012
2012-07-05,2.0882403596e-05,5.597796147200001e-06,1.2780905656400002e-05,1.06161329276e-05,1.54923381652e-05,6.0788567536000005e-06,7.040977966400001e-06,2.22709194372e-05,,2012,7,2012
2012-07-06,2.0007747948000003e-05,5.3681990396e-06,1.23107782456e-05,1.0233471081600002e-05,1.4475550974400005e-05,5.641528929600001e-06,6.669249316e-06,2.0838670813600003e-05,,2012,7,2012
2012-07-07,1.9023760344e-05,5.105802345200001e-06,1.1971849182e-05,9.894542018000002e-06,1.3546229348400005e-05,5.4556646044e-06,6.341253448000001e-06,1.95376205372e-05,,2012,7,2012
2012-07-08,1.8149104696000003e-05,4.832472455200001e-06,1.1567320944800002e-05,9.577479345600002e-06,1.2682506896000002e-05,5.892992428400001e-06,5.969524797600001e-06,1.84661673684e-05,,2012,7,2012
2012-07-09,1.7711776872000005e-05,4.657541325600001e-06,1.11846590988e-05,9.260416673200002e-06,1.1895316812800002e-05,5.772727276800001e-06,5.739927690000001e-06,1.71979166788e-05,,2012,7,2012
2012-07-10,1.6837121224000003e-05,4.471677000400001e-06,1.0834796839600002e-05,8.9214876096e-06,1.1304924250400002e-05,4.6356749344000006e-06,5.477530995600001e-06,1.6454459378e-05,,2012,7,2012
2012-07-11,1.6290461444000003e-05,4.274879479600001e-06,1.05286673628e-05,8.691890502000002e-06,1.07363980792e-05,3.990616394e-06,5.324466257200001e-06,1.5798467642000004e-05,,2012,7,2012
2012-07-12,1.5853133620000002e-05,4.0780819588000006e-06,1.02444042772e-05,8.462293394400002e-06,1.0189738299200003e-05,3.6188877436000008e-06,5.160468323200001e-06,1.51752754928e-05,,2012,7,2012
2012-07-13,1.4978477972000003e-05,3.9468836116e-06,9.894542018000002e-06,8.2108298956e-06,9.8289428444e-06,3.4002238316000003e-06,4.952737606800001e-06,1.4563016539200003e-05,,2012,7,2012
2012-07-14,1.4541150148000002e-05,3.7828856776e-06,9.577479345600002e-06,8.035898766e-06,9.4790805852e-06,2.9519628120000005e-06,4.909004824400001e-06,1.4158488302000004e-05,,2012,7,2012
2012-07-15,1.4541150148000002e-05,3.771952482e-06,9.326015846800004e-06,7.882834027600001e-06,9.1510847172e-06,2.5037017924000007e-06,4.810606064000001e-06,1.3775826456000005e-05,,2012,7,2012
2012-07-16,1.4103822324000005e-05,3.914084024800001e-06,9.2166838908e-06,7.9484332012e-06,8.877754827200002e-06,2.5037017924000007e-06,5.0511363672000015e-06,1.3535296152800002e-05,,2012,7,2012
2012-07-17,1.4103822324000005e-05,3.7610192864e-06,9.0417527612e-06,7.871900832000001e-06,8.3966942208e-06,3.553288570000001e-06,4.8215392596000014e-06,1.3087035133200004e-05,,2012,7,2012
2012-07-18,1.4103822324000005e-05,3.7938188732e-06,9.074552348000002e-06,7.7953684628e-06,8.101497939600001e-06,4.6138085432000005e-06,5.0074035848000014e-06,1.32728994584e-05,,2012,7,2012
2012-07-19,1.3666494500000002e-05,3.4002238316000003e-06,8.779356066800002e-06,7.292441465200002e-06,7.871900832000001e-06,4.395144631200001e-06,4.438877413600001e-06,1.2737172874000004e-05,,2012,7,2012
2012-07-20,1.3119834720000002e-05,3.2362258976000003e-06,8.440427003200001e-06,6.942579206e-06,7.6313705288e-06,4.1327479368e-06,4.154614328e-06,1.2103047529200005e-05,,2012,7,2012
2012-07-21,1.2682506896000002e-05,2.941029616400001e-06,8.221763091200002e-06,6.691115707200001e-06,7.270575074000001e-06,3.9031508292e-06,3.9031508292e-06,1.15235881624e-05,,2012,7,2012
2012-07-22,1.2245179072000005e-05,2.962896007600001e-06,8.068698352800001e-06,6.516184577600001e-06,7.030044770800001e-06,3.82661846e-06,3.935950416000001e-06,1.1217458685600005e-05,,2012,7,2012
2012-07-23,1.2245179072000005e-05,2.7770316824000005e-06,7.915633614400001e-06,6.417785817200001e-06,6.811380858800001e-06,3.717286504000001e-06,3.750086090800001e-06,1.0791064057200002e-05,,2012,7,2012
2012-07-24,1.1807851248000002e-05,2.5365013792000004e-06,7.882834027600001e-06,6.2209882964e-06,6.5927169468e-06,3.553288570000001e-06,3.5970213524000007e-06,1.0430268602400005e-05,,2012,7,2012
2012-07-25,1.1370523424e-05,1.9898415992000004e-06,7.707902898e-06,6.002324384400002e-06,6.341253448000001e-06,3.3783574404e-06,3.4767562008000004e-06,1.0113205930000004e-05,,2012,7,2012
2012-07-26,1.1370523424e-05,1.9570420124000003e-06,7.500172181600002e-06,5.7508608856000015e-06,6.133522731600001e-06,3.2471590932000003e-06,3.2252927020000003e-06,9.730544084e-06,,2012,7,2012
2012-07-27,1.0933195600000002e-05,2.2303719024e-06,7.336174247600002e-06,5.696194907600001e-06,5.925792015200002e-06,3.1378271372e-06,3.170626724000001e-06,9.402548216e-06,,2012,7,2012
2012-07-28,1.0933195600000002e-05,2.1647727288000004e-06,7.095643944400002e-06,5.6087293428000016e-06,5.597796147200001e-06,3.115960746e-06,2.995695594400001e-06,9.1401515216e-06,,2012,7,2012
2012-07-29,1.038653582e-05,2.1647727288000004e-06,6.931646010400002e-06,5.510330582400001e-06,5.4993973868000005e-06,3.0394283768000003e-06,2.8863636384000003e-06,8.866821631600002e-06,,2012,7,2012
2012-07-30,1.038653582e-05,2.0882403596e-06,6.811380858800001e-06,5.411931822e-06,5.258867083600001e-06,2.995695594400001e-06,2.7770316824000005e-06,8.626291328400001e-06,,2012,7,2012
2012-07-31,9.949207996000002e-06,1.8914428388e-06,6.691115707200001e-06,5.2916666704e-06,5.0620695628e-06,2.8644972472000003e-06,2.6458333352e-06,8.320161851600002e-06,,2012,7,2012
2012-08-01,9.949207996000002e-06,1.7055785136000004e-06,6.527117773200001e-06,5.204201105600001e-06,4.843405650800001e-06,2.6567665308e-06,2.5146349880000003e-06,8.035898766e-06,,2012,8,2012
2012-08-02,9.511880172e-06,1.5634469708000002e-06,6.374053034800001e-06,5.116735540800001e-06,4.6138085432000005e-06,2.5802341616000005e-06,2.4709022056e-06,7.7953684628e-06,,2012,8,2012
2012-08-03,9.511880172e-06,1.4103822324000003e-06,6.1991219052e-06,4.9855371936000005e-06,4.406077826800001e-06,2.4271694232000005e-06,2.4162362276000005e-06,7.554838159600001e-06,,2012,8,2012
2012-08-04,9.074552348000002e-06,1.1698519292000002e-06,5.947658406400001e-06,4.7778064772000005e-06,4.143681132400001e-06,2.1429063376000003e-06,2.1975723156000004e-06,7.2377754872000015e-06,,2012,8,2012
2012-08-05,9.074552348000002e-06,1.1151859512e-06,5.882059232800002e-06,4.6903409124e-06,3.8922176336000005e-06,2.0445075772000005e-06,2.1866391200000004e-06,7.008178379600001e-06,,2012,8,2012
2012-08-06,9.074552348000002e-06,1.4650482104000002e-06,5.882059232800002e-06,4.865272042000001e-06,3.739152895200001e-06,2.1757059244000004e-06,2.2850378804e-06,6.811380858800001e-06,,2012,8,2012
2012-08-07,8.637224524000002e-06,1.6946453180000003e-06,5.739927690000001e-06,4.6356749344000006e-06,3.5860881568000007e-06,1.9898415992000004e-06,2.1319731420000003e-06,6.789514467600001e-06,,2012,8,2012
2012-08-08,8.637224524000002e-06,1.6290461444000002e-06,5.575929756000001e-06,4.471677000400001e-06,3.509555787600001e-06,1.9351756212e-06,2.0335743816000005e-06,6.723915294000001e-06,,2012,8,2012
2012-08-09,8.637224524000002e-06,1.6509125356000002e-06,5.586862951600001e-06,4.384211435600001e-06,3.4439566140000008e-06,1.9570420124000003e-06,2.0335743816000005e-06,6.527117773200001e-06,,2012,8,2012
2012-08-10,8.199896700000001e-06,1.6509125356000002e-06,5.521263778000001e-06,4.373278240000001e-06,3.3783574404e-06,2.0117079904000004e-06,2.0226411860000004e-06,6.472451795200001e-06,,2012,8,2012
2012-08-11,8.199896700000001e-06,1.5415805796e-06,5.400998626400001e-06,4.329545457600001e-06,3.2799586800000004e-06,1.9242424256e-06,1.8805096432e-06,6.3084538612e-06,,2012,8,2012
2012-08-12,8.199896700000001e-06,1.3885158412000005e-06,5.2916666704e-06,4.143681132400001e-06,3.1487603328000005e-06,1.8258436652e-06,1.7602444916000005e-06,6.1663223184e-06,,2012,8,2012
2012-08-13,7.762568876e-06,1.3010502764000005e-06,5.138601932e-06,4.001549589600001e-06,3.0831611592e-06,1.7383781004000002e-06,1.6946453180000003e-06,5.9585916020000015e-06,,2012,8,2012
2012-08-14,7.762568876e-06,1.2354511028e-06,4.9855371936000005e-06,3.957816807200001e-06,2.995695594400001e-06,1.6290461444000002e-06,1.6181129488e-06,5.849259646000002e-06,,2012,8,2012
2012-08-15,7.762568876e-06,1.1807851248000002e-06,4.8980716288e-06,3.8922176336000005e-06,2.8863636384000003e-06,1.5962465576000003e-06,1.5634469708000002e-06,5.7945936680000016e-06,,2012,8,2012
2012-08-16,7.2159090960000015e-06,1.1151859512e-06,4.6684745212e-06,3.7828856776e-06,2.7223657044e-06,1.4869146016000005e-06,1.4759814060000002e-06,5.630595734000001e-06,,2012,8,2012
2012-08-17,7.2159090960000015e-06,1.0714531688000002e-06,4.6028753476e-06,3.673553721600001e-06,2.623966944000001e-06,1.3775826456000002e-06,1.4322486236e-06,5.521263778000001e-06,,2012,8,2012
2012-08-18,7.2159090960000015e-06,1.2573174940000002e-06,4.810606064000001e-06,3.8922176336000005e-06,2.6349001396e-06,1.6727789268000005e-06,1.7055785136000004e-06,5.4556646044e-06,,2012,8,2012
2012-08-19,7.2159090960000015e-06,1.2573174940000002e-06,4.5919421520000005e-06,3.82661846e-06,2.5146349880000003e-06,1.5853133620000005e-06,1.4978477972000005e-06,5.4556646044e-06,,2012,8,2012
2012-08-20,6.778581272000001e-06,1.0933195600000002e-06,4.482610196000001e-06,3.684486917200001e-06,2.3943698364000005e-06,1.3338498632e-06,1.3775826456000002e-06,5.302599866000001e-06,,2012,8,2012
2012-08-21,6.778581272000001e-06,1.0714531688000002e-06,4.4607438048e-06,3.6516873304e-06,2.3287706628000003e-06,1.3338498632e-06,1.3447830588e-06,5.2698002792e-06,,2012,8,2012
2012-08-22,6.778581272000001e-06,1.0495867776e-06,4.395144631200001e-06,3.662620526000001e-06,2.2413050980000005e-06,1.3338498632e-06,1.2573174940000002e-06,5.193267910000001e-06,,2012,8,2012
2012-08-23,6.778581272000001e-06,1.0167871908000002e-06,4.340478653200001e-06,3.640754134800001e-06,2.1538395332000003e-06,1.3229166676e-06,1.2354511028e-06,5.1495351276000005e-06,,2012,8,2012
2012-08-24,6.778581272000001e-06,1.0277203864000005e-06,4.274879479600001e-06,3.5860881568000007e-06,2.077307164e-06,1.3229166676e-06,1.2245179072e-06,5.083935954000001e-06,,2012,8,2012
2012-08-25,6.341253448000001e-06,9.949207996000002e-07,4.2202135016000005e-06,3.531422178800001e-06,1.9789084036000003e-06,1.3010502764000005e-06,1.1807851248000002e-06,4.974603998000001e-06,,2012,8,2012
2012-08-26,6.341253448000001e-06,9.402548216e-07,4.1327479368e-06,3.4330234184000003e-06,1.9023760344000004e-06,1.2791838852000002e-06,1.1589187336e-06,4.887138433200001e-06,,2012,8,2012
2012-08-27,6.341253448000001e-06,9.511880172000002e-07,4.067148763200001e-06,3.4002238316000003e-06,1.8258436652e-06,1.2573174940000002e-06,1.1261191468000005e-06,4.799672868400001e-06,,2012,8,2012
2012-08-28,6.341253448000001e-06,9.402548216e-07,4.0343491764e-06,3.3892906360000006e-06,1.8039772740000004e-06,1.2135847116000005e-06,1.1698519292000002e-06,4.865272042000001e-06,,2012,8,2012
2012-08-29,6.341253448000001e-06,9.402548216e-07,3.9687500028e-06,3.3674242448000006e-06,1.7383781004000002e-06,1.2135847116000005e-06,1.1589187336e-06,4.909004824400001e-06,,2012,8,2012
2012-08-30,6.341253448000001e-06,9.621212128e-07,3.9250172204e-06,3.3236914624000005e-06,1.6946453180000003e-06,1.1917183204000002e-06,1.038653582e-06,4.909004824400001e-06,,2012,8,2012
2012-08-31,6.341253448000001e-06,9.621212128e-07,3.8375516556e-06,3.2908918756000004e-06,1.6290461444000002e-06,1.147985538e-06,1.0058539952000002e-06,4.887138433200001e-06,,2012,8,2012
2012-09-01,5.903925624000001e-06,9.183884304e-07,3.728219699600001e-06,3.2471590932000003e-06,1.5853133620000005e-06,1.1370523424e-06,9.511880172000002e-07,4.832472455200001e-06,,2012,9,2012
2012-09-02,5.903925624000001e-06,8.855888436000001e-07,3.6516873304e-06,3.1924931152000006e-06,1.5306473840000006e-06,1.1151859512e-06,8.965220392000002e-07,4.755940086e-06,,2012,9,2012
2012-09-03,5.903925624000001e-06,8.637224524000001e-07,3.5751549612000007e-06,3.115960746e-06,1.4869146016000005e-06,1.0933195600000002e-06,8.637224524000001e-07,4.6684745212e-06,,2012,9,2012
2012-09-04,5.903925624000001e-06,8.309228656000001e-07,3.531422178800001e-06,3.0831611592e-06,1.4431818192000002e-06,1.0495867776e-06,8.418560612000001e-07,4.5482093696e-06,,2012,9,2012
2012-09-05,5.903925624000001e-06,7.981232788000002e-07,3.487689396400001e-06,3.0284951812000007e-06,1.3775826456000002e-06,9.839876040000002e-07,8.199896700000001e-07,4.482610196000001e-06,,2012,9,2012
2012-09-06,5.903925624000001e-06,,3.3892906360000006e-06,2.9519628120000005e-06,1.3119834720000005e-06,8.855888436000001e-07,7.653236920000003e-07,4.406077826800001e-06,,2012,9,2012
2012-09-07,5.466597800000001e-06,,3.2580922888000003e-06,2.842630856e-06,1.2135847116000005e-06,7.543904964000002e-07,7.215909096000001e-07,4.340478653200001e-06,,2012,9,2012
2012-09-08,5.466597800000001e-06,,3.2362258976000003e-06,,1.1589187336e-06,6.997245184000001e-07,,4.307679066400001e-06,,2012,9,2012
2012-09-09,5.466597800000001e-06,,3.2690254844000004e-06,,1.2026515160000002e-06,,,4.285812675200001e-06,,2012,9,2012
2012-09-10,5.466597800000001e-06,,3.3018250712000004e-06,,1.2354511028e-06,,,4.2420798928000005e-06,,2012,9,2012
2012-09-11,5.466597800000001e-06,,3.2362258976000003e-06,,1.1589187336e-06,,,4.274879479600001e-06,,2012,9,2012
2012-09-12,5.466597800000001e-06,,3.0940943548000004e-06,,1.038653582e-06,,,4.154614328e-06,,2012,9,2012
2012-09-13,5.466597800000001e-06,,2.984762398800001e-06,,9.511880172000002e-07,,,,,2012,9,2012
2012-09-14,5.029269976000001e-06,,3.0066287900000006e-06,,8.965220392000002e-07,,,,,2012,9,2012
2012-09-15,,,2.9738292032000005e-06,,,,,,,2012,9,2012
2012-09-16,,,2.9300964208000004e-06,,,,,,,2012,9,2012
2012-09-17,,,2.8535640516000007e-06,,,,,,,2012,9,2012
2012-09-18,,,2.809831269200001e-06,,,,,,,2012,9,2012
2012-09-19,,,,,,,,,,2012,9,2012
2012-09-20,,,,,,,,,,2012,9,2012
2012-09-21,,,,,,,,,,2012,9,2012
2012-09-22,,,,,,,,,,2012,9,2012
2012-09-23,,,,,,,,,,2012,9,2012
2012-09-24,,,,,,,,,,2012,9,2012
2012-09-25,,,,,,,,,,2012,9,2012
2012-09-26,,,,,,,,,,2012,9,2012
2012-09-27,,,,,,,,,,2012,9,2012
2012-09-28,,,,,,,,,,2012,9,2012
2012-09-29,,,,,,,,,,2012,9,2012
2012-09-30,,,,,,,,,,2012,9,2012
2012-10-01,,,,,,,,,,2012,10,2013
2012-10-02,,,,,,,,,,2012,10,2013
2012-10-03,,,,,,,,,,2012,10,2013
2012-10-04,,,,,,,,,,2012,10,2013
2012-10-05,,,,,,,,,,2012,10,2013
2012-10-06,,,,,,,,,,2012,10,2013
2012-10-07,,,,,,,,,,2012,10,2013
2012-10-08,,,,,,,,,,2012,10,2013
2012-10-09,,,,,,,,,,2012,10,2013
2012-10-10,,,,,,,,,,2012,10,2013
2012-10-11,,,,,,,,,,2012,10,2013
2012-10-12,,,,,,,,,,2012,10,2013
2012-10-13,,,,,,,,,,2012,10,2013
2012-10-14,,,,,,,,,,2012,10,2013
2012-10-15,,,,,,,,,,2012,10,2013
2012-10-16,,,,,,,,,,2012,10,2013
2012-10-17,,,,,,,,,,2012,10,2013
2012-10-18,,,,,,,,,,2012,10,2013
2012-10-19,,,,,,,,,,2012,10,2013
2012-10-20,,,,,,,,,,2012,10,2013
2012-10-21,,,,,,,,,,2012,10,2013
2012-10-22,,,,,,,,,,2012,10,2013
2012-10-23,,,,,,,,,,2012,10,2013
2012-10-24,,,,,,,,,,2012,10,2013
2012-10-25,,,,,,,,,,2012,10,2013
2012-10-26,,,,,,,,,,2012,10,2013
2012-10-27,,,,,,,,,,2012,10,2013
2012-10-28,,,,,,,,,,2012,10,2013
2012-10-29,,,,,,,,,,2012,10,2013
2012-10-30,,,,,,,,,,2012,10,2013
2012-10-31,,,,,,,,,,2012,10,2013
2012-11-01,,,,,,,,,,2012,11,2013
2012-11-02,,,,,,,,,,2012,11,2013
2012-11-03,,,,,,,,,,2012,11,2013
2012-11-04,,,,,,,,,,2012,11,2013
2012-11-05,,,,,,,,,,2012,11,2013
2012-11-06,,,,,,,,,,2012,11,2013
2012-11-07,,,,,,,,,,2012,11,2013
2012-11-08,,,,,,,,,,2012,11,2013
2012-11-09,,,,,,,,,,2012,11,2013
2012-11-10,,,,,,,,,,2012,11,2013
2012-11-11,,,,,,,,,,2012,11,2013
2012-11-12,,,,,,,,,,2012,11,2013
2012-11-13,,,,,,,,,,2012,11,2013
2012-11-14,,,,,,,,,,2012,11,2013
2012-11-15,,,,,,,,,,2012,11,2013
2012-11-16,,,,,,,,,,2012,11,2013
2012-11-17,,,,,,,,,,2012,11,2013
2012-11-18,,,,,,,,,,2012,11,2013
2012-11-19,,,,,,,,,,2012,11,2013
2012-11-20,,,,,,,,,,2012,11,2013
2012-11-21,,,,,,,,,,2012,11,2013
2012-11-22,,,,,,,,,,2012,11,2013
2012-11-23,,,,,,,,,,2012,11,2013
2012-11-24,,,,,,,,,,2012,11,2013
2012-11-25,,,,,,,,,,2012,11,2013
2012-11-26,,,,,,,,,,2012,11,2013
2012-11-27,,,,,,,,,,2012,11,2013
2012-11-28,,,,,,,,,,2012,11,2013
2012-11-29,,,,,,,,,,2012,11,2013
2012-11-30,,,,,,,,,,2012,11,2013
2012-12-01,,,,,,,,,,2012,12,2013
2012-12-02,,,,,,,,,,2012,12,2013
2012-12-03,,,,,,,,,,2012,12,2013
2012-12-04,,,,,,,,,,2012,12,2013
2012-12-05,,,,,,,,,,2012,12,2013
2012-12-06,,,,,,,,,,2012,12,2013
2012-12-07,,,,,,,,,,2012,12,2013
2012-12-08,,,,,,,,,,2012,12,2013
2012-12-09,,,,,,,,,,2012,12,2013
2012-12-10,,,,,,,,,,2012,12,2013
2012-12-11,,,,,,,,,,2012,12,2013
2012-12-12,,,,,,,,,,2012,12,2013
2012-12-13,,,,,,,,,,2012,12,2013
2012-12-14,,,,,,,,,,2012,12,2013
2012-12-15,,,,,,,,,,2012,12,2013
2012-12-16,,,,,,,,,,2012,12,2013
2012-12-17,,,,,,,,,,2012,12,2013
2012-12-18,,,,,,,,,,2012,12,2013
2012-12-19,,,,,,,,,,2012,12,2013
2012-12-20,,,,,,,,,,2012,12,2013
2012-12-21,,,,,,,,,,2012,12,2013
2012-12-22,,,,,,,,,,2012,12,2013
2012-12-23,,,,,,,,,,2012,12,2013
2012-12-24,,,,,,,,,,2012,12,2013
2012-12-25,,,,,,,,,,2012,12,2013
2012-12-26,,,,,,,,,,2012,12,2013
2012-12-27,,,,,,,,,,2012,12,2013
2012-12-28,,,,,,,,,,2012,12,2013
2012-12-29,,,,,,,,,,2012,12,2013
2012-12-30,,,,,,,,,,2012,12,2013
2012-12-31,,,,,,,,,,2012,12,2013
2013-01-01,,,,,,,,,,2013,1,2013
2013-01-02,,,,,,,,,,2013,1,2013
2013-01-03,,,,,,,,,,2013,1,2013
2013-01-04,,,,,,,,,,2013,1,2013
2013-01-05,,,,,,,,,,2013,1,2013
2013-01-06,,,,,,,,,,2013,1,2013
2013-01-07,,,,,,,,,,2013,1,2013
2013-01-08,,,,,,,,,,2013,1,2013
2013-01-09,,,,,,,,,,2013,1,2013
2013-01-10,,,,,,,,,,2013,1,2013
2013-01-11,,,,,,,,,,2013,1,2013
2013-01-12,,,,,,,,,,2013,1,2013
2013-01-13,,,,,,,,,,2013,1,2013
2013-01-14,,,,,,,,,,2013,1,2013
2013-01-15,,,,,,,,,,2013,1,2013
2013-01-16,,,,,,,,,,2013,1,2013
2013-01-17,,,,,,,,,,2013,1,2013
2013-01-18,,,,,,,,,,2013,1,2013
2013-01-19,,,,,,,,,,2013,1,2013
2013-01-20,,,,,,,,,,2013,1,2013
2013-01-21,,,,,,,,,,2013,1,2013
2013-01-22,,,,,,,,,,2013,1,2013
2013-01-23,,,,,,,,,,2013,1,2013
2013-01-24,,,,,,,,,,2013,1,2013
2013-01-25,,,,,,,,,,2013,1,2013
2013-01-26,,,,,,,,,,2013,1,2013
2013-01-27,,,,,,,,,,2013,1,2013
2013-01-28,,,,,,,,,,2013,1,2013
2013-01-29,,,,,,,,,,2013,1,2013
2013-01-30,,,,,,,,,,2013,1,2013
2013-01-31,,,,,,,,,,2013,1,2013
2013-02-01,,,,,,,,,,2013,2,2013
2013-02-02,,,,,,,,,,2013,2,2013
2013-02-03,,,,,,,,,,2013,2,2013
2013-02-04,,,,,,,,,,2013,2,2013
2013-02-05,,,,,,,,,,2013,2,2013
2013-02-06,,,,,,,,,,2013,2,2013
2013-02-07,,,,,,,,,,2013,2,2013
2013-02-08,,,,,,,,,,2013,2,2013
2013-02-09,,,,,,,,,,2013,2,2013
2013-02-10,,,,,,,,,,2013,2,2013
2013-02-11,,,,,,,,,,2013,2,2013
2013-02-12,,,,,,,,,,2013,2,2013
2013-02-13,,,,,,,,,,2013,2,2013
2013-02-14,,,,,,,,,,2013,2,2013
2013-02-15,,,,,,,,,,2013,2,2013
2013-02-16,,,,,,,,,,2013,2,2013
2013-02-17,,,,,,,,,,2013,2,2013
2013-02-18,,,,,,,,,,2013,2,2013
2013-02-19,,,,,,,,,,2013,2,2013
2013-02-20,,,,,,,,,,2013,2,2013
2013-02-21,,,,,,,,,,2013,2,2013
2013-02-22,,,,,,,,,,2013,2,2013
2013-02-23,,,,,,,,,,2013,2,2013
2013-02-24,,,,,,,,,,2013,2,2013
2013-02-25,,,,,,,,,,2013,2,2013
2013-02-26,,,,,,,,,,2013,2,2013
2013-02-27,,,,,,,,,,2013,2,2013
2013-02-28,,,,,,,,,,2013,2,2013
2013-03-01,,,,,,,,,,2013,3,2013
2013-03-02,,,,,,,,,,2013,3,2013
2013-03-03,,,,,,,,,,2013,3,2013
2013-03-04,,,,,,,,,,2013,3,2013
2013-03-05,,,,,,,,,,2013,3,2013
2013-03-06,,,,,,,,,,2013,3,2013
2013-03-07,,,,,,,,,,2013,3,2013
2013-03-08,,,,,,,,,,2013,3,2013
2013-03-09,,,,,,,,,,2013,3,2013
2013-03-10,,,,,,,,,,2013,3,2013
2013-03-11,,,,,,,,,,2013,3,2013
2013-03-12,,,,,,,,,,2013,3,2013
2013-03-13,,,,,,,,,,2013,3,2013
2013-03-14,,,,,,,,,,2013,3,2013
2013-03-15,,,,,,,,,,2013,3,2013
2013-03-16,,,,,,,,,,2013,3,2013
2013-03-17,,,,,,,,,,2013,3,2013
2013-03-18,,,,,,,,,,2013,3,2013
2013-03-19,,,,,,,,,,2013,3,2013
2013-03-20,,,,,,,,,,2013,3,2013
2013-03-21,,,,,,,,,,2013,3,2013
2013-03-22,,,,,,,,,,2013,3,2013
2013-03-23,,,,,,,,,,2013,3,2013
2013-03-24,,,,,,,,,,2013,3,2013
2013-03-25,,,,,,,,,,2013,3,2013
2013-03-26,,,,,,,,,,2013,3,2013
2013-03-27,,,,,,,,,,2013,3,2013
2013-03-28,,,,,,,,,,2013,3,2013
2013-03-29,,,,,,,,,,2013,3,2013
2013-03-30,,,,,,,,,,2013,3,2013
2013-03-31,,,,,,,,,,2013,3,2013
2013-04-01,,,,,,,,,,2013,4,2013
2013-04-02,,,,,,,,,,2013,4,2013
2013-04-03,,,,,,,,,,2013,4,2013
2013-04-04,,,,,,,,,,2013,4,2013
2013-04-05,,,,,,,,,,2013,4,2013
2013-04-06,,,,,,,,,,2013,4,2013
2013-04-07,,,,,,,,,,2013,4,2013
2013-04-08,,,,,,,,,,2013,4,2013
2013-04-09,,,,,,,,,,2013,4,2013
2013-04-10,,,,,,,,,,2013,4,2013
2013-04-11,,,,,,,,,,2013,4,2013
2013-04-12,,,,,,,,,,2013,4,2013
2013-04-13,,,,,,,,,,2013,4,2013
2013-04-14,,,,,,,,,,2013,4,2013
2013-04-15,,,,,,,,,,2013,4,2013
2013-04-16,,,,,,,,,,2013,4,2013
2013-04-17,,,,,,,,,,2013,4,2013
2013-04-18,,,,,,,,,,2013,4,2013
2013-04-19,,,,,,,,,,2013,4,2013
2013-04-20,,,,,,,,,,2013,4,2013
2013-04-21,,,,,,,,,,2013,4,2013
2013-04-22,,,,,,,,,,2013,4,2013
2013-04-23,,,,,,,,,,2013,4,2013
2013-04-24,,,,,,,,,,2013,4,2013
2013-04-25,,,,,,,,,,2013,4,2013
2013-04-26,,,,,,,,,,2013,4,2013
2013-04-27,,,,,,,,,,2013,4,2013
2013-04-28,,,,,,,,,,2013,4,2013
2013-04-29,,,,,,,,,,2013,4,2013
2013-04-30,,,,,,,,,,2013,4,2013
2013-05-01,,,,,,,,,,2013,5,2013
2013-05-02,,,,,,,,,,2013,5,2013
2013-05-03,,,,,,,,,,2013,5,2013
2013-05-04,,,,,,,,,,2013,5,2013
2013-05-05,,,,,,,,,,2013,5,2013
2013-05-06,,,,,,,,,,2013,5,2013
2013-05-07,,,,,,,,,,2013,5,2013
2013-05-08,,,,,,,,,,2013,5,2013
2013-05-09,,,,,,,,,,2013,5,2013
2013-05-10,,,,,,,,,,2013,5,2013
2013-05-11,,,,,,,,,,2013,5,2013
2013-05-12,,,,,,,,,,2013,5,2013
2013-05-13,,,,,,,,,,2013,5,2013
2013-05-14,,,,,,,,,,2013,5,2013
2013-05-15,,,,,,,,,,2013,5,2013
2013-05-16,,,,,,,,,,2013,5,2013
2013-05-17,,,,,,,,,,2013,5,2013
2013-05-18,,,,,,,,,,2013,5,2013
2013-05-19,,,,,,,,,,2013,5,2013
2013-05-20,,,,,,,,,,2013,5,2013
2013-05-21,,,,,,,,,,2013,5,2013
2013-05-22,,,,,,,,,,2013,5,2013
2013-05-23,,,,,,,,,,2013,5,2013
2013-05-24,,,,,,,,,,2013,5,2013
2013-05-25,,,,,,,,,,2013,5,2013
2013-05-26,,,,,,,,,,2013,5,2013
2013-05-27,,4.6247417388000016e-05,,5.810993461400001e-05,,8.03480544644e-05,7.832541327840001e-05,,,2013,5,2013
2013-05-28,9.4790805852e-05,4.602875347600001e-05,5.021616739080001e-05,4.49463671116e-05,,4.427944218000001e-05,6.415599178080001e-05,0.000121795798984,,2013,5,2013
2013-05-29,8.932420805200003e-05,3.2220127433200006e-05,4.4443440114000014e-05,4.222400140720001e-05,5.218414259880001e-05,2.77484504328e-05,5.496117428120001e-05,0.000111846590988,,2013,5,2013
2013-05-30,8.298295460400001e-05,3.160786847960001e-05,4.013576104760001e-05,3.5937413937200006e-05,4.915564741760001e-05,2.3976497950800008e-05,5.089402551800002e-05,9.966701108960002e-05,,2013,5,2013
2013-05-31,6.538050968800002e-05,2.2653581283200005e-05,3.2143595064e-05,2.810924588760001e-05,4.183040636560001e-05,1.4978477972000003e-05,3.34227789492e-05,7.25636191972e-05,,2013,5,2013
2013-06-01,5.258867083600001e-05,1.6891787202e-05,2.72564566308e-05,2.339703858400001e-05,3.47019628344e-05,1.1698519292000004e-05,2.29815771512e-05,5.4501980066000014e-05,,2013,6,2013
2013-06-02,4.449810609200001e-05,1.3622761717600002e-05,2.3998364342000003e-05,2.0138946295200005e-05,2.9268164621200005e-05,9.3806818248e-06,1.81272383048e-05,4.572262399920001e-05,,2013,6,2013
2013-06-03,3.8156852644000006e-05,1.15454545536e-05,2.1680526874800007e-05,1.7755509654400004e-05,2.45231577308e-05,8.188963504400002e-06,1.53502066224e-05,3.963283405000001e-05,,2013,6,2013
2013-06-04,3.3564910492000004e-05,9.960141191600003e-06,1.995308197e-05,1.5732868468400003e-05,2.1101067508e-05,7.368973834400002e-06,1.2955836786000002e-05,3.5226756223200005e-05,,2013,6,2013
2013-06-05,2.9956955944000007e-05,8.648157719600002e-06,1.8608298911200003e-05,1.4103822324000005e-05,1.81819042828e-05,7.019111575200002e-06,1.1447055793200002e-05,3.17281336312e-05,,2013,6,2013
2013-06-06,2.7223657044000008e-05,7.7188360936e-06,1.7405647395200003e-05,1.3054235546400002e-05,1.6126463510000002e-05,6.2209882964e-06,1.02881370596e-05,2.8721504841200004e-05,,2013,6,2013
2013-06-07,2.4927685968e-05,7.0519111620000015e-06,1.6498192160400002e-05,1.21249139204e-05,1.4541150148000002e-05,5.903925624000001e-06,9.3588154336e-06,2.6250602635600003e-05,,2013,6,2013
2013-06-08,2.317837467200001e-05,6.538050968800001e-06,1.5547004143200003e-05,1.1414256206400004e-05,1.3218233480400005e-05,5.838326450400002e-06,9.730544084e-06,2.40858299068e-05,,2013,6,2013
2013-06-09,2.1757059244000004e-05,6.0788567536000005e-06,1.4945678385200005e-05,1.1064393947200004e-05,1.2267045463200002e-05,5.193267910000001e-06,8.910554414e-06,2.2577048914e-05,,2013,6,2013
2013-06-10,2.0445075772000004e-05,5.947658406400001e-06,1.4541150148000002e-05,1.0681732101200002e-05,1.14907885756e-05,5.094869149600002e-06,8.582558546e-06,2.14509297672e-05,,2013,6,2013
2013-06-11,1.9461088168000003e-05,5.871126037200001e-06,1.3797692847200002e-05,1.03100034508e-05,1.09987947736e-05,4.974603998000001e-06,7.926566810000001e-06,2.0335743816000005e-05,,2013,6,2013
2013-06-12,1.858643252e-05,5.652462125200001e-06,1.3349431827600003e-05,9.8726756268e-06,1.0692665296800002e-05,4.165547523600001e-06,5.1823347144e-06,1.93080234296e-05,,2013,6,2013
2013-06-13,1.8149104696000003e-05,5.641528929600001e-06,1.2999569568400004e-05,9.7961432576e-06,1.0681732101200002e-05,3.5970213524000007e-06,4.9636708024000005e-06,1.8564566128800005e-05,,2013,6,2013
2013-06-14,1.7711776872000005e-05,5.1276687364e-06,1.27043732872e-05,9.5884125412e-06,1.03646694288e-05,3.8156852644e-06,4.482610196000001e-06,1.8225637065200004e-05,,2013,6,2013
2013-06-15,1.6837121224000003e-05,4.854338846400001e-06,1.2267045463200002e-05,9.183884304e-06,9.752410475200002e-06,3.684486917200001e-06,3.9687500028e-06,1.6694989681200002e-05,,2013,6,2013
2013-06-16,1.5853133620000002e-05,4.5482093696e-06,1.2026515160000002e-05,8.768422871200003e-06,9.3150826512e-06,3.509555787600001e-06,3.4002238316000003e-06,1.5711002077200004e-05,,2013,6,2013
2013-06-17,1.5415805796e-05,4.351411848800001e-06,1.1982782377600002e-05,8.287362264800001e-06,8.9324208052e-06,3.4439566140000008e-06,2.9519628120000005e-06,1.4967544776400002e-05,,2013,6,2013
2013-06-18,1.4978477972000003e-05,4.384211435600001e-06,1.1851584030400004e-05,8.101497939600001e-06,8.844955240400001e-06,4.6356749344000006e-06,4.351411848800001e-06,1.5109676319200002e-05,,2013,6,2013
2013-06-19,1.6837121224000003e-05,5.1823347144e-06,1.2562241744400002e-05,8.965220392000002e-06,1.0342803037600004e-05,4.504476587200001e-06,5.7945936680000016e-06,1.9351756212000003e-05,,2013,6,2013
2013-06-20,1.6837121224000003e-05,5.346332648400001e-06,1.2376377419200002e-05,8.9542871964e-06,9.960141191600003e-06,3.8156852644e-06,5.838326450400002e-06,1.9526687341600004e-05,,2013,6,2013
2013-06-21,1.5853133620000002e-05,4.7340736948e-06,1.1479855380000002e-05,8.440427003200001e-06,8.998019978800001e-06,3.5970213524000007e-06,5.073002758400001e-06,1.7482179764400004e-05,,2013,6,2013
2013-06-22,1.4541150148000002e-05,4.143681132400001e-06,1.08894628176e-05,7.981232788e-06,8.363894634000002e-06,3.3674242448000006e-06,4.679407716800001e-06,1.5743801664000003e-05,,2013,6,2013
2013-06-23,1.4978477972000003e-05,4.810606064000001e-06,1.1632920118400002e-05,8.812155653600003e-06,8.571625350400001e-06,3.5970213524000007e-06,5.991391188800001e-06,1.5951532380400002e-05,,2013,6,2013
2013-06-24,1.6837121224000003e-05,5.280733474800001e-06,1.1654786509600002e-05,9.260416673200002e-06,9.7961432576e-06,3.8156852644e-06,6.253787883200001e-06,1.74603133732e-05,,2013,6,2013
2013-06-25,2.0445075772000004e-05,7.970299592400001e-06,1.5219008275200005e-05,1.5229941470800004e-05,1.2562241744400002e-05,6.745781685200002e-06,9.457214194e-06,2.2861311999600004e-05,,2013,6,2013
2013-06-26,2.0882403596e-05,7.434573008000001e-06,1.2791838852e-05,1.2955836786000002e-05,1.2365444223600002e-05,5.247933888000001e-06,7.062844357600002e-06,2.3036243129200005e-05,,2013,6,2013
2013-06-27,1.9461088168000003e-05,5.718061298800001e-06,1.0823863644e-05,1.02881370596e-05,1.3010502764000002e-05,4.91993802e-06,5.554063364800001e-06,2.1122933899200003e-05,,2013,6,2013
2013-06-28,1.7274449048000004e-05,4.482610196000001e-06,9.763343670800002e-06,8.834022044800002e-06,1.1075327142800002e-05,4.110881545600001e-06,5.204201105600001e-06,1.88488292144e-05,,2013,6,2013
2013-06-29,1.5853133620000002e-05,3.82661846e-06,9.1620179128e-06,8.090564744000002e-06,9.7961432576e-06,3.5751549612000007e-06,4.6903409124e-06,1.7274449048000004e-05,,2013,6,2013
2013-06-30,1.4541150148000002e-05,3.4548898096000004e-06,8.713756893200001e-06,7.587637746400001e-06,8.910554414e-06,3.881284438e-06,4.395144631200001e-06,1.60499311408e-05,,2013,6,2013
2013-07-01,1.4103822324000005e-05,3.1924931152000006e-06,8.276429069200002e-06,7.194042704800001e-06,8.331095047200002e-06,3.6516873304e-06,4.143681132400001e-06,1.5120609514800002e-05,,2013,7,2013
2013-07-02,1.3119834720000002e-05,3.170626724000001e-06,7.9921659836e-06,6.8879132280000016e-06,7.762568876e-06,3.1924931152000006e-06,3.9031508292e-06,1.41475551064e-05,,2013,7,2013
2013-07-03,1.2682506896000002e-05,2.995695594400001e-06,7.696969702400001e-06,6.538050968800001e-06,7.336174247600002e-06,2.7879648780000005e-06,3.728219699600001e-06,1.3283832654000004e-05,,2013,7,2013
2013-07-04,1.2245179072000005e-05,2.744232095600001e-06,7.434573008000001e-06,6.3193870568e-06,6.909779619200001e-06,2.6786329220000003e-06,3.5970213524000007e-06,1.257317494e-05,,2013,7,2013
2013-07-05,1.1807851248000002e-05,2.7114325088000004e-06,7.292441465200002e-06,6.253787883200001e-06,6.5927169468e-06,2.7004993132000003e-06,3.5860881568000007e-06,1.2048381551200003e-05,,2013,7,2013
2013-07-06,1.1370523424e-05,2.6130337484e-06,7.2159090960000015e-06,6.1991219052e-06,6.428719012800001e-06,2.6786329220000003e-06,3.5751549612000007e-06,1.1556387749200004e-05,,2013,7,2013
2013-07-07,1.0933195600000002e-05,2.4818354012e-06,7.095643944400002e-06,6.0788567536000005e-06,6.188188709600001e-06,2.6130337484e-06,3.487689396400001e-06,1.10534607516e-05,,2013,7,2013
2013-07-08,1.038653582e-05,2.3069042716000003e-06,6.898846423600001e-06,5.882059232800002e-06,5.9367252108000015e-06,2.4818354012e-06,3.3018250712000004e-06,1.06161329276e-05,,2013,7,2013
2013-07-09,1.038653582e-05,2.1319731420000003e-06,6.6255165336e-06,5.619662538400001e-06,5.718061298800001e-06,2.5037017924000007e-06,3.1596935284e-06,1.0102272734400005e-05,,2013,7,2013
2013-07-10,9.949207996000002e-06,2.0117079904000004e-06,6.286587470000001e-06,5.521263778000001e-06,5.488464191200002e-06,2.4709022056e-06,3.0284951812000007e-06,9.730544084e-06,,2013,7,2013
2013-07-11,9.511880172e-06,2.0007747948000004e-06,6.1663223184e-06,5.411931822e-06,5.346332648400001e-06,2.3943698364000005e-06,2.9300964208000004e-06,9.446280998400002e-06,,2013,7,2013
2013-07-12,9.511880172e-06,1.9789084036000003e-06,6.013257580000001e-06,5.280733474800001e-06,5.160468323200001e-06,2.3397038584000003e-06,2.8207644648000006e-06,9.2166838908e-06,,2013,7,2013
2013-07-13,9.074552348000002e-06,1.9242424256e-06,5.9367252108000015e-06,5.138601932e-06,5.0183367804e-06,2.2850378804e-06,2.623966944000001e-06,8.866821631600002e-06,,2013,7,2013
2013-07-14,9.074552348000002e-06,1.8367768608e-06,5.849259646000002e-06,5.0183367804e-06,4.766873281600001e-06,2.1319731420000003e-06,2.3943698364000005e-06,8.626291328400001e-06,,2013,7,2013
2013-07-15,8.637224524000002e-06,1.8039772740000004e-06,5.7508608856000015e-06,4.876205237600001e-06,4.5810089564e-06,2.0226411860000004e-06,2.4271694232000005e-06,8.3529614384e-06,,2013,7,2013
2013-07-16,8.637224524000002e-06,1.7274449048000002e-06,5.575929756000001e-06,4.723140499200001e-06,4.417011022400001e-06,1.91330923e-06,2.3506370540000004e-06,8.0796315484e-06,,2013,7,2013
2013-07-17,8.199896700000001e-06,1.7383781004000002e-06,5.466597800000001e-06,4.6247417388e-06,4.253013088400001e-06,1.9242424256e-06,2.2850378804e-06,7.7953684628e-06,,2013,7,2013
2013-07-18,8.199896700000001e-06,1.6727789268000005e-06,5.411931822e-06,4.5810089564e-06,4.121814741200001e-06,1.8914428388e-06,2.2085055112000005e-06,7.65323692e-06,,2013,7,2013
2013-07-19,7.762568876e-06,1.5743801664000005e-06,5.2916666704e-06,4.471677000400001e-06,3.9687500028e-06,1.8258436652e-06,2.1101067508e-06,7.511105377200002e-06,,2013,7,2013
2013-07-20,7.762568876e-06,1.5306473840000006e-06,5.280733474800001e-06,4.395144631200001e-06,3.935950416000001e-06,1.6727789268000005e-06,2.0335743816000005e-06,7.292441465200002e-06,,2013,7,2013
2013-07-21,7.762568876e-06,1.4869146016000005e-06,5.1823347144e-06,4.2639462840000006e-06,3.8594180468e-06,1.7055785136000004e-06,1.9898415992000004e-06,7.084710748800001e-06,,2013,7,2013
2013-07-22,7.2159090960000015e-06,1.3666494500000002e-06,5.073002758400001e-06,4.1327479368e-06,3.5970213524000007e-06,1.6071797532000003e-06,1.9023760344000004e-06,6.953512401600001e-06,,2013,7,2013
2013-07-23,7.2159090960000015e-06,1.2791838852000002e-06,4.909004824400001e-06,4.023415980800001e-06,3.4002238316000003e-06,1.4431818192000002e-06,1.8149104696e-06,6.745781685200002e-06,,2013,7,2013
2013-07-24,6.778581272000001e-06,1.147985538e-06,4.745006890400001e-06,3.9250172204e-06,3.2143595064000007e-06,1.3229166676e-06,1.7274449048000002e-06,6.647382924800001e-06,,2013,7,2013
2013-07-25,6.778581272000001e-06,1.0495867776e-06,4.6138085432000005e-06,3.8156852644e-06,3.0394283768000003e-06,1.2682506896000002e-06,1.6727789268000005e-06,6.5489841644e-06,,2013,7,2013
2013-07-26,6.778581272000001e-06,1.0277203864000005e-06,4.537276174000001e-06,3.771952482e-06,2.8863636384000003e-06,1.2354511028e-06,1.6071797532000003e-06,6.494318186400001e-06,,2013,7,2013
2013-07-27,6.341253448000001e-06,9.730544084e-07,4.427944218000001e-06,3.7610192864e-06,2.7551652912000005e-06,1.1917183204000002e-06,1.5415805796e-06,6.461518599600001e-06,,2013,7,2013
2013-07-28,6.341253448000001e-06,1.0058539952000002e-06,4.373278240000001e-06,3.739152895200001e-06,2.6567665308e-06,1.2135847116000005e-06,1.5415805796e-06,6.505251382000001e-06,,2013,7,2013
2013-07-29,6.341253448000001e-06,1.0605199732e-06,4.340478653200001e-06,3.739152895200001e-06,2.6458333352e-06,1.2463842984e-06,1.5415805796e-06,6.4505854040000005e-06,,2013,7,2013
2013-07-30,6.341253448000001e-06,1.0714531688000002e-06,4.2639462840000006e-06,3.684486917200001e-06,2.6349001396e-06,1.2791838852000002e-06,1.4541150148000002e-06,6.297520665600001e-06,,2013,7,2013
2013-07-31,6.341253448000001e-06,1.0933195600000002e-06,4.2420798928000005e-06,3.6298209392e-06,2.5911673572e-06,1.1917183204000002e-06,1.4541150148000002e-06,6.111656340400002e-06,,2013,7,2013
2013-08-01,6.341253448000001e-06,1.3010502764000005e-06,4.1327479368e-06,3.6516873304e-06,2.6895661176000003e-06,1.5087809928000003e-06,1.6946453180000003e-06,6.056990362400001e-06,,2013,8,2013
2013-08-02,6.341253448000001e-06,1.2791838852000002e-06,4.067148763200001e-06,3.717286504000001e-06,2.7114325088000004e-06,1.5306473840000006e-06,1.5743801664000005e-06,6.056990362400001e-06,,2013,8,2013
2013-08-03,5.903925624000001e-06,1.0277203864000005e-06,4.0124827852e-06,3.640754134800001e-06,2.4927685968000003e-06,1.2135847116000005e-06,1.3885158412000005e-06,6.002324384400002e-06,,2013,8,2013
2013-08-04,5.903925624000001e-06,8.965220392000002e-07,3.9687500028e-06,3.4986225920000005e-06,2.3506370540000004e-06,1.0714531688000002e-06,1.3119834720000005e-06,5.9804579932000016e-06,,2013,8,2013
2013-08-05,5.903925624000001e-06,7.871900832000001e-07,3.9250172204e-06,3.3674242448000006e-06,2.2303719024e-06,9.621212128e-07,1.2245179072e-06,5.7945936680000016e-06,,2013,8,2013
2013-08-06,5.903925624000001e-06,7.215909096000001e-07,3.914084024800001e-06,3.2690254844000004e-06,2.1429063376000003e-06,8.965220392000002e-07,1.1370523424e-06,5.575929756000001e-06,,2013,8,2013
2013-08-07,5.466597800000001e-06,,3.8156852644e-06,3.170626724000001e-06,2.077307164e-06,8.309228656000001e-07,1.1042527556000002e-06,5.390065430800001e-06,,2013,8,2013
2013-08-08,5.466597800000001e-06,,3.728219699600001e-06,3.3236914624000005e-06,2.0445075772000005e-06,9.839876040000002e-07,1.2245179072e-06,5.324466257200001e-06,,2013,8,2013
2013-08-09,7.2159090960000015e-06,,5.094869149600002e-06,5.280733474800001e-06,3.4111570272000007e-06,1.7055785136000004e-06,2.2303719024e-06,8.626291328400001e-06,,2013,8,2013
2013-08-10,7.762568876e-06,,4.471677000400001e-06,4.045282372000001e-06,2.984762398800001e-06,1.8367768608e-06,1.8805096432e-06,6.330320252400001e-06,,2013,8,2013
2013-08-11,6.341253448000001e-06,,4.121814741200001e-06,3.717286504000001e-06,2.5365013792000004e-06,1.4978477972000005e-06,1.5197141884e-06,5.838326450400002e-06,,2013,8,2013
2013-08-12,5.903925624000001e-06,,3.9468836116e-06,3.4548898096000004e-06,2.1757059244000004e-06,1.0823863644000002e-06,1.2682506896000002e-06,5.488464191200002e-06,,2013,8,2013
2013-08-13,5.466597800000001e-06,,3.8375516556e-06,3.3127582668e-06,2.0117079904000004e-06,9.621212128e-07,1.1698519292000002e-06,5.2698002792e-06,,2013,8,2013
2013-08-14,5.466597800000001e-06,,3.695420112800001e-06,3.1596935284e-06,1.8914428388e-06,8.527892568000002e-07,1.038653582e-06,5.160468323200001e-06,,2013,8,2013
2013-08-15,5.466597800000001e-06,,3.5751549612000007e-06,3.0284951812000007e-06,1.7493112960000002e-06,7.653236920000003e-07,9.730544084e-07,5.040203171600001e-06,,2013,8,2013
2013-08-16,5.466597800000001e-06,,3.531422178800001e-06,2.9519628120000005e-06,1.6837121224000003e-06,7.325241052000001e-07,9.29321626e-07,4.952737606800001e-06,,2013,8,2013
2013-08-17,5.029269976000001e-06,,3.4439566140000008e-06,2.9300964208000004e-06,1.6071797532000003e-06,,9.29321626e-07,4.9636708024000005e-06,,2013,8,2013
2013-08-18,,,3.3783574404e-06,2.8535640516000007e-06,1.5306473840000006e-06,,9.183884304e-07,4.952737606800001e-06,,2013,8,2013
2013-08-19,,,3.2690254844000004e-06,2.809831269200001e-06,1.4431818192000002e-06,,8.965220392000002e-07,4.909004824400001e-06,,2013,8,2013
2013-08-20,,,3.1815599196e-06,2.7223657044e-06,1.3885158412000005e-06,,,4.799672868400001e-06,,2013,8,2013
2013-08-21,,,3.0394283768000003e-06,,1.3119834720000005e-06,,,4.679407716800001e-06,,2013,8,2013
2013-08-22,,,3.0284951812000007e-06,,1.3229166676e-06,,,4.766873281600001e-06,,2013,8,2013
2013-08-23,,,3.061294768000001e-06,,1.3338498632e-06,,,4.952737606800001e-06,,2013,8,2013
2013-08-24,,,2.9519628120000005e-06,,1.2682506896000002e-06,,,4.854338846400001e-06,,2013,8,2013
2013-08-25,,,,,2.6786329220000003e-06,,,7.062844357600002e-06,,2013,8,2013
2013-08-26,,,,,2.0335743816000005e-06,,,6.067923558000002e-06,,2013,8,2013
2013-08-27,,,,,1.4759814060000002e-06,,,5.1276687364e-06,,2013,8,2013
2013-08-28,,,,,1.2791838852000002e-06,,,4.799672868400001e-06,,2013,8,2013
2013-08-29,,,,,1.2245179072e-06,,,4.723140499200001e-06,,2013,8,2013
2013-08-30,,,,,1.1698519292000002e-06,,,4.64660813e-06,,2013,8,2013
2013-08-31,,,,,,,,4.559142565200001e-06,,2013,8,2013
2013-09-01,,,,,,,,,,2013,9,2013
2013-09-02,,,,,,,,,,2013,9,2013
2013-09-03,,,,,,,,,,2013,9,2013
2013-09-04,,,,,,,,,,2013,9,2013
2013-09-05,,,,,,,,,,2013,9,2013
2013-09-06,,,,,,,,,,2013,9,2013
2013-09-07,,,,,,,,,,2013,9,2013
2013-09-08,,,,,,,,,,2013,9,2013
2013-09-09,,,,,,,,,,2013,9,2013
2013-09-10,,,,,,,,,,2013,9,2013
2013-09-11,,,,,,,,,,2013,9,2013
2013-09-12,,,,,,,,,,2013,9,2013
2013-09-13,,,,,,,,,,2013,9,2013
2013-09-14,,,,,,,,,,2013,9,2013
2013-09-15,,,,,,,,,,2013,9,2013
2013-09-16,,,,,,,,,,2013,9,2013
2013-09-17,,,,,,,,,,2013,9,2013
2013-09-18,,,,,,,,,,2013,9,2013
2013-09-19,,,,,,,,,,2013,9,2013
2013-09-20,,,,,,,,,,2013,9,2013
2013-09-21,,,,,,,,,,2013,9,2013
2013-09-22,,,,,,,,,,2013,9,2013
2013-09-23,,,,,,,,,,2013,9,2013
2013-09-24,,,,,,,,,,2013,9,2013
2013-09-25,,,,,,,,,,2013,9,2013
2013-09-26,,,,,,,,,,2013,9,2013
2013-09-27,,,,,,,,,,2013,9,2013
2013-09-28,,,,,,,,,,2013,9,2013
2013-09-29,,,,,,,,,,2013,9,2013
2013-09-30,,,,,,,,,,2013,9,2013
2013-10-01,,,,,,,,,,2013,10,2014
2013-10-02,,,,,,,,,,2013,10,2014
2013-10-03,,,,,,,,,,2013,10,2014
2013-10-04,,,,,,,,,,2013,10,2014
2013-10-05,,,,,,,,,,2013,10,2014
2013-10-06,,,,,,,,,,2013,10,2014
2013-10-07,,,,,,,,,,2013,10,2014
2013-10-08,,,,,,,,,,2013,10,2014
2013-10-09,,,,,,,,,,2013,10,2014
2013-10-10,,,,,,,,,,2013,10,2014
2013-10-11,,,,,,,,,,2013,10,2014
2013-10-12,,,,,,,,,,2013,10,2014
2013-10-13,,,,,,,,,,2013,10,2014
2013-10-14,,,,,,,,,,2013,10,2014
2013-10-15,,,,,,,,,,2013,10,2014
2013-10-16,,,,,,,,,,2013,10,2014
2013-10-17,,,,,,,,,,2013,10,2014
2013-10-18,,,,,,,,,,2013,10,2014
2013-10-19,,,,,,,,,,2013,10,2014
2013-10-20,,,,,,,,,,2013,10,2014
2013-10-21,,,,,,,,,,2013,10,2014
2013-10-22,,,,,,,,,,2013,10,2014
2013-10-23,,,,,,,,,,2013,10,2014
2013-10-24,,,,,,,,,,2013,10,2014
2013-10-25,,,,,,,,,,2013,10,2014
2013-10-26,,,,,,,,,,2013,10,2014
2013-10-27,,,,,,,,,,2013,10,2014
2013-10-28,,,,,,,,,,2013,10,2014
2013-10-29,,,,,,,,,,2013,10,2014
2013-10-30,,,,,,,,,,2013,10,2014
2013-10-31,,,,,,,,,,2013,10,2014
2013-11-01,,,,,,,,,,2013,11,2014
2013-11-02,,,,,,,,,,2013,11,2014
2013-11-03,,,,,,,,,,2013,11,2014
2013-11-04,,,,,,,,,,2013,11,2014
2013-11-05,,,,,,,,,,2013,11,2014
2013-11-06,,,,,,,,,,2013,11,2014
2013-11-07,,,,,,,,,,2013,11,2014
2013-11-08,,,,,,,,,,2013,11,2014
2013-11-09,,,,,,,,,,2013,11,2014
2013-11-10,,,,,,,,,,2013,11,2014
2013-11-11,,,,,,,,,,2013,11,2014
2013-11-12,,,,,,,,,,2013,11,2014
2013-11-13,,,,,,,,,,2013,11,2014
2013-11-14,,,,,,,,,,2013,11,2014
2013-11-15,,,,,,,,,,2013,11,2014
2013-11-16,,,,,,,,,,2013,11,2014
2013-11-17,,,,,,,,,,2013,11,2014
2013-11-18,,,,,,,,,,2013,11,2014
2013-11-19,,,,,,,,,,2013,11,2014
2013-11-20,,,,,,,,,,2013,11,2014
2013-11-21,,,,,,,,,,2013,11,2014
2013-11-22,,,,,,,,,,2013,11,2014
2013-11-23,,,,,,,,,,2013,11,2014
2013-11-24,,,,,,,,,,2013,11,2014
2013-11-25,,,,,,,,,,2013,11,2014
2013-11-26,,,,,,,,,,2013,11,2014
2013-11-27,,,,,,,,,,2013,11,2014
2013-11-28,,,,,,,,,,2013,11,2014
2013-11-29,,,,,,,,,,2013,11,2014
2013-11-30,,,,,,,,,,2013,11,2014
2013-12-01,,,,,,,,,,2013,12,2014
2013-12-02,,,,,,,,,,2013,12,2014
2013-12-03,,,,,,,,,,2013,12,2014
2013-12-04,,,,,,,,,,2013,12,2014
2013-12-05,,,,,,,,,,2013,12,2014
2013-12-06,,,,,,,,,,2013,12,2014
2013-12-07,,,,,,,,,,2013,12,2014
2013-12-08,,,,,,,,,,2013,12,2014
2013-12-09,,,,,,,,,,2013,12,2014
2013-12-10,,,,,,,,,,2013,12,2014
2013-12-11,,,,,,,,,,2013,12,2014
2013-12-12,,,,,,,,,,2013,12,2014
2013-12-13,,,,,,,,,,2013,12,2014
2013-12-14,,,,,,,,,,2013,12,2014
2013-12-15,,,,,,,,,,2013,12,2014
2013-12-16,,,,,,,,,,2013,12,2014
2013-12-17,,,,,,,,,,2013,12,2014
2013-12-18,,,,,,,,,,2013,12,2014
2013-12-19,,,,,,,,,,2013,12,2014
2013-12-20,,,,,,,,,,2013,12,2014
2013-12-21,,,,,,,,,,2013,12,2014
2013-12-22,,,,,,,,,,2013,12,2014
2013-12-23,,,,,,,,,,2013,12,2014
2013-12-24,,,,,,,,,,2013,12,2014
2013-12-25,,,,,,,,,,2013,12,2014
2013-12-26,,,,,,,,,,2013,12,2014
2013-12-27,,,,,,,,,,2013,12,2014
2013-12-28,,,,,,,,,,2013,12,2014
2013-12-29,,,,,,,,,,2013,12,2014
2013-12-30,,,,,,,,,,2013,12,2014
2013-12-31,,,,,,,,,,2013,12,2014
2014-01-01,,,,,,,,,,2014,1,2014
2014-01-02,,,,,,,,,,2014,1,2014
2014-01-03,,,,,,,,,,2014,1,2014
2014-01-04,,,,,,,,,,2014,1,2014
2014-01-05,,,,,,,,,,2014,1,2014
2014-01-06,,,,,,,,,,2014,1,2014
2014-01-07,,,,,,,,,,2014,1,2014
2014-01-08,,,,,,,,,,2014,1,2014
2014-01-09,,,,,,,,,,2014,1,2014
2014-01-10,,,,,,,,,,2014,1,2014
2014-01-11,,,,,,,,,,2014,1,2014
2014-01-12,,,,,,,,,,2014,1,2014
2014-01-13,,,,,,,,,,2014,1,2014
2014-01-14,,,,,,,,,,2014,1,2014
2014-01-15,,,,,,,,,,2014,1,2014
2014-01-16,,,,,,,,,,2014,1,2014
2014-01-17,,,,,,,,,,2014,1,2014
2014-01-18,,,,,,,,,,2014,1,2014
2014-01-19,,,,,,,,,,2014,1,2014
2014-01-20,,,,,,,,,,2014,1,2014
2014-01-21,,,,,,,,,,2014,1,2014
2014-01-22,,,,,,,,,,2014,1,2014
2014-01-23,,,,,,,,,,2014,1,2014
2014-01-24,,,,,,,,,,2014,1,2014
2014-01-25,,,,,,,,,,2014,1,2014
2014-01-26,,,,,,,,,,2014,1,2014
2014-01-27,,,,,,,,,,2014,1,2014
2014-01-28,,,,,,,,,,2014,1,2014
2014-01-29,,,,,,,,,,2014,1,2014
2014-01-30,,,,,,,,,,2014,1,2014
2014-01-31,,,,,,,,,,2014,1,2014
2014-02-01,,,,,,,,,,2014,2,2014
2014-02-02,,,,,,,,,,2014,2,2014
2014-02-03,,,,,,,,,,2014,2,2014
2014-02-04,,,,,,,,,,2014,2,2014
2014-02-05,,,,,,,,,,2014,2,2014
2014-02-06,,,,,,,,,,2014,2,2014
2014-02-07,,,,,,,,,,2014,2,2014
2014-02-08,,,,,,,,,,2014,2,2014
2014-02-09,,,,,,,,,,2014,2,2014
2014-02-10,,,,,,,,,,2014,2,2014
2014-02-11,,,,,,,,,,2014,2,2014
2014-02-12,,,,,,,,,,2014,2,2014
2014-02-13,,,,,,,,,,2014,2,2014
2014-02-14,,,,,,,,,,2014,2,2014
2014-02-15,,,,,,,,,,2014,2,2014
2014-02-16,,,,,,,,,,2014,2,2014
2014-02-17,,,,,,,,,,2014,2,2014
2014-02-18,,,,,,,,,,2014,2,2014
2014-02-19,,,,,,,,,,2014,2,2014
2014-02-20,,,,,,,,,,2014,2,2014
2014-02-21,,,,,,,,,,2014,2,2014
2014-02-22,,,,,,,,,,2014,2,2014
2014-02-23,,,,,,,,,,2014,2,2014
2014-02-24,,,,,,,,,,2014,2,2014
2014-02-25,,,,,,,,,,2014,2,2014
2014-02-26,,,,,,,,,,2014,2,2014
2014-02-27,,,,,,,,,,2014,2,2014
2014-02-28,,,,,,,,,,2014,2,2014
2014-03-01,,,,,,,,,,2014,3,2014
2014-03-02,,,,,,,,,,2014,3,2014
2014-03-03,,,,,,,,,,2014,3,2014
2014-03-04,,,,,,,,,,2014,3,2014
2014-03-05,,,,,,,,,,2014,3,2014
2014-03-06,,,,,,,,,,2014,3,2014
2014-03-07,,,,,,,,,,2014,3,2014
2014-03-08,,,,,,,,,,2014,3,2014
2014-03-09,,,,,,,,,,2014,3,2014
2014-03-10,,,,,,,,,,2014,3,2014
2014-03-11,,,,,,,,,,2014,3,2014
2014-03-12,,,,,,,,,,2014,3,2014
2014-03-13,,,,,,,,,,2014,3,2014
2014-03-14,,,,,,,,,,2014,3,2014
2014-03-15,,,,,,,,,,2014,3,2014
2014-03-16,,,,,,,,,,2014,3,2014
2014-03-17,,,,,,,,,,2014,3,2014
2014-03-18,,,,,,,,,,2014,3,2014
2014-03-19,,,,,,,,,,2014,3,2014
2014-03-20,,,,,,,,,,2014,3,2014
2014-03-21,,,,,,,,,,2014,3,2014
2014-03-22,,,,,,,,,,2014,3,2014
2014-03-23,,,,,,,,,,2014,3,2014
2014-03-24,,,,,,,,,,2014,3,2014
2014-03-25,,,,,,,,,,2014,3,2014
2014-03-26,,,,,,,,,,2014,3,2014
2014-03-27,,,,,,,,,,2014,3,2014
2014-03-28,,,,,,,,,,2014,3,2014
2014-03-29,,,,,,,,,,2014,3,2014
2014-03-30,,,,,,,,,,2014,3,2014
2014-03-31,,,,,,,,,,2014,3,2014
2014-04-01,,,,,,,,,,2014,4,2014
2014-04-02,,,,,,,,,,2014,4,2014
2014-04-03,,,,,,,,,,2014,4,2014
2014-04-04,,,,,,,,,,2014,4,2014
2014-04-05,,,,,,,,,,2014,4,2014
2014-04-06,,,,,,,,,,2014,4,2014
2014-04-07,,,,,,,,,,2014,4,2014
2014-04-08,,,,,,,,,,2014,4,2014
2014-04-09,,,,,,,,,,2014,4,2014
2014-04-10,,,,,,,,,,2014,4,2014
2014-04-11,,,,,,,,,,2014,4,2014
2014-04-12,,,,,,,,,,2014,4,2014
2014-04-13,,,,,,,,,,2014,4,2014
2014-04-14,,,,,,,,,,2014,4,2014
2014-04-15,,,,,,,,,,2014,4,2014
2014-04-16,,,,,,,,,,2014,4,2014
2014-04-17,,,,,,,,,,2014,4,2014
2014-04-18,,,,,,,,,,2014,4,2014
2014-04-19,,,,,,,,,,2014,4,2014
2014-04-20,,,,,,,,,,2014,4,2014
2014-04-21,,,,,,,,,,2014,4,2014
2014-04-22,,,,,,,,,,2014,4,2014
2014-04-23,,,,,,,,,,2014,4,2014
2014-04-24,,,,,,,,,,2014,4,2014
2014-04-25,,,,,,,,,,2014,4,2014
2014-04-26,,,,,,,,,,2014,4,2014
2014-04-27,,,,,,,,,,2014,4,2014
2014-04-28,,,,,,,,,,2014,4,2014
2014-04-29,,,,,,,,,,2014,4,2014
2014-04-30,,,,,,,,,,2014,4,2014
2014-05-01,,,,,,,,,,2014,5,2014
2014-05-02,,,,,,,,,,2014,5,2014
2014-05-03,,,,,,,,,,2014,5,2014
2014-05-04,,,,,,,,,,2014,5,2014
2014-05-05,,,,,,,,,,2014,5,2014
2014-05-06,,,,,,,,,,2014,5,2014
2014-05-07,,,,,,,,,,2014,5,2014
2014-05-08,,,,,,,,,,2014,5,2014
2014-05-09,,,,,,,,,,2014,5,2014
2014-05-10,0.00016509125356,0.0001356918905916,0.0001056584022784,0.0001006181991068,0.0001167993285948,,0.0001874933713444,0.0002059048727348,,2014,5,2014
2014-05-11,0.00013885158412,7.260735197960001e-05,7.853314399480001e-05,6.524931134080001e-05,9.9710743872e-05,,9.24729683848e-05,0.0001580284092024,,2014,5,2014
2014-05-12,0.000108894628176,4.146961091080001e-05,5.862379480720001e-05,4.846685609480001e-05,7.915633614400002e-05,,5.113455582120001e-05,0.0001204619491208,,2014,5,2014
2014-05-13,8.844955240400002e-05,2.9639893271600005e-05,4.6925275515200005e-05,3.99389635268e-05,6.24176136804e-05,,3.419903583680001e-05,9.25167011672e-05,,2014,5,2014
2014-05-14,7.347107443200001e-05,2.3451704562000003e-05,3.938137055120001e-05,3.4691029638800004e-05,4.847778929040001e-05,,2.5539944921600005e-05,7.454252760080001e-05,,2014,5,2014
2014-05-15,6.264721078800001e-05,1.967975208e-05,3.4067837489600006e-05,3.125800622040001e-05,4.04418905244e-05,,1.98546832096e-05,6.10509642304e-05,,2014,5,2014
2014-05-16,5.4447314088000016e-05,1.7099517918400004e-05,3.0405216963600007e-05,2.830604340840001e-05,3.32150482328e-05,,1.6279528248400003e-05,5.23262741416e-05,,2014,5,2014
2014-05-17,4.810606064000001e-05,1.5459538578400003e-05,2.784684919320001e-05,2.6305268613600004e-05,2.8382575777600006e-05,,1.44646177788e-05,4.564609163e-05,,2014,5,2014
2014-05-18,5.1714015188000014e-05,2.0718405662000004e-05,3.416623625e-05,3.420996903240001e-05,2.8852703188400003e-05,,2.30471763248e-05,5.5540633648e-05,,2014,5,2014
2014-05-19,5.5321969736e-05,2.6086604701600005e-05,3.2908918756e-05,3.43630337708e-05,2.8852703188400003e-05,4.14040117372e-05,2.7442320956000003e-05,5.6590220425600006e-05,,2014,5,2014
2014-05-20,4.723140499200001e-05,1.9373622603200003e-05,2.8448174951200004e-05,2.727832302200001e-05,2.4359159796800004e-05,2.22381198504e-05,1.8203770674000004e-05,4.78217975544e-05,,2014,5,2014
2014-05-21,4.2202135016e-05,1.6301394639600003e-05,2.5867940789600003e-05,2.4053030320000005e-05,2.0991735552000005e-05,1.67168560724e-05,1.4081955932800002e-05,4.230053377640001e-05,,2014,5,2014
2014-05-22,3.9031508292e-05,1.42896866492e-05,2.3943698364e-05,2.20522555252e-05,1.9187758278000003e-05,1.3010502764000002e-05,1.2048381551200003e-05,3.811311986160001e-05,,2014,5,2014
2014-05-23,3.6298209392000006e-05,1.30323691552e-05,2.22709194372e-05,2.05216081412e-05,1.7799242436800002e-05,1.09441287956e-05,1.09441287956e-05,3.5029958702400005e-05,,2014,5,2014
2014-05-24,3.4002238316e-05,1.1862517226000002e-05,2.1013601943200004e-05,1.8794163236400003e-05,1.6410726595600002e-05,9.982007582800002e-06,9.4681473896e-06,3.217639465080001e-05,,2014,5,2014
2014-05-25,3.181559919600001e-05,1.07363980792e-05,1.9909349187600003e-05,1.7110451114e-05,1.5481404969600002e-05,9.129218326e-06,8.844955240400001e-06,2.97273588364e-05,,2014,5,2014
2014-05-26,2.9956955944000007e-05,9.7742768664e-06,1.9187758278000003e-05,1.55907369256e-05,1.503314395e-05,8.790289262400002e-06,7.9921659836e-06,2.820764464800001e-05,,2014,5,2014
2014-05-27,2.8098312692000003e-05,9.2713498688e-06,1.8291236238800005e-05,1.45520833436e-05,1.4584882930400004e-05,8.363894634000002e-06,7.139376726800002e-06,2.62724690268e-05,,2014,5,2014
2014-05-28,2.8098312692000003e-05,9.719610888400002e-06,1.919869147360001e-05,1.6257661857200004e-05,1.4388085409600005e-05,9.326015846800004e-06,8.003099179200002e-06,2.7168991066000003e-05,,2014,5,2014
2014-05-29,2.7223657044000008e-05,9.008953174400002e-06,1.7875774806000003e-05,1.5076876732400003e-05,1.3797692847200002e-05,9.511880172e-06,7.172176313600001e-06,2.59335399632e-05,,2014,5,2014
2014-05-30,2.5365013792000005e-05,8.276429069200002e-06,1.6848054419600003e-05,1.37430268692e-05,1.2912104003600004e-05,8.702823697600002e-06,6.253787883200001e-06,2.3670368474e-05,,2014,5,2014
2014-05-31,2.4053030320000005e-05,7.598570942000001e-06,1.6268595052800004e-05,1.2584108135600002e-05,1.2135847116000004e-05,8.363894634000002e-06,5.783660472400001e-06,2.2041322329600004e-05,,2014,5,2014
2014-06-01,2.317837467200001e-05,7.183109509200001e-06,1.5667269294800002e-05,1.15126549668e-05,1.1392389815200002e-05,8.134297526400002e-06,5.6852617120000005e-06,2.0805871226800005e-05,,2014,6,2014
2014-06-02,2.2194387068e-05,6.811380858800001e-06,1.5142475906000002e-05,1.11409263164e-05,1.0922262404400002e-05,7.773502071600001e-06,5.302599866000001e-06,1.9843750014e-05,,2014,6,2014
2014-06-03,2.0882403596e-05,6.417785817200001e-06,1.4606749321600002e-05,1.09113292088e-05,1.0495867776000002e-05,7.6204373332e-06,5.0620695628e-06,1.8914428388e-05,,2014,6,2014
2014-06-04,2.0007747948000003e-05,6.035123971200001e-06,1.3994490368000002e-05,1.0594266536400002e-05,1.00366735608e-05,7.368973834400002e-06,4.4498106092000006e-06,1.7930440784000004e-05,,2014,6,2014
2014-06-05,1.9461088168000003e-05,5.696194907600001e-06,1.3622761717600002e-05,1.03646694288e-05,9.7742768664e-06,7.281508269600002e-06,3.990616394e-06,1.7340048221600002e-05,,2014,6,2014
2014-06-06,1.858643252e-05,5.3353994528000005e-06,1.2999569568400004e-05,9.9273416048e-06,9.511880172e-06,7.259641878400001e-06,3.979683198400001e-06,1.6509125356000002e-05,,2014,6,2014
2014-06-07,1.7711776872000005e-05,5.073002758400001e-06,1.27262396784e-05,9.446280998400002e-06,9.129218326e-06,6.931646010400002e-06,3.9250172204e-06,1.5918732793600003e-05,,2014,6,2014
2014-06-08,1.7274449048000004e-05,4.810606064000001e-06,1.26169077224e-05,9.282283064400002e-06,8.877754827200002e-06,6.1007231448000014e-06,3.9031508292e-06,1.5426738991600004e-05,,2014,6,2014
2014-06-09,1.6837121224000003e-05,4.5919421520000005e-06,1.2103047529200005e-05,8.9761535876e-06,8.593491741600002e-06,5.838326450400002e-06,3.8703512424000005e-06,1.4716081277600004e-05,,2014,6,2014
2014-06-10,1.6290461444000003e-05,4.427944218000001e-06,1.15454545536e-05,8.713756893200001e-06,8.3529614384e-06,5.903925624000001e-06,3.5751549612000007e-06,1.4071022737200004e-05,,2014,6,2014
2014-06-11,1.5415805796e-05,4.384211435600001e-06,1.1151859512000002e-05,8.287362264800001e-06,7.817234854000002e-06,5.849259646000002e-06,3.2252927020000003e-06,1.3928891194400004e-05,,2014,6,2014
2014-06-12,1.5415805796e-05,4.5263429784e-06,1.1108126729600002e-05,8.254562678000001e-06,7.314307856400001e-06,6.035123971200001e-06,3.2362258976000003e-06,1.39726239768e-05,,2014,6,2014
2014-06-13,1.7711776872000005e-05,6.428719012800001e-06,1.3589962130800005e-05,1.0834796839600002e-05,8.9214876096e-06,7.467372594800002e-06,5.7289944944000006e-06,1.83568354124e-05,,2014,6,2014
2014-06-14,1.6290461444000003e-05,5.029269976000001e-06,1.13377238372e-05,9.0526859568e-06,7.762568876e-06,6.330320252400001e-06,3.1596935284e-06,1.5470471774000002e-05,,2014,6,2014
2014-06-15,1.5415805796e-05,4.6028753476e-06,1.07363980792e-05,8.571625350400001e-06,7.183109509200001e-06,5.663395320800001e-06,2.7332989000000004e-06,1.4191287888800003e-05,,2014,6,2014
2014-06-16,1.6290461444000003e-05,5.2151343012000015e-06,1.14907885756e-05,9.391615020400002e-06,7.773502071600001e-06,6.581783751200001e-06,3.6298209392e-06,1.67933884416e-05,,2014,6,2014
2014-06-17,2.0445075772000004e-05,5.696194907600001e-06,1.17313188788e-05,9.457214194e-06,9.7414772796e-06,7.336174247600002e-06,4.001549589600001e-06,1.88269628232e-05,,2014,6,2014
2014-06-18,1.6837121224000003e-05,4.679407716800001e-06,1.05177341672e-05,8.484159785600001e-06,8.014032374800001e-06,6.133522731600001e-06,2.8754304428000007e-06,1.5929665989200003e-05,,2014,6,2014
2014-06-19,1.5415805796e-05,4.121814741200001e-06,9.960141191600003e-06,7.8500344408e-06,7.030044770800001e-06,4.745006890400001e-06,2.4162362276000005e-06,1.44646177788e-05,,2014,6,2014
2014-06-20,1.4541150148000002e-05,3.8922176336000005e-06,9.577479345600002e-06,7.4455062036000016e-06,6.472451795200001e-06,4.504476587200001e-06,2.3506370540000004e-06,1.3644628108800004e-05,,2014,6,2014
2014-06-21,1.4103822324000005e-05,3.717286504000001e-06,9.446280998400002e-06,7.194042704800001e-06,6.1007231448000014e-06,4.559142565200001e-06,2.1975723156000004e-06,1.3054235546400002e-05,,2014,6,2014
2014-06-22,1.3666494500000002e-05,3.4002238316000003e-06,9.238550282e-06,6.8441804456000015e-06,5.772727276800001e-06,4.045282372000001e-06,2.1210399464000003e-06,1.2452909788400002e-05,,2014,6,2014
2014-06-23,1.3119834720000002e-05,3.2580922888000003e-06,8.790289262400002e-06,6.669249316e-06,5.4993973868000005e-06,3.881284438e-06,1.8695764476000003e-06,1.1971849182e-05,,2014,6,2014
2014-06-24,1.2682506896000002e-05,3.3455578536000005e-06,8.495092981200002e-06,6.428719012800001e-06,5.3572658440000005e-06,3.542355374400001e-06,1.9570420124000003e-06,1.1742252074400004e-05,,2014,6,2014
2014-06-25,1.3119834720000002e-05,4.1764807192e-06,9.5009469764e-06,7.281508269600002e-06,5.772727276800001e-06,4.274879479600001e-06,4.099948350000001e-06,1.3240099871600002e-05,,2014,6,2014
2014-06-26,1.5853133620000002e-05,4.799672868400001e-06,9.719610888400002e-06,8.0796315484e-06,7.347107443200001e-06,5.3681990396e-06,4.537276174000001e-06,1.7996039957600002e-05,,2014,6,2014
2014-06-27,2.1319731420000003e-05,8.0249655704e-06,1.4705148082000005e-05,1.3436897392400004e-05,9.861742431200002e-06,7.926566810000001e-06,9.4790805852e-06,2.8743371232400003e-05,,2014,6,2014
2014-06-28,2.0882403596e-05,5.258867083600001e-06,1.0178805103600002e-05,8.691890502000002e-06,9.1729511084e-06,5.2151343012000015e-06,5.247933888000001e-06,2.5047951119600003e-05,,2014,6,2014
2014-06-29,1.7711776872000005e-05,4.187413914800001e-06,8.844955240400001e-06,7.500172181600002e-06,7.8500344408e-06,4.274879479600001e-06,3.8922176336000005e-06,2.1461862962800004e-05,,2014,6,2014
2014-06-30,1.5853133620000002e-05,3.640754134800001e-06,8.429493807600001e-06,6.997245184000001e-06,6.9863119884000005e-06,4.2639462840000006e-06,3.1815599196e-06,1.9122159104400005e-05,,2014,6,2014
2014-07-01,1.4541150148000002e-05,3.4548898096000004e-06,8.276429069200002e-06,6.767648076400001e-06,6.3084538612e-06,4.0562155676000005e-06,3.4330234184000003e-06,1.7186983483200004e-05,,2014,7,2014
2014-07-02,1.4103822324000005e-05,3.3018250712000004e-06,8.014032374800001e-06,6.505251382000001e-06,6.013257580000001e-06,4.64660813e-06,4.384211435600001e-06,1.6115530314400003e-05,,2014,7,2014
2014-07-03,1.3119834720000002e-05,3.2143595064000007e-06,7.817234854000002e-06,6.2428546876000005e-06,5.925792015200002e-06,4.493543391600001e-06,4.2202135016000005e-06,1.5076876732400003e-05,,2014,7,2014
2014-07-04,1.2682506896000002e-05,3.0503615724000007e-06,7.6095041376000015e-06,6.1444559272000015e-06,5.575929756000001e-06,4.340478653200001e-06,4.023415980800001e-06,1.44646177788e-05,,2014,7,2014
2014-07-05,1.2245179072000005e-05,2.809831269200001e-06,7.336174247600002e-06,5.871126037200001e-06,5.2151343012000015e-06,4.121814741200001e-06,3.728219699600001e-06,1.3797692847200002e-05,,2014,7,2014
2014-07-06,1.1807851248000002e-05,2.623966944000001e-06,7.226842291600001e-06,5.663395320800001e-06,5.0074035848000014e-06,3.957816807200001e-06,3.5751549612000007e-06,1.32728994584e-05,,2014,7,2014
2014-07-07,1.1370523424e-05,2.5255681836000008e-06,7.128443531200001e-06,5.554063364800001e-06,4.832472455200001e-06,3.7938188732e-06,3.465823005200001e-06,1.2769972460800002e-05,,2014,7,2014
2014-07-08,1.0933195600000002e-05,2.4709022056e-06,6.953512401600001e-06,5.466597800000001e-06,4.64660813e-06,3.695420112800001e-06,3.3674242448000006e-06,1.2354511028e-05,,2014,7,2014
2014-07-09,1.038653582e-05,2.3615702496000004e-06,6.734848489600001e-06,5.3353994528000005e-06,4.482610196000001e-06,3.5860881568000007e-06,3.1815599196e-06,1.1807851248000002e-05,,2014,7,2014
2014-07-10,9.949207996000002e-06,2.2085055112000005e-06,6.527117773200001e-06,5.105802345200001e-06,4.362345044400001e-06,3.3783574404e-06,3.0066287900000006e-06,1.1162792707600002e-05,,2014,7,2014
2014-07-11,9.949207996000002e-06,2.295971076e-06,6.472451795200001e-06,4.996470389200001e-06,4.1983471104e-06,3.4111570272000007e-06,3.061294768000001e-06,1.06270661232e-05,,2014,7,2014
2014-07-12,9.511880172e-06,2.1975723156000004e-06,6.341253448000001e-06,4.952737606800001e-06,4.0562155676000005e-06,3.3455578536000005e-06,2.919163225200001e-06,9.982007582800002e-06,,2014,7,2014
2014-07-13,9.511880172e-06,2.2850378804e-06,6.384986230400001e-06,5.160468323200001e-06,4.023415980800001e-06,3.3892906360000006e-06,2.9300964208000004e-06,9.5009469764e-06,,2014,7,2014
2014-07-14,9.074552348000002e-06,2.1210399464000003e-06,6.1444559272000015e-06,4.952737606800001e-06,3.9250172204e-06,3.2143595064000007e-06,2.6786329220000003e-06,9.2276170864e-06,,2014,7,2014
2014-07-15,9.074552348000002e-06,1.8695764476000003e-06,5.925792015200002e-06,4.679407716800001e-06,3.728219699600001e-06,2.8316976604000006e-06,2.4053030320000005e-06,8.844955240400001e-06,,2014,7,2014
2014-07-16,8.637224524000002e-06,1.7383781004000002e-06,5.7617940812e-06,4.504476587200001e-06,3.6298209392e-06,2.6676997264e-06,2.3615702496000004e-06,8.604424937200002e-06,,2014,7,2014
2014-07-17,8.199896700000001e-06,1.5962465576000003e-06,5.641528929600001e-06,4.373278240000001e-06,3.5204889832000005e-06,2.5255681836000008e-06,2.2741046848e-06,8.298295460400001e-06,,2014,7,2014
2014-07-18,8.199896700000001e-06,1.5525137752000002e-06,5.477530995600001e-06,4.307679066400001e-06,3.3783574404e-06,2.5037017924000007e-06,2.2631714892e-06,8.1670971132e-06,,2014,7,2014
2014-07-19,7.762568876e-06,1.5415805796e-06,5.390065430800001e-06,4.285812675200001e-06,3.2799586800000004e-06,2.4709022056e-06,2.1866391200000004e-06,8.1233643308e-06,,2014,7,2014
2014-07-20,7.762568876e-06,1.5525137752000002e-06,5.324466257200001e-06,4.285812675200001e-06,3.2143595064000007e-06,2.4490358144e-06,2.2194387068000005e-06,7.981232788e-06,,2014,7,2014
2014-07-21,7.762568876e-06,1.8149104696e-06,5.280733474800001e-06,4.296745870800001e-06,3.1378271372e-06,2.6567665308e-06,2.3943698364000005e-06,7.828168049600001e-06,,2014,7,2014
2014-07-22,7.762568876e-06,1.9570420124000003e-06,5.3135330616e-06,4.493543391600001e-06,3.1596935284e-06,2.842630856e-06,2.5037017924000007e-06,8.593491741600002e-06,,2014,7,2014
2014-07-23,1.1807851248000002e-05,3.1050275504000004e-06,7.489238986000002e-06,7.161243118000002e-06,6.4833849908e-06,4.2202135016000005e-06,4.253013088400001e-06,1.4814480038000004e-05,,2014,7,2014
2014-07-24,1.0933195600000002e-05,2.3397038584000003e-06,5.816460059200001e-06,5.073002758400001e-06,4.504476587200001e-06,3.4439566140000008e-06,2.842630856e-06,1.0189738299200003e-05,,2014,7,2014
2014-07-25,8.637224524000002e-06,1.8586432520000005e-06,5.3353994528000005e-06,4.559142565200001e-06,3.706353308400001e-06,2.766098486800001e-06,2.3069042716000003e-06,8.768422871200003e-06,,2014,7,2014
2014-07-26,8.199896700000001e-06,1.6727789268000005e-06,5.083935954000001e-06,4.307679066400001e-06,3.3892906360000006e-06,2.5365013792000004e-06,2.1429063376000003e-06,8.221763091200002e-06,,2014,7,2014
2014-07-27,7.762568876e-06,1.6290461444000002e-06,4.909004824400001e-06,4.1983471104e-06,3.1815599196e-06,2.438102618800001e-06,2.1101067508e-06,7.970299592400001e-06,,2014,7,2014
2014-07-28,7.762568876e-06,1.5306473840000006e-06,4.799672868400001e-06,4.067148763200001e-06,3.0394283768000003e-06,2.2850378804e-06,1.9679752080000003e-06,7.817234854000002e-06,,2014,7,2014
2014-07-29,7.2159090960000015e-06,1.3666494500000002e-06,4.6247417388e-06,3.8594180468e-06,2.9082300296000004e-06,2.077307164e-06,1.8149104696e-06,7.368973834400002e-06,,2014,7,2014
2014-07-30,7.2159090960000015e-06,1.2354511028e-06,4.4607438048e-06,3.750086090800001e-06,2.7551652912000005e-06,1.9351756212e-06,1.6618457312000002e-06,7.0519111620000015e-06,,2014,7,2014
2014-07-31,6.778581272000001e-06,1.147985538e-06,4.373278240000001e-06,3.6298209392e-06,2.6567665308e-06,1.7821108828000003e-06,1.6071797532000003e-06,6.8004476632000005e-06,,2014,7,2014
2014-08-01,6.778581272000001e-06,1.0714531688000002e-06,4.253013088400001e-06,3.553288570000001e-06,2.4927685968000003e-06,1.6181129488e-06,1.5306473840000006e-06,6.603650142400001e-06,,2014,8,2014
2014-08-02,6.778581272000001e-06,1.038653582e-06,4.143681132400001e-06,3.509555787600001e-06,2.4053030320000005e-06,1.6181129488e-06,1.4431818192000002e-06,6.384986230400001e-06,,2014,8,2014
2014-08-03,6.341253448000001e-06,1.1042527556000002e-06,3.9687500028e-06,3.509555787600001e-06,2.3397038584000003e-06,1.5853133620000005e-06,1.4431818192000002e-06,6.2647210788000005e-06,,2014,8,2014
2014-08-04,6.341253448000001e-06,1.1807851248000002e-06,3.8922176336000005e-06,3.509555787600001e-06,2.2850378804e-06,1.5853133620000005e-06,1.3994490368000005e-06,6.188188709600001e-06,,2014,8,2014
2014-08-05,6.341253448000001e-06,1.1151859512e-06,3.8047520688000008e-06,3.465823005200001e-06,2.1647727288000004e-06,1.4869146016000005e-06,1.3557162544000002e-06,5.947658406400001e-06,,2014,8,2014
2014-08-06,5.903925624000001e-06,9.730544084e-07,3.7610192864e-06,3.3564910492e-06,2.0663739684e-06,1.3775826456000002e-06,1.2901170808000002e-06,5.827393254800001e-06,,2014,8,2014
2014-08-07,5.903925624000001e-06,9.402548216e-07,3.7828856776e-06,3.3236914624000005e-06,2.0226411860000004e-06,1.3119834720000005e-06,1.2573174940000002e-06,5.663395320800001e-06,,2014,8,2014
2014-08-08,5.903925624000001e-06,8.637224524000001e-07,3.728219699600001e-06,3.2362258976000003e-06,1.9242424256e-06,1.2026515160000002e-06,1.1807851248000002e-06,5.5649965604000015e-06,,2014,8,2014
2014-08-09,5.903925624000001e-06,8.746556480000001e-07,3.706353308400001e-06,3.2143595064000007e-06,1.8805096432e-06,1.2463842984e-06,1.1261191468000005e-06,5.521263778000001e-06,,2014,8,2014
2014-08-10,5.903925624000001e-06,8.637224524000001e-07,3.5860881568000007e-06,3.1815599196e-06,1.7711776872000005e-06,1.2245179072e-06,1.0933195600000002e-06,5.379132235200001e-06,,2014,8,2014
2014-08-11,5.466597800000001e-06,8.746556480000001e-07,3.553288570000001e-06,3.0940943548000004e-06,1.6946453180000003e-06,1.1807851248000002e-06,1.1042527556000002e-06,5.2698002792e-06,,2014,8,2014
2014-08-12,5.903925624000001e-06,9.949207996000002e-07,3.662620526000001e-06,3.2252927020000003e-06,1.7383781004000002e-06,1.3557162544000002e-06,1.421315428e-06,5.204201105600001e-06,,2014,8,2014
2014-08-13,5.903925624000001e-06,1.3338498632e-06,3.728219699600001e-06,3.3892906360000006e-06,1.9242424256e-06,1.5962465576000003e-06,1.5853133620000005e-06,5.204201105600001e-06,,2014,8,2014
2014-08-14,6.341253448000001e-06,1.3994490368000005e-06,3.9250172204e-06,3.728219699600001e-06,2.252238293600001e-06,1.5743801664000005e-06,1.7274449048000002e-06,6.527117773200001e-06,,2014,8,2014
2014-08-15,5.903925624000001e-06,1.1370523424e-06,3.5970213524000007e-06,3.3564910492e-06,1.9351756212e-06,1.2354511028e-06,1.3119834720000005e-06,5.630595734000001e-06,,2014,8,2014
2014-08-16,5.466597800000001e-06,9.621212128e-07,3.4111570272000007e-06,3.1268939416000005e-06,1.7930440784000003e-06,1.038653582e-06,1.1042527556000002e-06,5.324466257200001e-06,,2014,8,2014
2014-08-17,5.466597800000001e-06,8.527892568000002e-07,3.334624658e-06,3.0066287900000006e-06,1.7930440784000003e-06,9.621212128e-07,1.0495867776e-06,5.204201105600001e-06,,2014,8,2014
2014-08-18,5.466597800000001e-06,8.090564744000001e-07,3.2690254844000004e-06,2.9519628120000005e-06,1.7711776872000005e-06,9.839876040000002e-07,9.730544084e-07,5.083935954000001e-06,,2014,8,2014
2014-08-19,5.466597800000001e-06,7.762568876000001e-07,3.2143595064000007e-06,2.8644972472000003e-06,1.7493112960000002e-06,9.29321626e-07,9.402548216e-07,5.0183367804e-06,,2014,8,2014
2014-08-20,5.466597800000001e-06,7.981232788000002e-07,3.1924931152000006e-06,2.8207644648000006e-06,1.6946453180000003e-06,8.855888436000001e-07,9.402548216e-07,4.952737606800001e-06,,2014,8,2014
2014-08-21,5.029269976000001e-06,7.981232788000002e-07,3.1050275504000004e-06,2.798898073600001e-06,1.5306473840000006e-06,8.746556480000001e-07,8.746556480000001e-07,4.8980716288e-06,,2014,8,2014
2014-08-22,5.029269976000001e-06,7.325241052000001e-07,3.0722279636000008e-06,2.744232095600001e-06,1.4541150148000002e-06,8.309228656000001e-07,8.418560612000001e-07,4.745006890400001e-06,,2014,8,2014
2014-08-23,5.029269976000001e-06,7.325241052000001e-07,3.061294768000001e-06,2.6895661176000003e-06,1.4541150148000002e-06,8.418560612000001e-07,8.199896700000001e-07,4.657541325600001e-06,,2014,8,2014
2014-08-24,5.029269976000001e-06,6.669249316000001e-07,3.0394283768000003e-06,2.623966944000001e-06,1.3666494500000002e-06,7.762568876000001e-07,7.543904964000002e-07,4.5919421520000005e-06,,2014,8,2014
2014-08-25,5.029269976000001e-06,6.013257580000001e-07,2.962896007600001e-06,2.5802341616000005e-06,1.1917183204000002e-06,7.106577140000001e-07,6.887913228000001e-07,4.537276174000001e-06,,2014,8,2014
2014-08-26,5.029269976000001e-06,5.685261712e-07,2.9300964208000004e-06,2.547434574800001e-06,1.0167871908000002e-06,6.887913228000001e-07,7.434573008000001e-07,4.384211435600001e-06,,2014,8,2014
2014-08-27,4.5919421520000005e-06,,2.8644972472000003e-06,2.5146349880000003e-06,9.839876040000002e-07,6.450585404000001e-07,6.778581272000001e-07,4.340478653200001e-06,,2014,8,2014
2014-08-28,4.5919421520000005e-06,,2.798898073600001e-06,2.4818354012e-06,9.29321626e-07,6.231921492000001e-07,6.887913228000001e-07,4.340478653200001e-06,,2014,8,2014
2014-08-29,4.5919421520000005e-06,,2.744232095600001e-06,2.4818354012e-06,9.29321626e-07,6.231921492000001e-07,6.997245184000001e-07,4.318612262000001e-06,,2014,8,2014
2014-08-30,5.029269976000001e-06,,3.1050275504000004e-06,2.8535640516000007e-06,1.1807851248000002e-06,9.074552348e-07,1.1261191468000005e-06,5.0183367804e-06,,2014,8,2014
2014-08-31,5.466597800000001e-06,,3.0394283768000003e-06,2.8316976604000006e-06,1.1807851248000002e-06,1.2135847116000005e-06,1.038653582e-06,5.0511363672000015e-06,,2014,8,2014
2014-09-01,5.029269976000001e-06,,2.7332989000000004e-06,2.6349001396e-06,9.839876040000002e-07,8.637224524000001e-07,8.418560612000001e-07,4.745006890400001e-06,,2014,9,2014
2014-09-02,4.5919421520000005e-06,,2.6021005528000005e-06,2.5255681836000008e-06,9.074552348e-07,7.434573008000001e-07,7.871900832000001e-07,4.559142565200001e-06,,2014,9,2014
2014-09-03,4.5919421520000005e-06,,2.4927685968000003e-06,2.4271694232000005e-06,8.527892568000002e-07,6.559917360000001e-07,7.434573008000001e-07,4.537276174000001e-06,,2014,9,2014
2014-09-04,4.5919421520000005e-06,,2.4271694232000005e-06,2.3397038584000003e-06,7.981232788000002e-07,6.122589536e-07,7.106577140000001e-07,4.504476587200001e-06,,2014,9,2014
2014-09-05,4.482610196000001e-06,,2.3178374672000003e-06,2.295971076e-06,7.434573008000001e-07,5.029269976000001e-07,6.450585404000001e-07,4.4607438048e-06,,2014,9,2014
2014-09-06,4.373278240000001e-06,,2.1866391200000004e-06,2.2085055112000005e-06,6.887913228000001e-07,,5.794593668000001e-07,4.384211435600001e-06,,2014,9,2014
2014-09-07,,,2.1757059244000004e-06,2.1319731420000003e-06,,,,4.318612262000001e-06,,2014,9,2014
2014-09-08,,,2.1757059244000004e-06,,,,,4.307679066400001e-06,,2014,9,2014
2014-09-09,,,2.0445075772000005e-06,,,,,4.231146697200001e-06,,2014,9,2014
2014-09-10,,,,,,,,,,2014,9,2014
2014-09-11,,,,,,,,,,2014,9,2014
2014-09-12,,,,,,,,,,2014,9,2014
2014-09-13,,,,,,,,,,2014,9,2014
2014-09-14,,,,,,,,,,2014,9,2014
2014-09-15,,,,,,,,,,2014,9,2014
2014-09-16,,,,,,,,,,2014,9,2014
2014-09-17,,,,,,,,,,2014,9,2014
2014-09-18,,,,,,,,,,2014,9,2014
2014-09-19,,,,,,,,,,2014,9,2014
2014-09-20,,,,,,,,,,2014,9,2014
2014-09-21,,,,,,,,,,2014,9,2014
2014-09-22,,,,,,,,,,2014,9,2014
2014-09-23,,,,,,,,,,2014,9,2014
2014-09-24,,,,,,,,,,2014,9,2014
2014-09-25,,,,,,,,,,2014,9,2014
2014-09-26,,,,,,,,,,2014,9,2014
2014-09-27,,,,,,,,,,2014,9,2014
2014-09-28,,,,,,,,,,2014,9,2014
2014-09-29,,,,,,,,,,2014,9,2014
2014-09-30,,,,,,,,,,2014,9,2014
2014-10-01,,,,,,,,,,2014,10,2015
2014-10-02,,,,,,,,,,2014,10,2015
2014-10-03,,,,,,,,,,2014,10,2015
2014-10-04,,,,,,,,,,2014,10,2015
2014-10-05,,,,,,,,,,2014,10,2015
2014-10-06,,,,,,,,,,2014,10,2015
2014-10-07,,,,,,,,,,2014,10,2015
2014-10-08,,,,,,,,,,2014,10,2015
2014-10-09,,,,,,,,,,2014,10,2015
2014-10-10,,,,,,,,,,2014,10,2015
2014-10-11,,,,,,,,,,2014,10,2015
2014-10-12,,,,,,,,,,2014,10,2015
2014-10-13,,,,,,,,,,2014,10,2015
2014-10-14,,,,,,,,,,2014,10,2015
2014-10-15,,,,,,,,,,2014,10,2015
2014-10-16,,,,,,,,,,2014,10,2015
2014-10-17,,,,,,,,,,2014,10,2015
2014-10-18,,,,,,,,,,2014,10,2015
2014-10-19,,,,,,,,,,2014,10,2015
2014-10-20,,,,,,,,,,2014,10,2015
2014-10-21,,,,,,,,,,2014,10,2015
2014-10-22,,,,,,,,,,2014,10,2015
2014-10-23,,,,,,,,,,2014,10,2015
2014-10-24,,,,,,,,,,2014,10,2015
2014-10-25,,,,,,,,,,2014,10,2015
2014-10-26,,,,,,,,,,2014,10,2015
2014-10-27,,,,,,,,,,2014,10,2015
2014-10-28,,,,,,,,,,2014,10,2015
2014-10-29,,,,,,,,,,2014,10,2015
2014-10-30,,,,,,,,,,2014,10,2015
2014-10-31,,,,,,,,,,2014,10,2015
2014-11-01,,,,,,,,,,2014,11,2015
2014-11-02,,,,,,,,,,2014,11,2015
2014-11-03,,,,,,,,,,2014,11,2015
2014-11-04,,,,,,,,,,2014,11,2015
2014-11-05,,,,,,,,,,2014,11,2015
2014-11-06,,,,,,,,,,2014,11,2015
2014-11-07,,,,,,,,,,2014,11,2015
2014-11-08,,,,,,,,,,2014,11,2015
2014-11-09,,,,,,,,,,2014,11,2015
2014-11-10,,,,,,,,,,2014,11,2015
2014-11-11,,,,,,,,,,2014,11,2015
2014-11-12,,,,,,,,,,2014,11,2015
2014-11-13,,,,,,,,,,2014,11,2015
2014-11-14,,,,,,,,,,2014,11,2015
2014-11-15,,,,,,,,,,2014,11,2015
2014-11-16,,,,,,,,,,2014,11,2015
2014-11-17,,,,,,,,,,2014,11,2015
2014-11-18,,,,,,,,,,2014,11,2015
2014-11-19,,,,,,,,,,2014,11,2015
2014-11-20,,,,,,,,,,2014,11,2015
2014-11-21,,,,,,,,,,2014,11,2015
2014-11-22,,,,,,,,,,2014,11,2015
2014-11-23,,,,,,,,,,2014,11,2015
2014-11-24,,,,,,,,,,2014,11,2015
2014-11-25,,,,,,,,,,2014,11,2015
2014-11-26,,,,,,,,,,2014,11,2015
2014-11-27,,,,,,,,,,2014,11,2015
2014-11-28,,,,,,,,,,2014,11,2015
2014-11-29,,,,,,,,,,2014,11,2015
2014-11-30,,,,,,,,,,2014,11,2015
2014-12-01,,,,,,,,,,2014,12,2015
2014-12-02,,,,,,,,,,2014,12,2015
2014-12-03,,,,,,,,,,2014,12,2015
2014-12-04,,,,,,,,,,2014,12,2015
2014-12-05,,,,,,,,,,2014,12,2015
2014-12-06,,,,,,,,,,2014,12,2015
2014-12-07,,,,,,,,,,2014,12,2015
2014-12-08,,,,,,,,,,2014,12,2015
2014-12-09,,,,,,,,,,2014,12,2015
2014-12-10,,,,,,,,,,2014,12,2015
2014-12-11,,,,,,,,,,2014,12,2015
2014-12-12,,,,,,,,,,2014,12,2015
2014-12-13,,,,,,,,,,2014,12,2015
2014-12-14,,,,,,,,,,2014,12,2015
2014-12-15,,,,,,,,,,2014,12,2015
2014-12-16,,,,,,,,,,2014,12,2015
2014-12-17,,,,,,,,,,2014,12,2015
2014-12-18,,,,,,,,,,2014,12,2015
2014-12-19,,,,,,,,,,2014,12,2015
2014-12-20,,,,,,,,,,2014,12,2015
2014-12-21,,,,,,,,,,2014,12,2015
2014-12-22,,,,,,,,,,2014,12,2015
2014-12-23,,,,,,,,,,2014,12,2015
2014-12-24,,,,,,,,,,2014,12,2015
2014-12-25,,,,,,,,,,2014,12,2015
2014-12-26,,,,,,,,,,2014,12,2015
2014-12-27,,,,,,,,,,2014,12,2015
2014-12-28,,,,,,,,,,2014,12,2015
2014-12-29,,,,,,,,,,2014,12,2015
2014-12-30,,,,,,,,,,2014,12,2015
2014-12-31,,,,,,,,,,2014,12,2015
2015-01-01,,,,,,,,,,2015,1,2015
2015-01-02,,,,,,,,,,2015,1,2015
2015-01-03,,,,,,,,,,2015,1,2015
2015-01-04,,,,,,,,,,2015,1,2015
2015-01-05,,,,,,,,,,2015,1,2015
2015-01-06,,,,,,,,,,2015,1,2015
2015-01-07,,,,,,,,,,2015,1,2015
2015-01-08,,,,,,,,,,2015,1,2015
2015-01-09,,,,,,,,,,2015,1,2015
2015-01-10,,,,,,,,,,2015,1,2015
2015-01-11,,,,,,,,,,2015,1,2015
2015-01-12,,,,,,,,,,2015,1,2015
2015-01-13,,,,,,,,,,2015,1,2015
2015-01-14,,,,,,,,,,2015,1,2015
2015-01-15,,,,,,,,,,2015,1,2015
2015-01-16,,,,,,,,,,2015,1,2015
2015-01-17,,,,,,,,,,2015,1,2015
2015-01-18,,,,,,,,,,2015,1,2015
2015-01-19,,,,,,,,,,2015,1,2015
2015-01-20,,,,,,,,,,2015,1,2015
2015-01-21,,,,,,,,,,2015,1,2015
2015-01-22,,,,,,,,,,2015,1,2015
2015-01-23,,,,,,,,,,2015,1,2015
2015-01-24,,,,,,,,,,2015,1,2015
2015-01-25,,,,,,,,,,2015,1,2015
2015-01-26,,,,,,,,,,2015,1,2015
2015-01-27,,,,,,,,,,2015,1,2015
2015-01-28,,,,,,,,,,2015,1,2015
2015-01-29,,,,,,,,,,2015,1,2015
2015-01-30,,,,,,,,,,2015,1,2015
2015-01-31,,,,,,,,,,2015,1,2015
2015-02-01,,,,,,,,,,2015,2,2015
2015-02-02,,,,,,,,,,2015,2,2015
2015-02-03,,,,,,,,,,2015,2,2015
2015-02-04,,,,,,,,,,2015,2,2015
2015-02-05,,,,,,,,,,2015,2,2015
2015-02-06,,,,,,,,,,2015,2,2015
2015-02-07,,,,,,,,,,2015,2,2015
2015-02-08,,,,,,,,,,2015,2,2015
2015-02-09,,,,,,,,,,2015,2,2015
2015-02-10,,,,,,,,,,2015,2,2015
2015-02-11,,,,,,,,,,2015,2,2015
2015-02-12,,,,,,,,,,2015,2,2015
2015-02-13,,,,,,,,,,2015,2,2015
2015-02-14,,,,,,,,,,2015,2,2015
2015-02-15,,,,,,,,,,2015,2,2015
2015-02-16,,,,,,,,,,2015,2,2015
2015-02-17,,,,,,,,,,2015,2,2015
2015-02-18,,,,,,,,,,2015,2,2015
2015-02-19,,,,,,,,,,2015,2,2015
2015-02-20,,,,,,,,,,2015,2,2015
2015-02-21,,,,,,,,,,2015,2,2015
2015-02-22,,,,,,,,,,2015,2,2015
2015-02-23,,,,,,,,,,2015,2,2015
2015-02-24,,,,,,,,,,2015,2,2015
2015-02-25,,,,,,,,,,2015,2,2015
2015-02-26,,,,,,,,,,2015,2,2015
2015-02-27,,,,,,,,,,2015,2,2015
2015-02-28,,,,,,,,,,2015,2,2015
2015-03-01,,,,,,,,,,2015,3,2015
2015-03-02,,,,,,,,,,2015,3,2015
2015-03-03,,,,,,,,,,2015,3,2015
2015-03-04,,,,,,,,,,2015,3,2015
2015-03-05,,,,,,,,,,2015,3,2015
2015-03-06,,,,,,,,,,2015,3,2015
2015-03-07,,,,,,,,,,2015,3,2015
2015-03-08,,,,,,,,,,2015,3,2015
2015-03-09,,,,,,,,,,2015,3,2015
2015-03-10,,,,,,,,,,2015,3,2015
2015-03-11,,,,,,,,,,2015,3,2015
2015-03-12,,,,,,,,,,2015,3,2015
2015-03-13,,,,,,,,,,2015,3,2015
2015-03-14,,,,,,,,,,2015,3,2015
2015-03-15,,,,,,,,,,2015,3,2015
2015-03-16,,,,,,,,,,2015,3,2015
2015-03-17,,,,,,,,,,2015,3,2015
2015-03-18,,,,,,,,,,2015,3,2015
2015-03-19,,,,,,,,,,2015,3,2015
2015-03-20,,,,,,,,,,2015,3,2015
2015-03-21,,,,,,,,,,2015,3,2015
2015-03-22,,,,,,,,,,2015,3,2015
2015-03-23,,,,,,,,,,2015,3,2015
2015-03-24,,,,,,,,,,2015,3,2015
2015-03-25,,,,,,,,,,2015,3,2015
2015-03-26,,,,,,,,,,2015,3,2015
2015-03-27,,,,,,,,,,2015,3,2015
2015-03-28,,,,,,,,,,2015,3,2015
2015-03-29,,,,,,,,,,2015,3,2015
2015-03-30,,,,,,,,,,2015,3,2015
2015-03-31,,,,,,,,,,2015,3,2015
2015-04-01,3.7610192864000006e-05,,2.28066460216e-05,2.3539170126800003e-05,,,,,,2015,4,2015
2015-04-02,3.586088156800001e-05,,2.1953856764800007e-05,2.20522555252e-05,,,,,,2015,4,2015
2015-04-03,3.4439566140000006e-05,,2.1024535138800003e-05,2.0084280317200004e-05,,,,,,2015,4,2015
2015-04-04,3.3564910492000004e-05,,2.0423209380800005e-05,1.95376205372e-05,,,,,,2015,4,2015
2015-04-05,3.2252927020000004e-05,,1.9898415992000004e-05,1.90456267352e-05,,,,,,2015,4,2015
2015-04-06,3.2252927020000004e-05,,1.9810950427200004e-05,2.0357610207200004e-05,,,,,,2015,4,2015
2015-04-07,3.2252927020000004e-05,,1.9778150840400005e-05,2.0805871226800005e-05,,,,,,2015,4,2015
2015-04-08,3.3127582668e-05,,1.95376205372e-05,2.12322658552e-05,,,,,,2015,4,2015
2015-04-09,3.269025484400001e-05,,1.87285640628e-05,1.9067493126400004e-05,,,,,,2015,4,2015
2015-04-10,3.1268939416000006e-05,,1.7930440784000004e-05,1.7427513786400002e-05,,,,,,2015,4,2015
2015-04-11,3.542355374400001e-05,,2.10573347256e-05,2.2959710760000004e-05,,,,,,2015,4,2015
2015-04-12,3.6735537216e-05,,2.0379476598400007e-05,2.1461862962800004e-05,,,,,,2015,4,2015
2015-04-13,3.586088156800001e-05,,2.002961433920001e-05,1.9865616405200005e-05,,,,,,2015,4,2015
2015-04-14,3.6298209392000006e-05,,2.1549328527600008e-05,2.22271866548e-05,,,,,,2015,4,2015
2015-04-15,3.542355374400001e-05,,2.14509297672e-05,2.2773846434800007e-05,,,,,,2015,4,2015
2015-04-16,3.4986225920000006e-05,,2.05981405104e-05,2.0095213512800003e-05,,,,,,2015,4,2015
2015-04-17,3.4002238316e-05,,1.940642219e-05,1.7547778938e-05,,,,,,2015,4,2015
2015-04-18,3.2252927020000004e-05,,1.8138171500400003e-05,1.5645402903600003e-05,,,,,,2015,4,2015
2015-04-19,3.0394283768000004e-05,,1.7066718331600002e-05,1.4563016539200003e-05,,,,,,2015,4,2015
2015-04-20,2.8535640516000004e-05,,1.6377927008800003e-05,1.34259641968e-05,,,,,,2015,4,2015
2015-04-21,2.6786329220000004e-05,,1.5372073013600003e-05,1.2354511028e-05,,,,,,2015,4,2015
2015-04-22,2.4927685968e-05,,1.448648417e-05,1.1643853314000005e-05,,,,,,2015,4,2015
2015-04-23,2.449035814400001e-05,,1.4322486236000004e-05,1.2223312680800004e-05,,,,,,2015,4,2015
2015-04-24,2.4927685968e-05,,1.4563016539200003e-05,1.2791838852e-05,,,,,,2015,4,2015
2015-04-25,2.634900139600001e-05,,1.6356060617600004e-05,1.6071797532e-05,,,,,,2015,4,2015
2015-04-26,2.6786329220000004e-05,,1.4945678385200005e-05,1.4748880864400002e-05,,,,,,2015,4,2015
2015-04-27,2.4927685968e-05,,1.393982439e-05,1.2277978658800003e-05,,,,,,2015,4,2015
2015-04-28,2.3615702496000004e-05,,1.3163567502400002e-05,1.12939910548e-05,,,,,,2015,4,2015
2015-04-29,2.2741046848e-05,,1.23873106148e-05,1.06379993188e-05,,,,,,2015,4,2015
2015-04-30,2.1319731420000003e-05,,1.18843836172e-05,1.0200671494800005e-05,,,,,,2015,4,2015
2015-05-01,2.0445075772000004e-05,,1.17313188788e-05,9.7414772796e-06,,,,,,2015,5,2015
2015-05-02,1.9461088168000003e-05,,1.08129304484e-05,9.6868113016e-06,,,,,,2015,5,2015
2015-05-03,1.858643252e-05,,1.05286673628e-05,9.435347802800002e-06,,,,,,2015,5,2015
2015-05-04,1.7711776872000005e-05,,1.02662706684e-05,9.0964187392e-06,,,,,,2015,5,2015
2015-05-05,1.6837121224000003e-05,,9.8836088224e-06,8.9542871964e-06,,,,,,2015,5,2015
2015-05-06,1.6290461444000003e-05,,9.664944910400002e-06,8.757489675600001e-06,,,,,,2015,5,2015
2015-05-07,1.5853133620000002e-05,,9.402548216e-06,8.691890502000002e-06,,,,,,2015,5,2015
2015-05-08,1.5415805796e-05,,9.238550282e-06,8.549758959200002e-06,,,,,,2015,5,2015
2015-05-09,1.4541150148000002e-05,,8.790289262400002e-06,8.221763091200002e-06,,,,,,2015,5,2015
2015-05-10,1.4103822324000005e-05,,8.473226590000001e-06,8.003099179200002e-06,,,,,,2015,5,2015
2015-05-11,1.4103822324000005e-05,,8.648157719600002e-06,7.882834027600001e-06,,,,,,2015,5,2015
2015-05-12,1.6290461444000003e-05,,9.6868113016e-06,9.0417527612e-06,,,,,,2015,5,2015
2015-05-13,1.5415805796e-05,,8.691890502000002e-06,8.385761025200001e-06,,,,,,2015,5,2015
2015-05-14,1.4541150148000002e-05,,8.188963504400002e-06,7.7953684628e-06,,,,,,2015,5,2015
2015-05-15,1.4541150148000002e-05,,8.0249655704e-06,7.7953684628e-06,,,,,,2015,5,2015
2015-05-16,1.4103822324000005e-05,,7.8391012452e-06,7.773502071600001e-06,,,,,,2015,5,2015
2015-05-17,1.3666494500000002e-05,,7.642303724400001e-06,7.5767045508e-06,,,,,,2015,5,2015
2015-05-18,1.4103822324000005e-05,,1.1906250008400002e-05,1.2431043397200005e-05,,,,,,2015,5,2015
2015-05-19,1.5415805796e-05,,9.861742431200002e-06,9.402548216e-06,,,,,,2015,5,2015
2015-05-20,1.4103822324000005e-05,,8.538825763600002e-06,8.101497939600001e-06,,,,,,2015,5,2015
2015-05-21,1.4541150148000002e-05,,1.1261191468000002e-05,9.0854855436e-06,1.22123794852e-05,,,,,2015,5,2015
2015-05-22,1.7711776872000005e-05,1.120652549e-05,1.1468922184400002e-05,9.304149455600002e-06,1.1195592294400002e-05,8.691890502000002e-06,9.533746563200002e-06,2.54524793568e-05,,2015,5,2015
2015-05-23,1.6290461444000003e-05,8.440427003200001e-06,9.8289428444e-06,8.2654958736e-06,9.894542018000002e-06,6.472451795200001e-06,6.6583161204000014e-06,2.2391184588800004e-05,,2015,5,2015
2015-05-24,1.5415805796e-05,7.008178379600001e-06,9.1729511084e-06,7.7516356804e-06,8.866821631600002e-06,5.6087293428000016e-06,5.7617940812e-06,2.0390409794000003e-05,,2015,5,2015
2015-05-25,1.4541150148000002e-05,6.253787883200001e-06,9.129218326e-06,7.358040638800001e-06,8.101497939600001e-06,4.832472455200001e-06,4.865272042000001e-06,1.8990960757200003e-05,,2015,5,2015
2015-05-26,1.4103822324000005e-05,5.619662538400001e-06,8.987086783200001e-06,6.942579206e-06,7.554838159600001e-06,4.110881545600001e-06,4.099948350000001e-06,1.7580578524800003e-05,,2015,5,2015
2015-05-27,1.3119834720000002e-05,5.105802345200001e-06,8.735623284400002e-06,6.527117773200001e-06,7.073777553200001e-06,4.0343491764e-06,3.8703512424000005e-06,1.67168560724e-05,,2015,5,2015
2015-05-28,1.3119834720000002e-05,4.766873281600001e-06,8.309228656e-06,6.461518599600001e-06,6.6583161204000014e-06,3.82661846e-06,3.3892906360000006e-06,1.62467286616e-05,,2015,5,2015
2015-05-29,1.2682506896000002e-05,4.329545457600001e-06,7.368973834400002e-06,6.286587470000001e-06,6.395919426e-06,3.5204889832000005e-06,3.1378271372e-06,1.5339273426800004e-05,,2015,5,2015
2015-05-30,1.2245179072000005e-05,4.099948350000001e-06,7.150309922400001e-06,6.1991219052e-06,6.2209882964e-06,3.3783574404e-06,2.8316976604000006e-06,1.45520833436e-05,,2015,5,2015
2015-05-31,1.1807851248000002e-05,4.067148763200001e-06,7.204975900400002e-06,5.991391188800001e-06,6.1007231448000014e-06,2.842630856e-06,2.6676997264e-06,1.3808626042800002e-05,,2015,5,2015
2015-06-01,1.1370523424e-05,4.2420798928000005e-06,6.953512401600001e-06,5.914858819600001e-06,6.024190775600002e-06,3.0175619856000006e-06,2.8972968340000008e-06,1.32510330672e-05,,2015,6,2015
2015-06-02,1.1807851248000002e-05,4.143681132400001e-06,6.855113641200001e-06,5.914858819600001e-06,6.384986230400001e-06,3.4330234184000003e-06,2.962896007600001e-06,1.3491563370400003e-05,,2015,6,2015
2015-06-03,1.2245179072000005e-05,4.0124827852e-06,6.723915294000001e-06,5.838326450400002e-06,6.253787883200001e-06,3.673553721600001e-06,2.7332989000000004e-06,1.38742252164e-05,,2015,6,2015
2015-06-04,1.1370523424e-05,3.695420112800001e-06,6.2428546876000005e-06,5.783660472400001e-06,5.7945936680000016e-06,3.0722279636000008e-06,2.252238293600001e-06,1.2955836786000002e-05,,2015,6,2015
2015-06-05,1.0933195600000002e-05,3.2908918756000004e-06,6.1444559272000015e-06,5.575929756000001e-06,5.6087293428000016e-06,2.5365013792000004e-06,2.0335743816000005e-06,1.2081181138000002e-05,,2015,6,2015
2015-06-06,1.038653582e-05,2.962896007600001e-06,5.783660472400001e-06,5.4447314088e-06,5.324466257200001e-06,1.9023760344000004e-06,1.8695764476000003e-06,1.1447055793200002e-05,,2015,6,2015
2015-06-07,9.949207996000002e-06,2.6567665308e-06,5.433798213200001e-06,5.379132235200001e-06,5.105802345200001e-06,1.7493112960000002e-06,1.6399793400000002e-06,1.0856663230800004e-05,,2015,6,2015
2015-06-08,9.511880172e-06,2.4709022056e-06,5.3572658440000005e-06,5.105802345200001e-06,4.887138433200001e-06,1.4431818192000002e-06,1.5743801664000005e-06,1.0200671494800005e-05,,2015,6,2015
2015-06-09,9.074552348000002e-06,2.3287706628000003e-06,5.1823347144e-06,4.996470389200001e-06,4.6903409124e-06,1.4431818192000002e-06,1.5415805796e-06,9.6102789324e-06,,2015,6,2015
2015-06-10,9.074552348000002e-06,2.2085055112000005e-06,5.258867083600001e-06,4.9636708024000005e-06,4.5263429784e-06,1.4650482104000002e-06,1.6290461444000002e-06,9.0636191524e-06,,2015,6,2015
2015-06-11,9.074552348000002e-06,2.0663739684e-06,5.1495351276000005e-06,4.7122073036e-06,4.395144631200001e-06,1.4978477972000005e-06,1.5197141884e-06,8.735623284400002e-06,,2015,6,2015
2015-06-12,8.637224524000002e-06,2.077307164e-06,5.0183367804e-06,4.7778064772000005e-06,4.296745870800001e-06,1.4759814060000002e-06,1.421315428e-06,8.3966942208e-06,,2015,6,2015
2015-06-13,8.637224524000002e-06,2.0445075772000005e-06,4.9636708024000005e-06,4.832472455200001e-06,4.187413914800001e-06,1.9461088168000003e-06,1.421315428e-06,8.057765157200001e-06,,2015,6,2015
2015-06-14,8.199896700000001e-06,1.8805096432e-06,4.832472455200001e-06,4.7122073036e-06,4.165547523600001e-06,2.4271694232000005e-06,1.421315428e-06,7.8391012452e-06,,2015,6,2015
2015-06-15,8.199896700000001e-06,1.9242424256e-06,4.8215392596000014e-06,4.504476587200001e-06,4.0562155676000005e-06,2.4818354012e-06,1.421315428e-06,7.5329717684e-06,,2015,6,2015
2015-06-16,7.762568876e-06,1.8586432520000005e-06,4.657541325600001e-06,4.209280306000001e-06,4.0780819588000006e-06,2.438102618800001e-06,1.421315428e-06,7.183109509200001e-06,,2015,6,2015
2015-06-17,7.762568876e-06,1.9898415992000004e-06,4.799672868400001e-06,4.1983471104e-06,4.2420798928000005e-06,2.5365013792000004e-06,1.421315428e-06,6.975378792800002e-06,,2015,6,2015
2015-06-18,7.762568876e-06,1.9023760344000004e-06,4.876205237600001e-06,4.067148763200001e-06,4.209280306000001e-06,1.9789084036000003e-06,2.0226411860000004e-06,6.7020489028000015e-06,,2015,6,2015
2015-06-19,7.2159090960000015e-06,1.8914428388e-06,4.810606064000001e-06,3.990616394e-06,4.023415980800001e-06,1.6181129488e-06,2.5583677704000004e-06,6.7129820984e-06,,2015,6,2015
2015-06-20,7.2159090960000015e-06,1.8477100564000005e-06,4.7778064772000005e-06,4.001549589600001e-06,3.8156852644e-06,1.5306473840000006e-06,2.5255681836000008e-06,6.647382924800001e-06,,2015,6,2015
2015-06-21,7.2159090960000015e-06,1.7493112960000002e-06,4.7340736948e-06,3.9031508292e-06,3.640754134800001e-06,1.6290461444000002e-06,2.4162362276000005e-06,6.516184577600001e-06,,2015,6,2015
2015-06-22,6.778581272000001e-06,1.6946453180000003e-06,4.6356749344000006e-06,3.8375516556e-06,3.4330234184000003e-06,1.5853133620000005e-06,2.3287706628000003e-06,6.505251382000001e-06,,2015,6,2015
2015-06-23,6.778581272000001e-06,1.6399793400000002e-06,4.5700757608e-06,3.7938188732e-06,3.4439566140000008e-06,1.8149104696e-06,2.2303719024e-06,6.7567148808e-06,,2015,6,2015
2015-06-24,6.778581272000001e-06,1.5743801664000005e-06,4.504476587200001e-06,3.7610192864e-06,3.3783574404e-06,1.421315428e-06,2.0991735552e-06,6.691115707200001e-06,,2015,6,2015
2015-06-25,6.778581272000001e-06,1.5415805796e-06,4.417011022400001e-06,3.7938188732e-06,3.3018250712000004e-06,1.3338498632e-06,1.9789084036000003e-06,6.5927169468e-06,,2015,6,2015
2015-06-26,6.341253448000001e-06,1.5087809928000003e-06,4.799672868400001e-06,4.318612262000001e-06,3.2252927020000003e-06,1.2901170808000002e-06,2.0117079904000004e-06,6.395919426e-06,,2015,6,2015
2015-06-27,6.341253448000001e-06,1.6290461444000002e-06,4.6684745212e-06,4.0780819588000006e-06,3.1815599196e-06,1.2354511028e-06,1.9679752080000003e-06,6.2209882964e-06,,2015,6,2015
2015-06-28,6.341253448000001e-06,1.4759814060000002e-06,4.395144631200001e-06,3.750086090800001e-06,3.0503615724000007e-06,1.2026515160000002e-06,1.9898415992000004e-06,6.046057166800001e-06,,2015,6,2015
2015-06-29,6.341253448000001e-06,1.3885158412000005e-06,4.274879479600001e-06,3.662620526000001e-06,2.919163225200001e-06,1.1589187336e-06,1.8149104696e-06,5.969524797600001e-06,,2015,6,2015
2015-06-30,5.903925624000001e-06,1.2245179072e-06,4.165547523600001e-06,3.465823005200001e-06,2.7551652912000005e-06,1.0058539952000002e-06,1.6837121224000003e-06,5.838326450400002e-06,,2015,6,2015
2015-07-01,5.903925624000001e-06,1.0714531688000002e-06,4.0562155676000005e-06,3.334624658e-06,2.5911673572e-06,8.855888436000001e-07,1.5743801664000005e-06,5.6852617120000005e-06,,2015,7,2015
2015-07-02,5.903925624000001e-06,1.0058539952000002e-06,3.9031508292e-06,3.170626724000001e-06,2.4927685968000003e-06,8.090564744000001e-07,1.5197141884e-06,5.6087293428000016e-06,,2015,7,2015
2015-07-03,5.466597800000001e-06,9.074552348e-07,3.771952482e-06,3.061294768000001e-06,2.3834366408000004e-06,7.434573008000001e-07,1.4431818192000002e-06,5.488464191200002e-06,,2015,7,2015
2015-07-04,5.466597800000001e-06,9.074552348e-07,3.684486917200001e-06,3.0066287900000006e-06,2.3178374672000003e-06,7.325241052000001e-07,1.4759814060000002e-06,5.3681990396e-06,,2015,7,2015
2015-07-05,5.466597800000001e-06,9.511880172000002e-07,3.5970213524000007e-06,2.9300964208000004e-06,2.2303719024e-06,7.543904964000002e-07,1.5197141884e-06,5.3353994528000005e-06,,2015,7,2015
2015-07-06,5.466597800000001e-06,8.090564744000001e-07,3.4986225920000005e-06,2.8207644648000006e-06,2.1429063376000003e-06,6.341253448000001e-07,1.3775826456000002e-06,5.2151343012000015e-06,,2015,7,2015
2015-07-07,5.466597800000001e-06,8.199896700000001e-07,3.4986225920000005e-06,2.8535640516000007e-06,2.0882403596e-06,6.341253448000001e-07,1.4869146016000005e-06,5.094869149600002e-06,,2015,7,2015
2015-07-08,5.029269976000001e-06,8.199896700000001e-07,3.4548898096000004e-06,2.8207644648000006e-06,2.0445075772000005e-06,6.450585404000001e-07,1.6181129488e-06,5.0620695628e-06,,2015,7,2015
2015-07-09,5.466597800000001e-06,9.621212128e-07,3.6516873304e-06,3.1924931152000006e-06,2.1757059244000004e-06,8.090564744000001e-07,1.9242424256e-06,5.379132235200001e-06,,2015,7,2015
2015-07-10,5.903925624000001e-06,1.3229166676e-06,3.7610192864e-06,3.3783574404e-06,2.3178374672000003e-06,1.147985538e-06,2.0663739684e-06,5.882059232800002e-06,,2015,7,2015
2015-07-11,5.466597800000001e-06,1.2135847116000005e-06,3.531422178800001e-06,3.1487603328000005e-06,2.1319731420000003e-06,1.0714531688000002e-06,1.9242424256e-06,5.597796147200001e-06,,2015,7,2015
2015-07-12,5.466597800000001e-06,1.1042527556000002e-06,3.4111570272000007e-06,2.984762398800001e-06,1.9898415992000004e-06,9.183884304e-07,1.7602444916000005e-06,5.422865017600001e-06,,2015,7,2015
2015-07-13,5.029269976000001e-06,8.527892568000002e-07,3.3236914624000005e-06,2.798898073600001e-06,1.8914428388e-06,6.450585404000001e-07,1.3666494500000002e-06,5.193267910000001e-06,,2015,7,2015
2015-07-14,5.029269976000001e-06,8.090564744000001e-07,3.2799586800000004e-06,2.744232095600001e-06,1.8039772740000004e-06,6.450585404000001e-07,1.3557162544000002e-06,5.237000692400001e-06,,2015,7,2015
2015-07-15,5.029269976000001e-06,7.325241052000001e-07,3.1815599196e-06,2.6895661176000003e-06,1.7383781004000002e-06,5.903925624000001e-07,1.2682506896000002e-06,5.237000692400001e-06,,2015,7,2015
2015-07-16,4.5919421520000005e-06,6.669249316000001e-07,3.1378271372e-06,2.6130337484e-06,1.6727789268000005e-06,5.357265844000001e-07,1.1589187336e-06,5.1823347144e-06,,2015,7,2015
2015-07-17,4.5919421520000005e-06,6.450585404000001e-07,3.0284951812000007e-06,2.5802341616000005e-06,1.6181129488e-06,5.138601932000001e-07,1.0933195600000002e-06,5.116735540800001e-06,,2015,7,2015
2015-07-18,4.5919421520000005e-06,5.575929756e-07,2.9300964208000004e-06,2.5037017924000007e-06,1.5197141884e-06,4.591942152000001e-07,1.0058539952000002e-06,4.974603998000001e-06,,2015,7,2015
2015-07-19,4.5919421520000005e-06,4.919938020000001e-07,2.8644972472000003e-06,2.4271694232000005e-06,1.4431818192000002e-06,3.6079545480000004e-07,1.0167871908000002e-06,4.876205237600001e-06,,2015,7,2015
2015-07-20,4.482610196000001e-06,5.029269976000001e-07,2.7879648780000005e-06,2.4162362276000005e-06,1.3994490368000005e-06,3.279958680000001e-07,8.965220392000002e-07,4.766873281600001e-06,,2015,7,2015
2015-07-21,4.482610196000001e-06,4.810606064000001e-07,2.798898073600001e-06,2.4053030320000005e-06,1.3775826456000002e-06,3.3892906360000004e-07,8.965220392000002e-07,4.8215392596000014e-06,,2015,7,2015
2015-07-22,4.373278240000001e-06,5.247933888e-07,2.766098486800001e-06,2.4162362276000005e-06,1.3338498632e-06,3.6079545480000004e-07,9.511880172000002e-07,4.745006890400001e-06,,2015,7,2015
2015-07-23,4.373278240000001e-06,5.575929756e-07,2.7004993132000003e-06,2.3943698364000005e-06,1.2573174940000002e-06,3.826618460000002e-07,9.29321626e-07,4.745006890400001e-06,,2015,7,2015
2015-07-24,4.2639462840000006e-06,5.357265844000001e-07,2.6786329220000003e-06,2.3178374672000003e-06,1.2135847116000005e-06,3.498622592000001e-07,8.965220392000002e-07,4.657541325600001e-06,,2015,7,2015
2015-07-25,4.154614328e-06,5.685261712e-07,2.6786329220000003e-06,2.2413050980000005e-06,1.2245179072e-06,3.3892906360000004e-07,9.29321626e-07,4.64660813e-06,,2015,7,2015
2015-07-26,4.2639462840000006e-06,7.325241052000001e-07,2.6458333352e-06,2.2413050980000005e-06,1.2026515160000002e-06,4.482610196000001e-07,9.402548216e-07,4.64660813e-06,,2015,7,2015
2015-07-27,4.154614328e-06,6.887913228000001e-07,2.569300966e-06,2.2085055112000005e-06,1.1151859512e-06,4.0452823720000004e-07,8.637224524000001e-07,4.6903409124e-06,,2015,7,2015
2015-07-28,4.045282372000001e-06,5.575929756e-07,2.5037017924000007e-06,2.1319731420000003e-06,1.0605199732e-06,2.9519628120000005e-07,8.090564744000001e-07,4.5810089564e-06,,2015,7,2015
2015-07-29,3.935950416000001e-06,4.263946284000001e-07,2.3943698364000005e-06,2.0335743816000005e-06,9.730544084e-07,2.5146349880000005e-07,7.325241052000001e-07,4.471677000400001e-06,,2015,7,2015
2015-07-30,3.717286504000001e-06,3.1706267240000005e-07,2.295971076e-06,1.9242424256e-06,8.855888436000001e-07,1.311983472e-07,6.669249316000001e-07,4.384211435600001e-06,,2015,7,2015
2015-07-31,3.6079545480000007e-06,2.9519628120000005e-07,2.2631714892e-06,1.8477100564000005e-06,8.199896700000001e-07,7.65323692e-08,6.559917360000001e-07,4.340478653200001e-06,,2015,7,2015
2015-08-01,3.4986225920000005e-06,2.5146349880000005e-07,2.2303719024e-06,1.8367768608e-06,7.871900832000001e-07,,6.559917360000001e-07,4.340478653200001e-06,,2015,8,2015
2015-08-02,3.4986225920000005e-06,,2.2413050980000005e-06,1.8258436652e-06,7.653236920000003e-07,,6.997245184000001e-07,4.329545457600001e-06,,2015,8,2015
2015-08-03,3.717286504000001e-06,,2.2194387068000005e-06,2.1319731420000003e-06,7.981232788000002e-07,,8.965220392000002e-07,4.329545457600001e-06,,2015,8,2015
2015-08-04,3.717286504000001e-06,,2.1866391200000004e-06,2.077307164e-06,7.434573008000001e-07,,6.887913228000001e-07,4.285812675200001e-06,,2015,8,2015
2015-08-05,3.4986225920000005e-06,,2.1429063376000003e-06,1.91330923e-06,6.778581272000001e-07,,6.669249316000001e-07,4.0780819588000006e-06,,2015,8,2015
2015-08-06,3.3892906360000006e-06,,2.1210399464000003e-06,1.8477100564000005e-06,6.669249316000001e-07,,6.559917360000001e-07,4.0780819588000006e-06,,2015,8,2015
2015-08-07,3.3892906360000006e-06,,2.1101067508e-06,1.8586432520000005e-06,6.559917360000001e-07,,6.341253448000001e-07,4.067148763200001e-06,,2015,8,2015
2015-08-08,3.3892906360000006e-06,,2.077307164e-06,1.8586432520000005e-06,6.341253448000001e-07,,5.903925624000001e-07,4.1327479368e-06,,2015,8,2015
2015-08-09,3.3892906360000006e-06,,2.077307164e-06,1.8258436652e-06,6.231921492000001e-07,,5.685261712e-07,4.1327479368e-06,,2015,8,2015
2015-08-10,3.3892906360000006e-06,,2.0335743816000005e-06,1.8367768608e-06,5.794593668000001e-07,,5.575929756e-07,4.1327479368e-06,,2015,8,2015
2015-08-11,3.2799586800000004e-06,,2.0226411860000004e-06,1.8477100564000005e-06,5.575929756e-07,,5.575929756e-07,4.0124827852e-06,,2015,8,2015
2015-08-12,3.2799586800000004e-06,,2.0445075772000005e-06,1.8039772740000004e-06,5.138601932000001e-07,,5.466597800000001e-07,4.0124827852e-06,,2015,8,2015
2015-08-13,3.2799586800000004e-06,,2.0663739684e-06,1.7493112960000002e-06,4.919938020000001e-07,,4.810606064000001e-07,3.8703512424000005e-06,,2015,8,2015
2015-08-14,3.2799586800000004e-06,,2.0882403596e-06,1.7274449048000002e-06,5.357265844000001e-07,,,3.5970213524000007e-06,,2015,8,2015
2015-08-15,3.2799586800000004e-06,,2.077307164e-06,1.7602444916000005e-06,5.247933888e-07,,,,,2015,8,2015
2015-08-16,3.170626724000001e-06,,2.0117079904000004e-06,1.7602444916000005e-06,4.701274108e-07,,,,,2015,8,2015
2015-08-17,,,1.9789084036000003e-06,1.7165117092000002e-06,,,,,,2015,8,2015
2015-08-18,,,1.8695764476000003e-06,1.6071797532000003e-06,,,,,,2015,8,2015
2015-08-19,,,1.7930440784000003e-06,,,,,,,2015,8,2015
2015-08-20,,,1.8039772740000004e-06,,,,,,,2015,8,2015
2015-08-21,,,1.7930440784000003e-06,,,,,,,2015,8,2015
2015-08-22,,,1.7383781004000002e-06,,,,,,,2015,8,2015
2015-08-23,,,,,,,,,,2015,8,2015
2015-08-24,,,,,,,,,,2015,8,2015
2015-08-25,,,,,,,,,,2015,8,2015
2015-08-26,,,,,,,,,,2015,8,2015
2015-08-27,,,,,,,,,,2015,8,2015
2015-08-28,,,,,,,,,,2015,8,2015
2015-08-29,,,,,,,,,,2015,8,2015
2015-08-30,,,,,,,,,,2015,8,2015
2015-08-31,,,,,,,,,,2015,8,2015
2015-09-01,,,,,,,,,,2015,9,2015
2015-09-02,,,,,,,,,,2015,9,2015
2015-09-03,,,,,,,,,,2015,9,2015
2015-09-04,,,,,,,,,,2015,9,2015
2015-09-05,,,,,,,,,,2015,9,2015
2015-09-06,,,,,,,,,,2015,9,2015
2015-09-07,,,,,,,,,,2015,9,2015
2015-09-08,,,,,,,,,,2015,9,2015
2015-09-09,,,,,,,,,,2015,9,2015
2015-09-10,,,,,,,,,,2015,9,2015
2015-09-11,,,,,,,,,,2015,9,2015
2015-09-12,,,,,,,,,,2015,9,2015
2015-09-13,,,,,,,,,,2015,9,2015
2015-09-14,,,,,,,,,,2015,9,2015
2015-09-15,,,,,,,,,,2015,9,2015
2015-09-16,,,,,,,,,,2015,9,2015
2015-09-17,,,,,,,,,,2015,9,2015
2015-09-18,,,,,,,,,,2015,9,2015
2015-09-19,,,,,,,,,,2015,9,2015
2015-09-20,,,,,,,,,,2015,9,2015
2015-09-21,,,,,,,,,,2015,9,2015
2015-09-22,,,,,,,,,,2015,9,2015
2015-09-23,,,,,,,,,,2015,9,2015
2015-09-24,,,,,,,,,,2015,9,2015
2015-09-25,,,,,,,,,,2015,9,2015
2015-09-26,,,,,,,,,,2015,9,2015
2015-09-27,,,,,,,,,,2015,9,2015
2015-09-28,,,,,,,,,,2015,9,2015
2015-09-29,,,,,,,,,,2015,9,2015
2015-09-30,,,,,,,,,,2015,9,2015
2015-10-01,,,,,,,,,,2015,10,2016
2015-10-02,,,,,,,,,,2015,10,2016
2015-10-03,,,,,,,,,,2015,10,2016
2015-10-04,,,,,,,,,,2015,10,2016
2015-10-05,,,,,,,,,,2015,10,2016
2015-10-06,,,,,,,,,,2015,10,2016
2015-10-07,,,,,,,,,,2015,10,2016
2015-10-08,,,,,,,,,,2015,10,2016
2015-10-09,,,,,,,,,,2015,10,2016
2015-10-10,,,,,,,,,,2015,10,2016
2015-10-11,,,,,,,,,,2015,10,2016
2015-10-12,,,,,,,,,,2015,10,2016
2015-10-13,,,,,,,,,,2015,10,2016
2015-10-14,,,,,,,,,,2015,10,2016
2015-10-15,,,,,,,,,,2015,10,2016
2015-10-16,,,,,,,,,,2015,10,2016
2015-10-17,,,,,,,,,,2015,10,2016
2015-10-18,,,,,,,,,,2015,10,2016
2015-10-19,,,,,,,,,,2015,10,2016
2015-10-20,,,,,,,,,,2015,10,2016
2015-10-21,,,,,,,,,,2015,10,2016
2015-10-22,,,,,,,,,,2015,10,2016
2015-10-23,,,,,,,,,,2015,10,2016
2015-10-24,,,,,,,,,,2015,10,2016
2015-10-25,,,,,,,,,,2015,10,2016
2015-10-26,,,,,,,,,,2015,10,2016
2015-10-27,,,,,,,,,,2015,10,2016
2015-10-28,,,,,,,,,,2015,10,2016
2015-10-29,,,,,,,,,,2015,10,2016
2015-10-30,,,,,,,,,,2015,10,2016
2015-10-31,,,,,,,,,,2015,10,2016
2015-11-01,,,,,,,,,,2015,11,2016
2015-11-02,,,,,,,,,,2015,11,2016
2015-11-03,,,,,,,,,,2015,11,2016
2015-11-04,,,,,,,,,,2015,11,2016
2015-11-05,,,,,,,,,,2015,11,2016
2015-11-06,,,,,,,,,,2015,11,2016
2015-11-07,,,,,,,,,,2015,11,2016
2015-11-08,,,,,,,,,,2015,11,2016
2015-11-09,,,,,,,,,,2015,11,2016
2015-11-10,,,,,,,,,,2015,11,2016
2015-11-11,,,,,,,,,,2015,11,2016
2015-11-12,,,,,,,,,,2015,11,2016
2015-11-13,,,,,,,,,,2015,11,2016
2015-11-14,,,,,,,,,,2015,11,2016
2015-11-15,,,,,,,,,,2015,11,2016
2015-11-16,,,,,,,,,,2015,11,2016
2015-11-17,,,,,,,,,,2015,11,2016
2015-11-18,,,,,,,,,,2015,11,2016
2015-11-19,,,,,,,,,,2015,11,2016
2015-11-20,,,,,,,,,,2015,11,2016
2015-11-21,,,,,,,,,,2015,11,2016
2015-11-22,,,,,,,,,,2015,11,2016
2015-11-23,,,,,,,,,,2015,11,2016
2015-11-24,,,,,,,,,,2015,11,2016
2015-11-25,,,,,,,,,,2015,11,2016
2015-11-26,,,,,,,,,,2015,11,2016
2015-11-27,,,,,,,,,,2015,11,2016
2015-11-28,,,,,,,,,,2015,11,2016
2015-11-29,,,,,,,,,,2015,11,2016
2015-11-30,,,,,,,,,,2015,11,2016
2015-12-01,,,,,,,,,,2015,12,2016
2015-12-02,,,,,,,,,,2015,12,2016
2015-12-03,,,,,,,,,,2015,12,2016
2015-12-04,,,,,,,,,,2015,12,2016
2015-12-05,,,,,,,,,,2015,12,2016
2015-12-06,,,,,,,,,,2015,12,2016
2015-12-07,,,,,,,,,,2015,12,2016
2015-12-08,,,,,,,,,,2015,12,2016
2015-12-09,,,,,,,,,,2015,12,2016
2015-12-10,,,,,,,,,,2015,12,2016
2015-12-11,,,,,,,,,,2015,12,2016
2015-12-12,,,,,,,,,,2015,12,2016
2015-12-13,,,,,,,,,,2015,12,2016
2015-12-14,,,,,,,,,,2015,12,2016
2015-12-15,,,,,,,,,,2015,12,2016
2015-12-16,,,,,,,,,,2015,12,2016
2015-12-17,,,,,,,,,,2015,12,2016
2015-12-18,,,,,,,,,,2015,12,2016
2015-12-19,,,,,,,,,,2015,12,2016
2015-12-20,,,,,,,,,,2015,12,2016
2015-12-21,,,,,,,,,,2015,12,2016
2015-12-22,,,,,,,,,,2015,12,2016
2015-12-23,,,,,,,,,,2015,12,2016
2015-12-24,,,,,,,,,,2015,12,2016
2015-12-25,,,,,,,,,,2015,12,2016
2015-12-26,,,,,,,,,,2015,12,2016
2015-12-27,,,,,,,,,,2015,12,2016
2015-12-28,,,,,,,,,,2015,12,2016
2015-12-29,,,,,,,,,,2015,12,2016
2015-12-30,,,,,,,,,,2015,12,2016
2015-12-31,,,,,,,,,,2015,12,2016
2016-01-01,,,,,,,,,,2016,1,2016
2016-01-02,,,,,,,,,,2016,1,2016
2016-01-03,,,,,,,,,,2016,1,2016
2016-01-04,,,,,,,,,,2016,1,2016
2016-01-05,,,,,,,,,,2016,1,2016
2016-01-06,,,,,,,,,,2016,1,2016
2016-01-07,,,,,,,,,,2016,1,2016
2016-01-08,,,,,,,,,,2016,1,2016
2016-01-09,,,,,,,,,,2016,1,2016
2016-01-10,,,,,,,,,,2016,1,2016
2016-01-11,,,,,,,,,,2016,1,2016
2016-01-12,,,,,,,,,,2016,1,2016
2016-01-13,,,,,,,,,,2016,1,2016
2016-01-14,,,,,,,,,,2016,1,2016
2016-01-15,,,,,,,,,,2016,1,2016
2016-01-16,,,,,,,,,,2016,1,2016
2016-01-17,,,,,,,,,,2016,1,2016
2016-01-18,,,,,,,,,,2016,1,2016
2016-01-19,,,,,,,,,,2016,1,2016
2016-01-20,,,,,,,,,,2016,1,2016
2016-01-21,,,,,,,,,,2016,1,2016
2016-01-22,,,,,,,,,,2016,1,2016
2016-01-23,,,,,,,,,,2016,1,2016
2016-01-24,,,,,,,,,,2016,1,2016
2016-01-25,,,,,,,,,,2016,1,2016
2016-01-26,,,,,,,,,,2016,1,2016
2016-01-27,,,,,,,,,,2016,1,2016
2016-01-28,,,,,,,,,,2016,1,2016
2016-01-29,,,,,,,,,,2016,1,2016
2016-01-30,,,,,,,,,,2016,1,2016
2016-01-31,,,,,,,,,,2016,1,2016
2016-02-01,,,,,,,,,,2016,2,2016
2016-02-02,,,,,,,,,,2016,2,2016
2016-02-03,,,,,,,,,,2016,2,2016
2016-02-04,,,,,,,,,,2016,2,2016
2016-02-05,,,,,,,,,,2016,2,2016
2016-02-06,,,,,,,,,,2016,2,2016
2016-02-07,,,,,,,,,,2016,2,2016
2016-02-08,,,,,,,,,,2016,2,2016
2016-02-09,,,,,,,,,,2016,2,2016
2016-02-10,,,,,,,,,,2016,2,2016
2016-02-11,,,,,,,,,,2016,2,2016
2016-02-12,,,,,,,,,,2016,2,2016
2016-02-13,,,,,,,,,,2016,2,2016
2016-02-14,,,,,,,,,,2016,2,2016
2016-02-15,,,,,,,,,,2016,2,2016
2016-02-16,,,,,,,,,,2016,2,2016
2016-02-17,,,,,,,,,,2016,2,2016
2016-02-18,,,,,,,,,,2016,2,2016
2016-02-19,,,,,,,,,,2016,2,2016
2016-02-20,,,,,,,,,,2016,2,2016
2016-02-21,,,,,,,,,,2016,2,2016
2016-02-22,,,,,,,,,,2016,2,2016
2016-02-23,,,,,,,,,,2016,2,2016
2016-02-24,,,,,,,,,,2016,2,2016
2016-02-25,,,,,,,,,,2016,2,2016
2016-02-26,,,,,,,,,,2016,2,2016
2016-02-27,,,,,,,,,,2016,2,2016
2016-02-28,,,,,,,,,,2016,2,2016
2016-02-29,,,,,,,,,,2016,2,2016
2016-03-01,,,,,,,,,,2016,3,2016
2016-03-02,,,,,,,,,,2016,3,2016
2016-03-03,,,,,,,,,,2016,3,2016
2016-03-04,,,,,,,,,,2016,3,2016
2016-03-05,,,,,,,,,,2016,3,2016
2016-03-06,,,,,,,,,,2016,3,2016
2016-03-07,,,,,,,,,,2016,3,2016
2016-03-08,,,,,,,,,,2016,3,2016
2016-03-09,,,,,,,,,,2016,3,2016
2016-03-10,,,,,,,,,,2016,3,2016
2016-03-11,,,,,,,,,,2016,3,2016
2016-03-12,,,,,,,,,,2016,3,2016
2016-03-13,,,,,,,,,,2016,3,2016
2016-03-14,,,,,,,,,,2016,3,2016
2016-03-15,,,,,,,,,,2016,3,2016
2016-03-16,,,,,,,,,,2016,3,2016
2016-03-17,,,,,,,,,,2016,3,2016
2016-03-18,,,,,,,,,,2016,3,2016
2016-03-19,,,,,,,,,,2016,3,2016
2016-03-20,,,,,,,,,,2016,3,2016
2016-03-21,,,,,,,,,,2016,3,2016
2016-03-22,,,,,,,,,,2016,3,2016
2016-03-23,,,,,,,,,,2016,3,2016
2016-03-24,,,,,,,,,,2016,3,2016
2016-03-25,,,,,,,,,,2016,3,2016
2016-03-26,,,,,,,,,,2016,3,2016
2016-03-27,,,,,,,,,,2016,3,2016
2016-03-28,,,,,,,,,,2016,3,2016
2016-03-29,,,,,,,,,,2016,3,2016
2016-03-30,,,,,,,,,,2016,3,2016
2016-03-31,,,,,,,,,,2016,3,2016
2016-04-01,,,,,,,,,,2016,4,2016
2016-04-02,,,,,,,,,,2016,4,2016
2016-04-03,,,,,,,,,,2016,4,2016
2016-04-04,6.7567148808e-05,,,,,,,,,2016,4,2016
2016-04-05,6.078856753600001e-05,,,,,,,,,2016,4,2016
2016-04-06,5.5321969736e-05,,,,,,,,,2016,4,2016
2016-04-07,5.7617940812e-05,,,,,,,,,2016,4,2016
2016-04-08,5.849259646e-05,,,,,,,,,2016,4,2016
2016-04-09,5.630595734000001e-05,,,,,,,,,2016,4,2016
2016-04-10,5.0402031716000014e-05,,,,,,,,,2016,4,2016
2016-04-11,4.449810609200001e-05,,,,,,,,,2016,4,2016
2016-04-12,4.1546143280000005e-05,,,,,,,,,2016,4,2016
2016-04-13,4.121814741200001e-05,,,,,,,,,2016,4,2016
2016-04-14,5.2151343012000005e-05,,4.0201360221200006e-05,,,,,,,2016,4,2016
2016-04-15,6.122589536e-05,,3.8550447685600005e-05,,,,,,,2016,4,2016
2016-04-16,5.5321969736e-05,,2.9760158423200004e-05,,2.9771091618800003e-05,,,,,2016,4,2016
2016-04-17,5.3135330616000016e-05,,2.513541668440001e-05,,2.9115099882800003e-05,,,,,2016,4,2016
2016-04-18,5.1714015188000014e-05,,2.26426480876e-05,,2.4927685968e-05,,,,,2016,4,2016
2016-04-19,4.9418044112e-05,,2.12322658552e-05,,2.1669593679200004e-05,,,,,2016,4,2016
2016-04-20,4.8543388464000014e-05,,2.1483729354000004e-05,,1.9559486928400003e-05,,,,,2016,4,2016
2016-04-21,4.6247417388000016e-05,,1.95813533196e-05,,1.7219783070000003e-05,,,,,2016,4,2016
2016-04-22,4.1764807192e-05,,1.9264290647200003e-05,,1.58750000112e-05,,,,,2016,4,2016
2016-04-23,3.979683198400001e-05,,1.9810950427200004e-05,,1.4989411167600005e-05,,,,,2016,4,2016
2016-04-24,5.6743285164000014e-05,2.5365013792000005e-05,3.2569989692400006e-05,3.67683368028e-05,2.1767992439600003e-05,3.7424328538800006e-05,4.04965565024e-05,,,2016,4,2016
2016-04-25,5.357265844000001e-05,2.2347451806400003e-05,2.8174845061200004e-05,2.8382575777600006e-05,2.08933367916e-05,2.32002410632e-05,3.04817493328e-05,,,2016,4,2016
2016-04-26,4.766873281600001e-05,1.8367768608e-05,2.4719955251600004e-05,2.350637054e-05,1.8094438718e-05,1.5907799598000003e-05,2.3714101256400004e-05,,,2016,4,2016
2016-04-27,4.3186122620000006e-05,1.57875344464e-05,2.2697314065600003e-05,2.0937069574000003e-05,1.6498192160400002e-05,1.3327565436400002e-05,2.05325413368e-05,,,2016,4,2016
2016-04-28,3.935950416e-05,1.39179579988e-05,2.0991735552000005e-05,1.8619232106800003e-05,1.5229941470800004e-05,1.1785984856800004e-05,1.8050705935600003e-05,,,2016,4,2016
2016-04-29,3.6844869172000007e-05,1.27262396784e-05,1.9734418058000003e-05,1.7340048221600002e-05,1.4235020671200002e-05,1.1315857446e-05,1.6443526182400004e-05,,,2016,4,2016
2016-04-30,3.476756200800001e-05,1.1698519292000004e-05,1.8422434586000003e-05,1.5995265162800004e-05,1.33603650232e-05,1.04521349936e-05,1.4650482104000003e-05,,,2016,4,2016
2016-05-01,3.2580922888000006e-05,1.0856663230800004e-05,1.7558712133600004e-05,1.4683281690800002e-05,1.23982438104e-05,9.6868113016e-06,1.39616907812e-05,,,2016,5,2016
2016-05-02,3.1159607460000004e-05,9.861742431200002e-06,1.67168560724e-05,1.3589962130800005e-05,1.1611053727200004e-05,8.516959372400002e-06,1.3130767915600005e-05,,,2016,5,2016
2016-05-03,2.9738292032000004e-05,9.3150826512e-06,1.61592630968e-05,1.3447830588e-05,1.1108126729600002e-05,7.959366396800001e-06,1.27262396784e-05,,,2016,5,2016
2016-05-04,2.9956955944000007e-05,8.9761535876e-06,1.5645402903600003e-05,1.3830492434e-05,1.0867596426400002e-05,8.014032374800001e-06,1.3174500698000005e-05,,,2016,5,2016
2016-05-05,2.7660984868e-05,8.221763091200002e-06,1.4792613646800003e-05,1.2868371221200002e-05,1.03646694288e-05,7.5657713552e-06,1.2518508962e-05,,,2016,5,2016
2016-05-06,2.6021005528000004e-05,7.5329717684e-06,1.44646177788e-05,1.1993715573200002e-05,9.850809235600002e-06,6.680182511600001e-06,1.1742252074400004e-05,,,2016,5,2016
2016-05-07,2.4818354012000004e-05,7.062844357600002e-06,1.3863292020800003e-05,1.14579889888e-05,9.282283064400002e-06,6.876980032400001e-06,1.1097193534e-05,,,2016,5,2016
2016-05-08,2.339703858400001e-05,6.789514467600001e-06,1.3141701111200002e-05,1.09441287956e-05,8.965220392000002e-06,6.6364497292000005e-06,1.06270661232e-05,,,2016,5,2016
2016-05-09,2.2522382936000003e-05,6.4068526216e-06,1.2682506896000002e-05,1.0550533754e-05,8.670024110800001e-06,6.472451795200001e-06,9.894542018000002e-06,,,2016,5,2016
2016-05-10,2.1319731420000003e-05,6.046057166800001e-06,1.2113980724800004e-05,1.02444042772e-05,8.254562678000001e-06,5.805526863600002e-06,9.326015846800004e-06,,,2016,5,2016
2016-05-11,2.0335743816000005e-05,5.739927690000001e-06,1.1589187336000005e-05,9.83987604e-06,7.860967636400002e-06,5.1823347144e-06,9.118285130400002e-06,,,2016,5,2016
2016-05-12,1.9570420124e-05,5.521263778000001e-06,1.1283057859200002e-05,9.4681473896e-06,7.6204373332e-06,5.0183367804e-06,8.823088849200002e-06,,,2016,5,2016
2016-05-13,1.8695764476000003e-05,5.280733474800001e-06,1.0976928382400003e-05,9.118285130400002e-06,7.412706616800002e-06,4.5919421520000005e-06,8.823088849200002e-06,,,2016,5,2016
2016-05-14,1.8258436652e-05,5.433798213200001e-06,1.0714531688e-05,8.9542871964e-06,7.281508269600002e-06,5.116735540800001e-06,8.823088849200002e-06,,,2016,5,2016
2016-05-15,1.8695764476000003e-05,5.521263778000001e-06,1.06270661232e-05,8.855888436000003e-06,7.686036506800001e-06,5.237000692400001e-06,8.866821631600002e-06,,,2016,5,2016
2016-05-16,1.858643252e-05,5.2260674968e-06,1.0320936646400002e-05,8.713756893200001e-06,7.6204373332e-06,5.116735540800001e-06,9.2166838908e-06,,,2016,5,2016
2016-05-17,1.7493112960000003e-05,4.832472455200001e-06,9.8726756268e-06,8.309228656e-06,7.084710748800001e-06,4.788739672800001e-06,8.823088849200002e-06,,,2016,5,2016
2016-05-18,1.6618457312e-05,4.6247417388e-06,9.6540117148e-06,8.178030308800002e-06,6.680182511600001e-06,4.6247417388e-06,8.221763091200002e-06,,,2016,5,2016
2016-05-19,1.7383781004000004e-05,5.0511363672000015e-06,9.894542018000002e-06,9.1401515216e-06,7.128443531200001e-06,4.810606064000001e-06,9.0636191524e-06,,,2016,5,2016
2016-05-20,1.8477100564e-05,5.083935954000001e-06,9.894542018000002e-06,9.4134814116e-06,7.642303724400001e-06,5.663395320800001e-06,1.0058539952e-05,,,2016,5,2016
2016-05-21,2.0226411860000005e-05,5.083935954000001e-06,9.992940778400002e-06,9.1948174996e-06,8.0249655704e-06,5.2260674968e-06,9.3150826512e-06,,,2016,5,2016
2016-05-22,2.0663739684000003e-05,5.204201105600001e-06,1.0277203864e-05,8.965220392000002e-06,8.2108298956e-06,5.2916666704e-06,8.877754827200002e-06,,,2016,5,2016
2016-05-23,2.350637054e-05,5.116735540800001e-06,1.0189738299200003e-05,9.0854855436e-06,9.2713498688e-06,5.3572658440000005e-06,9.8726756268e-06,3.0142820269200003e-05,,2016,5,2016
2016-05-24,2.1210399464000003e-05,4.64660813e-06,9.56654615e-06,8.680957306400002e-06,8.331095047200002e-06,4.406077826800001e-06,8.057765157200001e-06,2.5846074398400004e-05,,2016,5,2016
2016-05-25,1.9789084036000004e-05,4.318612262000001e-06,9.0526859568e-06,7.762568876e-06,7.7188360936e-06,3.7828856776e-06,7.062844357600002e-06,2.290504478200001e-05,,2016,5,2016
2016-05-26,1.858643252e-05,4.1327479368e-06,8.560692154800002e-06,7.084710748800001e-06,7.270575074000001e-06,3.6079545480000007e-06,6.4068526216e-06,2.1013601943200004e-05,,2016,5,2016
2016-05-27,1.7602444916000003e-05,3.9250172204e-06,8.134297526400002e-06,6.898846423600001e-06,6.942579206e-06,3.3783574404e-06,6.056990362400001e-06,1.9559486928400003e-05,,2016,5,2016
2016-05-28,1.6727789268000004e-05,3.717286504000001e-06,8.0249655704e-06,6.734848489600001e-06,6.494318186400001e-06,3.2252927020000003e-06,5.739927690000001e-06,1.8400568194800004e-05,,2016,5,2016
2016-05-29,1.5962465576e-05,3.5860881568000007e-06,7.65323692e-06,6.461518599600001e-06,6.297520665600001e-06,3.0940943548000004e-06,5.739927690000001e-06,1.7591511720400003e-05,,2016,5,2016
2016-05-30,1.530647384e-05,3.4002238316000003e-06,7.423639812400002e-06,6.2428546876000005e-06,5.925792015200002e-06,2.842630856e-06,5.4993973868000005e-06,1.6837121224000003e-05,,2016,5,2016
2016-05-31,1.4759814060000005e-05,3.1050275504000004e-06,7.204975900400002e-06,6.286587470000001e-06,5.619662538400001e-06,2.766098486800001e-06,4.974603998000001e-06,1.6115530314400003e-05,,2016,5,2016
2016-06-01,1.4103822324000005e-05,3.061294768000001e-06,7.5220385728e-06,6.1991219052e-06,5.379132235200001e-06,2.7551652912000005e-06,4.8215392596000014e-06,1.5481404969600002e-05,,2016,6,2016
2016-06-02,1.3775826456000005e-05,3.1050275504000004e-06,7.379907030000002e-06,6.035123971200001e-06,5.171401518800001e-06,2.744232095600001e-06,4.417011022400001e-06,1.4869146016000002e-05,,2016,6,2016
2016-06-03,1.3447830588e-05,2.8863636384000003e-06,7.0519111620000015e-06,5.9804579932000016e-06,5.0511363672000015e-06,2.6130337484e-06,4.504476587200001e-06,1.42459538668e-05,,2016,6,2016
2016-06-04,1.3119834720000002e-05,2.7004993132000003e-06,6.997245184000001e-06,5.6087293428000016e-06,4.887138433200001e-06,2.4271694232000005e-06,4.745006890400001e-06,1.3535296152800002e-05,,2016,6,2016
2016-06-05,1.2354511028e-05,2.5583677704000004e-06,7.040977966400001e-06,5.160468323200001e-06,4.6138085432000005e-06,2.252238293600001e-06,4.6684745212e-06,1.30323691552e-05,,2016,6,2016
2016-06-06,1.1917183204000005e-05,2.6786329220000003e-06,6.953512401600001e-06,4.9636708024000005e-06,4.406077826800001e-06,2.1210399464000003e-06,4.482610196000001e-06,1.2562241744400002e-05,,2016,6,2016
2016-06-07,1.1589187336000005e-05,2.6130337484e-06,6.603650142400001e-06,4.952737606800001e-06,4.296745870800001e-06,2.1319731420000003e-06,4.296745870800001e-06,1.2113980724800004e-05,,2016,6,2016
2016-06-08,1.1261191468000002e-05,2.5365013792000004e-06,6.4396522084e-06,4.745006890400001e-06,4.231146697200001e-06,2.2085055112000005e-06,4.2420798928000005e-06,1.1982782377600002e-05,,2016,6,2016
2016-06-09,1.0933195600000002e-05,2.3834366408000004e-06,6.603650142400001e-06,4.438877413600001e-06,4.187413914800001e-06,2.6895661176000003e-06,4.253013088400001e-06,1.1654786509600002e-05,,2016,6,2016
2016-06-10,1.1698519292000004e-05,2.842630856e-06,7.4017734212000015e-06,5.772727276800001e-06,4.5482093696e-06,3.115960746e-06,5.575929756000001e-06,1.3436897392400004e-05,,2016,6,2016
2016-06-11,1.2026515160000002e-05,3.0175619856000006e-06,7.292441465200002e-06,6.188188709600001e-06,4.417011022400001e-06,3.673553721600001e-06,4.6138085432000005e-06,1.41147555196e-05,,2016,6,2016
2016-06-12,1.0823863644e-05,2.2741046848e-06,6.559917360000001e-06,5.411931822e-06,4.0562155676000005e-06,3.2143595064000007e-06,3.6298209392e-06,1.1785984856800004e-05,,2016,6,2016
2016-06-13,1.038653582e-05,2.2194387068000005e-06,6.417785817200001e-06,5.2916666704e-06,3.9687500028e-06,3.0940943548000004e-06,3.2580922888000003e-06,1.09003960132e-05,,2016,6,2016
2016-06-14,1.3338498632e-05,4.209280306000001e-06,9.3150826512e-06,8.626291328400001e-06,5.3681990396e-06,5.073002758400001e-06,7.412706616800002e-06,1.7274449048000004e-05,,2016,6,2016
2016-06-15,1.3119834720000002e-05,3.2580922888000003e-06,7.762568876e-06,7.040977966400001e-06,5.575929756000001e-06,4.253013088400001e-06,5.400998626400001e-06,1.4650482104000003e-05,,2016,6,2016
2016-06-16,1.2245179072000005e-05,2.5365013792000004e-06,6.942579206e-06,6.122589536000002e-06,5.0074035848000014e-06,3.4767562008000004e-06,3.957816807200001e-06,1.3338498632e-05,,2016,6,2016
2016-06-17,1.1479855380000002e-05,2.4927685968000003e-06,6.898846423600001e-06,5.816460059200001e-06,4.64660813e-06,3.3783574404e-06,3.662620526000001e-06,1.2540375353200002e-05,,2016,6,2016
2016-06-18,1.1589187336000005e-05,2.5365013792000004e-06,7.008178379600001e-06,5.7289944944000006e-06,4.504476587200001e-06,3.3783574404e-06,4.2420798928000005e-06,1.2977703177200003e-05,,2016,6,2016
2016-06-19,1.1042527556000004e-05,2.1319731420000003e-06,6.723915294000001e-06,5.193267910000001e-06,4.1983471104e-06,3.2580922888000003e-06,3.9468836116e-06,1.2267045463200002e-05,,2016,6,2016
2016-06-20,1.038653582e-05,1.8695764476000003e-06,6.395919426e-06,4.679407716800001e-06,3.9031508292e-06,2.8863636384000003e-06,3.334624658e-06,1.1447055793200002e-05,,2016,6,2016
2016-06-21,9.949207996000002e-06,1.7383781004000002e-06,6.1007231448000014e-06,4.351411848800001e-06,3.6188877436000008e-06,2.7223657044e-06,3.0831611592e-06,1.0648932514400002e-05,,2016,6,2016
2016-06-22,9.511880172e-06,1.7383781004000002e-06,6.002324384400002e-06,4.2420798928000005e-06,3.4111570272000007e-06,2.5802341616000005e-06,2.8535640516000007e-06,1.0222537886000002e-05,,2016,6,2016
2016-06-23,9.29321626e-06,1.6290461444000002e-06,5.827393254800001e-06,4.089015154400001e-06,3.334624658e-06,2.4490358144e-06,2.6676997264e-06,9.8289428444e-06,,2016,6,2016
2016-06-24,9.511880172e-06,1.7602444916000005e-06,5.827393254800001e-06,4.0780819588000006e-06,3.509555787600001e-06,2.6458333352e-06,3.3892906360000006e-06,1.0211604690400002e-05,,2016,6,2016
2016-06-25,9.074552348000002e-06,1.5634469708000002e-06,5.849259646000002e-06,4.121814741200001e-06,3.3127582668e-06,2.3943698364000005e-06,2.7551652912000005e-06,9.6868113016e-06,,2016,6,2016
2016-06-26,8.855888436000003e-06,1.4759814060000002e-06,5.554063364800001e-06,3.9687500028e-06,3.2362258976000003e-06,2.1757059244000004e-06,2.3943698364000005e-06,9.118285130400002e-06,,2016,6,2016
2016-06-27,8.418560612000002e-06,1.3666494500000002e-06,5.586862951600001e-06,3.881284438e-06,3.061294768000001e-06,1.9898415992000004e-06,2.252238293600001e-06,8.615358132800001e-06,,2016,6,2016
2016-06-28,8.199896700000001e-06,1.4103822324000003e-06,4.9418044112e-06,3.8594180468e-06,2.9738292032000005e-06,1.7274449048000002e-06,2.1866391200000004e-06,8.254562678000001e-06,,2016,6,2016
2016-06-29,7.871900832000001e-06,1.3338498632e-06,4.438877413600001e-06,3.771952482e-06,2.8316976604000006e-06,1.6727789268000005e-06,2.077307164e-06,7.959366396800001e-06,,2016,6,2016
2016-06-30,7.762568876e-06,1.2354511028e-06,4.373278240000001e-06,3.728219699600001e-06,2.7770316824000005e-06,1.5962465576000003e-06,1.9679752080000003e-06,7.7188360936e-06,,2016,6,2016
2016-07-01,7.543904964e-06,1.1042527556000002e-06,4.296745870800001e-06,3.640754134800001e-06,2.744232095600001e-06,1.5525137752000002e-06,1.9023760344000004e-06,7.6313705288e-06,,2016,7,2016
2016-07-02,7.434573008000001e-06,9.949207996000002e-07,4.1983471104e-06,3.5642217656000006e-06,2.6676997264e-06,1.4431818192000002e-06,1.8367768608e-06,7.543904964e-06,,2016,7,2016
2016-07-03,7.2159090960000015e-06,8.965220392000002e-07,4.089015154400001e-06,3.4986225920000005e-06,2.547434574800001e-06,1.2791838852000002e-06,1.7055785136000004e-06,7.434573008000001e-06,,2016,7,2016
2016-07-04,7.106577140000002e-06,8.527892568000002e-07,3.990616394e-06,3.4002238316000003e-06,2.4927685968000003e-06,1.2354511028e-06,1.6290461444000002e-06,7.270575074000001e-06,,2016,7,2016
2016-07-05,6.997245184000001e-06,9.621212128e-07,3.9468836116e-06,3.3236914624000005e-06,2.4490358144e-06,1.2245179072e-06,1.7274449048000002e-06,7.106577140000002e-06,,2016,7,2016
2016-07-06,6.778581272000001e-06,1.1370523424e-06,3.8922176336000005e-06,3.2471590932000003e-06,2.3943698364000005e-06,1.1589187336e-06,1.8586432520000005e-06,6.975378792800002e-06,,2016,7,2016
2016-07-07,6.669249316e-06,1.1917183204000002e-06,3.8594180468e-06,3.2034263108e-06,2.3287706628000003e-06,1.1698519292000002e-06,1.8149104696e-06,6.745781685200002e-06,,2016,7,2016
2016-07-08,8.199896700000001e-06,2.3834366408000004e-06,5.619662538400001e-06,5.575929756000001e-06,4.427944218000001e-06,2.6567665308e-06,3.7938188732e-06,1.0878529622000002e-05,,2016,7,2016
2016-07-09,1.3666494500000002e-05,3.4767562008000004e-06,6.975378792800002e-06,6.811380858800001e-06,7.828168049600001e-06,4.1327479368e-06,3.7610192864e-06,1.66512568988e-05,,2016,7,2016
2016-07-10,1.257317494e-05,3.914084024800001e-06,7.729769289200001e-06,7.5657713552e-06,5.379132235200001e-06,4.1983471104e-06,4.6247417388e-06,1.79523071752e-05,,2016,7,2016
2016-07-11,1.3666494500000002e-05,3.2143595064000007e-06,5.914858819600001e-06,5.3681990396e-06,5.2916666704e-06,3.5970213524000007e-06,3.0940943548000004e-06,1.7569645329200004e-05,,2016,7,2016
2016-07-12,1.1042527556000004e-05,1.9023760344000004e-06,4.6028753476e-06,4.362345044400001e-06,4.165547523600001e-06,2.0663739684e-06,2.0663739684e-06,1.3196367089200002e-05,,2016,7,2016
2016-07-13,9.730544084e-06,1.5743801664000005e-06,4.209280306000001e-06,3.9468836116e-06,3.6079545480000007e-06,1.7493112960000002e-06,1.7930440784000003e-06,1.1195592294400002e-05,,2016,7,2016
2016-07-14,9.074552348000002e-06,1.3994490368000005e-06,3.979683198400001e-06,3.717286504000001e-06,3.2034263108e-06,1.4869146016000005e-06,1.6727789268000005e-06,9.960141191600003e-06,,2016,7,2016
2016-07-15,8.418560612000002e-06,1.2573174940000002e-06,3.8047520688000008e-06,3.542355374400001e-06,2.9082300296000004e-06,1.3119834720000005e-06,1.5525137752000002e-06,9.1620179128e-06,,2016,7,2016
2016-07-16,8.090564744000002e-06,1.2135847116000005e-06,3.695420112800001e-06,3.4548898096000004e-06,2.7223657044e-06,1.2354511028e-06,1.5306473840000006e-06,8.626291328400001e-06,,2016,7,2016
2016-07-17,7.762568876e-06,1.2135847116000005e-06,3.662620526000001e-06,3.4111570272000007e-06,2.5583677704000004e-06,1.2026515160000002e-06,1.5087809928000003e-06,8.188963504400002e-06,,2016,7,2016
2016-07-18,7.543904964e-06,1.2354511028e-06,3.5970213524000007e-06,3.3674242448000006e-06,2.4709022056e-06,1.2026515160000002e-06,1.5197141884e-06,7.9375000056e-06,,2016,7,2016
2016-07-19,7.434573008000001e-06,1.1807851248000002e-06,3.4986225920000005e-06,3.2908918756000004e-06,2.3615702496000004e-06,1.1151859512e-06,1.4322486236e-06,7.7953684628e-06,,2016,7,2016
2016-07-20,7.2159090960000015e-06,1.0605199732e-06,3.3892906360000006e-06,3.1596935284e-06,2.2413050980000005e-06,9.949207996000002e-07,1.3447830588e-06,7.4455062036000016e-06,,2016,7,2016
2016-07-21,6.997245184000001e-06,9.511880172000002e-07,3.3018250712000004e-06,3.061294768000001e-06,2.0991735552e-06,9.074552348e-07,1.3010502764000005e-06,7.106577140000002e-06,,2016,7,2016
2016-07-22,6.669249316e-06,8.965220392000002e-07,3.2143595064000007e-06,2.941029616400001e-06,2.0335743816000005e-06,8.418560612000001e-07,1.2245179072e-06,6.833247250000001e-06,,2016,7,2016
2016-07-23,6.559917360000001e-06,9.074552348e-07,3.1815599196e-06,2.8644972472000003e-06,1.9679752080000003e-06,8.637224524000001e-07,1.2245179072e-06,6.669249316e-06,,2016,7,2016
2016-07-24,6.4505854040000005e-06,8.637224524000001e-07,3.1487603328000005e-06,2.809831269200001e-06,1.9242424256e-06,8.309228656000001e-07,1.1807851248000002e-06,6.516184577600001e-06,,2016,7,2016
2016-07-25,6.341253448000001e-06,8.199896700000001e-07,3.0503615724000007e-06,2.7770316824000005e-06,1.8586432520000005e-06,7.762568876000001e-07,1.0933195600000002e-06,6.3631198392e-06,,2016,7,2016
2016-07-26,6.122589536000002e-06,7.871900832000001e-07,2.962896007600001e-06,2.6676997264e-06,1.7711776872000005e-06,7.106577140000001e-07,1.0933195600000002e-06,6.286587470000001e-06,,2016,7,2016
2016-07-27,6.013257580000001e-06,7.434573008000001e-07,2.8972968340000008e-06,2.7004993132000003e-06,1.6727789268000005e-06,6.559917360000001e-07,1.0167871908000002e-06,6.1007231448000014e-06,,2016,7,2016
2016-07-28,5.903925624000001e-06,7.106577140000001e-07,2.8535640516000007e-06,2.6786329220000003e-06,1.6399793400000002e-06,6.122589536e-07,9.949207996000002e-07,6.002324384400002e-06,,2016,7,2016
2016-07-29,5.6852617120000005e-06,6.450585404000001e-07,2.766098486800001e-06,2.6130337484e-06,1.5634469708000002e-06,5.466597800000001e-07,9.511880172000002e-07,5.871126037200001e-06,,2016,7,2016
2016-07-30,5.575929756000001e-06,5.575929756e-07,2.6895661176000003e-06,2.4927685968000003e-06,1.4978477972000005e-06,4.373278240000001e-07,9.621212128e-07,5.783660472400001e-06,,2016,7,2016
2016-07-31,5.466597800000001e-06,5.466597800000001e-07,2.6349001396e-06,2.438102618800001e-06,1.421315428e-06,4.154614328000001e-07,9.621212128e-07,5.554063364800001e-06,,2016,7,2016
2016-08-01,5.247933888000001e-06,5.903925624000001e-07,2.6349001396e-06,2.4053030320000005e-06,1.3775826456000002e-06,4.373278240000001e-07,9.402548216e-07,5.3572658440000005e-06,,2016,8,2016
2016-08-02,5.247933888000001e-06,5.794593668000001e-07,2.5802341616000005e-06,2.3725034452000004e-06,1.3338498632e-06,4.0452823720000004e-07,9.183884304e-07,5.2151343012000015e-06,,2016,8,2016
2016-08-03,5.138601932e-06,6.122589536e-07,2.5911673572e-06,2.3615702496000004e-06,1.2901170808000002e-06,3.935950416000001e-07,9.183884304e-07,5.4447314088e-06,,2016,8,2016
2016-08-04,5.029269976000001e-06,5.466597800000001e-07,2.5911673572e-06,2.295971076e-06,1.2573174940000002e-06,3.6079545480000004e-07,9.074552348e-07,5.411931822e-06,,2016,8,2016
2016-08-05,4.91993802e-06,4.701274108e-07,2.569300966e-06,2.2303719024e-06,1.2245179072e-06,3.061294768e-07,8.309228656000001e-07,5.3353994528000005e-06,,2016,8,2016
2016-08-06,4.810606064000001e-06,4.482610196000001e-07,2.5365013792000004e-06,2.2413050980000005e-06,1.1917183204000002e-06,2.842630856e-07,8.199896700000001e-07,5.237000692400001e-06,,2016,8,2016
2016-08-07,4.810606064000001e-06,4.919938020000001e-07,2.5146349880000003e-06,2.2303719024e-06,1.2026515160000002e-06,2.9519628120000005e-07,8.090564744000001e-07,5.0620695628e-06,,2016,8,2016
2016-08-08,4.810606064000001e-06,5.903925624000001e-07,2.5037017924000007e-06,2.1866391200000004e-06,1.2135847116000005e-06,3.6079545480000004e-07,8.527892568000002e-07,4.996470389200001e-06,,2016,8,2016
2016-08-09,4.810606064000001e-06,7.325241052000001e-07,2.4709022056e-06,2.2631714892e-06,1.2573174940000002e-06,4.810606064000001e-07,9.074552348e-07,5.0511363672000015e-06,,2016,8,2016
2016-08-10,4.810606064000001e-06,6.997245184000001e-07,2.4162362276000005e-06,2.2631714892e-06,1.1917183204000002e-06,4.591942152000001e-07,8.199896700000001e-07,5.160468323200001e-06,,2016,8,2016
2016-08-11,4.701274108000001e-06,5.685261712e-07,2.3506370540000004e-06,2.1866391200000004e-06,1.1151859512e-06,3.279958680000001e-07,7.543904964000002e-07,5.073002758400001e-06,,2016,8,2016
2016-08-12,4.5919421520000005e-06,4.810606064000001e-07,2.2413050980000005e-06,2.0663739684e-06,1.038653582e-06,2.405303032000001e-07,7.106577140000001e-07,5.0074035848000014e-06,,2016,8,2016
2016-08-13,4.5919421520000005e-06,3.935950416000001e-07,2.1210399464000003e-06,1.9679752080000003e-06,9.730544084e-07,1.8586432520000006e-07,6.887913228000001e-07,4.887138433200001e-06,,2016,8,2016
2016-08-14,4.482610196000001e-06,3.3892906360000004e-07,2.077307164e-06,1.9351756212e-06,9.183884304e-07,1.421315428e-07,6.778581272000001e-07,4.6356749344000006e-06,,2016,8,2016
2016-08-15,4.482610196000001e-06,2.842630856e-07,2.0226411860000004e-06,1.9242424256e-06,8.855888436000001e-07,1.2026515160000001e-07,6.450585404000001e-07,4.537276174000001e-06,,2016,8,2016
2016-08-16,4.373278240000001e-06,,2.0445075772000005e-06,1.91330923e-06,8.637224524000001e-07,1.421315428e-07,6.997245184000001e-07,4.427944218000001e-06,,2016,8,2016
2016-08-17,4.373278240000001e-06,,2.0226411860000004e-06,1.9351756212e-06,8.309228656000001e-07,1.311983472e-07,7.106577140000001e-07,4.427944218000001e-06,,2016,8,2016
2016-08-18,4.2639462840000006e-06,,1.9461088168000003e-06,1.9023760344000004e-06,7.871900832000001e-07,1.2026515160000001e-07,6.559917360000001e-07,4.4498106092000006e-06,,2016,8,2016
2016-08-19,4.154614328e-06,,1.8477100564000005e-06,1.8039772740000004e-06,6.887913228000001e-07,7.65323692e-08,5.903925624000001e-07,4.427944218000001e-06,,2016,8,2016
2016-08-20,4.045282372000001e-06,,1.7821108828000003e-06,1.7821108828000003e-06,6.669249316000001e-07,,5.466597800000001e-07,4.384211435600001e-06,,2016,8,2016
2016-08-21,4.045282372000001e-06,,1.7930440784000003e-06,1.8039772740000004e-06,6.669249316000001e-07,,,4.384211435600001e-06,,2016,8,2016
2016-08-22,4.045282372000001e-06,,1.8039772740000004e-06,1.8367768608e-06,6.559917360000001e-07,,,4.384211435600001e-06,,2016,8,2016
2016-08-23,4.045282372000001e-06,,1.7930440784000003e-06,1.8695764476000003e-06,6.450585404000001e-07,,,4.373278240000001e-06,,2016,8,2016
2016-08-24,3.935950416000001e-06,,1.7493112960000002e-06,1.8367768608e-06,6.122589536e-07,,,4.318612262000001e-06,,2016,8,2016
2016-08-25,3.82661846e-06,,1.6837121224000003e-06,1.7711776872000005e-06,5.575929756e-07,,,4.1764807192e-06,,2016,8,2016
2016-08-26,3.82661846e-06,,1.6181129488e-06,1.7274449048000002e-06,,,,4.089015154400001e-06,,2016,8,2016
2016-08-27,3.717286504000001e-06,,,1.7165117092000002e-06,,,,4.0343491764e-06,,2016,8,2016
2016-08-28,,,,,,,,,,2016,8,2016
2016-08-29,,,,,,,,,,2016,8,2016
2016-08-30,,,,,,,,,,2016,8,2016
2016-08-31,,,,,,,,,,2016,8,2016
2016-09-01,,,,,,,,,,2016,9,2016
2016-09-02,,,,,,,,,,2016,9,2016
2016-09-03,,,,,,,,,,2016,9,2016
2016-09-04,,,,,,,,,,2016,9,2016
2016-09-05,,,,,,,,,,2016,9,2016
2016-09-06,,,,,,,,,,2016,9,2016
2016-09-07,,,,,,,,,,2016,9,2016
2016-09-08,,,,,,,,,,2016,9,2016
2016-09-09,,,,,,,,,,2016,9,2016
2016-09-10,,,,,,,,,,2016,9,2016
2016-09-11,,,,,,,,,,2016,9,2016
2016-09-12,,,,,,,,,,2016,9,2016
2016-09-13,,,,,,,,,,2016,9,2016
2016-09-14,,,,,,,,,,2016,9,2016
2016-09-15,,,,,,,,,,2016,9,2016
2016-09-16,,,,,,,,,,2016,9,2016
2016-09-17,,,,,,,,,,2016,9,2016
2016-09-18,,,,,,,,,,2016,9,2016
2016-09-19,,,,,,,,,,2016,9,2016
2016-09-20,,,,,,,,,,2016,9,2016
2016-09-21,,,,,,,,,,2016,9,2016
2016-09-22,,,,,,,,,,2016,9,2016
2016-09-23,,,,,,,,,,2016,9,2016
2016-09-24,,,,,,,,,,2016,9,2016
2016-09-25,,,,,,,,,,2016,9,2016
2016-09-26,,,,,,,,,,2016,9,2016
2016-09-27,,,,,,,,,,2016,9,2016
2016-09-28,,,,,,,,,,2016,9,2016
2016-09-29,,,,,,,,,,2016,9,2016
2016-09-30,,,,,,,,,,2016,9,2016
2016-10-01,,,,,,,,,,2016,10,2017
2016-10-02,,,,,,,,,,2016,10,2017
2016-10-03,,,,,,,,,,2016,10,2017
2016-10-04,,,,,,,,,,2016,10,2017
2016-10-05,,,,,,,,,,2016,10,2017
2016-10-06,,,,,,,,,,2016,10,2017
2016-10-07,,,,,,,,,,2016,10,2017
2016-10-08,,,,,,,,,,2016,10,2017
2016-10-09,,,,,,,,,,2016,10,2017
2016-10-10,,,,,,,,,,2016,10,2017
2016-10-11,,,,,,,,,,2016,10,2017
2016-10-12,,,,,,,,,,2016,10,2017
2016-10-13,,,,,,,,,,2016,10,2017
2016-10-14,,,,,,,,,,2016,10,2017
2016-10-15,,,,,,,,,,2016,10,2017
2016-10-16,,,,,,,,,,2016,10,2017
2016-10-17,,,,,,,,,,2016,10,2017
2016-10-18,,,,,,,,,,2016,10,2017
2016-10-19,,,,,,,,,,2016,10,2017
2016-10-20,,,,,,,,,,2016,10,2017
2016-10-21,,,,,,,,,,2016,10,2017
2016-10-22,,,,,,,,,,2016,10,2017
2016-10-23,,,,,,,,,,2016,10,2017
2016-10-24,,,,,,,,,,2016,10,2017
2016-10-25,,,,,,,,,,2016,10,2017
2016-10-26,,,,,,,,,,2016,10,2017
2016-10-27,,,,,,,,,,2016,10,2017
2016-10-28,,,,,,,,,,2016,10,2017
2016-10-29,,,,,,,,,,2016,10,2017
2016-10-30,,,,,,,,,,2016,10,2017
2016-10-31,,,,,,,,,,2016,10,2017
2016-11-01,,,,,,,,,,2016,11,2017
2016-11-02,,,,,,,,,,2016,11,2017
2016-11-03,,,,,,,,,,2016,11,2017
2016-11-04,,,,,,,,,,2016,11,2017
2016-11-05,,,,,,,,,,2016,11,2017
2016-11-06,,,,,,,,,,2016,11,2017
2016-11-07,,,,,,,,,,2016,11,2017
2016-11-08,,,,,,,,,,2016,11,2017
2016-11-09,,,,,,,,,,2016,11,2017
2016-11-10,,,,,,,,,,2016,11,2017
2016-11-11,,,,,,,,,,2016,11,2017
2016-11-12,,,,,,,,,,2016,11,2017
2016-11-13,,,,,,,,,,2016,11,2017
2016-11-14,,,,,,,,,,2016,11,2017
2016-11-15,,,,,,,,,,2016,11,2017
2016-11-16,,,,,,,,,,2016,11,2017
2016-11-17,,,,,,,,,,2016,11,2017
2016-11-18,,,,,,,,,,2016,11,2017
2016-11-19,,,,,,,,,,2016,11,2017
2016-11-20,,,,,,,,,,2016,11,2017
2016-11-21,,,,,,,,,,2016,11,2017
2016-11-22,,,,,,,,,,2016,11,2017
2016-11-23,,,,,,,,,,2016,11,2017
2016-11-24,,,,,,,,,,2016,11,2017
2016-11-25,,,,,,,,,,2016,11,2017
2016-11-26,,,,,,,,,,2016,11,2017
2016-11-27,,,,,,,,,,2016,11,2017
2016-11-28,,,,,,,,,,2016,11,2017
2016-11-29,,,,,,,,,,2016,11,2017
2016-11-30,,,,,,,,,,2016,11,2017
2016-12-01,,,,,,,,,,2016,12,2017
2016-12-02,,,,,,,,,,2016,12,2017
2016-12-03,,,,,,,,,,2016,12,2017
2016-12-04,,,,,,,,,,2016,12,2017
2016-12-05,,,,,,,,,,2016,12,2017
2016-12-06,,,,,,,,,,2016,12,2017
2016-12-07,,,,,,,,,,2016,12,2017
2016-12-08,,,,,,,,,,2016,12,2017
2016-12-09,,,,,,,,,,2016,12,2017
2016-12-10,,,,,,,,,,2016,12,2017
2016-12-11,,,,,,,,,,2016,12,2017
2016-12-12,,,,,,,,,,2016,12,2017
2016-12-13,,,,,,,,,,2016,12,2017
2016-12-14,,,,,,,,,,2016,12,2017
2016-12-15,,,,,,,,,,2016,12,2017
2016-12-16,,,,,,,,,,2016,12,2017
2016-12-17,,,,,,,,,,2016,12,2017
2016-12-18,,,,,,,,,,2016,12,2017
2016-12-19,,,,,,,,,,2016,12,2017
2016-12-20,,,,,,,,,,2016,12,2017
2016-12-21,,,,,,,,,,2016,12,2017
2016-12-22,,,,,,,,,,2016,12,2017
2016-12-23,,,,,,,,,,2016,12,2017
2016-12-24,,,,,,,,,,2016,12,2017
2016-12-25,,,,,,,,,,2016,12,2017
2016-12-26,,,,,,,,,,2016,12,2017
2016-12-27,,,,,,,,,,2016,12,2017
2016-12-28,,,,,,,,,,2016,12,2017
2016-12-29,,,,,,,,,,2016,12,2017
2016-12-30,,,,,,,,,,2016,12,2017
2016-12-31,,,,,,,,,,2016,12,2017
2017-01-01,,,,,,,,,,2017,1,2017
2017-01-02,,,,,,,,,,2017,1,2017
2017-01-03,,,,,,,,,,2017,1,2017
2017-01-04,,,,,,,,,,2017,1,2017
2017-01-05,,,,,,,,,,2017,1,2017
2017-01-06,,,,,,,,,,2017,1,2017
2017-01-07,,,,,,,,,,2017,1,2017
2017-01-08,,,,,,,,,,2017,1,2017
2017-01-09,,,,,,,,,,2017,1,2017
2017-01-10,,,,,,,,,,2017,1,2017
2017-01-11,,,,,,,,,,2017,1,2017
2017-01-12,,,,,,,,,,2017,1,2017
2017-01-13,,,,,,,,,,2017,1,2017
2017-01-14,,,,,,,,,,2017,1,2017
2017-01-15,,,,,,,,,,2017,1,2017
2017-01-16,,,,,,,,,,2017,1,2017
2017-01-17,,,,,,,,,,2017,1,2017
2017-01-18,,,,,,,,,,2017,1,2017
2017-01-19,,,,,,,,,,2017,1,2017
2017-01-20,,,,,,,,,,2017,1,2017
2017-01-21,,,,,,,,,,2017,1,2017
2017-01-22,,,,,,,,,,2017,1,2017
2017-01-23,,,,,,,,,,2017,1,2017
2017-01-24,,,,,,,,,,2017,1,2017
2017-01-25,,,,,,,,,,2017,1,2017
2017-01-26,,,,,,,,,,2017,1,2017
2017-01-27,,,,,,,,,,2017,1,2017
2017-01-28,,,,,,,,,,2017,1,2017
2017-01-29,,,,,,,,,,2017,1,2017
2017-01-30,,,,,,,,,,2017,1,2017
2017-01-31,,,,,,,,,,2017,1,2017
2017-02-01,,,,,,,,,,2017,2,2017
2017-02-02,,,,,,,,,,2017,2,2017
2017-02-03,,,,,,,,,,2017,2,2017
2017-02-04,,,,,,,,,,2017,2,2017
2017-02-05,,,,,,,,,,2017,2,2017
2017-02-06,,,,,,,,,,2017,2,2017
2017-02-07,,,,,,,,,,2017,2,2017
2017-02-08,,,,,,,,,,2017,2,2017
2017-02-09,,,,,,,,,,2017,2,2017
2017-02-10,,,,,,,,,,2017,2,2017
2017-02-11,,,,,,,,,,2017,2,2017
2017-02-12,,,,,,,,,,2017,2,2017
2017-02-13,,,,,,,,,,2017,2,2017
2017-02-14,,,,,,,,,,2017,2,2017
2017-02-15,,,,,,,,,,2017,2,2017
2017-02-16,,,,,,,,,,2017,2,2017
2017-02-17,,,,,,,,,,2017,2,2017
2017-02-18,,,,,,,,,,2017,2,2017
2017-02-19,,,,,,,,,,2017,2,2017
2017-02-20,,,,,,,,,,2017,2,2017
2017-02-21,,,,,,,,,,2017,2,2017
2017-02-22,,,,,,,,,,2017,2,2017
2017-02-23,,,,,,,,,,2017,2,2017
2017-02-24,,,,,,,,,,2017,2,2017
2017-02-25,,,,,,,,,,2017,2,2017
2017-02-26,,,,,,,,,,2017,2,2017
2017-02-27,,,,,,,,,,2017,2,2017
2017-02-28,,,,,,,,,,2017,2,2017
2017-03-01,,,,,,,,,,2017,3,2017
2017-03-02,,,,,,,,,,2017,3,2017
2017-03-03,,,,,,,,,,2017,3,2017
2017-03-04,,,,,,,,,,2017,3,2017
2017-03-05,,,,,,,,,,2017,3,2017
2017-03-06,,,,,,,,,,2017,3,2017
2017-03-07,,,,,,,,,,2017,3,2017
2017-03-08,,,,,,,,,,2017,3,2017
2017-03-09,,,,,,,,,,2017,3,2017
2017-03-10,,,,,,,,,,2017,3,2017
2017-03-11,,,,,,,,,,2017,3,2017
2017-03-12,,,,,,,,,,2017,3,2017
2017-03-13,,,,,,,,,,2017,3,2017
2017-03-14,,,,,,,,,,2017,3,2017
2017-03-15,,,,,,,,,,2017,3,2017
2017-03-16,,,,,,,,,,2017,3,2017
2017-03-17,,,,,,,,,,2017,3,2017
2017-03-18,,,,,,,,,,2017,3,2017
2017-03-19,,,,,,,,,,2017,3,2017
2017-03-20,,,,,,,,,,2017,3,2017
2017-03-21,,,,,,,,,,2017,3,2017
2017-03-22,,,,,,,,,,2017,3,2017
2017-03-23,,,,,,,,,,2017,3,2017
2017-03-24,,,,,,,,,,2017,3,2017
2017-03-25,,,,,,,,,,2017,3,2017
2017-03-26,,,,,,,,,,2017,3,2017
2017-03-27,,,,,,,,,,2017,3,2017
2017-03-28,,,,,,,,,,2017,3,2017
2017-03-29,,,,,,,,,,2017,3,2017
2017-03-30,,,,,,,,,,2017,3,2017
2017-03-31,,,,,,,,,,2017,3,2017
2017-04-01,,,,,,,,,,2017,4,2017
2017-04-02,,,,,,,,,,2017,4,2017
2017-04-03,,,,,,,,,,2017,4,2017
2017-04-04,,,,,,,,,,2017,4,2017
2017-04-05,,,,,,,,,,2017,4,2017
2017-04-06,,,,,,,,,,2017,4,2017
2017-04-07,,,,,,,,,,2017,4,2017
2017-04-08,,,,,,,,,,2017,4,2017
2017-04-09,,,,,,,,,,2017,4,2017
2017-04-10,,,,,,,,,,2017,4,2017
2017-04-11,,,,,,,,,,2017,4,2017
2017-04-12,,,,,,,,,,2017,4,2017
2017-04-13,,,,,,,,,,2017,4,2017
2017-04-14,,,,,,,,,,2017,4,2017
2017-04-15,,,,,,,,,,2017,4,2017
2017-04-16,,,,,,,,,,2017,4,2017
2017-04-17,,,,,,,,,,2017,4,2017
2017-04-18,,,,,,,,,,2017,4,2017
2017-04-19,,,,,,,,,,2017,4,2017
2017-04-20,,,,,,,,,,2017,4,2017
2017-04-21,,,,,,,,,,2017,4,2017
2017-04-22,,,,,,,,,,2017,4,2017
2017-04-23,,,,,,,,,,2017,4,2017
2017-04-24,,,,,,,,,,2017,4,2017
2017-04-25,,,,,,,,,,2017,4,2017
2017-04-26,,,,,,,,,,2017,4,2017
2017-04-27,,,,,,,,,,2017,4,2017
2017-04-28,,,,,,,,,,2017,4,2017
2017-04-29,,,,,,,,,,2017,4,2017
2017-04-30,,,,,,,,,,2017,4,2017
2017-05-01,,,,,,,,,,2017,5,2017
2017-05-02,,,,,,,,,,2017,5,2017
2017-05-03,,,,,,,,,,2017,5,2017
2017-05-04,,,,,,,,,,2017,5,2017
2017-05-05,,,,,,,,,,2017,5,2017
2017-05-06,,,,,,,,,,2017,5,2017
2017-05-07,,,,,,,,,,2017,5,2017
2017-05-08,,,,,,,,,,2017,5,2017
2017-05-09,,,,,,,,,,2017,5,2017
2017-05-10,,,,,,,,,,2017,5,2017
2017-05-11,,,,,,,,,,2017,5,2017
2017-05-12,,,,,,,,,,2017,5,2017
2017-05-13,,,,,,,,,,2017,5,2017
2017-05-14,,,,,,,,,,2017,5,2017
2017-05-15,,,,,,,,,,2017,5,2017
2017-05-16,0.000115673209448,8.761862953840001e-05,7.532971768400001e-05,8.26658919316e-05,,9.851902555160002e-05,0.0001530975379868,0.0002030075759008,,2017,5,2017
2017-05-17,0.0001147985538,8.254562678000002e-05,7.157963159320001e-05,6.321573695920002e-05,5.1703081992400014e-05,6.997245184000001e-05,0.0001041824208724,0.0001746687329056,,2017,5,2017
2017-05-18,9.4790805852e-05,4.9899104718400005e-05,5.6754218359600007e-05,4.642234851760001e-05,4.7679666011600005e-05,4.1338412563600006e-05,5.873312676320001e-05,0.000133002324474,,2017,5,2017
2017-05-19,8.352961438400001e-05,3.2799586800000005e-05,4.621461780120001e-05,3.78616563628e-05,4.186320595240001e-05,2.59882059412e-05,3.75773932772e-05,0.00011397856413,,2017,5,2017
2017-05-20,7.8063016584e-05,2.50588843152e-05,3.882377757560001e-05,3.2209194237600006e-05,3.57296832208e-05,1.8662964889200005e-05,2.5047951119600003e-05,0.0001045541495228,,2017,5,2017
2017-05-21,7.532971768400001e-05,2.0357610207200004e-05,3.32478478196e-05,2.8513774124800005e-05,3.0755079222800005e-05,1.4847279624800005e-05,1.86301653024e-05,9.967794428520002e-05,,2017,5,2017
2017-05-22,7.6204373332e-05,1.71979166788e-05,2.9738292032000004e-05,2.56274104864e-05,2.74313877604e-05,1.26387741136e-05,1.43990186052e-05,9.98091426324e-05,,2017,5,2017
2017-05-23,7.664170115600001e-05,1.5109676319200002e-05,2.6972193545200007e-05,2.3440771366400003e-05,2.3878099190400004e-05,1.09659951868e-05,1.1742252074400004e-05,0.0001003886019992,,2017,5,2017
2017-05-24,6.7567148808e-05,1.3830492434e-05,2.4709022056e-05,2.1046401530000003e-05,2.1560261723200004e-05,9.9273416048e-06,9.7742768664e-06,8.752023077800002e-05,,2017,5,2017
2017-05-25,5.718061298800002e-05,1.3010502764000002e-05,2.3014376738000005e-05,1.98000172316e-05,1.9843750014e-05,9.643078519200005e-06,8.637224524000002e-06,7.102203861760002e-05,,2017,5,2017
2017-05-26,5.1714015188000014e-05,1.229984505e-05,2.16258608968e-05,1.8564566128800005e-05,1.7580578524800003e-05,9.4244146072e-06,7.686036506800001e-06,5.941098489040001e-05,,2017,5,2017
2017-05-27,4.9418044112e-05,1.12283918812e-05,2.01061467084e-05,1.67168560724e-05,1.5743801664000003e-05,9.1073519348e-06,7.511105377200002e-06,5.428331615400001e-05,,2017,5,2017
2017-05-28,4.8543388464000014e-05,1.038653582e-05,1.9001893952800003e-05,1.53502066224e-05,1.4377152214000002e-05,8.801222458000001e-06,6.997245184000001e-06,5.316813020280001e-05,,2017,5,2017
2017-05-29,4.766873281600001e-05,9.807076453200002e-06,1.8050705935600003e-05,1.4213154280000004e-05,1.3349431827600003e-05,8.473226590000001e-06,6.723915294000001e-06,5.23590737284e-05,,2017,5,2017
2017-05-30,4.460743804800001e-05,9.5556129544e-06,1.7219783070000003e-05,1.3393164610000002e-05,1.2627840918000004e-05,8.593491741600002e-06,6.417785817200001e-06,4.92431129824e-05,,2017,5,2017
2017-05-31,3.9250172204e-05,8.9324208052e-06,1.64763257692e-05,1.2496642570800002e-05,1.1862517226000002e-05,8.188963504400002e-06,5.969524797600001e-06,4.30877238596e-05,,2017,5,2017
2017-06-01,3.739152895200001e-05,8.506026176800002e-06,1.6268595052800004e-05,1.2026515160000002e-05,1.14033230108e-05,7.9047004188e-06,5.5431301692000006e-06,4.122908060760001e-05,,2017,6,2017
2017-06-02,3.4439566140000006e-05,7.860967636400002e-06,1.5361139818000003e-05,1.1381456619600002e-05,1.1042527556000004e-05,7.412706616800002e-06,5.0074035848000014e-06,3.75227272992e-05,,2017,6,2017
2017-06-03,3.2252927020000004e-05,7.489238986000002e-06,1.4814480038000004e-05,1.1064393947200004e-05,1.0714531688e-05,7.0519111620000015e-06,4.351411848800001e-06,3.494249313760001e-05,,2017,6,2017
2017-06-04,2.9847623988000004e-05,7.204975900400002e-06,1.41475551064e-05,1.0561466949600002e-05,1.03646694288e-05,6.898846423600001e-06,4.2420798928000005e-06,3.273398762640001e-05,,2017,6,2017
2017-06-05,2.7332989000000004e-05,6.7020489028000015e-06,1.36774276956e-05,1.0277203864e-05,9.8836088224e-06,6.6364497292000005e-06,4.143681132400001e-06,3.0153753464800006e-05,,2017,6,2017
2017-06-06,2.6021005528000004e-05,6.286587470000001e-06,1.3502496566000005e-05,9.894542018000002e-06,9.435347802800002e-06,6.341253448000001e-06,3.4986225920000005e-06,2.80108471272e-05,,2017,6,2017
2017-06-07,2.514634988e-05,6.1991219052e-06,1.3141701111200002e-05,9.708677692800002e-06,9.0854855436e-06,5.9367252108000015e-06,3.0503615724000007e-06,2.6994059936400003e-05,,2017,6,2017
2017-06-08,2.8535640516000004e-05,7.390840225600001e-06,1.4508350561200002e-05,1.17313188788e-05,1.06161329276e-05,6.9863119884000005e-06,5.0620695628e-06,3.217639465080001e-05,,2017,6,2017
2017-06-09,2.6676997264e-05,6.8004476632000005e-06,1.3229166676000004e-05,9.894542018000002e-06,9.5446797588e-06,6.417785817200001e-06,3.334624658e-06,3.1279872611600006e-05,,2017,6,2017
2017-06-10,2.951962812000001e-05,8.374827829600002e-06,1.53502066224e-05,1.2113980724800004e-05,1.0550533754e-05,8.068698352800001e-06,5.2698002792e-06,3.58171487856e-05,,2017,6,2017
2017-06-11,2.787964878e-05,7.412706616800002e-06,1.3196367089200002e-05,1.05396005584e-05,9.982007582800002e-06,7.106577140000002e-06,3.9687500028e-06,3.2241993824400005e-05,,2017,6,2017
2017-06-12,2.514634988e-05,6.7020489028000015e-06,1.1971849182e-05,9.4790805852e-06,9.074552348000002e-06,6.2647210788000005e-06,3.0066287900000006e-06,2.9650826467200008e-05,,2017,6,2017
2017-06-13,2.45996901e-05,6.286587470000001e-06,1.1009727969200002e-05,8.910554414e-06,8.648157719600002e-06,5.903925624000001e-06,2.5037017924000007e-06,2.9180699056400004e-05,,2017,6,2017
2017-06-14,2.3069042716000003e-05,5.6852617120000005e-06,1.06161329276e-05,8.374827829600002e-06,8.2108298956e-06,5.477530995600001e-06,2.1319731420000003e-06,2.7136191479200004e-05,,2017,6,2017
2017-06-15,2.5255681836000005e-05,6.767648076400001e-06,1.21577135072e-05,9.938274800400002e-06,1.0003873974000002e-05,6.2209882964e-06,3.6516873304e-06,2.941029616400001e-05,,2017,6,2017
2017-06-16,2.634900139600001e-05,6.538050968800001e-06,1.1326790641600004e-05,9.1948174996e-06,1.04740013848e-05,5.805526863600002e-06,3.6079545480000007e-06,3.0459882941600005e-05,,2017,6,2017
2017-06-17,2.383436640800001e-05,5.488464191200002e-06,1.0342803037600004e-05,8.2654958736e-06,9.2276170864e-06,4.766873281600001e-06,2.5146349880000003e-06,2.8502840929200005e-05,,2017,6,2017
2017-06-18,2.2194387068e-05,5.0620695628e-06,9.861742431200002e-06,7.6313705288e-06,8.363894634000002e-06,4.165547523600001e-06,1.9242424256e-06,2.63380682004e-05,,2017,6,2017
2017-06-19,2.0991735552000005e-05,4.6903409124e-06,9.3588154336e-06,7.183109509200001e-06,7.817234854000002e-06,4.887138433200001e-06,1.6399793400000002e-06,2.4752754838400003e-05,,2017,6,2017
2017-06-20,1.9570420124e-05,4.482610196000001e-06,9.3150826512e-06,8.046831961600002e-06,7.259641878400001e-06,6.559917360000001e-06,2.6567665308e-06,2.3222107454400008e-05,,2017,6,2017
2017-06-21,1.8477100564e-05,4.2202135016000005e-06,9.511880172e-06,8.254562678000001e-06,6.898846423600001e-06,6.461518599600001e-06,5.5649965604000015e-06,2.1603994505600003e-05,,2017,6,2017
2017-06-22,1.7602444916000003e-05,3.9687500028e-06,9.2166838908e-06,7.915633614400001e-06,6.614583338000001e-06,6.297520665600001e-06,5.247933888000001e-06,1.9996814752400004e-05,,2017,6,2017
2017-06-23,1.6837121224000003e-05,3.6188877436000008e-06,8.844955240400001e-06,7.587637746400001e-06,6.3084538612e-06,5.9367252108000015e-06,4.996470389200001e-06,1.85426997376e-05,,2017,6,2017
2017-06-24,1.6071797532e-05,3.3236914624000005e-06,8.648157719600002e-06,7.2159090960000015e-06,6.013257580000001e-06,5.411931822e-06,4.7340736948e-06,1.7165117092e-05,,2017,6,2017
2017-06-25,1.530647384e-05,3.1378271372e-06,8.429493807600001e-06,6.942579206e-06,5.772727276800001e-06,5.6087293428000016e-06,4.5700757608e-06,1.5951532380400002e-05,,2017,6,2017
2017-06-26,1.4978477972000003e-05,3.1268939416000005e-06,8.342028242800001e-06,6.866046836800001e-06,5.619662538400001e-06,5.7289944944000006e-06,4.6028753476e-06,1.4934745189600003e-05,,2017,6,2017
2017-06-27,1.4431818192000005e-05,3.3455578536000005e-06,8.254562678000001e-06,6.7020489028000015e-06,5.4993973868000005e-06,5.346332648400001e-06,4.6356749344000006e-06,1.4158488302000004e-05,,2017,6,2017
2017-06-28,1.4103822324000005e-05,3.4220902228000007e-06,8.2108298956e-06,6.570850555600001e-06,5.324466257200001e-06,5.094869149600002e-06,4.438877413600001e-06,1.3469696979200002e-05,,2017,6,2017
2017-06-29,1.3666494500000002e-05,3.2908918756000004e-06,8.003099179200002e-06,6.384986230400001e-06,5.1276687364e-06,4.887138433200001e-06,4.1764807192e-06,1.2824638438800004e-05,,2017,6,2017
2017-06-30,1.3229166676000004e-05,3.1378271372e-06,7.8500344408e-06,6.188188709600001e-06,4.974603998000001e-06,4.7340736948e-06,4.045282372000001e-06,1.2288911854400005e-05,,2017,6,2017
2017-07-01,1.2901170808e-05,3.1268939416000005e-06,7.6751033112e-06,6.089789949200001e-06,4.8215392596000014e-06,4.657541325600001e-06,3.914084024800001e-06,1.19281163996e-05,,2017,7,2017
2017-07-02,1.257317494e-05,3.0066287900000006e-06,7.543904964e-06,5.9804579932000016e-06,4.64660813e-06,4.5263429784e-06,3.739152895200001e-06,1.15782541404e-05,,2017,7,2017
2017-07-03,1.2135847116000004e-05,2.8207644648000006e-06,7.325241052000002e-06,5.805526863600002e-06,4.4607438048e-06,4.285812675200001e-06,3.542355374400001e-06,1.11737259032e-05,,2017,7,2017
2017-07-04,1.1807851248000002e-05,2.744232095600001e-06,7.161243118000002e-06,5.630595734000001e-06,4.307679066400001e-06,4.165547523600001e-06,3.4111570272000007e-06,1.0780130861600002e-05,,2017,7,2017
2017-07-05,1.1479855380000002e-05,2.4927685968000003e-06,6.909779619200001e-06,5.477530995600001e-06,4.121814741200001e-06,3.8922176336000005e-06,3.2034263108e-06,1.038653582e-05,,2017,7,2017
2017-07-06,1.1151859512000002e-05,2.3397038584000003e-06,6.723915294000001e-06,5.4447314088e-06,3.9468836116e-06,3.728219699600001e-06,3.0940943548000004e-06,9.992940778400002e-06,,2017,7,2017
2017-07-07,1.0933195600000002e-05,2.2741046848e-06,6.570850555600001e-06,5.3681990396e-06,3.8484848512e-06,3.5970213524000007e-06,3.0284951812000007e-06,9.719610888400002e-06,,2017,7,2017
2017-07-08,1.0605199732000002e-05,2.1866391200000004e-06,6.428719012800001e-06,5.280733474800001e-06,3.717286504000001e-06,3.5860881568000007e-06,2.984762398800001e-06,9.56654615e-06,,2017,7,2017
2017-07-09,1.038653582e-05,2.0007747948000004e-06,6.2428546876000005e-06,5.138601932e-06,3.5860881568000007e-06,3.3564910492e-06,2.8754304428000007e-06,9.347882238000002e-06,,2017,7,2017
2017-07-10,1.0167871908000002e-05,1.9461088168000003e-06,6.177255514e-06,5.0511363672000015e-06,3.531422178800001e-06,3.2690254844000004e-06,2.8754304428000007e-06,9.183884304e-06,,2017,7,2017
2017-07-11,9.949207996000002e-06,1.8367768608e-06,5.969524797600001e-06,4.887138433200001e-06,3.4111570272000007e-06,3.115960746e-06,2.7770316824000005e-06,8.9542871964e-06,,2017,7,2017
2017-07-12,9.621212128000002e-06,1.7930440784000003e-06,5.838326450400002e-06,4.755940086e-06,3.3127582668e-06,3.0066287900000006e-06,2.6676997264e-06,8.713756893200001e-06,,2017,7,2017
2017-07-13,9.402548216e-06,1.8039772740000004e-06,5.7617940812e-06,4.657541325600001e-06,3.2252927020000003e-06,3.0175619856000006e-06,2.6458333352e-06,8.506026176800002e-06,,2017,7,2017
2017-07-14,9.402548216e-06,1.7711776872000005e-06,5.663395320800001e-06,4.5810089564e-06,3.1268939416000005e-06,2.962896007600001e-06,2.5802341616000005e-06,8.3529614384e-06,,2017,7,2017
2017-07-15,9.074552348000002e-06,1.6618457312000002e-06,5.532196973600002e-06,4.427944218000001e-06,3.0066287900000006e-06,2.6458333352e-06,2.4490358144e-06,8.145230722000002e-06,,2017,7,2017
2017-07-16,8.965220392000002e-06,1.6727789268000005e-06,5.379132235200001e-06,4.285812675200001e-06,2.9738292032000005e-06,2.4818354012e-06,2.4053030320000005e-06,7.9921659836e-06,,2017,7,2017
2017-07-17,8.746556480000002e-06,1.5962465576000003e-06,5.280733474800001e-06,4.187413914800001e-06,3.2362258976000003e-06,2.5802341616000005e-06,2.3834366408000004e-06,7.707902898e-06,,2017,7,2017
2017-07-18,8.527892568000001e-06,1.4978477972000005e-06,5.1276687364e-06,4.0124827852e-06,2.7551652912000005e-06,2.45996901e-06,2.2631714892e-06,7.5329717684e-06,,2017,7,2017
2017-07-19,8.418560612000002e-06,1.4759814060000002e-06,5.0511363672000015e-06,3.935950416000001e-06,2.6786329220000003e-06,2.3943698364000005e-06,2.1757059244000004e-06,7.379907030000002e-06,,2017,7,2017
2017-07-20,8.309228656e-06,1.4431818192000002e-06,4.9418044112e-06,3.881284438e-06,2.569300966e-06,2.3069042716000003e-06,2.0554407728000005e-06,7.183109509200001e-06,,2017,7,2017
2017-07-21,8.090564744000002e-06,1.3994490368000005e-06,4.843405650800001e-06,3.8047520688000008e-06,2.5146349880000003e-06,2.2413050980000005e-06,1.9789084036000003e-06,6.964445597200001e-06,,2017,7,2017
2017-07-22,7.871900832000001e-06,1.2573174940000002e-06,4.723140499200001e-06,3.706353308400001e-06,2.4053030320000005e-06,2.0991735552e-06,1.8477100564000005e-06,6.833247250000001e-06,,2017,7,2017
2017-07-23,7.871900832000001e-06,1.2135847116000005e-06,4.6903409124e-06,3.684486917200001e-06,2.3178374672000003e-06,2.0554407728000005e-06,1.8149104696e-06,6.734848489600001e-06,,2017,7,2017
2017-07-24,7.762568876e-06,1.2026515160000002e-06,4.6028753476e-06,3.6079545480000007e-06,2.2631714892e-06,2.0117079904000004e-06,1.7383781004000002e-06,6.570850555600001e-06,,2017,7,2017
2017-07-25,7.543904964e-06,1.0714531688000002e-06,4.493543391600001e-06,3.487689396400001e-06,2.1757059244000004e-06,1.8258436652e-06,1.6181129488e-06,6.417785817200001e-06,,2017,7,2017
2017-07-26,7.325241052000002e-06,1.0167871908000002e-06,4.362345044400001e-06,3.4002238316000003e-06,2.0991735552e-06,1.6181129488e-06,1.4650482104000002e-06,6.2647210788000005e-06,,2017,7,2017
2017-07-27,7.2159090960000015e-06,9.402548216e-07,4.285812675200001e-06,3.3127582668e-06,2.0226411860000004e-06,1.5634469708000002e-06,1.3119834720000005e-06,6.133522731600001e-06,,2017,7,2017
2017-07-28,7.106577140000002e-06,9.839876040000002e-07,4.307679066400001e-06,3.3564910492e-06,1.9789084036000003e-06,1.5962465576000003e-06,1.2791838852000002e-06,6.133522731600001e-06,,2017,7,2017
2017-07-29,6.997245184000001e-06,9.183884304e-07,4.187413914800001e-06,3.3236914624000005e-06,1.8914428388e-06,1.4759814060000002e-06,1.3119834720000005e-06,6.013257580000001e-06,,2017,7,2017
2017-07-30,6.778581272000001e-06,8.309228656000001e-07,4.067148763200001e-06,3.2252927020000003e-06,1.7930440784000003e-06,1.3775826456000002e-06,1.2354511028e-06,5.892992428400001e-06,,2017,7,2017
2017-07-31,6.669249316e-06,7.762568876000001e-07,4.023415980800001e-06,3.1487603328000005e-06,1.7274449048000002e-06,1.2901170808000002e-06,1.1589187336e-06,5.882059232800002e-06,,2017,7,2017
2017-08-01,6.4505854040000005e-06,7.106577140000001e-07,3.935950416000001e-06,3.0722279636000008e-06,1.6509125356000002e-06,1.1917183204000002e-06,1.0714531688000002e-06,5.7508608856000015e-06,,2017,8,2017
2017-08-02,6.341253448000001e-06,6.122589536e-07,3.771952482e-06,2.8972968340000008e-06,1.5415805796e-06,1.0823863644000002e-06,9.949207996000002e-07,5.652462125200001e-06,,2017,8,2017
2017-08-03,6.122589536000002e-06,5.247933888e-07,3.5860881568000007e-06,2.7114325088000004e-06,1.3885158412000005e-06,8.637224524000001e-07,9.511880172000002e-07,5.554063364800001e-06,,2017,8,2017
2017-08-04,6.013257580000001e-06,5.029269976000001e-07,3.531422178800001e-06,2.6786329220000003e-06,1.3447830588e-06,8.418560612000001e-07,9.402548216e-07,5.488464191200002e-06,,2017,8,2017
2017-08-05,5.903925624000001e-06,5.138601932000001e-07,3.4986225920000005e-06,2.5911673572e-06,1.3010502764000005e-06,9.183884304e-07,9.621212128e-07,5.466597800000001e-06,,2017,8,2017
2017-08-06,5.903925624000001e-06,5.575929756e-07,3.487689396400001e-06,2.6895661176000003e-06,1.2573174940000002e-06,9.183884304e-07,9.511880172000002e-07,5.422865017600001e-06,,2017,8,2017
2017-08-07,5.903925624000001e-06,6.669249316000001e-07,3.487689396400001e-06,2.7114325088000004e-06,1.2135847116000005e-06,1.0167871908000002e-06,9.511880172000002e-07,5.3681990396e-06,,2017,8,2017
2017-08-08,5.6852617120000005e-06,5.685261712e-07,3.3892906360000006e-06,2.569300966e-06,1.1589187336e-06,8.527892568000002e-07,8.965220392000002e-07,5.2260674968e-06,,2017,8,2017
2017-08-09,5.6852617120000005e-06,5.029269976000001e-07,3.3018250712000004e-06,2.6130337484e-06,1.1042527556000002e-06,7.653236920000003e-07,8.746556480000001e-07,5.171401518800001e-06,,2017,8,2017
2017-08-10,5.6852617120000005e-06,5.247933888e-07,3.3127582668e-06,2.6021005528000005e-06,1.0605199732e-06,8.090564744000001e-07,9.183884304e-07,5.1495351276000005e-06,,2017,8,2017
2017-08-11,5.575929756000001e-06,6.778581272000001e-07,3.334624658e-06,2.6349001396e-06,1.0714531688000002e-06,9.511880172000002e-07,9.29321626e-07,5.105802345200001e-06,,2017,8,2017
2017-08-12,5.466597800000001e-06,6.013257580000001e-07,3.2580922888000003e-06,2.5911673572e-06,1.0277203864000005e-06,8.746556480000001e-07,8.965220392000002e-07,5.073002758400001e-06,,2017,8,2017
2017-08-13,5.466597800000001e-06,7.106577140000001e-07,3.2034263108e-06,2.5802341616000005e-06,1.0823863644000002e-06,9.621212128e-07,1.0058539952000002e-06,5.040203171600001e-06,,2017,8,2017
2017-08-14,5.575929756000001e-06,8.637224524000001e-07,3.1378271372e-06,2.569300966e-06,1.0714531688000002e-06,1.1151859512e-06,9.839876040000002e-07,5.0620695628e-06,,2017,8,2017
2017-08-15,5.3572658440000005e-06,7.106577140000001e-07,3.0722279636000008e-06,2.4709022056e-06,9.621212128e-07,9.183884304e-07,9.183884304e-07,5.0511363672000015e-06,,2017,8,2017
2017-08-16,5.3572658440000005e-06,6.341253448000001e-07,2.9519628120000005e-06,2.4053030320000005e-06,9.074552348e-07,8.309228656000001e-07,8.090564744000001e-07,4.9636708024000005e-06,,2017,8,2017
2017-08-17,5.138601932e-06,5.357265844000001e-07,2.798898073600001e-06,2.3506370540000004e-06,8.746556480000001e-07,7.106577140000001e-07,7.543904964000002e-07,4.91993802e-06,,2017,8,2017
2017-08-18,5.138601932e-06,4.919938020000001e-07,2.7770316824000005e-06,2.2741046848e-06,8.309228656000001e-07,6.559917360000001e-07,7.434573008000001e-07,4.843405650800001e-06,,2017,8,2017
2017-08-19,5.029269976000001e-06,4.482610196000001e-07,2.7551652912000005e-06,2.2194387068000005e-06,7.871900832000001e-07,6.341253448000001e-07,7.215909096000001e-07,4.788739672800001e-06,,2017,8,2017
2017-08-20,5.029269976000001e-06,,2.766098486800001e-06,2.2194387068000005e-06,7.543904964000002e-07,6.231921492000001e-07,7.106577140000001e-07,4.799672868400001e-06,,2017,8,2017
2017-08-21,4.91993802e-06,,2.7770316824000005e-06,2.2085055112000005e-06,7.215909096000001e-07,5.794593668000001e-07,7.106577140000001e-07,4.745006890400001e-06,,2017,8,2017
2017-08-22,4.91993802e-06,,2.7114325088000004e-06,2.1866391200000004e-06,6.778581272000001e-07,5.794593668000001e-07,6.887913228000001e-07,4.7122073036e-06,,2017,8,2017
2017-08-23,4.91993802e-06,,2.6458333352e-06,2.1647727288000004e-06,6.559917360000001e-07,5.903925624000001e-07,7.106577140000001e-07,4.7122073036e-06,,2017,8,2017
2017-08-24,4.810606064000001e-06,,2.6021005528000005e-06,2.1429063376000003e-06,6.778581272000001e-07,6.341253448000001e-07,6.778581272000001e-07,4.7122073036e-06,,2017,8,2017
2017-08-25,4.810606064000001e-06,,2.5365013792000004e-06,2.1210399464000003e-06,6.450585404000001e-07,5.685261712e-07,6.559917360000001e-07,4.679407716800001e-06,,2017,8,2017
2017-08-26,4.701274108000001e-06,,,,6.013257580000001e-07,5.029269976000001e-07,6.013257580000001e-07,4.559142565200001e-06,,2017,8,2017
2017-08-27,4.5919421520000005e-06,,,,5.575929756e-07,,5.685261712e-07,4.4498106092000006e-06,,2017,8,2017
2017-08-28,4.5919421520000005e-06,,,,5.247933888e-07,,,4.351411848800001e-06,,2017,8,2017
2017-08-29,4.482610196000001e-06,,,,5.138601932000001e-07,,,4.307679066400001e-06,,2017,8,2017
2017-08-30,,,,,4.919938020000001e-07,,,,,2017,8,2017
2017-08-31,,,,,,,,,,2017,8,2017
2017-09-01,,,,,,,,,,2017,9,2017
2017-09-02,,,,,,,,,,2017,9,2017
2017-09-03,,,,,,,,,,2017,9,2017
2017-09-04,,,,,,,,,,2017,9,2017
2017-09-05,,,,,,,,,,2017,9,2017
2017-09-06,,,,,,,,,,2017,9,2017
2017-09-07,,,,,,,,,,2017,9,2017
2017-09-08,,,,,,,,,,2017,9,2017
2017-09-09,,,,,,,,,,2017,9,2017
2017-09-10,,,,,,,,,,2017,9,2017
2017-09-11,,,,,,,,,,2017,9,2017
2017-09-12,,,,,,,,,,2017,9,2017
2017-09-13,,,,,,,,,,2017,9,2017
2017-09-14,,,,,,,,,,2017,9,2017
2017-09-15,,,,,,,,,,2017,9,2017
2017-09-16,,,,,,,,,,2017,9,2017
2017-09-17,,,,,,,,,,2017,9,2017
2017-09-18,,,,,,,,,,2017,9,2017
2017-09-19,,,,,,,,,,2017,9,2017
2017-09-20,,,,,,,,,,2017,9,2017
2017-09-21,,,,,,,,,,2017,9,2017
2017-09-22,,,,,,,,,,2017,9,2017
2017-09-23,,,,,,,,,,2017,9,2017
2017-09-24,,,,,,,,,,2017,9,2017
2017-09-25,,,,,,,,,,2017,9,2017
2017-09-26,,,,,,,,,,2017,9,2017
2017-09-27,,,,,,,,,,2017,9,2017
2017-09-28,,,,,,,,,,2017,9,2017
2017-09-29,,,,,,,,,,2017,9,2017
2017-09-30,,,,,,,,,,2017,9,2017
2017-10-01,,,,,,,,,,2017,10,2018
2017-10-02,,,,,,,,,,2017,10,2018
2017-10-03,,,,,,,,,,2017,10,2018
2017-10-04,,,,,,,,,,2017,10,2018
2017-10-05,,,,,,,,,,2017,10,2018
2017-10-06,,,,,,,,,,2017,10,2018
2017-10-07,,,,,,,,,,2017,10,2018
2017-10-08,,,,,,,,,,2017,10,2018
2017-10-09,,,,,,,,,,2017,10,2018
2017-10-10,,,,,,,,,,2017,10,2018
2017-10-11,,,,,,,,,,2017,10,2018
2017-10-12,,,,,,,,,,2017,10,2018
2017-10-13,,,,,,,,,,2017,10,2018
2017-10-14,,,,,,,,,,2017,10,2018
2017-10-15,,,,,,,,,,2017,10,2018
2017-10-16,,,,,,,,,,2017,10,2018
2017-10-17,,,,,,,,,,2017,10,2018
2017-10-18,,,,,,,,,,2017,10,2018
2017-10-19,,,,,,,,,,2017,10,2018
2017-10-20,,,,,,,,,,2017,10,2018
2017-10-21,,,,,,,,,,2017,10,2018
2017-10-22,,,,,,,,,,2017,10,2018
2017-10-23,,,,,,,,,,2017,10,2018
2017-10-24,,,,,,,,,,2017,10,2018
2017-10-25,,,,,,,,,,2017,10,2018
2017-10-26,,,,,,,,,,2017,10,2018
2017-10-27,,,,,,,,,,2017,10,2018
2017-10-28,,,,,,,,,,2017,10,2018
2017-10-29,,,,,,,,,,2017,10,2018
2017-10-30,,,,,,,,,,2017,10,2018
2017-10-31,,,,,,,,,,2017,10,2018
2017-11-01,,,,,,,,,,2017,11,2018
2017-11-02,,,,,,,,,,2017,11,2018
2017-11-03,,,,,,,,,,2017,11,2018
2017-11-04,,,,,,,,,,2017,11,2018
2017-11-05,,,,,,,,,,2017,11,2018
2017-11-06,,,,,,,,,,2017,11,2018
2017-11-07,,,,,,,,,,2017,11,2018
2017-11-08,,,,,,,,,,2017,11,2018
2017-11-09,,,,,,,,,,2017,11,2018
2017-11-10,,,,,,,,,,2017,11,2018
2017-11-11,,,,,,,,,,2017,11,2018
2017-11-12,,,,,,,,,,2017,11,2018
2017-11-13,,,,,,,,,,2017,11,2018
2017-11-14,,,,,,,,,,2017,11,2018
2017-11-15,,,,,,,,,,2017,11,2018
2017-11-16,,,,,,,,,,2017,11,2018
2017-11-17,,,,,,,,,,2017,11,2018
2017-11-18,,,,,,,,,,2017,11,2018
2017-11-19,,,,,,,,,,2017,11,2018
2017-11-20,,,,,,,,,,2017,11,2018
2017-11-21,,,,,,,,,,2017,11,2018
2017-11-22,,,,,,,,,,2017,11,2018
2017-11-23,,,,,,,,,,2017,11,2018
2017-11-24,,,,,,,,,,2017,11,2018
2017-11-25,,,,,,,,,,2017,11,2018
2017-11-26,,,,,,,,,,2017,11,2018
2017-11-27,,,,,,,,,,2017,11,2018
2017-11-28,,,,,,,,,,2017,11,2018
2017-11-29,,,,,,,,,,2017,11,2018
2017-11-30,,,,,,,,,,2017,11,2018
2017-12-01,,,,,,,,,,2017,12,2018
2017-12-02,,,,,,,,,,2017,12,2018
2017-12-03,,,,,,,,,,2017,12,2018
2017-12-04,,,,,,,,,,2017,12,2018
2017-12-05,,,,,,,,,,2017,12,2018
2017-12-06,,,,,,,,,,2017,12,2018
2017-12-07,,,,,,,,,,2017,12,2018
2017-12-08,,,,,,,,,,2017,12,2018
2017-12-09,,,,,,,,,,2017,12,2018
2017-12-10,,,,,,,,,,2017,12,2018
2017-12-11,,,,,,,,,,2017,12,2018
2017-12-12,,,,,,,,,,2017,12,2018
2017-12-13,,,,,,,,,,2017,12,2018
2017-12-14,,,,,,,,,,2017,12,2018
2017-12-15,,,,,,,,,,2017,12,2018
2017-12-16,,,,,,,,,,2017,12,2018
2017-12-17,,,,,,,,,,2017,12,2018
2017-12-18,,,,,,,,,,2017,12,2018
2017-12-19,,,,,,,,,,2017,12,2018
2017-12-20,,,,,,,,,,2017,12,2018
2017-12-21,,,,,,,,,,2017,12,2018
2017-12-22,,,,,,,,,,2017,12,2018
2017-12-23,,,,,,,,,,2017,12,2018
2017-12-24,,,,,,,,,,2017,12,2018
2017-12-25,,,,,,,,,,2017,12,2018
2017-12-26,,,,,,,,,,2017,12,2018
2017-12-27,,,,,,,,,,2017,12,2018
2017-12-28,,,,,,,,,,2017,12,2018
2017-12-29,,,,,,,,,,2017,12,2018
2017-12-30,,,,,,,,,,2017,12,2018
2017-12-31,,,,,,,,,,2017,12,2018
2018-01-01,,,,,,,,,,2018,1,2018
2018-01-02,,,,,,,,,,2018,1,2018
2018-01-03,,,,,,,,,,2018,1,2018
2018-01-04,,,,,,,,,,2018,1,2018
2018-01-05,,,,,,,,,,2018,1,2018
2018-01-06,,,,,,,,,,2018,1,2018
2018-01-07,,,,,,,,,,2018,1,2018
2018-01-08,,,,,,,,,,2018,1,2018
2018-01-09,,,,,,,,,,2018,1,2018
2018-01-10,,,,,,,,,,2018,1,2018
2018-01-11,,,,,,,,,,2018,1,2018
2018-01-12,,,,,,,,,,2018,1,2018
2018-01-13,,,,,,,,,,2018,1,2018
2018-01-14,,,,,,,,,,2018,1,2018
2018-01-15,,,,,,,,,,2018,1,2018
2018-01-16,,,,,,,,,,2018,1,2018
2018-01-17,,,,,,,,,,2018,1,2018
2018-01-18,,,,,,,,,,2018,1,2018
2018-01-19,,,,,,,,,,2018,1,2018
2018-01-20,,,,,,,,,,2018,1,2018
2018-01-21,,,,,,,,,,2018,1,2018
2018-01-22,,,,,,,,,,2018,1,2018
2018-01-23,,,,,,,,,,2018,1,2018
2018-01-24,,,,,,,,,,2018,1,2018
2018-01-25,,,,,,,,,,2018,1,2018
2018-01-26,,,,,,,,,,2018,1,2018
2018-01-27,,,,,,,,,,2018,1,2018
2018-01-28,,,,,,,,,,2018,1,2018
2018-01-29,,,,,,,,,,2018,1,2018
2018-01-30,,,,,,,,,,2018,1,2018
2018-01-31,,,,,,,,,,2018,1,2018
2018-02-01,,,,,,,,,,2018,2,2018
2018-02-02,,,,,,,,,,2018,2,2018
2018-02-03,,,,,,,,,,2018,2,2018
2018-02-04,,,,,,,,,,2018,2,2018
2018-02-05,,,,,,,,,,2018,2,2018
2018-02-06,,,,,,,,,,2018,2,2018
2018-02-07,,,,,,,,,,2018,2,2018
2018-02-08,,,,,,,,,,2018,2,2018
2018-02-09,,,,,,,,,,2018,2,2018
2018-02-10,,,,,,,,,,2018,2,2018
2018-02-11,,,,,,,,,,2018,2,2018
2018-02-12,,,,,,,,,,2018,2,2018
2018-02-13,,,,,,,,,,2018,2,2018
2018-02-14,,,,,,,,,,2018,2,2018
2018-02-15,,,,,,,,,,2018,2,2018
2018-02-16,,,,,,,,,,2018,2,2018
2018-02-17,,,,,,,,,,2018,2,2018
2018-02-18,,,,,,,,,,2018,2,2018
2018-02-19,,,,,,,,,,2018,2,2018
2018-02-20,,,,,,,,,,2018,2,2018
2018-02-21,,,,,,,,,,2018,2,2018
2018-02-22,,,,,,,,,,2018,2,2018
2018-02-23,,,,,,,,,,2018,2,2018
2018-02-24,,,,,,,,,,2018,2,2018
2018-02-25,,,,,,,,,,2018,2,2018
2018-02-26,,,,,,,,,,2018,2,2018
2018-02-27,,,,,,,,,,2018,2,2018
2018-02-28,,,,,,,,,,2018,2,2018
2018-03-01,,,,,,,,,,2018,3,2018
2018-03-02,,,,,,,,,,2018,3,2018
2018-03-03,,,,,,,,,,2018,3,2018
2018-03-04,,,,,,,,,,2018,3,2018
2018-03-05,,,,,,,,,,2018,3,2018
2018-03-06,,,,,,,,,,2018,3,2018
2018-03-07,,,,,,,,,,2018,3,2018
2018-03-08,,,,,,,,,,2018,3,2018
2018-03-09,,,,,,,,,,2018,3,2018
2018-03-10,,,,,,,,,,2018,3,2018
2018-03-11,,,,,,,,,,2018,3,2018
2018-03-12,,,,,,,,,,2018,3,2018
2018-03-13,,,,,,,,,,2018,3,2018
2018-03-14,,,,,,,,,,2018,3,2018
2018-03-15,,,,,,,,,,2018,3,2018
2018-03-16,,,,,,,,,,2018,3,2018
2018-03-17,,,,,,,,,,2018,3,2018
2018-03-18,,,,,,,,,,2018,3,2018
2018-03-19,,,,,,,,,,2018,3,2018
2018-03-20,,,,,,,,,,2018,3,2018
2018-03-21,,,,,,,,,,2018,3,2018
2018-03-22,,,,,,,,,,2018,3,2018
2018-03-23,,,,,,,,,,2018,3,2018
2018-03-24,,,,,,,,,,2018,3,2018
2018-03-25,,,,,,,,,,2018,3,2018
2018-03-26,,,,,,,,,,2018,3,2018
2018-03-27,,,,,,,,,,2018,3,2018
2018-03-28,,,,,,,,,,2018,3,2018
2018-03-29,,,,,,,,,,2018,3,2018
2018-03-30,,,,,,,,,,2018,3,2018
2018-03-31,,,,,,,,,,2018,3,2018
2018-04-01,,,,,,,,,,2018,4,2018
2018-04-02,,,,,,,,,,2018,4,2018
2018-04-03,,,,,,,,,,2018,4,2018
2018-04-04,,,,,,,,,,2018,4,2018
2018-04-05,,,,,,,,,,2018,4,2018
2018-04-06,,,,,,,,,,2018,4,2018
2018-04-07,,,,,,,,,,2018,4,2018
2018-04-08,0.000232767734324,,0.0001406774277852,,,,,0.0002701483300804,,2018,4,2018
2018-04-09,0.000181928374784,,0.0001104580751468,,,,,0.0001995636192868,,2018,4,2018
2018-04-10,0.000146942148864,,8.012939055240001e-05,,,,,0.0001758932508128,,2018,4,2018
2018-04-11,0.000131089015244,,6.510717979800001e-05,,,,,0.0001694973313868,,2018,4,2018
2018-04-12,0.000117094524876,,7.337267567160001e-05,,,,,0.0001318871385228,,2018,4,2018
2018-04-13,0.000115673209448,,9.148898078080002e-05,,,0.0001003995351948,0.0001562025655372,0.0001169195937464,,2018,4,2018
2018-04-14,0.0001175318527,,0.0001018317838184,,,7.24214876544e-05,0.000124146436038,0.0001252506887936,,2018,4,2018
2018-04-15,0.00011971849182,,9.209030653880002e-05,,,6.47463843432e-05,8.917114331360002e-05,0.000136227617176,,2018,4,2018
2018-04-16,0.000122014462896,,9.512973491560002e-05,,9.01223313308e-05,8.079631548400001e-05,9.713050971040004e-05,0.0001324775310852,,2018,4,2018
2018-04-17,0.000118406508348,0.000102280044838,0.0001118575241836,0.000105997331342,8.246909441080002e-05,0.0001010117941484,0.000151752754928,0.0001072327824448,,2018,4,2018
2018-04-18,0.000109331956,8.91930097048e-05,0.0001090804925012,9.43206784412e-05,7.678383269880001e-05,7.552651520480001e-05,0.0001201120868616,9.35006887712e-05,,2018,4,2018
2018-04-19,9.621212128000002e-05,5.882059232800001e-05,8.900714537960001e-05,7.51001205764e-05,6.831060610880002e-05,5.380225554760001e-05,7.53734504664e-05,8.697357099800002e-05,,2018,4,2018
2018-04-20,8.527892568000001e-05,4.050748969800001e-05,7.16780303536e-05,5.948751725960001e-05,6.20677514212e-05,4.202720388640001e-05,5.1932679100000006e-05,8.594585061160001e-05,,2018,4,2018
2018-04-21,7.981232788000001e-05,3.0940943548000005e-05,5.941098489040001e-05,4.8751119180400007e-05,6.030750692960001e-05,3.4089703880800005e-05,3.923923900840001e-05,8.901807857520001e-05,,2018,4,2018
2018-04-22,7.303374660800001e-05,2.5966339550000003e-05,5.0248966977600006e-05,4.1699208018400006e-05,5.439264811e-05,2.8152978670000005e-05,3.16188016752e-05,8.603331617640001e-05,,2018,4,2018
2018-04-23,6.7567148808e-05,2.2216253459200004e-05,4.225680099400001e-05,3.67683368028e-05,4.846685609480001e-05,2.3353305801600007e-05,2.5441546161200005e-05,8.203176658680001e-05,,2018,4,2018
2018-04-24,6.538050968800002e-05,1.9373622603200003e-05,3.6320075783200005e-05,3.25043905188e-05,4.3732782400000006e-05,2.0576274119200003e-05,2.1582128114400003e-05,8.520239331080001e-05,,2018,4,2018
2018-04-25,6.942579206e-05,1.7219783070000003e-05,3.2077995890400004e-05,2.9213498643200003e-05,3.83317837736e-05,1.8783230040800004e-05,1.9001893952800003e-05,0.0001042589532416,,2018,4,2018
2018-04-26,7.981232788000001e-05,1.5536070947600003e-05,2.91041666872e-05,2.6731663242e-05,3.273398762640001e-05,1.72853822436e-05,1.7143250700800002e-05,0.0001365774794352,,2018,4,2018
2018-04-27,8.167097113200001e-05,1.45520833436e-05,2.6928460762800005e-05,2.4545024122000004e-05,2.9082300296000005e-05,1.62467286616e-05,1.5820334033200003e-05,0.0001325540634544,,2018,4,2018
2018-04-28,6.898846423600001e-05,1.3753960064800002e-05,2.55180785304e-05,2.32002410632e-05,2.5714876051200005e-05,1.5820334033200003e-05,1.4912878798400004e-05,9.966701108960002e-05,,2018,4,2018
2018-04-29,6.3521866436e-05,1.32510330672e-05,2.4063963515600004e-05,2.20631887208e-05,2.5026084728400007e-05,1.4967544776400002e-05,1.4235020671200002e-05,8.89524794016e-05,,2018,4,2018
2018-04-30,6.122589536e-05,1.2835571634400002e-05,2.2784779630400004e-05,2.02482782512e-05,2.3703168060800007e-05,1.4191287888800003e-05,1.34259641968e-05,8.562878793920003e-05,,2018,4,2018
2018-05-01,5.400998626400001e-05,1.2168646702800002e-05,2.1636794092400005e-05,1.8422434586000003e-05,2.1363464202400005e-05,1.3436897392400004e-05,1.2693440091600002e-05,7.448786162280001e-05,,2018,5,2018
2018-05-02,4.898071628800002e-05,1.1370523424e-05,2.0488808554400003e-05,1.6946453180000003e-05,1.89581611704e-05,1.2584108135600002e-05,1.20593147468e-05,6.592716946800001e-05,,2018,5,2018
2018-05-03,4.810606064000001e-05,1.06379993188e-05,1.93408230164e-05,1.5557937338800003e-05,1.68043216372e-05,1.17313188788e-05,1.1075327142800002e-05,6.45714532136e-05,,2018,5,2018
2018-05-04,4.810606064000001e-05,9.9710743872e-06,1.8520833346400003e-05,1.4737947668800004e-05,1.5415805796e-05,1.1009727969200002e-05,1.0047606756400002e-05,6.418879136760002e-05,,2018,5,2018
2018-05-05,4.6247417388000016e-05,9.4134814116e-06,1.7875774806000003e-05,1.40928891284e-05,1.4158488302000004e-05,1.04521349936e-05,9.304149455600002e-06,6.16304235972e-05,,2018,5,2018
2018-05-06,4.537276174000001e-05,8.9542871964e-06,1.7274449048000004e-05,1.3261966262800003e-05,1.32728994584e-05,9.982007582800002e-06,8.9214876096e-06,6.028564053840001e-05,,2018,5,2018
2018-05-07,4.2748794796e-05,8.418560612000002e-06,1.67059228768e-05,1.2496642570800002e-05,1.2452909788400002e-05,9.435347802800002e-06,8.112431135200001e-06,5.5540633648e-05,,2018,5,2018
2018-05-08,4.1764807192e-05,8.035898766e-06,1.6060864336400005e-05,1.1862517226000002e-05,1.1829717639200005e-05,8.670024110800001e-06,7.554838159600001e-06,5.3211862985200014e-05,,2018,5,2018
2018-05-09,4.056215567600001e-05,7.762568876e-06,1.56126033168e-05,1.15454545536e-05,1.1414256206400004e-05,7.2377754872000015e-06,6.9863119884000005e-06,5.08721591268e-05,,2018,5,2018
2018-05-10,3.771952482000001e-05,7.325241052000002e-06,1.5251807862000004e-05,1.13595902284e-05,1.11409263164e-05,6.680182511600001e-06,6.9863119884000005e-06,4.7887396728e-05,,2018,5,2018
2018-05-11,3.454889809600001e-05,7.128443531200001e-06,1.4737947668800004e-05,1.11190599252e-05,1.1009727969200002e-05,6.6255165336e-06,6.647382924800001e-06,4.2858126752e-05,,2018,5,2018
2018-05-12,3.1487603328000005e-05,6.745781685200002e-06,1.40928891284e-05,1.08894628176e-05,1.04849345804e-05,6.330320252400001e-06,6.1444559272000015e-06,3.8145919448400007e-05,,2018,5,2018
2018-05-13,2.9738292032000004e-05,6.4833849908e-06,1.3710227282400002e-05,1.0506800971600002e-05,1.0014807169600005e-05,5.860192841600001e-06,5.783660472400001e-06,3.4997159115600006e-05,,2018,5,2018
2018-05-14,2.8098312692000003e-05,6.024190775600002e-06,1.3240099871600002e-05,1.0233471081600002e-05,9.56654615e-06,5.532196973600002e-06,5.193267910000001e-06,3.3193181841600004e-05,,2018,5,2018
2018-05-15,2.6676997264e-05,5.914858819600001e-06,1.2933970394800002e-05,9.7961432576e-06,9.1729511084e-06,5.4556646044e-06,4.974603998000001e-06,3.160786847960001e-05,,2018,5,2018
2018-05-16,2.5474345748000007e-05,5.9804579932000016e-06,1.2693440091600002e-05,9.347882238000002e-06,8.943354000800001e-06,4.996470389200001e-06,4.9636708024000005e-06,2.9716425640800005e-05,,2018,5,2018
2018-05-17,2.3725034452000003e-05,5.6852617120000005e-06,1.229984505e-05,9.260416673200002e-06,8.877754827200002e-06,4.974603998000001e-06,4.810606064000001e-06,2.717992426160001e-05,,2018,5,2018
2018-05-18,2.2085055112000005e-05,5.3681990396e-06,1.1895316812800002e-05,9.0308195656e-06,8.495092981200002e-06,4.7778064772000005e-06,4.6028753476e-06,2.4752754838400003e-05,,2018,5,2018
2018-05-19,2.0663739684000003e-05,5.171401518800001e-06,1.11737259032e-05,8.659090915200001e-06,8.003099179200002e-06,4.296745870800001e-06,4.2639462840000006e-06,2.2970643955600004e-05,,2018,5,2018
2018-05-20,1.9570420124e-05,5.0511363672000015e-06,1.0867596426400002e-05,8.495092981200002e-06,7.7516356804e-06,4.307679066400001e-06,4.099948350000001e-06,2.1210399464000003e-05,,2018,5,2018
2018-05-21,1.8695764476000003e-05,4.832472455200001e-06,1.0714531688e-05,8.188963504400002e-06,7.5657713552e-06,4.373278240000001e-06,3.7938188732e-06,1.9964015165600005e-05,,2018,5,2018
2018-05-22,1.7821108828e-05,4.5700757608e-06,1.0714531688e-05,7.871900832000001e-06,7.248708682800002e-06,3.990616394e-06,3.5751549612000007e-06,1.9034693539600005e-05,,2018,5,2018
2018-05-23,1.7055785136000002e-05,4.4498106092000006e-06,1.0692665296800002e-05,7.6641701156e-06,6.909779619200001e-06,3.750086090800001e-06,3.465823005200001e-06,1.8061639131200003e-05,,2018,5,2018
2018-05-24,1.6290461444000003e-05,4.2420798928000005e-06,1.03974690156e-05,7.6641701156e-06,6.614583338000001e-06,3.684486917200001e-06,3.1050275504000004e-06,1.7219783070000003e-05,,2018,5,2018
2018-05-25,1.5962465576e-05,4.406077826800001e-06,9.7414772796e-06,7.6641701156e-06,6.384986230400001e-06,3.3674242448000006e-06,2.9519628120000005e-06,1.66512568988e-05,,2018,5,2018
2018-05-26,1.5525137752e-05,4.340478653200001e-06,9.402548216e-06,7.6641701156e-06,6.3521866436e-06,3.728219699600001e-06,3.2143595064000007e-06,1.6192062683600003e-05,,2018,5,2018
2018-05-27,1.4869146016000002e-05,4.110881545600001e-06,9.1073519348e-06,7.6641701156e-06,6.253787883200001e-06,3.6298209392e-06,2.941029616400001e-06,1.5361139818000003e-05,,2018,5,2018
2018-05-28,1.4213154280000004e-05,3.7610192864e-06,8.790289262400002e-06,7.784435267200001e-06,6.1007231448000014e-06,3.170626724000001e-06,2.3943698364000005e-06,1.45520833436e-05,,2018,5,2018
2018-05-29,1.3885158412e-05,3.8156852644e-06,8.680957306400002e-06,7.740702484800001e-06,5.9804579932000016e-06,3.1487603328000005e-06,2.3943698364000005e-06,1.3950757585600004e-05,,2018,5,2018
2018-05-30,1.3447830588e-05,3.8047520688000008e-06,8.495092981200002e-06,7.5329717684e-06,5.816460059200001e-06,2.744232095600001e-06,2.3943698364000005e-06,1.3141701111200002e-05,,2018,5,2018
2018-05-31,1.3229166676000004e-05,3.990616394e-06,8.2654958736e-06,7.434573008000001e-06,5.674328516400001e-06,2.919163225200001e-06,2.3943698364000005e-06,1.29449035904e-05,,2018,5,2018
2018-06-01,1.2901170808e-05,3.717286504000001e-06,8.112431135200001e-06,7.358040638800001e-06,5.707128103200001e-06,2.7223657044e-06,2.252238293600001e-06,1.2584108135600002e-05,,2018,6,2018
2018-06-02,1.2354511028e-05,3.4439566140000008e-06,7.981232788e-06,7.139376726800002e-06,5.521263778000001e-06,2.5255681836000008e-06,2.1319731420000003e-06,1.1949982790800002e-05,,2018,6,2018
2018-06-03,1.1917183204000005e-05,3.4330234184000003e-06,7.6204373332e-06,6.745781685200002e-06,5.346332648400001e-06,2.438102618800001e-06,2.1319731420000003e-06,1.15454545536e-05,,2018,6,2018
2018-06-04,1.1589187336000005e-05,3.4439566140000008e-06,7.434573008000001e-06,6.6583161204000014e-06,5.237000692400001e-06,2.2741046848e-06,2.1319731420000003e-06,1.1261191468000002e-05,,2018,6,2018
2018-06-05,1.1261191468000002e-05,3.061294768000001e-06,7.434573008000001e-06,6.538050968800001e-06,5.105802345200001e-06,1.9789084036000003e-06,2.0335743816000005e-06,1.0780130861600002e-05,,2018,6,2018
2018-06-06,1.0933195600000002e-05,2.766098486800001e-06,7.587637746400001e-06,6.3084538612e-06,4.854338846400001e-06,2.077307164e-06,1.7383781004000002e-06,1.0408402211200002e-05,,2018,6,2018
2018-06-07,1.0714531688e-05,2.6895661176000003e-06,7.587637746400001e-06,6.111656340400002e-06,4.6247417388e-06,2.0991735552e-06,1.6399793400000002e-06,1.02553374728e-05,,2018,6,2018
2018-06-08,1.0714531688e-05,3.061294768000001e-06,7.860967636400002e-06,6.461518599600001e-06,4.788739672800001e-06,2.2194387068000005e-06,2.1319731420000003e-06,1.08019972528e-05,,2018,6,2018
2018-06-09,1.6618457312e-05,6.374053034800001e-06,1.3305699045200002e-05,1.2277978658800003e-05,1.02553374728e-05,5.969524797600001e-06,6.614583338000001e-06,2.0335743816000005e-05,,2018,6,2018
2018-06-10,1.8149104696000003e-05,6.5489841644e-06,1.2452909788400002e-05,1.1479855380000002e-05,9.763343670800002e-06,6.2209882964e-06,5.871126037200001e-06,2.1658660483600004e-05,,2018,6,2018
2018-06-11,1.5634469708000003e-05,4.9418044112e-06,9.56654615e-06,8.757489675600001e-06,7.5329717684e-06,3.771952482e-06,3.334624658e-06,1.7974173566400003e-05,,2018,6,2018
2018-06-12,1.3229166676000004e-05,3.6188877436000008e-06,8.057765157200001e-06,7.281508269600002e-06,6.1553891228e-06,2.5802341616000005e-06,2.5037017924000007e-06,1.4694214886400002e-05,,2018,6,2018
2018-06-13,1.2026515160000002e-05,3.1268939416000005e-06,7.292441465200002e-06,6.975378792800002e-06,5.3572658440000005e-06,2.0991735552e-06,2.3943698364000005e-06,1.30761019376e-05,,2018,6,2018
2018-06-14,1.1261191468000002e-05,2.8644972472000003e-06,6.898846423600001e-06,6.472451795200001e-06,4.9418044112e-06,2.0991735552e-06,1.9898415992000004e-06,1.2048381551200003e-05,,2018,6,2018
2018-06-15,1.0714531688e-05,2.6567665308e-06,6.647382924800001e-06,5.9804579932000016e-06,4.701274108000001e-06,1.91330923e-06,1.6399793400000002e-06,1.1425189402e-05,,2018,6,2018
2018-06-16,1.0605199732000002e-05,2.5911673572e-06,6.4505854040000005e-06,5.914858819600001e-06,4.5919421520000005e-06,1.6946453180000003e-06,1.6399793400000002e-06,1.1009727969200002e-05,,2018,6,2018
2018-06-17,1.0495867776000002e-05,2.6786329220000003e-06,6.297520665600001e-06,5.849259646000002e-06,4.537276174000001e-06,1.9679752080000003e-06,1.6290461444000002e-06,1.0747331274800002e-05,,2018,6,2018
2018-06-18,1.0167871908000002e-05,2.5146349880000003e-06,5.9804579932000016e-06,5.3572658440000005e-06,4.438877413600001e-06,1.9570420124000003e-06,1.421315428e-06,1.03974690156e-05,,2018,6,2018
2018-06-19,9.730544084e-06,2.3397038584000003e-06,5.3681990396e-06,4.887138433200001e-06,4.1983471104e-06,2.3834366408000004e-06,1.7383781004000002e-06,9.818009648800002e-06,,2018,6,2018
2018-06-20,1.1261191468000002e-05,3.0940943548000004e-06,8.057765157200001e-06,9.0636191524e-06,4.2420798928000005e-06,4.154614328e-06,3.935950416000001e-06,1.3349431827600003e-05,,2018,6,2018
2018-06-21,1.2791838852e-05,2.8754304428000007e-06,6.2756542744e-06,6.647382924800001e-06,4.0124827852e-06,4.0780819588000006e-06,3.4330234184000003e-06,1.1742252074400004e-05,,2018,6,2018
2018-06-22,1.0933195600000002e-05,2.4709022056e-06,5.554063364800001e-06,5.630595734000001e-06,3.684486917200001e-06,3.6188877436000008e-06,2.919163225200001e-06,1.06707989056e-05,,2018,6,2018
2018-06-23,1.0495867776000002e-05,2.2850378804e-06,5.280733474800001e-06,5.138601932e-06,3.542355374400001e-06,3.4548898096000004e-06,2.6895661176000003e-06,9.992940778400002e-06,,2018,6,2018
2018-06-24,1.0167871908000002e-05,2.1210399464000003e-06,5.105802345200001e-06,4.832472455200001e-06,3.3783574404e-06,3.1924931152000006e-06,2.5365013792000004e-06,9.347882238000002e-06,,2018,6,2018
2018-06-25,9.730544084e-06,1.9679752080000003e-06,4.974603998000001e-06,4.6138085432000005e-06,3.2580922888000003e-06,3.0394283768000003e-06,2.3725034452000004e-06,8.724690088800002e-06,,2018,6,2018
2018-06-26,9.621212128000002e-06,1.9789084036000003e-06,4.876205237600001e-06,4.504476587200001e-06,3.2143595064000007e-06,2.995695594400001e-06,2.3943698364000005e-06,8.374827829600002e-06,,2018,6,2018
2018-06-27,9.402548216e-06,1.91330923e-06,4.810606064000001e-06,4.384211435600001e-06,3.0722279636000008e-06,2.919163225200001e-06,2.3178374672000003e-06,8.145230722000002e-06,,2018,6,2018
2018-06-28,9.074552348000002e-06,1.8477100564000005e-06,4.7122073036e-06,4.2420798928000005e-06,2.941029616400001e-06,2.7770316824000005e-06,2.252238293600001e-06,7.926566810000001e-06,,2018,6,2018
2018-06-29,8.965220392000002e-06,1.7930440784000003e-06,4.766873281600001e-06,4.1983471104e-06,2.842630856e-06,2.8754304428000007e-06,2.2085055112000005e-06,7.729769289200001e-06,,2018,6,2018
2018-06-30,8.855888436000003e-06,1.6618457312000002e-06,4.6684745212e-06,4.0562155676000005e-06,2.7551652912000005e-06,2.8535640516000007e-06,2.1319731420000003e-06,7.5329717684e-06,,2018,6,2018
2018-07-01,8.527892568000001e-06,1.5743801664000005e-06,4.5919421520000005e-06,3.935950416000001e-06,2.6786329220000003e-06,2.8972968340000008e-06,2.0335743816000005e-06,7.281508269600002e-06,,2018,7,2018
2018-07-02,8.418560612000002e-06,1.5634469708000002e-06,4.504476587200001e-06,3.8594180468e-06,2.5802341616000005e-06,3.2143595064000007e-06,2.0007747948000004e-06,7.150309922400001e-06,,2018,7,2018
2018-07-03,8.090564744000002e-06,1.5525137752000002e-06,4.471677000400001e-06,3.7938188732e-06,2.4818354012e-06,2.6349001396e-06,2.0226411860000004e-06,7.0519111620000015e-06,,2018,7,2018
2018-07-04,7.762568876e-06,1.4541150148000002e-06,4.384211435600001e-06,3.695420112800001e-06,2.3615702496000004e-06,2.3178374672000003e-06,1.9570420124000003e-06,6.8879132280000016e-06,,2018,7,2018
2018-07-05,7.65323692e-06,1.4541150148000002e-06,4.318612262000001e-06,3.6298209392e-06,2.3287706628000003e-06,2.2631714892e-06,1.9023760344000004e-06,6.6364497292000005e-06,,2018,7,2018
2018-07-06,7.543904964e-06,1.3338498632e-06,4.1983471104e-06,3.5204889832000005e-06,2.2741046848e-06,2.0882403596e-06,1.7711776872000005e-06,6.4833849908e-06,,2018,7,2018
2018-07-07,7.325241052000002e-06,1.3010502764000005e-06,4.089015154400001e-06,3.465823005200001e-06,2.2194387068000005e-06,2.0117079904000004e-06,1.7274449048000002e-06,6.4505854040000005e-06,,2018,7,2018
2018-07-08,7.2159090960000015e-06,1.2245179072e-06,4.001549589600001e-06,3.3674242448000006e-06,2.1538395332000003e-06,1.8258436652e-06,1.6946453180000003e-06,6.395919426e-06,,2018,7,2018
2018-07-09,6.997245184000001e-06,1.2463842984e-06,3.957816807200001e-06,3.334624658e-06,2.1429063376000003e-06,1.8477100564000005e-06,1.6618457312000002e-06,6.297520665600001e-06,,2018,7,2018
2018-07-10,6.8879132280000016e-06,1.2354511028e-06,3.8594180468e-06,3.2471590932000003e-06,2.077307164e-06,1.8039772740000004e-06,1.5962465576000003e-06,6.111656340400002e-06,,2018,7,2018
2018-07-11,6.778581272000001e-06,1.147985538e-06,3.82661846e-06,3.3236914624000005e-06,2.0335743816000005e-06,1.7055785136000004e-06,1.5525137752000002e-06,6.013257580000001e-06,,2018,7,2018
2018-07-12,6.669249316e-06,9.949207996000002e-07,3.673553721600001e-06,3.1815599196e-06,1.9242424256e-06,1.4978477972000005e-06,1.4431818192000002e-06,5.860192841600001e-06,,2018,7,2018
2018-07-13,6.4505854040000005e-06,9.074552348e-07,3.5860881568000007e-06,3.0066287900000006e-06,1.8477100564000005e-06,1.3338498632e-06,1.3775826456000002e-06,5.7289944944000006e-06,,2018,7,2018
2018-07-14,6.341253448000001e-06,8.199896700000001e-07,3.465823005200001e-06,2.8644972472000003e-06,1.7821108828000003e-06,1.1698519292000002e-06,1.3229166676e-06,5.597796147200001e-06,,2018,7,2018
2018-07-15,6.122589536000002e-06,7.762568876000001e-07,3.4220902228000007e-06,2.7879648780000005e-06,1.7383781004000002e-06,1.1151859512e-06,1.3010502764000005e-06,5.488464191200002e-06,,2018,7,2018
2018-07-16,6.013257580000001e-06,7.106577140000001e-07,3.3455578536000005e-06,2.7114325088000004e-06,1.6727789268000005e-06,1.0495867776e-06,1.2245179072e-06,5.4556646044e-06,,2018,7,2018
2018-07-17,5.903925624000001e-06,6.559917360000001e-07,3.2362258976000003e-06,2.8644972472000003e-06,1.5962465576000003e-06,9.839876040000002e-07,1.1151859512e-06,5.3681990396e-06,,2018,7,2018
2018-07-18,5.7945936680000016e-06,6.559917360000001e-07,3.2362258976000003e-06,2.8863636384000003e-06,1.5853133620000005e-06,1.0167871908000002e-06,1.0933195600000002e-06,5.2698002792e-06,,2018,7,2018
2018-07-19,5.7945936680000016e-06,6.887913228000001e-07,3.2034263108e-06,2.941029616400001e-06,1.5743801664000005e-06,1.0823863644000002e-06,1.1807851248000002e-06,5.2698002792e-06,,2018,7,2018
2018-07-20,5.6852617120000005e-06,7.543904964000002e-07,3.1487603328000005e-06,2.9300964208000004e-06,1.5197141884e-06,1.147985538e-06,1.038653582e-06,5.193267910000001e-06,,2018,7,2018
2018-07-21,5.575929756000001e-06,6.887913228000001e-07,3.0831611592e-06,2.8535640516000007e-06,1.4431818192000002e-06,1.1042527556000002e-06,9.839876040000002e-07,5.094869149600002e-06,,2018,7,2018
2018-07-22,5.466597800000001e-06,6.341253448000001e-07,3.0284951812000007e-06,2.766098486800001e-06,1.3666494500000002e-06,1.0605199732e-06,8.965220392000002e-07,5.073002758400001e-06,,2018,7,2018
2018-07-23,5.3572658440000005e-06,5.575929756e-07,2.962896007600001e-06,2.6895661176000003e-06,1.3010502764000005e-06,9.511880172000002e-07,8.418560612000001e-07,5.0074035848000014e-06,,2018,7,2018
2018-07-24,5.3572658440000005e-06,5.247933888e-07,2.8535640516000007e-06,2.5802341616000005e-06,1.2463842984e-06,9.511880172000002e-07,8.090564744000001e-07,4.8980716288e-06,,2018,7,2018
2018-07-25,5.138601932e-06,4.482610196000001e-07,2.7551652912000005e-06,2.438102618800001e-06,1.1589187336e-06,8.746556480000001e-07,7.871900832000001e-07,4.8215392596000014e-06,,2018,7,2018
2018-07-26,5.138601932e-06,4.0452823720000004e-07,2.6895661176000003e-06,2.3506370540000004e-06,1.1151859512e-06,7.762568876000001e-07,7.762568876000001e-07,4.788739672800001e-06,,2018,7,2018
2018-07-27,5.029269976000001e-06,3.498622592000001e-07,2.7004993132000003e-06,2.295971076e-06,1.0605199732e-06,6.997245184000001e-07,7.653236920000003e-07,4.755940086e-06,,2018,7,2018
2018-07-28,4.91993802e-06,3.498622592000001e-07,2.6895661176000003e-06,2.2631714892e-06,1.0167871908000002e-06,6.231921492000001e-07,7.981232788000002e-07,4.766873281600001e-06,,2018,7,2018
2018-07-29,4.810606064000001e-06,3.498622592000001e-07,2.6349001396e-06,2.2303719024e-06,9.511880172000002e-07,5.575929756e-07,7.653236920000003e-07,4.723140499200001e-06,,2018,7,2018
2018-07-30,4.810606064000001e-06,3.3892906360000004e-07,2.5911673572e-06,2.1866391200000004e-06,8.855888436000001e-07,4.701274108e-07,7.434573008000001e-07,4.6684745212e-06,,2018,7,2018
2018-07-31,4.810606064000001e-06,3.6079545480000004e-07,2.547434574800001e-06,2.1538395332000003e-06,8.637224524000001e-07,4.263946284000001e-07,7.215909096000001e-07,4.6138085432000005e-06,,2018,7,2018
2018-08-01,4.701274108000001e-06,3.498622592000001e-07,2.5146349880000003e-06,2.0882403596e-06,8.199896700000001e-07,3.498622592000001e-07,6.887913228000001e-07,4.504476587200001e-06,,2018,8,2018
2018-08-02,4.5919421520000005e-06,3.279958680000001e-07,2.45996901e-06,2.1319731420000003e-06,7.981232788000002e-07,3.935950416000001e-07,6.778581272000001e-07,4.4607438048e-06,,2018,8,2018
2018-08-03,4.5919421520000005e-06,,2.4709022056e-06,2.1538395332000003e-06,7.981232788000002e-07,4.482610196000001e-07,6.778581272000001e-07,4.471677000400001e-06,,2018,8,2018
2018-08-04,4.5919421520000005e-06,,2.45996901e-06,2.1538395332000003e-06,7.871900832000001e-07,4.482610196000001e-07,6.450585404000001e-07,4.471677000400001e-06,,2018,8,2018
2018-08-05,4.5919421520000005e-06,,2.3725034452000004e-06,2.077307164e-06,7.434573008000001e-07,3.826618460000002e-07,5.903925624000001e-07,4.4498106092000006e-06,,2018,8,2018
2018-08-06,4.482610196000001e-06,,2.3506370540000004e-06,2.0117079904000004e-06,6.997245184000001e-07,3.3892906360000004e-07,5.794593668000001e-07,4.351411848800001e-06,,2018,8,2018
2018-08-07,4.482610196000001e-06,,2.295971076e-06,2.0554407728000005e-06,6.997245184000001e-07,3.061294768e-07,5.794593668000001e-07,4.318612262000001e-06,,2018,8,2018
2018-08-08,4.373278240000001e-06,,2.2631714892e-06,2.0117079904000004e-06,6.559917360000001e-07,2.623966944e-07,5.029269976000001e-07,4.307679066400001e-06,,2018,8,2018
2018-08-09,4.2639462840000006e-06,,2.2413050980000005e-06,1.9351756212e-06,5.903925624000001e-07,2.0773071640000006e-07,4.701274108e-07,4.209280306000001e-06,,2018,8,2018
2018-08-10,4.154614328e-06,,2.1975723156000004e-06,1.8805096432e-06,5.794593668000001e-07,1.6399793400000006e-07,4.482610196000001e-07,4.187413914800001e-06,,2018,8,2018
2018-08-11,4.154614328e-06,,2.1975723156000004e-06,1.8367768608e-06,6.122589536e-07,1.530647384e-07,4.810606064000001e-07,4.1327479368e-06,,2018,8,2018
2018-08-12,4.154614328e-06,,2.2194387068000005e-06,1.8586432520000005e-06,5.903925624000001e-07,2.405303032000001e-07,4.919938020000001e-07,4.1327479368e-06,,2018,8,2018
2018-08-13,4.045282372000001e-06,,2.1429063376000003e-06,1.8149104696e-06,5.247933888e-07,2.2959710760000006e-07,4.373278240000001e-07,4.1327479368e-06,,2018,8,2018
2018-08-14,3.935950416000001e-06,,2.0554407728000005e-06,1.7055785136000004e-06,4.810606064000001e-07,1.311983472e-07,3.826618460000002e-07,4.0562155676000005e-06,,2018,8,2018
2018-08-15,3.935950416000001e-06,,2.0445075772000005e-06,1.7930440784000003e-06,4.591942152000001e-07,1.0933195600000001e-07,,4.023415980800001e-06,,2018,8,2018
2018-08-16,3.935950416000001e-06,,2.0554407728000005e-06,1.8367768608e-06,4.701274108e-07,,,4.0124827852e-06,,2018,8,2018
2018-08-17,3.82661846e-06,,2.0226411860000004e-06,1.8149104696e-06,4.701274108e-07,,,4.0124827852e-06,,2018,8,2018
2018-08-18,3.717286504000001e-06,,1.9242424256e-06,1.7493112960000002e-06,4.154614328000001e-07,,,4.001549589600001e-06,,2018,8,2018
2018-08-19,3.717286504000001e-06,,1.91330923e-06,1.6837121224000003e-06,3.935950416000001e-07,,,3.9687500028e-06,,2018,8,2018
2018-08-20,3.717286504000001e-06,,1.9242424256e-06,1.6837121224000003e-06,3.717286504000001e-07,,,3.9468836116e-06,,2018,8,2018
2018-08-21,3.6079545480000007e-06,,1.8149104696e-06,1.6290461444000002e-06,3.279958680000001e-07,,,3.9468836116e-06,,2018,8,2018
2018-08-22,3.4986225920000005e-06,,1.7493112960000002e-06,,3.061294768e-07,,,3.914084024800001e-06,,2018,8,2018
2018-08-23,,,1.7711776872000005e-06,,2.9519628120000005e-07,,,3.7828856776e-06,,2018,8,2018
2018-08-24,,,1.8258436652e-06,,,,,3.8156852644e-06,,2018,8,2018
2018-08-25,,,1.8039772740000004e-06,,,,,3.7828856776e-06,,2018,8,2018
2018-08-26,,,1.8149104696e-06,,,,,3.7610192864e-06,,2018,8,2018
2018-08-27,,,1.9351756212e-06,,,,,3.935950416000001e-06,,2018,8,2018
2018-08-28,,,1.8039772740000004e-06,,,,,3.914084024800001e-06,,2018,8,2018
2018-08-29,,,1.7165117092000002e-06,,,,,3.8484848512e-06,,2018,8,2018
2018-08-30,,,,,,,,3.7938188732e-06,,2018,8,2018
2018-08-31,,,,,,,,3.7610192864e-06,,2018,8,2018
2018-09-01,,,,,,,,3.717286504000001e-06,,2018,9,2018
2018-09-02,,,,,,,,3.695420112800001e-06,,2018,9,2018
2018-09-03,,,,,,,,3.662620526000001e-06,,2018,9,2018
2018-09-04,,,,,,,,,,2018,9,2018
2018-09-05,,,,,,,,,,2018,9,2018
2018-09-06,,,,,,,,,,2018,9,2018
2018-09-07,,,,,,,,,,2018,9,2018
2018-09-08,,,,,,,,,,2018,9,2018
2018-09-09,,,,,,,,,,2018,9,2018
2018-09-10,,,,,,,,,,2018,9,2018
2018-09-11,,,,,,,,,,2018,9,2018
2018-09-12,,,,,,,,,,2018,9,2018
2018-09-13,,,,,,,,,,2018,9,2018
2018-09-14,,,,,,,,,,2018,9,2018
2018-09-15,,,,,,,,,,2018,9,2018
2018-09-16,,,,,,,,,,2018,9,2018
2018-09-17,,,,,,,,,,2018,9,2018
2018-09-18,,,,,,,,,,2018,9,2018
2018-09-19,,,,,,,,,,2018,9,2018
2018-09-20,,,,,,,,,,2018,9,2018
2018-09-21,,,,,,,,,,2018,9,2018
2018-09-22,,,,,,,,,,2018,9,2018
2018-09-23,,,,,,,,,,2018,9,2018
2018-09-24,,,,,,,,,,2018,9,2018
2018-09-25,,,,,,,,,,2018,9,2018
2018-09-26,,,,,,,,,,2018,9,2018
2018-09-27,,,,,,,,,,2018,9,2018
2018-09-28,,,,,,,,,,2018,9,2018
2018-09-29,,,,,,,,,,2018,9,2018
2018-09-30,,,,,,,,,,2018,9,2018
2018-10-01,,,,,,,,,,2018,10,2019
2018-10-02,,,,,,,,,,2018,10,2019
2018-10-03,,,,,,,,,,2018,10,2019
2018-10-04,,,,,,,,,,2018,10,2019
2018-10-05,,,,,,,,,,2018,10,2019
2018-10-06,,,,,,,,,,2018,10,2019
2018-10-07,,,,,,,,,,2018,10,2019
2018-10-08,,,,,,,,,,2018,10,2019
2018-10-09,,,,,,,,,,2018,10,2019
2018-10-10,,,,,,,,,,2018,10,2019
2018-10-11,,,,,,,,,,2018,10,2019
2018-10-12,,,,,,,,,,2018,10,2019
2018-10-13,,,,,,,,,,2018,10,2019
2018-10-14,,,,,,,,,,2018,10,2019
2018-10-15,,,,,,,,,,2018,10,2019
2018-10-16,,,,,,,,,,2018,10,2019
2018-10-17,,,,,,,,,,2018,10,2019
2018-10-18,,,,,,,,,,2018,10,2019
2018-10-19,,,,,,,,,,2018,10,2019
2018-10-20,,,,,,,,,,2018,10,2019
2018-10-21,,,,,,,,,,2018,10,2019
2018-10-22,,,,,,,,,,2018,10,2019
2018-10-23,,,,,,,,,,2018,10,2019
2018-10-24,,,,,,,,,,2018,10,2019
2018-10-25,,,,,,,,,,2018,10,2019
2018-10-26,,,,,,,,,,2018,10,2019
2018-10-27,,,,,,,,,,2018,10,2019
2018-10-28,,,,,,,,,,2018,10,2019
2018-10-29,,,,,,,,,,2018,10,2019
2018-10-30,,,,,,,,,,2018,10,2019
2018-10-31,,,,,,,,,,2018,10,2019
2018-11-01,,,,,,,,,,2018,11,2019
2018-11-02,,,,,,,,,,2018,11,2019
2018-11-03,,,,,,,,,,2018,11,2019
2018-11-04,,,,,,,,,,2018,11,2019
2018-11-05,,,,,,,,,,2018,11,2019
2018-11-06,,,,,,,,,,2018,11,2019
2018-11-07,,,,,,,,,,2018,11,2019
2018-11-08,,,,,,,,,,2018,11,2019
2018-11-09,,,,,,,,,,2018,11,2019
2018-11-10,,,,,,,,,,2018,11,2019
2018-11-11,,,,,,,,,,2018,11,2019
2018-11-12,,,,,,,,,,2018,11,2019
2018-11-13,,,,,,,,,,2018,11,2019
2018-11-14,,,,,,,,,,2018,11,2019
2018-11-15,,,,,,,,,,2018,11,2019
2018-11-16,,,,,,,,,,2018,11,2019
2018-11-17,,,,,,,,,,2018,11,2019
2018-11-18,,,,,,,,,,2018,11,2019
2018-11-19,,,,,,,,,,2018,11,2019
2018-11-20,,,,,,,,,,2018,11,2019
2018-11-21,,,,,,,,,,2018,11,2019
2018-11-22,,,,,,,,,,2018,11,2019
2018-11-23,,,,,,,,,,2018,11,2019
2018-11-24,,,,,,,,,,2018,11,2019
2018-11-25,,,,,,,,,,2018,11,2019
2018-11-26,,,,,,,,,,2018,11,2019
2018-11-27,,,,,,,,,,2018,11,2019
2018-11-28,,,,,,,,,,2018,11,2019
2018-11-29,,,,,,,,,,2018,11,2019
2018-11-30,,,,,,,,,,2018,11,2019
2018-12-01,,,,,,,,,,2018,12,2019
2018-12-02,,,,,,,,,,2018,12,2019
2018-12-03,,,,,,,,,,2018,12,2019
2018-12-04,,,,,,,,,,2018,12,2019
2018-12-05,,,,,,,,,,2018,12,2019
2018-12-06,,,,,,,,,,2018,12,2019
2018-12-07,,,,,,,,,,2018,12,2019
2018-12-08,,,,,,,,,,2018,12,2019
2018-12-09,,,,,,,,,,2018,12,2019
2018-12-10,,,,,,,,,,2018,12,2019
2018-12-11,,,,,,,,,,2018,12,2019
2018-12-12,,,,,,,,,,2018,12,2019
2018-12-13,,,,,,,,,,2018,12,2019
2018-12-14,,,,,,,,,,2018,12,2019
2018-12-15,,,,,,,,,,2018,12,2019
2018-12-16,,,,,,,,,,2018,12,2019
2018-12-17,,,,,,,,,,2018,12,2019
2018-12-18,,,,,,,,,,2018,12,2019
2018-12-19,,,,,,,,,,2018,12,2019
2018-12-20,,,,,,,,,,2018,12,2019
2018-12-21,,,,,,,,,,2018,12,2019
2018-12-22,,,,,,,,,,2018,12,2019
2018-12-23,,,,,,,,,,2018,12,2019
2018-12-24,,,,,,,,,,2018,12,2019
2018-12-25,,,,,,,,,,2018,12,2019
2018-12-26,,,,,,,,,,2018,12,2019
2018-12-27,,,,,,,,,,2018,12,2019
2018-12-28,,,,,,,,,,2018,12,2019
2018-12-29,,,,,,,,,,2018,12,2019
2018-12-30,,,,,,,,,,2018,12,2019
2018-12-31,,,,,,,,,,2018,12,2019
2019-01-01,,,,,,,,,,2019,1,2019
2019-01-02,,,,,,,,,,2019,1,2019
2019-01-03,,,,,,,,,,2019,1,2019
2019-01-04,,,,,,,,,,2019,1,2019
2019-01-05,,,,,,,,,,2019,1,2019
2019-01-06,,,,,,,,,,2019,1,2019
2019-01-07,,,,,,,,,,2019,1,2019
2019-01-08,,,,,,,,,,2019,1,2019
2019-01-09,,,,,,,,,,2019,1,2019
2019-01-10,,,,,,,,,,2019,1,2019
2019-01-11,,,,,,,,,,2019,1,2019
2019-01-12,,,,,,,,,,2019,1,2019
2019-01-13,,,,,,,,,,2019,1,2019
2019-01-14,,,,,,,,,,2019,1,2019
2019-01-15,,,,,,,,,,2019,1,2019
2019-01-16,,,,,,,,,,2019,1,2019
2019-01-17,,,,,,,,,,2019,1,2019
2019-01-18,,,,,,,,,,2019,1,2019
2019-01-19,,,,,,,,,,2019,1,2019
2019-01-20,,,,,,,,,,2019,1,2019
2019-01-21,,,,,,,,,,2019,1,2019
2019-01-22,,,,,,,,,,2019,1,2019
2019-01-23,,,,,,,,,,2019,1,2019
2019-01-24,,,,,,,,,,2019,1,2019
2019-01-25,,,,,,,,,,2019,1,2019
2019-01-26,,,,,,,,,,2019,1,2019
2019-01-27,,,,,,,,,,2019,1,2019
2019-01-28,,,,,,,,,,2019,1,2019
2019-01-29,,,,,,,,,,2019,1,2019
2019-01-30,,,,,,,,,,2019,1,2019
2019-01-31,,,,,,,,,,2019,1,2019
2019-02-01,,,,,,,,,,2019,2,2019
2019-02-02,,,,,,,,,,2019,2,2019
2019-02-03,,,,,,,,,,2019,2,2019
2019-02-04,,,,,,,,,,2019,2,2019
2019-02-05,,,,,,,,,,2019,2,2019
2019-02-06,,,,,,,,,,2019,2,2019
2019-02-07,,,,,,,,,,2019,2,2019
2019-02-08,,,,,,,,,,2019,2,2019
2019-02-09,,,,,,,,,,2019,2,2019
2019-02-10,,,,,,,,,,2019,2,2019
2019-02-11,,,,,,,,,,2019,2,2019
2019-02-12,,,,,,,,,,2019,2,2019
2019-02-13,,,,,,,,,,2019,2,2019
2019-02-14,,,,,,,,,,2019,2,2019
2019-02-15,,,,,,,,,,2019,2,2019
2019-02-16,,,,,,,,,,2019,2,2019
2019-02-17,,,,,,,,,,2019,2,2019
2019-02-18,,,,,,,,,,2019,2,2019
2019-02-19,,,,,,,,,,2019,2,2019
2019-02-20,,,,,,,,,,2019,2,2019
2019-02-21,,,,,,,,,,2019,2,2019
2019-02-22,,,,,,,,,,2019,2,2019
2019-02-23,,,,,,,,,,2019,2,2019
2019-02-24,,,,,,,,,,2019,2,2019
2019-02-25,,,,,,,,,,2019,2,2019
2019-02-26,,,,,,,,,,2019,2,2019
2019-02-27,,,,,,,,,,2019,2,2019
2019-02-28,,,,,,,,,,2019,2,2019
2019-03-01,,,,,,,,,,2019,3,2019
2019-03-02,,,,,,,,,,2019,3,2019
2019-03-03,,,,,,,,,,2019,3,2019
2019-03-04,,,,,,,,,,2019,3,2019
2019-03-05,,,,,,,,,,2019,3,2019
2019-03-06,,,,,,,,,,2019,3,2019
2019-03-07,,,,,,,,,,2019,3,2019
2019-03-08,,,,,,,,,,2019,3,2019
2019-03-09,,,,,,,,,,2019,3,2019
2019-03-10,,,,,,,,,,2019,3,2019
2019-03-11,,,,,,,,,,2019,3,2019
2019-03-12,,,,,,,,,,2019,3,2019
2019-03-13,,,,,,,,,,2019,3,2019
2019-03-14,,,,,,,,,,2019,3,2019
2019-03-15,,,,,,,,,,2019,3,2019
2019-03-16,,,,,,,,,,2019,3,2019
2019-03-17,,,,,,,,,,2019,3,2019
2019-03-18,,,,,,,,,,2019,3,2019
2019-03-19,,,,,,,,,,2019,3,2019
2019-03-20,,,,,,,,,,2019,3,2019
2019-03-21,,,,,,,,,,2019,3,2019
2019-03-22,,,,,,,,,,2019,3,2019
2019-03-23,,,,,,,,,,2019,3,2019
2019-03-24,,,,,,,,,,2019,3,2019
2019-03-25,,,,,,,,,,2019,3,2019
2019-03-26,,,,,,,,,,2019,3,2019
2019-03-27,,,,,,,,,,2019,3,2019
2019-03-28,,,,,,,,,,2019,3,2019
2019-03-29,,,,,,,,,,2019,3,2019
2019-03-30,,,,,,,,,,2019,3,2019
2019-03-31,,,,,,,,,,2019,3,2019
2019-04-01,,,,,,,,,,2019,4,2019
2019-04-02,,,,,,,,,,2019,4,2019
2019-04-03,,,,,,,,,,2019,4,2019
2019-04-04,,,,,,,,,,2019,4,2019
2019-04-05,,,,,,,,,,2019,4,2019
2019-04-06,,,,,,,,,,2019,4,2019
2019-04-07,,,,,,,,,,2019,4,2019
2019-04-08,0.000861973141104,0.000686386019768,0.000688955320734,0.0006722384646616,,0.000579842028646,0.00072897081663,0.0009582836611444,,2019,4,2019
2019-04-09,0.000535289256576,0.0003685361572848,0.0004616979169924,0.0004620149796648,,0.0003645236744996,0.0004500431304828,0.0006086837986388,,2019,4,2019
2019-04-10,0.000298913567704,0.0001632982094816,0.0002505232439784,0.0002639382749796,,0.000210409349322,0.0002033902377468,0.0003230977963712,,2019,4,2019
2019-04-11,0.000284044421688,0.0002753634643816,0.000260046057346,0.0002691096764984,0.0002718867081808,0.0003417060952824,0.0003214468838356,0.0003919987950424,,2019,4,2019
2019-04-12,0.000243591597968,0.0002127818527672,0.0002404428376352,0.0002129349175056,0.0002099829546936,0.0002676774278748,0.000255235451282,0.0003118366049032,,2019,4,2019
2019-04-13,0.000189581611704,0.0001212163396172,0.0001709623795972,0.0001540815255908,0.000165145919538,0.0001604774450168,0.0001356918905916,0.000235282369312,,2019,4,2019
2019-04-14,0.000157000688816,8.941167361680002e-05,0.0001274591943048,0.000120319817578,0.0001276778582168,0.0001242448347984,0.000103264032442,0.0001957370008268,,2019,4,2019
2019-04-15,0.000126169077224,6.630983131400001e-05,0.0001009789945616,9.6376119214e-05,9.80598313364e-05,9.344602279320004e-05,8.149604000240001e-05,0.0001473576102968,,2019,4,2019
2019-04-16,0.000110206611648,5.7530475247200005e-05,8.464480033520002e-05,8.346401521040001e-05,8.594585061160001e-05,8.633944565320001e-05,7.107670459560001e-05,0.0001261581440284,,2019,4,2019
2019-04-17,9.708677692800004e-05,4.5197830610400014e-05,7.02676481212e-05,6.603650142400001e-05,7.80411501928e-05,6.708608820160001e-05,5.6557420838800014e-05,0.0001132023072424,,2019,4,2019
2019-04-18,9.3916150204e-05,3.587181476360001e-05,6.0056043430800015e-05,5.46003788264e-05,7.834727966960002e-05,5.516890499760001e-05,4.59084883244e-05,0.0001269453341116,,2019,4,2019
2019-04-19,0.000105286673628,2.9825757596800008e-05,5.3015065464400014e-05,4.7122073036e-05,8.028245529080002e-05,4.7887396728e-05,3.86707128372e-05,0.0001644024622372,,2019,4,2019
2019-04-20,0.000109769283824,2.6228736244400007e-05,4.746100209960001e-05,4.3295454576e-05,7.376627071320001e-05,4.23333333632e-05,3.2854252778e-05,0.000171869834832,,2019,4,2019
2019-04-21,9.3916150204e-05,2.2478650153600005e-05,4.0398157742000006e-05,3.774139121120001e-05,6.218801657280001e-05,3.4330234184e-05,2.62724690268e-05,0.0001344564394888,,2019,4,2019
2019-04-22,7.937500005600001e-05,1.9876549600800005e-05,3.511742426720001e-05,3.383824038200001e-05,5.053323006320001e-05,2.9191632252000004e-05,2.2325585415200003e-05,0.0001065767907088,,2019,4,2019
2019-04-23,7.532971768400001e-05,1.81053719136e-05,3.17937328048e-05,3.067854685360001e-05,4.465117083040001e-05,2.54524793568e-05,1.97125516668e-05,0.000102717372662,,2019,4,2019
2019-04-24,7.4455062036e-05,1.6585657725200002e-05,2.9005767926800007e-05,2.8284177017200007e-05,3.963283405000001e-05,2.23693181976e-05,1.7602444916000003e-05,0.000103974690156,,2019,4,2019
2019-04-25,6.942579206e-05,1.5459538578400003e-05,2.6895661176000003e-05,2.5660210073200004e-05,3.3510244514000006e-05,2.020454546880001e-05,1.5820334033200003e-05,9.368655309640002e-05,,2019,4,2019
2019-04-26,6.3084538612e-05,1.40272899548e-05,2.4927685968e-05,2.3539170126800003e-05,2.8579373298400003e-05,1.8531766542000003e-05,1.4409951800800004e-05,8.101497939600002e-05,,2019,4,2019
2019-04-27,5.630595734000001e-05,1.3196367089200002e-05,2.34735709532e-05,2.1571194918800004e-05,2.4927685968e-05,1.6891787202e-05,1.3502496566000005e-05,6.807007580560001e-05,,2019,4,2019
2019-04-28,4.9855371936e-05,1.24747761796e-05,2.2150654285600003e-05,1.92205578648e-05,2.1691460070400003e-05,1.50440771456e-05,1.26606405048e-05,5.620755857960001e-05,,2019,4,2019
2019-04-29,4.5044765872000006e-05,1.1960915986400005e-05,2.086053720480001e-05,1.7875774806000003e-05,1.9154958691200004e-05,1.3721160478000002e-05,1.1862517226000002e-05,4.9254046178e-05,,2019,4,2019
2019-04-30,4.1108815456e-05,1.12939910548e-05,1.9734418058000003e-05,1.6694989681200002e-05,1.69792527668e-05,1.2977703177200003e-05,1.1075327142800002e-05,4.40717114636e-05,,2019,4,2019
2019-05-01,3.8156852644000006e-05,1.04740013848e-05,1.86301653024e-05,1.51862086884e-05,1.5109676319200002e-05,1.26169077224e-05,1.04630681892e-05,3.97749655928e-05,,2019,5,2019
2019-05-02,3.5642217656e-05,9.894542018000002e-06,1.78429752192e-05,1.4584882930400004e-05,1.37430268692e-05,1.2015581964400005e-05,9.861742431200002e-06,3.897684231400001e-05,,2019,5,2019
2019-05-03,3.3892906360000006e-05,9.632145323600002e-06,1.7066718331600002e-05,1.3994490368000002e-05,1.26606405048e-05,1.0823863644e-05,9.807076453200002e-06,3.7610192864000006e-05,,2019,5,2019
2019-05-04,3.3346246580000005e-05,9.129218326e-06,1.64325929868e-05,1.3141701111200002e-05,1.1917183204000005e-05,1.0419335406800002e-05,9.304149455600002e-06,3.683393597640001e-05,,2019,5,2019
2019-05-05,3.3564910492000004e-05,8.473226590000001e-06,1.5711002077200004e-05,1.2288911854400005e-05,1.1392389815200002e-05,1.0681732101200002e-05,8.648157719600002e-06,3.635287537e-05,,2019,5,2019
2019-05-06,3.3564910492000004e-05,8.1670971132e-06,1.4836346429200002e-05,1.14033230108e-05,1.09003960132e-05,9.9273416048e-06,8.2108298956e-06,3.53251549836e-05,,2019,5,2019
2019-05-07,3.367424244800001e-05,7.696969702400001e-06,1.4103822324000005e-05,1.0976928382400003e-05,1.03974690156e-05,9.5228133676e-06,7.456439399200002e-06,3.4614497269600006e-05,,2019,5,2019
2019-05-08,3.247159093200001e-05,7.2159090960000015e-06,1.3644628108800004e-05,1.08129304484e-05,9.960141191600003e-06,8.834022044800002e-06,7.4455062036000016e-06,3.41881026412e-05,,2019,5,2019
2019-05-09,3.1924931152e-05,6.811380858800001e-06,1.32510330672e-05,1.0550533754e-05,9.490013780800002e-06,8.549758959200002e-06,7.117510335600001e-06,3.39913051204e-05,,2019,5,2019
2019-05-10,3.0394283768000004e-05,6.5489841644e-06,1.29667699816e-05,1.0233471081600002e-05,9.0417527612e-06,8.178030308800002e-06,6.8441804456000015e-06,3.2077995890400004e-05,,2019,5,2019
2019-05-11,2.897296834e-05,6.297520665600001e-06,1.2595041331200002e-05,1.0211604690400002e-05,8.746556480000002e-06,7.9047004188e-06,6.822314054400001e-06,3.0776945614000004e-05,,2019,5,2019
2019-05-12,2.7770316824e-05,6.024190775600002e-06,1.2277978658800003e-05,1.0047606756400002e-05,8.363894634000002e-06,7.434573008000001e-06,6.461518599600001e-06,2.978202481440001e-05,,2019,5,2019
2019-05-13,2.6239669440000003e-05,5.783660472400001e-06,1.1807851248000002e-05,9.83987604e-06,8.014032374800001e-06,7.303374660800001e-06,5.9804579932000016e-06,2.8076446300800007e-05,,2019,5,2019
2019-05-14,2.514634988e-05,5.805526863600002e-06,1.1698519292000004e-05,9.7961432576e-06,7.9047004188e-06,7.248708682800002e-06,5.739927690000001e-06,2.6731663242e-05,,2019,5,2019
2019-05-15,2.4053030320000005e-05,5.772727276800001e-06,1.1392389815200002e-05,9.8726756268e-06,7.882834027600001e-06,7.5220385728e-06,5.4993973868000005e-06,2.5211949053600003e-05,,2019,5,2019
2019-05-16,2.3069042716000003e-05,5.838326450400002e-06,1.1632920118400002e-05,1.0211604690400002e-05,7.587637746400001e-06,7.598570942000001e-06,5.7289944944000006e-06,2.3222107454400008e-05,,2019,5,2019
2019-05-17,2.2850378804e-05,5.903925624000001e-06,1.16875860964e-05,1.0342803037600004e-05,7.6751033112e-06,7.554838159600001e-06,5.433798213200001e-06,2.4468491752800003e-05,,2019,5,2019
2019-05-18,2.1866391200000003e-05,5.5431301692000006e-06,1.1151859512000002e-05,9.664944910400002e-06,7.292441465200002e-06,6.505251382000001e-06,4.865272042000001e-06,2.300344354240001e-05,,2019,5,2019
2019-05-19,2.1866391200000003e-05,6.2428546876000005e-06,1.19281163996e-05,1.01569387124e-05,7.478305790400002e-06,6.997245184000001e-06,5.630595734000001e-06,2.32002410632e-05,,2019,5,2019
2019-05-20,2.1319731420000003e-05,5.379132235200001e-06,1.09441287956e-05,9.1729511084e-06,7.2159090960000015e-06,5.5649965604000015e-06,4.701274108000001e-06,2.3309573019200005e-05,,2019,5,2019
2019-05-21,2.1210399464000003e-05,5.5431301692000006e-06,1.11846590988e-05,9.2494834776e-06,7.040977966400001e-06,5.400998626400001e-06,4.679407716800001e-06,2.4709022056e-05,,2019,5,2019
2019-05-22,2.1647727288e-05,5.3353994528000005e-06,1.0747331274800002e-05,8.9761535876e-06,6.734848489600001e-06,5.477530995600001e-06,4.406077826800001e-06,2.5124483488800003e-05,,2019,5,2019
2019-05-23,2.0554407728e-05,5.029269976000001e-06,1.03974690156e-05,8.538825763600002e-06,6.516184577600001e-06,5.040203171600001e-06,3.990616394e-06,2.3899965581600004e-05,,2019,5,2019
2019-05-24,1.9351756212000003e-05,4.6903409124e-06,1.0080406343200002e-05,8.112431135200001e-06,6.1553891228e-06,4.417011022400001e-06,3.5751549612000007e-06,2.235838500200001e-05,,2019,5,2019
2019-05-25,1.9570420124e-05,4.952737606800001e-06,1.0419335406800002e-05,8.702823697600002e-06,6.669249316e-06,4.427944218000001e-06,3.9468836116e-06,2.2795712826000003e-05,,2019,5,2019
2019-05-26,2.077307164e-05,5.510330582400001e-06,1.09441287956e-05,1.03646694288e-05,8.746556480000002e-06,5.0511363672000015e-06,4.745006890400001e-06,2.41186294936e-05,,2019,5,2019
2019-05-27,2.0226411860000005e-05,5.379132235200001e-06,1.01460055168e-05,9.708677692800002e-06,9.8289428444e-06,4.996470389200001e-06,4.6247417388e-06,2.3889032386000004e-05,,2019,5,2019
2019-05-28,1.9023760344e-05,4.755940086e-06,9.391615020400002e-06,8.735623284400002e-06,8.276429069200002e-06,4.7340736948e-06,3.771952482e-06,2.2653581283200005e-05,,2019,5,2019
2019-05-29,1.7930440784000004e-05,4.274879479600001e-06,9.0308195656e-06,8.320161851600002e-06,7.0519111620000015e-06,4.121814741200001e-06,3.170626724000001e-06,2.1461862962800004e-05,,2019,5,2019
2019-05-30,1.7055785136000002e-05,3.9468836116e-06,8.779356066800002e-06,8.178030308800002e-06,6.341253448000001e-06,3.3674242448000006e-06,2.9519628120000005e-06,2.0117079904000003e-05,,2019,5,2019
2019-05-31,1.6509125356000002e-05,3.8156852644e-06,8.495092981200002e-06,8.156163917600001e-06,5.7945936680000016e-06,3.3674242448000006e-06,2.9519628120000005e-06,1.91658918868e-05,,2019,5,2019
2019-06-01,1.5743801664000003e-05,3.4767562008000004e-06,8.178030308800002e-06,8.1670971132e-06,5.2916666704e-06,3.1924931152000006e-06,2.7114325088000004e-06,1.79195075884e-05,,2019,6,2019
2019-06-02,1.5087809928e-05,3.2580922888000003e-06,8.003099179200002e-06,7.959366396800001e-06,4.9636708024000005e-06,2.7879648780000005e-06,2.569300966e-06,1.68043216372e-05,,2019,6,2019
2019-06-03,1.4431818192000005e-05,3.1378271372e-06,7.6313705288e-06,7.6204373332e-06,4.679407716800001e-06,2.6130337484e-06,2.3943698364000005e-06,1.5831267228800003e-05,,2019,6,2019
2019-06-04,1.3885158412e-05,3.0284951812000007e-06,7.489238986000002e-06,7.467372594800002e-06,4.471677000400001e-06,2.1429063376000003e-06,2.3506370540000004e-06,1.4737947668800004e-05,,2019,6,2019
2019-06-05,1.3447830588e-05,2.9300964208000004e-06,7.281508269600002e-06,7.281508269600002e-06,4.307679066400001e-06,2.0991735552e-06,2.1647727288000004e-06,1.40054235636e-05,,2019,6,2019
2019-06-06,1.3119834720000002e-05,3.0940943548000004e-06,7.0519111620000015e-06,7.226842291600001e-06,4.231146697200001e-06,2.3069042716000003e-06,2.3069042716000003e-06,1.3557162544000004e-05,,2019,6,2019
2019-06-07,1.3994490368000002e-05,4.0562155676000005e-06,7.817234854000002e-06,7.882834027600001e-06,4.766873281600001e-06,3.4111570272000007e-06,3.465823005200001e-06,1.5273674253200003e-05,,2019,6,2019
2019-06-08,1.3775826456000005e-05,3.684486917200001e-06,7.226842291600001e-06,7.489238986000002e-06,4.5919421520000005e-06,3.5860881568000007e-06,3.0284951812000007e-06,1.4563016539200003e-05,,2019,6,2019
2019-06-09,1.2682506896000002e-05,3.0503615724000007e-06,6.778581272000001e-06,6.931646010400002e-06,4.165547523600001e-06,2.3943698364000005e-06,2.569300966e-06,1.29886363728e-05,,2019,6,2019
2019-06-10,1.2026515160000002e-05,2.766098486800001e-06,6.494318186400001e-06,6.4833849908e-06,3.8703512424000005e-06,2.0991735552e-06,2.3943698364000005e-06,1.2179579898400002e-05,,2019,6,2019
2019-06-11,1.1589187336000005e-05,2.547434574800001e-06,6.1663223184e-06,5.925792015200002e-06,3.706353308400001e-06,1.9789084036000003e-06,2.3397038584000003e-06,1.1611053727200004e-05,,2019,6,2019
2019-06-12,1.1042527556000004e-05,2.3069042716000003e-06,5.816460059200001e-06,5.302599866000001e-06,3.5642217656000006e-06,1.9351756212e-06,1.9679752080000003e-06,1.1151859512000002e-05,,2019,6,2019
2019-06-13,1.0714531688e-05,2.1101067508e-06,5.849259646000002e-06,5.204201105600001e-06,3.4767562008000004e-06,1.7711776872000005e-06,1.6399793400000002e-06,1.06707989056e-05,,2019,6,2019
2019-06-14,1.038653582e-05,2.0554407728000005e-06,5.630595734000001e-06,5.138601932e-06,3.334624658e-06,1.5087809928000003e-06,1.6399793400000002e-06,1.03537362332e-05,,2019,6,2019
2019-06-15,1.0167871908000002e-05,2.0335743816000005e-06,5.696194907600001e-06,5.0620695628e-06,3.1596935284e-06,1.7383781004000002e-06,1.6399793400000002e-06,9.8836088224e-06,,2019,6,2019
2019-06-16,9.949207996000002e-06,2.0226411860000004e-06,5.4556646044e-06,4.952737606800001e-06,3.0722279636000008e-06,1.8805096432e-06,1.8586432520000005e-06,9.533746563200002e-06,,2019,6,2019
2019-06-17,9.621212128000002e-06,1.9789084036000003e-06,5.237000692400001e-06,4.6138085432000005e-06,2.9738292032000005e-06,1.6727789268000005e-06,1.8805096432e-06,9.2494834776e-06,,2019,6,2019
2019-06-18,9.402548216e-06,1.8039772740000004e-06,5.422865017600001e-06,4.515409782800001e-06,2.8972968340000008e-06,1.3338498632e-06,1.8805096432e-06,8.9761535876e-06,,2019,6,2019
2019-06-19,9.29321626e-06,1.8695764476000003e-06,5.280733474800001e-06,4.373278240000001e-06,2.941029616400001e-06,1.7383781004000002e-06,1.7930440784000003e-06,8.713756893200001e-06,,2019,6,2019
2019-06-20,9.183884304e-06,2.1210399464000003e-06,5.280733474800001e-06,4.373278240000001e-06,2.962896007600001e-06,3.2362258976000003e-06,2.4271694232000005e-06,8.571625350400001e-06,,2019,6,2019
2019-06-21,9.074552348000002e-06,2.1101067508e-06,5.1495351276000005e-06,4.362345044400001e-06,2.9300964208000004e-06,3.170626724000001e-06,2.7223657044e-06,8.582558546e-06,,2019,6,2019
2019-06-22,8.965220392000002e-06,1.9679752080000003e-06,4.952737606800001e-06,4.285812675200001e-06,2.7551652912000005e-06,2.9082300296000004e-06,2.5146349880000003e-06,8.331095047200002e-06,,2019,6,2019
2019-06-23,8.746556480000002e-06,1.8695764476000003e-06,4.843405650800001e-06,4.1983471104e-06,2.6895661176000003e-06,2.623966944000001e-06,2.4053030320000005e-06,8.1233643308e-06,,2019,6,2019
2019-06-24,8.637224524000002e-06,1.8149104696e-06,4.766873281600001e-06,4.067148763200001e-06,2.5911673572e-06,2.623966944000001e-06,2.3615702496000004e-06,7.8937672232e-06,,2019,6,2019
2019-06-25,8.527892568000001e-06,1.7383781004000002e-06,4.6903409124e-06,3.990616394e-06,2.45996901e-06,2.5037017924000007e-06,2.252238293600001e-06,7.6641701156e-06,,2019,6,2019
2019-06-26,8.527892568000001e-06,1.91330923e-06,4.865272042000001e-06,4.406077826800001e-06,2.5255681836000008e-06,2.7551652912000005e-06,2.7223657044e-06,7.707902898e-06,,2019,6,2019
2019-06-27,9.621212128000002e-06,2.744232095600001e-06,5.772727276800001e-06,5.575929756000001e-06,3.4111570272000007e-06,3.881284438e-06,3.509555787600001e-06,1.00366735608e-05,,2019,6,2019
2019-06-28,9.183884304e-06,2.2085055112000005e-06,4.9418044112e-06,4.559142565200001e-06,2.9738292032000005e-06,3.2362258976000003e-06,2.7114325088000004e-06,8.768422871200003e-06,,2019,6,2019
2019-06-29,8.527892568000001e-06,1.8149104696e-06,4.6247417388e-06,4.1327479368e-06,2.547434574800001e-06,2.8535640516000007e-06,2.2631714892e-06,7.970299592400001e-06,,2019,6,2019
2019-06-30,8.309228656e-06,1.6618457312000002e-06,4.438877413600001e-06,3.8375516556e-06,2.4162362276000005e-06,2.7114325088000004e-06,2.1647727288000004e-06,7.6204373332e-06,,2019,6,2019
2019-07-01,8.199896700000001e-06,1.7493112960000002e-06,4.384211435600001e-06,3.6516873304e-06,2.4053030320000005e-06,2.6458333352e-06,2.2303719024e-06,7.478305790400002e-06,,2019,7,2019
2019-07-02,8.199896700000001e-06,1.8477100564000005e-06,4.395144631200001e-06,3.6079545480000007e-06,2.744232095600001e-06,2.7004993132000003e-06,2.3287706628000003e-06,7.347107443200001e-06,,2019,7,2019
2019-07-03,7.981232788e-06,1.6946453180000003e-06,4.2202135016000005e-06,3.684486917200001e-06,2.4490358144e-06,2.3397038584000003e-06,2.1538395332000003e-06,7.106577140000002e-06,,2019,7,2019
2019-07-04,7.762568876e-06,1.5306473840000006e-06,4.110881545600001e-06,3.553288570000001e-06,2.252238293600001e-06,2.0882403596e-06,1.9570420124000003e-06,6.898846423600001e-06,,2019,7,2019
2019-07-05,7.543904964e-06,1.3775826456000002e-06,3.957816807200001e-06,3.3455578536000005e-06,2.1210399464000003e-06,1.9023760344000004e-06,1.7930440784000003e-06,6.767648076400001e-06,,2019,7,2019
2019-07-06,7.543904964e-06,1.3885158412000005e-06,3.8703512424000005e-06,3.2362258976000003e-06,2.077307164e-06,1.8586432520000005e-06,1.6727789268000005e-06,6.7129820984e-06,,2019,7,2019
2019-07-07,7.325241052000002e-06,1.3666494500000002e-06,3.8156852644e-06,3.1487603328000005e-06,2.0007747948000004e-06,1.7821108828000003e-06,1.5853133620000005e-06,6.6255165336e-06,,2019,7,2019
2019-07-08,7.325241052000002e-06,1.3119834720000005e-06,3.739152895200001e-06,3.061294768000001e-06,1.9023760344000004e-06,1.7165117092000002e-06,1.4322486236e-06,6.505251382000001e-06,,2019,7,2019
2019-07-09,7.2159090960000015e-06,1.3557162544000002e-06,3.706353308400001e-06,3.1378271372e-06,1.9242424256e-06,1.8039772740000004e-06,1.5415805796e-06,6.494318186400001e-06,,2019,7,2019
2019-07-10,7.2159090960000015e-06,1.3994490368000005e-06,3.5970213524000007e-06,3.1924931152000006e-06,1.8695764476000003e-06,1.8258436652e-06,1.5525137752000002e-06,6.461518599600001e-06,,2019,7,2019
2019-07-11,6.997245184000001e-06,1.2354511028e-06,3.553288570000001e-06,3.1050275504000004e-06,1.7930440784000003e-06,1.5087809928000003e-06,1.3775826456000002e-06,6.3631198392e-06,,2019,7,2019
2019-07-12,6.8879132280000016e-06,1.1698519292000002e-06,3.4439566140000008e-06,2.9300964208000004e-06,1.7493112960000002e-06,1.4103822324000003e-06,1.3119834720000005e-06,6.3084538612e-06,,2019,7,2019
2019-07-13,6.8879132280000016e-06,1.0495867776e-06,3.3783574404e-06,2.842630856e-06,1.7165117092000002e-06,1.2135847116000005e-06,1.2791838852000002e-06,6.177255514e-06,,2019,7,2019
2019-07-14,6.669249316e-06,9.730544084e-07,3.2908918756000004e-06,2.7770316824000005e-06,1.6399793400000002e-06,1.1370523424e-06,1.1807851248000002e-06,6.056990362400001e-06,,2019,7,2019
2019-07-15,6.669249316e-06,9.402548216e-07,3.1815599196e-06,2.6895661176000003e-06,1.5853133620000005e-06,1.0277203864000005e-06,1.1589187336e-06,6.013257580000001e-06,,2019,7,2019
2019-07-16,6.669249316e-06,9.949207996000002e-07,3.1596935284e-06,2.6567665308e-06,1.5743801664000005e-06,1.0605199732e-06,1.1151859512e-06,6.013257580000001e-06,,2019,7,2019
2019-07-17,6.4505854040000005e-06,9.29321626e-07,3.0940943548000004e-06,2.5911673572e-06,1.5306473840000006e-06,1.0277203864000005e-06,1.038653582e-06,5.925792015200002e-06,,2019,7,2019
2019-07-18,6.669249316e-06,9.839876040000002e-07,3.1268939416000005e-06,2.744232095600001e-06,1.6399793400000002e-06,1.0823863644000002e-06,1.0495867776e-06,6.1444559272000015e-06,,2019,7,2019
2019-07-19,6.4505854040000005e-06,9.402548216e-07,3.0284951812000007e-06,2.7332989000000004e-06,1.5087809928000003e-06,1.0605199732e-06,1.1151859512e-06,5.914858819600001e-06,,2019,7,2019
2019-07-20,6.341253448000001e-06,8.418560612000001e-07,3.0394283768000003e-06,2.6895661176000003e-06,1.3885158412000005e-06,9.730544084e-07,1.0933195600000002e-06,5.619662538400001e-06,,2019,7,2019
2019-07-21,6.341253448000001e-06,7.981232788000002e-07,2.995695594400001e-06,2.6458333352e-06,1.3557162544000002e-06,9.183884304e-07,1.0167871908000002e-06,5.466597800000001e-06,,2019,7,2019
2019-07-22,6.122589536000002e-06,7.325241052000001e-07,2.9738292032000005e-06,2.547434574800001e-06,1.3010502764000005e-06,8.418560612000001e-07,9.621212128e-07,5.3572658440000005e-06,,2019,7,2019
2019-07-23,5.903925624000001e-06,7.106577140000001e-07,2.9519628120000005e-06,2.5146349880000003e-06,1.2682506896000002e-06,8.090564744000001e-07,9.074552348e-07,5.237000692400001e-06,,2019,7,2019
2019-07-24,5.6852617120000005e-06,7.543904964000002e-07,2.8754304428000007e-06,2.45996901e-06,1.2026515160000002e-06,8.199896700000001e-07,8.637224524000001e-07,5.029269976000001e-06,,2019,7,2019
2019-07-25,5.575929756000001e-06,6.887913228000001e-07,2.8644972472000003e-06,2.4053030320000005e-06,1.1589187336e-06,7.325241052000001e-07,8.309228656000001e-07,4.91993802e-06,,2019,7,2019
2019-07-26,5.3572658440000005e-06,6.231921492000001e-07,2.809831269200001e-06,2.3506370540000004e-06,1.1261191468000005e-06,6.669249316000001e-07,7.871900832000001e-07,4.854338846400001e-06,,2019,7,2019
2019-07-27,5.247933888000001e-06,5.575929756e-07,2.744232095600001e-06,2.2850378804e-06,1.0823863644000002e-06,6.013257580000001e-07,7.762568876000001e-07,4.8215392596000014e-06,,2019,7,2019
2019-07-28,5.029269976000001e-06,5.794593668000001e-07,2.6786329220000003e-06,2.2850378804e-06,1.0714531688000002e-06,6.450585404000001e-07,7.871900832000001e-07,4.723140499200001e-06,,2019,7,2019
2019-07-29,4.810606064000001e-06,5.685261712e-07,2.5802341616000005e-06,2.252238293600001e-06,1.0277203864000005e-06,6.122589536e-07,8.309228656000001e-07,4.6138085432000005e-06,,2019,7,2019
2019-07-30,4.5919421520000005e-06,5.685261712e-07,2.547434574800001e-06,2.2413050980000005e-06,1.0058539952000002e-06,5.903925624000001e-07,8.527892568000002e-07,4.6138085432000005e-06,,2019,7,2019
2019-07-31,4.482610196000001e-06,5.903925624000001e-07,2.4709022056e-06,2.3506370540000004e-06,9.730544084e-07,6.122589536e-07,8.309228656000001e-07,4.6138085432000005e-06,,2019,7,2019
2019-08-01,4.373278240000001e-06,5.247933888e-07,2.4271694232000005e-06,2.3287706628000003e-06,9.402548216e-07,4.919938020000001e-07,7.762568876000001e-07,4.6138085432000005e-06,,2019,8,2019
2019-08-02,4.373278240000001e-06,4.810606064000001e-07,2.3834366408000004e-06,2.252238293600001e-06,8.965220392000002e-07,4.154614328000001e-07,7.543904964000002e-07,4.6138085432000005e-06,,2019,8,2019
2019-08-03,4.2639462840000006e-06,,2.3834366408000004e-06,2.2194387068000005e-06,8.637224524000001e-07,4.373278240000001e-07,7.434573008000001e-07,4.6247417388e-06,,2019,8,2019
2019-08-04,4.154614328e-06,,2.3287706628000003e-06,2.1538395332000003e-06,8.090564744000001e-07,3.935950416000001e-07,6.341253448000001e-07,4.6138085432000005e-06,,2019,8,2019
2019-08-05,4.154614328e-06,,2.2631714892e-06,2.0663739684e-06,7.543904964000002e-07,3.3892906360000004e-07,6.013257580000001e-07,4.5482093696e-06,,2019,8,2019
2019-08-06,4.045282372000001e-06,,2.252238293600001e-06,2.0335743816000005e-06,7.434573008000001e-07,2.9519628120000005e-07,5.903925624000001e-07,4.515409782800001e-06,,2019,8,2019
2019-08-07,4.045282372000001e-06,,2.252238293600001e-06,2.0226411860000004e-06,7.215909096000001e-07,3.061294768e-07,5.903925624000001e-07,4.5263429784e-06,,2019,8,2019
2019-08-08,4.154614328e-06,,2.252238293600001e-06,2.0226411860000004e-06,7.762568876000001e-07,3.279958680000001e-07,6.231921492000001e-07,4.5263429784e-06,,2019,8,2019
2019-08-09,4.154614328e-06,,2.2741046848e-06,2.0226411860000004e-06,8.527892568000002e-07,3.935950416000001e-07,6.122589536e-07,4.5263429784e-06,,2019,8,2019
2019-08-10,4.810606064000001e-06,,2.8207644648000006e-06,2.7551652912000005e-06,9.730544084e-07,7.543904964000002e-07,1.0058539952000002e-06,4.887138433200001e-06,,2019,8,2019
2019-08-11,4.701274108000001e-06,,2.3943698364000005e-06,2.3834366408000004e-06,8.199896700000001e-07,6.231921492000001e-07,7.215909096000001e-07,4.788739672800001e-06,,2019,8,2019
2019-08-12,4.2639462840000006e-06,,2.1866391200000004e-06,2.1647727288000004e-06,6.887913228000001e-07,4.482610196000001e-07,5.903925624000001e-07,4.6028753476e-06,,2019,8,2019
2019-08-13,3.935950416000001e-06,,2.0882403596e-06,2.0445075772000005e-06,6.122589536e-07,3.061294768e-07,5.247933888e-07,4.4498106092000006e-06,,2019,8,2019
2019-08-14,3.82661846e-06,,2.0335743816000005e-06,1.9679752080000003e-06,5.903925624000001e-07,2.2959710760000006e-07,4.810606064000001e-07,4.362345044400001e-06,,2019,8,2019
2019-08-15,3.717286504000001e-06,,2.0007747948000004e-06,1.9023760344000004e-06,5.685261712e-07,1.8586432520000006e-07,4.591942152000001e-07,4.307679066400001e-06,,2019,8,2019
2019-08-16,,,1.9789084036000003e-06,1.8695764476000003e-06,5.575929756e-07,,,4.2202135016000005e-06,,2019,8,2019
2019-08-17,,,1.9461088168000003e-06,1.8695764476000003e-06,5.357265844000001e-07,,,4.165547523600001e-06,,2019,8,2019
2019-08-18,,,1.9461088168000003e-06,1.8367768608e-06,5.247933888e-07,,,4.121814741200001e-06,,2019,8,2019
2019-08-19,,,1.8914428388e-06,,4.919938020000001e-07,,,4.0343491764e-06,,2019,8,2019
2019-08-20,,,,,,,,3.979683198400001e-06,,2019,8,2019
2019-08-21,,,,,,,,,,2019,8,2019
2019-08-22,,,,,,,,,,2019,8,2019
2019-08-23,,,,,,,,,,2019,8,2019
2019-08-24,,,,,,,,,,2019,8,2019
2019-08-25,,,,,,,,,,2019,8,2019
2019-08-26,,,,,,,,,,2019,8,2019
2019-08-27,,,,,,,,,,2019,8,2019
2019-08-28,,,,,,,,,,2019,8,2019
2019-08-29,,,,,,,,,,2019,8,2019
2019-08-30,,,,,,,,,,2019,8,2019
2019-08-31,,,,,,,,,,2019,8,2019
2019-09-01,,,,,,,,,,2019,9,2019
2019-09-02,,,,,,,,,,2019,9,2019
2019-09-03,,,,,,,,,,2019,9,2019
2019-09-04,,,,,,,,,,2019,9,2019
2019-09-05,,,,,,,,,,2019,9,2019
2019-09-06,,,,,,,,,,2019,9,2019
2019-09-07,,,,,,,,,,2019,9,2019
2019-09-08,,,,,,,,,,2019,9,2019
2019-09-09,,,,,,,,,,2019,9,2019
2019-09-10,,,,,,,,,,2019,9,2019
2019-09-11,,,,,,,,,,2019,9,2019
2019-09-12,,,,,,,,,,2019,9,2019
2019-09-13,,,,,,,,,,2019,9,2019
2019-09-14,,,,,,,,,,2019,9,2019
2019-09-15,,,,,,,,,,2019,9,2019
2019-09-16,,,,,,,,,,2019,9,2019
2019-09-17,,,,,,,,,,2019,9,2019
2019-09-18,,,,,,,,,,2019,9,2019
2019-09-19,,,,,,,,,,2019,9,2019
2019-09-20,,,,,,,,,,2019,9,2019
2019-09-21,,,,,,,,,,2019,9,2019
2019-09-22,,,,,,,,,,2019,9,2019
2019-09-23,,,,,,,,,,2019,9,2019
2019-09-24,,,,,,,,,,2019,9,2019
2019-09-25,,,,,,,,,,2019,9,2019
2019-09-26,,,,,,,,,,2019,9,2019
2019-09-27,,,,,,,,,,2019,9,2019
2019-09-28,,,,,,,,,,2019,9,2019
2019-09-29,,,,,,,,,,2019,9,2019
2019-09-30,,,,,,,,,,2019,9,2019
2019-10-01,,,,2.5255681836000008e-06,,,,,,2019,10,2020
2019-10-02,,,,2.5146349880000003e-06,,,,,,2019,10,2020
2019-10-03,,,,2.8754304428000007e-06,,,,,,2019,10,2020
2019-10-04,,,,5.696194907600001e-06,,,,,,2019,10,2020
2019-10-05,,,,3.8156852644e-06,,,,,,2019,10,2020
2019-10-06,,,,2.995695594400001e-06,,,,,,2019,10,2020
2019-10-07,,,,2.7332989000000004e-06,,,,,,2019,10,2020
2019-10-08,,,,3.3564910492e-06,,,,,,2019,10,2020
2019-10-09,,,,3.2034263108e-06,,,,,,2019,10,2020
2019-10-10,,,,2.7223657044e-06,,,,,,2019,10,2020
2019-10-11,,,,2.5911673572e-06,,,,,,2019,10,2020
2019-10-12,,,,2.4927685968000003e-06,,,,,,2019,10,2020
2019-10-13,,,,2.4162362276000005e-06,,,,,,2019,10,2020
2019-10-14,,,,2.3615702496000004e-06,,,,,,2019,10,2020
2019-10-15,,,,2.3069042716000003e-06,,,,,,2019,10,2020
2019-10-16,,,,3.4439566140000008e-06,,,,,,2019,10,2020
2019-10-17,,,,8.637224524000002e-06,,,,,,2019,10,2020
2019-10-18,,,,1.16001205316e-05,,,,,,2019,10,2020
2019-10-19,,,,3.26793216484e-05,,,,,,2019,10,2020
2019-10-20,,,,9.446280998400002e-06,,,,,,2019,10,2020
2019-10-21,,,,6.046057166800001e-06,,,,,,2019,10,2020
2019-10-22,,,,5.871126037200001e-06,,,,,,2019,10,2020
2019-10-23,,,,4.64660813e-06,,,,,,2019,10,2020
2019-10-24,,,,3.5642217656000006e-06,,,,,,2019,10,2020
2019-10-25,,,,3.0284951812000007e-06,,,,,,2019,10,2020
2019-10-26,,,,2.7770316824000005e-06,,,,,,2019,10,2020
2019-10-27,,,,2.5037017924000007e-06,,,,,,2019,10,2020
2019-10-28,,,,2.3287706628000003e-06,,,,,,2019,10,2020
2019-10-29,,,,2.1975723156000004e-06,,,,,,2019,10,2020
2019-10-30,,,,2.0445075772000005e-06,,,,,,2019,10,2020
2019-10-31,,,,1.9351756212e-06,,,,,,2019,10,2020
2019-11-01,,,,1.9023760344000004e-06,,,,,,2019,11,2020
2019-11-02,,,,1.8805096432e-06,,,,,,2019,11,2020
2019-11-03,,,,1.8477100564000005e-06,,,,,,2019,11,2020
2019-11-04,,,,1.8477100564000005e-06,,,,,,2019,11,2020
2019-11-05,,,,1.7493112960000002e-06,,,,,,2019,11,2020
2019-11-06,,,,1.5197141884e-06,,,,,,2019,11,2020
2019-11-07,,,,1.5197141884e-06,,,,,,2019,11,2020
2019-11-08,,,,1.5197141884e-06,,,,,,2019,11,2020
2019-11-09,,,,1.5197141884e-06,,,,,,2019,11,2020
2019-11-10,,,,1.5087809928000003e-06,,,,,,2019,11,2020
2019-11-11,,,,1.4322486236e-06,,,,,,2019,11,2020
2019-11-12,,,,1.4322486236e-06,,,,,,2019,11,2020
2019-11-13,,,,1.4322486236e-06,,,,,,2019,11,2020
2019-11-14,,,,1.4322486236e-06,,,,,,2019,11,2020
2019-11-15,,,,2.4818354012e-06,,,,,,2019,11,2020
2019-11-16,,,,1.6509125356000002e-06,,,,,,2019,11,2020
2019-11-17,,,,1.4322486236e-06,,,,,,2019,11,2020
2019-11-18,,,,2.5583677704000004e-06,,,,,,2019,11,2020
2019-11-19,,,,6.4068526216e-06,,,,,,2019,11,2020
2019-11-20,,,,3.0394283768000003e-06,,,,,,2019,11,2020
2019-11-21,,,,2.2194387068000005e-06,,,,,,2019,11,2020
2019-11-22,,,,1.9242424256e-06,,,,,,2019,11,2020
2019-11-23,,,,1.8367768608e-06,,,,,,2019,11,2020
2019-11-24,,,,1.7602444916000005e-06,,,,,,2019,11,2020
2019-11-25,,,,4.253013088400001e-06,,,,,,2019,11,2020
2019-11-26,,,,4.974603998000001e-06,,,,,,2019,11,2020
2019-11-27,,,,3.5204889832000005e-06,,,,,,2019,11,2020
2019-11-28,,,,2.6458333352e-06,,,,,,2019,11,2020
2019-11-29,,,,2.2850378804e-06,,,,,,2019,11,2020
2019-11-30,,,,2.0335743816000005e-06,,,,,,2019,11,2020
2019-12-01,,,,2.0007747948000004e-06,,,,,,2019,12,2020
2019-12-02,,,,2.0007747948000004e-06,,,,,,2019,12,2020
2019-12-03,,,,2.0007747948000004e-06,,,,,,2019,12,2020
2019-12-04,,,,1.9789084036000003e-06,,,,,,2019,12,2020
2019-12-05,,,,1.9242424256e-06,,,,,,2019,12,2020
2019-12-06,,,,1.9461088168000003e-06,,,,,,2019,12,2020
2019-12-07,,,,3.728219699600001e-06,,,,,,2019,12,2020
2019-12-08,,,,4.231146697200001e-06,,,,,,2019,12,2020
2019-12-09,,,,3.0066287900000006e-06,,,,,,2019,12,2020
2019-12-10,,,,2.6349001396e-06,,,,,,2019,12,2020
2019-12-11,,,,5.619662538400001e-06,,,,,,2019,12,2020
2019-12-12,,,,3.6680871238000006e-05,,,,,,2019,12,2020
2019-12-13,,,,3.60686122844e-05,,,,,,2019,12,2020
2019-12-14,,,,1.448648417e-05,,,,,,2019,12,2020
2019-12-15,,,,8.473226590000001e-06,,,,,,2019,12,2020
2019-12-16,,,,6.374053034800001e-06,,,,,,2019,12,2020
2019-12-17,,,,5.422865017600001e-06,,,,,,2019,12,2020
2019-12-18,,,,5.4556646044e-06,,,,,,2019,12,2020
2019-12-19,,,,5.20092114692e-05,,,,,,2019,12,2020
2019-12-20,,,,3.65496728908e-05,,,,,,2019,12,2020
2019-12-21,,,,1.8794163236400003e-05,,,,,,2019,12,2020
2019-12-22,,,,1.67387224636e-05,,,,,,2019,12,2020
2019-12-23,,,,1.4377152214000002e-05,,,,,,2019,12,2020
2019-12-24,,,,1.1960915986400005e-05,,,,,,2019,12,2020
2019-12-25,,,,1.065986571e-05,,,,,,2019,12,2020
2019-12-26,,,,9.3697486292e-06,,,,,,2019,12,2020
2019-12-27,,,,8.724690088800002e-06,,,,,,2019,12,2020
2019-12-28,,,,7.9047004188e-06,,,,,,2019,12,2020
2019-12-29,,,,7.4017734212000015e-06,,,,,,2019,12,2020
2019-12-30,,,,6.789514467600001e-06,,,,,,2019,12,2020
2019-12-31,,,,1.5229941470800004e-05,,,,,,2019,12,2020
2020-01-01,,,,7.081430790120001e-05,,,,,,2020,1,2020
2020-01-02,,,,3.7074466279600005e-05,,,,,,2020,1,2020
2020-01-03,,,,2.514634988e-05,,,,,,2020,1,2020
2020-01-04,,,,3.4056904294000006e-05,,,,,,2020,1,2020
2020-01-05,,,,3.717286504e-05,,,,,,2020,1,2020
2020-01-06,,,,9.38724174216e-05,,,,,,2020,1,2020
2020-01-07,,,,8.815435612280003e-05,,,,,,2020,1,2020
2020-01-08,,,,0.0001162854684016,,,,,,2020,1,2020
2020-01-09,,,,8.460106755280002e-05,,,,,,2020,1,2020
2020-01-10,,,,9.17076446928e-05,,,,,,2020,1,2020
2020-01-11,,,,0.0002456907715232,,,,,,2020,1,2020
2020-01-12,,,,0.0002073699209452,,,,,,2020,1,2020
2020-01-13,,,,0.0001275466598696,,,,,,2020,1,2020
2020-01-14,,,,7.149216602840001e-05,,,,,,2020,1,2020
2020-01-15,,,,4.922124659120001e-05,,,,,,2020,1,2020
2020-01-16,,,,4.0944817522000006e-05,,,,,,2020,1,2020
2020-01-17,,,,3.34118457536e-05,,,,,,2020,1,2020
2020-01-18,,,,3.86269800548e-05,,,,,,2020,1,2020
2020-01-19,,,,7.477212470840001e-05,,,,,,2020,1,2020
2020-01-20,,,,8.670024110800001e-05,,,,,,2020,1,2020
2020-01-21,,,,9.79504993804e-05,,,,,,2020,1,2020
2020-01-22,,,,0.0001581705407452,,,,,,2020,1,2020
2020-01-23,,,,0.000226809142722,,,,,,2020,1,2020
2020-01-24,,,,0.0002393713844664,,,,,,2020,1,2020
2020-01-25,,,,0.0001930911674916,,,,,,2020,1,2020
2020-01-26,,,,0.0002208833507068,,,,,,2020,1,2020
2020-01-27,,,,0.0002261750173772,,,,,,2020,1,2020
2020-01-28,,,,0.0003185714533928,,,,,,2020,1,2020
2020-01-29,,,,0.0003003239499364,,,,,,2020,1,2020
2020-01-30,,,,0.000218499914066,,,,,,2020,1,2020
2020-01-31,,,,0.0001456738981744,,,,,,2020,1,2020
2020-02-01,,,,0.0001133116391984,,,,,,2020,2,2020
2020-02-02,,,,9.511880172e-05,,,,,,2020,2,2020
2020-02-03,,,,7.529691809720001e-05,,,,,,2020,2,2020
2020-02-04,,,,6.0460571668000014e-05,,,,,,2020,2,2020
2020-02-05,,,,7.847847801680001e-05,,,,,,2020,2,2020
2020-02-06,,,,0.000113541236306,,,,,,2020,2,2020
2020-02-07,,,,0.0001034061639848,,,,,,2020,2,2020
2020-02-08,,,,0.0001226813878276,,,,,,2020,2,2020
2020-02-09,,,,0.0001091351584792,,,,,,2020,2,2020
2020-02-10,,,,8.326721768960002e-05,,,,,,2020,2,2020
2020-02-11,,,,6.548984164400001e-05,,,,,,2020,2,2020
2020-02-12,,,,5.3233729376400006e-05,,,,,,2020,2,2020
2020-02-13,,,,4.56898244124e-05,,,,,,2020,2,2020
2020-02-14,,,,4.0769886392400006e-05,,,,,,2020,2,2020
2020-02-15,,,,4.60943526496e-05,,,,,,2020,2,2020
2020-02-16,,,,8.629571287080001e-05,,,,,,2020,2,2020
2020-02-17,,,,6.511811299360001e-05,,,,,,2020,2,2020
2020-02-18,,,,5.10470902564e-05,,,,,,2020,2,2020
2020-02-19,,,,4.223493460280001e-05,,,,,,2020,2,2020
2020-02-20,,,,3.662620526000001e-05,,,,,,2020,2,2020
2020-02-21,,,,3.216546145520001e-05,,,,,,2020,2,2020
2020-02-22,,,,2.8885502775200005e-05,,,,,,2020,2,2020
2020-02-23,,,,3.17281336312e-05,,,,,,2020,2,2020
2020-02-24,,,,2.9027634318000003e-05,,,,,,2020,2,2020
2020-02-25,,,,2.5474345748000007e-05,,,,,,2020,2,2020
2020-02-26,,,,2.4566890513200003e-05,,,,,,2020,2,2020
2020-02-27,,,,2.2161587481200003e-05,,,,,,2020,2,2020
2020-02-28,,,,1.96688188844e-05,,,,,,2020,2,2020
2020-02-29,,,,2.12541322464e-05,,,,,,2020,2,2020
2020-03-01,,,,1.9778150840400005e-05,,,,,,2020,3,2020
2020-03-02,,,,1.8313102630000004e-05,,,,,,2020,3,2020
2020-03-03,,,,1.7974173566400003e-05,,,,,,2020,3,2020
2020-03-04,,,,1.6684056485600002e-05,,,,,,2020,3,2020
2020-03-05,,,,1.5798467642000004e-05,,,,,,2020,3,2020
2020-03-06,,,,1.4858212820400004e-05,,,,,,2020,3,2020
2020-03-07,,,,1.5142475906000002e-05,,,,,,2020,3,2020
2020-03-08,,,,1.3229166676000004e-05,,,,,,2020,3,2020
2020-03-09,,,,1.2190513094000003e-05,,,,,,2020,3,2020
2020-03-10,,,,1.16001205316e-05,,,,,,2020,3,2020
2020-03-11,,,,1.0976928382400003e-05,,,,,,2020,3,2020
2020-03-12,,,,1.0769197666000002e-05,,,,,,2020,3,2020
2020-03-13,,,,1.1009727969200002e-05,,,,,,2020,3,2020
2020-03-14,,,,1.26169077224e-05,,,,,,2020,3,2020
2020-03-15,,,,1.1829717639200005e-05,,,,,,2020,3,2020
2020-03-16,,,,1.0430268602400005e-05,,,,,,2020,3,2020
2020-03-17,,,,1.0408402211200002e-05,,,,,,2020,3,2020
2020-03-18,,,,1.01460055168e-05,,,,,,2020,3,2020
2020-03-19,,,,9.818009648800002e-06,,,,,,2020,3,2020
2020-03-20,,,,9.0964187392e-06,,,,,,2020,3,2020
2020-03-21,,,,8.363894634000002e-06,,,,,,2020,3,2020
2020-03-22,,,,8.090564744000002e-06,,,,,,2020,3,2020
2020-03-23,,,,8.899621218400001e-06,,,,,,2020,3,2020
2020-03-24,,,,9.5228133676e-06,,,,,,2020,3,2020
2020-03-25,,,,1.1009727969200002e-05,,,,,,2020,3,2020
2020-03-26,,,,1.0681732101200002e-05,,,,,,2020,3,2020
2020-03-27,,,,9.8836088224e-06,,,,,,2020,3,2020
2020-03-28,,,,1.1993715573200002e-05,,,,,,2020,3,2020
2020-03-29,,,,3.34337121448e-05,,,,,,2020,3,2020
2020-03-30,,,,0.0001124369835504,,,,,,2020,3,2020
2020-03-31,,,,0.0002204569560784,,,,,,2020,3,2020
2020-04-01,,0.000112229252834,0.0001125791150932,0.000110042613714,,,0.0001542345903292,,,2020,4,2020
2020-04-02,,6.632076450960001e-05,7.91454029484e-05,6.880259991080001e-05,,,8.595678380720001e-05,,,2020,4,2020
2020-04-03,,4.928684576480001e-05,6.438558888840001e-05,5.124388777720002e-05,,,6.072296836240001e-05,,,2020,4,2020
2020-04-04,,3.9293904986400005e-05,5.6601153621200005e-05,4.36999828132e-05,,,4.722047179640001e-05,,,2020,4,2020
2020-04-05,,3.63856749568e-05,5.36491908092e-05,4.06496212408e-05,,,4.017949383000001e-05,,,2020,4,2020
2020-04-06,,3.531422178800001e-05,5.3397727310400014e-05,3.7588326472800007e-05,,,3.0940943548000005e-05,,,2020,4,2020
2020-04-07,,3.0044421508800007e-05,4.888231752760001e-05,3.52704890056e-05,,,2.44247589704e-05,,,2020,4,2020
2020-04-08,,2.533221420520001e-05,4.511036504560001e-05,3.2569989692400006e-05,,,2.03248106204e-05,,,2020,4,2020
2020-04-09,,2.18226584176e-05,4.096668391320001e-05,3.068948004920001e-05,,,1.78648416104e-05,,,2020,4,2020
2020-04-10,,1.92096246692e-05,3.58390151768e-05,2.8426308560000008e-05,,,1.5579803730000002e-05,,,2020,4,2020
2020-04-11,,1.7208849874400003e-05,3.1859331978400005e-05,2.61631370708e-05,,,1.4595816126000002e-05,,,2020,4,2020
2020-04-12,,1.58094008376e-05,2.8393508973200003e-05,2.4020230733200003e-05,,,1.4278753453600003e-05,,,2020,4,2020
2020-04-13,,1.4530216952400004e-05,2.5550878117200008e-05,2.1210399464000003e-05,,,1.3447830588e-05,,,2020,4,2020
2020-04-14,,1.35134297616e-05,2.3407971779600005e-05,1.92205578648e-05,,,1.2682506896000002e-05,,,2020,4,2020
2020-04-15,,1.2835571634400002e-05,2.170239326600001e-05,1.7963240370800003e-05,,,1.1862517226000002e-05,,,2020,4,2020
2020-04-16,,1.21467803116e-05,2.0160812686400004e-05,1.67168560724e-05,,,1.1097193534e-05,,,2020,4,2020
2020-04-17,,1.1534521358000002e-05,1.8794163236400003e-05,1.4672348495200004e-05,,,1.03974690156e-05,,,2020,4,2020
2020-04-18,,1.0987861578e-05,1.7646177698400004e-05,1.3633694913200003e-05,,,9.1729511084e-06,,,2020,4,2020
2020-04-19,,1.02553374728e-05,1.67933884416e-05,1.2649707309200003e-05,,,8.101497939600001e-06,,,2020,4,2020
2020-04-20,,9.664944910400002e-06,1.5831267228800003e-05,1.2256112267600004e-05,,,7.008178379600001e-06,,,2020,4,2020
2020-04-21,,9.01988637e-06,1.4836346429200002e-05,1.1425189402e-05,,,5.892992428400001e-06,,,2020,4,2020
2020-04-22,,1.18843836172e-05,1.9461088168000003e-05,1.83240358256e-05,,,1.0408402211200002e-05,,,2020,4,2020
2020-04-23,,1.2135847116000004e-05,1.7678977285200003e-05,1.54923381652e-05,,,1.2693440091600002e-05,,,2020,4,2020
2020-04-24,,1.1632920118400002e-05,1.7580578524800003e-05,1.4453684583200002e-05,,,1.1742252074400004e-05,,,2020,4,2020
2020-04-25,,1.2999569568400004e-05,1.8641098498e-05,1.6323261030800005e-05,,,1.3589962130800005e-05,,,2020,4,2020
2020-04-26,,1.3196367089200002e-05,1.78320420236e-05,1.3863292020800003e-05,,,1.2977703177200003e-05,,,2020,4,2020
2020-04-27,,1.5142475906000002e-05,2.12759986376e-05,1.9876549600800005e-05,,,2.3943698364e-05,,,2020,4,2020
2020-04-28,,1.5579803730000002e-05,2.0390409794000003e-05,1.6902720397600004e-05,,,2.086053720480001e-05,,,2020,4,2020
2020-04-29,,1.37867596516e-05,1.9056559930800004e-05,1.3994490368000002e-05,,,1.5383006209200002e-05,,,2020,4,2020
2020-04-30,,1.2343577832400004e-05,1.7504046155600003e-05,1.23873106148e-05,,,1.2890237612400003e-05,,,2020,4,2020
2020-05-01,,1.12721246636e-05,1.6399793400000002e-05,1.1370523424e-05,,,1.1392389815200002e-05,,,2020,5,2020
2020-05-02,,1.1676652900800003e-05,1.8291236238800005e-05,1.45192837568e-05,,,1.3305699045200002e-05,,,2020,5,2020
2020-05-03,,2.05216081412e-05,2.36047693004e-05,2.2784779630400004e-05,,,2.5365013792000005e-05,,,2020,5,2020
2020-05-04,,1.64763257692e-05,1.9723484862400003e-05,1.53283402312e-05,,,1.6585657725200002e-05,,,2020,5,2020
2020-05-05,,1.3863292020800003e-05,1.82147038696e-05,1.3240099871600002e-05,,,1.3633694913200003e-05,,,2020,5,2020
2020-05-06,,1.27043732872e-05,1.7689910480800003e-05,1.29449035904e-05,,,1.2354511028e-05,,,2020,5,2020
2020-05-07,,1.14579889888e-05,1.6257661857200004e-05,1.14907885756e-05,,,1.1315857446e-05,,,2020,5,2020
2020-05-08,,1.0211604690400002e-05,1.5273674253200003e-05,1.0594266536400002e-05,,,9.643078519200005e-06,,,2020,5,2020
2020-05-09,,9.2057506952e-06,1.4300619844800004e-05,1.0222537886000002e-05,,,7.959366396800001e-06,,,2020,5,2020
2020-05-10,,8.3529614384e-06,1.3655561304400002e-05,9.9273416048e-06,,,6.778581272000001e-06,,,2020,5,2020
2020-05-11,,7.817234854000002e-06,1.3371298218800004e-05,9.8289428444e-06,,,6.067923558000002e-06,,,2020,5,2020
2020-05-12,,8.178030308800002e-06,1.4049156346000002e-05,1.1501721771200005e-05,,,7.139376726800002e-06,,,2020,5,2020
2020-05-13,,8.998019978800001e-06,1.4770747255600002e-05,1.2693440091600002e-05,,,8.407627416400002e-06,,,2020,5,2020
2020-05-14,,1.58094008376e-05,2.1363464202400005e-05,2.3670368474e-05,,,1.7689910480800003e-05,,,2020,5,2020
2020-05-15,,1.7449380177600005e-05,2.0630940097200004e-05,2.0445075772000004e-05,,,1.93408230164e-05,,,2020,5,2020
2020-05-16,,1.37867596516e-05,1.82803030432e-05,1.5383006209200002e-05,,,1.3087035133200004e-05,,,2020,5,2020
2020-05-17,,1.2835571634400002e-05,1.7974173566400003e-05,1.5208075079600002e-05,,,1.16657197052e-05,,,2020,5,2020
2020-05-18,,2.0805871226800005e-05,2.38562327992e-05,2.5190082662400004e-05,,,2.12322658552e-05,,,2020,5,2020
2020-05-19,,2.587887398520001e-05,2.626153583120001e-05,2.7223657044000008e-05,,,2.859030649400001e-05,,,2020,5,2020
2020-05-20,,2.2423984175600007e-05,2.48292872076e-05,2.299251034680001e-05,,,2.3353305801600007e-05,,,2020,5,2020
2020-05-21,,1.9745351253600003e-05,2.4162362276000004e-05,2.1155733486000005e-05,,,2.20085227428e-05,,,2020,5,2020
2020-05-22,,2.1297865028800004e-05,2.468715566480001e-05,2.1975723156000003e-05,,,2.94212293596e-05,,,2020,5,2020
2020-05-23,,1.9023760344e-05,2.2762913239200004e-05,1.82693698476e-05,,,2.2850378804e-05,,,2020,5,2020
2020-05-24,,1.6060864336400005e-05,2.12759986376e-05,1.5962465576e-05,,,1.6869920810800002e-05,,,2020,5,2020
2020-05-25,,1.40928891284e-05,1.9723484862400003e-05,1.4770747255600002e-05,,,1.42896866492e-05,,,2020,5,2020
2020-05-26,,1.2868371221200002e-05,1.8400568194800004e-05,1.37430268692e-05,,,1.2409177006000002e-05,,,2020,5,2020
2020-05-27,,1.1611053727200004e-05,1.7033918744800003e-05,1.2955836786000002e-05,,,1.08019972528e-05,,,2020,5,2020
2020-05-28,,1.0375602624400002e-05,1.58640668156e-05,1.1829717639200005e-05,,,8.899621218400001e-06,,,2020,5,2020
2020-05-29,,9.1948174996e-06,1.4912878798400004e-05,1.09113292088e-05,,,7.456439399200002e-06,,,2020,5,2020
2020-05-30,,8.757489675600001e-06,1.448648417e-05,1.11190599252e-05,,,7.729769289200001e-06,,,2020,5,2020
2020-05-31,,7.871900832000001e-06,1.3174500698000005e-05,1.01460055168e-05,,,6.2209882964e-06,,,2020,5,2020
2020-06-01,,7.270575074000001e-06,1.2288911854400005e-05,9.3588154336e-06,,,5.4556646044e-06,,,2020,6,2020
2020-06-02,,6.745781685200002e-06,1.1447055793200002e-05,8.746556480000002e-06,,,5.1823347144e-06,,,2020,6,2020
2020-06-03,,6.2756542744e-06,1.1315857446e-05,8.473226590000001e-06,,,4.810606064000001e-06,,,2020,6,2020
2020-06-04,,6.035123971200001e-06,1.1217458685600005e-05,8.320161851600002e-06,,,4.274879479600001e-06,,,2020,6,2020
2020-06-05,,5.991391188800001e-06,1.10862603384e-05,8.429493807600001e-06,,,4.2420798928000005e-06,,,2020,6,2020
2020-06-06,,6.8441804456000015e-06,1.1971849182e-05,9.3697486292e-06,,,5.2916666704e-06,,,2020,6,2020
2020-06-07,,7.095643944400002e-06,1.1589187336000005e-05,9.56654615e-06,,,5.3135330616e-06,,,2020,6,2020
2020-06-08,,6.614583338000001e-06,1.1162792707600002e-05,9.29321626e-06,,,4.6684745212e-06,,,2020,6,2020
2020-06-09,,6.822314054400001e-06,1.1064393947200004e-05,9.6540117148e-06,,,4.996470389200001e-06,,,2020,6,2020
2020-06-10,,6.505251382000001e-06,1.0102272734400005e-05,8.691890502000002e-06,,,4.7340736948e-06,,,2020,6,2020
2020-06-11,,5.816460059200001e-06,9.533746563200002e-06,7.9921659836e-06,,,3.531422178800001e-06,,,2020,6,2020
2020-06-12,,6.3521866436e-06,1.0113205930000004e-05,8.615358132800001e-06,,,3.9250172204e-06,,,2020,6,2020
2020-06-13,,6.3631198392e-06,9.949207996000002e-06,8.134297526400002e-06,,,3.8922176336000005e-06,,,2020,6,2020
2020-06-14,,7.5767045508e-06,1.1589187336000005e-05,9.938274800400002e-06,,,7.183109509200001e-06,,,2020,6,2020
2020-06-15,,1.27590392652e-05,1.7569645329200004e-05,1.9078426322000003e-05,,,1.9920282383200006e-05,,,2020,6,2020
2020-06-16,5.4447314088000016e-05,1.8706697671600006e-05,2.0751205248800003e-05,2.0674672879600003e-05,,2.0543474532400004e-05,3.674647041160001e-05,9.544679758800002e-05,,2020,6,2020
2020-06-17,5.127668736400001e-05,1.50659435368e-05,1.9843750014e-05,1.54048726004e-05,4.573355719480001e-05,1.2693440091600002e-05,2.4555957317600007e-05,8.218483132520002e-05,,2020,6,2020
2020-06-18,4.2858126752e-05,1.3087035133200004e-05,1.7580578524800003e-05,1.4595816126000002e-05,3.8747245206400005e-05,7.959366396800001e-06,1.6126463510000002e-05,6.089789949200001e-05,,2020,6,2020
2020-06-19,3.662620526000001e-05,1.11190599252e-05,1.5514204556400004e-05,1.24857093752e-05,3.2985451125200005e-05,5.991391188800001e-06,1.2507575766400002e-05,4.784366394560001e-05,,2020,6,2020
2020-06-20,3.247159093200001e-05,9.4681473896e-06,1.3863292020800003e-05,1.120652549e-05,2.8142045474400005e-05,5.237000692400001e-06,1.0769197666000002e-05,4.0288825786e-05,,2020,6,2020
2020-06-21,3.0175619856e-05,8.188963504400002e-06,1.2649707309200003e-05,1.04740013848e-05,2.4785554425200005e-05,4.832472455200001e-06,9.457214194e-06,3.6680871238000006e-05,,2020,6,2020
2020-06-22,2.7332989000000004e-05,7.062844357600002e-06,1.15782541404e-05,9.643078519200005e-06,2.1789858830800003e-05,4.2420798928000005e-06,8.287362264800001e-06,3.2395058562800006e-05,,2020,6,2020
2020-06-23,2.5255681836000005e-05,6.1991219052e-06,1.09003960132e-05,9.2494834776e-06,1.9461088168000003e-05,3.8375516556e-06,7.5657713552e-06,2.9016701122400004e-05,,2020,6,2020
2020-06-24,2.350637054e-05,5.739927690000001e-06,1.02881370596e-05,8.910554414e-06,1.7711776872000005e-05,3.673553721600001e-06,7.062844357600002e-06,2.6895661176000003e-05,,2020,6,2020
2020-06-25,2.2194387068e-05,5.302599866000001e-06,9.818009648800002e-06,8.451360198800002e-06,1.6279528248400003e-05,3.4986225920000005e-06,6.417785817200001e-06,2.49714187504e-05,,2020,6,2020
2020-06-26,2.0882403596e-05,4.854338846400001e-06,9.3806818248e-06,8.068698352800001e-06,1.5076876732400003e-05,3.2908918756000004e-06,5.882059232800002e-06,2.328770662800001e-05,,2020,6,2020
2020-06-27,1.9898415992000004e-05,4.537276174000001e-06,8.943354000800001e-06,7.6751033112e-06,1.4169421497600002e-05,3.1050275504000004e-06,5.477530995600001e-06,2.2041322329600004e-05,,2020,6,2020
2020-06-28,1.9570420124e-05,5.116735540800001e-06,9.435347802800002e-06,8.648157719600002e-06,1.3797692847200002e-05,3.8047520688000008e-06,6.210055100800001e-06,2.1319731420000003e-05,,2020,6,2020
2020-06-29,1.9242424256000004e-05,5.094869149600002e-06,9.1948174996e-06,8.571625350400001e-06,1.3316632240800005e-05,3.9250172204e-06,5.7945936680000016e-06,2.08933367916e-05,,2020,6,2020
2020-06-30,1.8149104696000003e-05,4.537276174000001e-06,8.571625350400001e-06,7.6641701156e-06,1.24419765928e-05,3.4220902228000007e-06,5.040203171600001e-06,1.9646952493200003e-05,,2020,6,2020
2020-07-01,1.7383781004000004e-05,4.209280306000001e-06,8.287362264800001e-06,7.172176313600001e-06,1.16001205316e-05,3.1487603328000005e-06,4.657541325600001e-06,1.8564566128800005e-05,,2020,7,2020
2020-07-02,1.6618457312e-05,3.881284438e-06,7.981232788e-06,6.920712814800001e-06,1.0878529622000002e-05,2.8644972472000003e-06,4.427944218000001e-06,1.79195075884e-05,,2020,7,2020
2020-07-03,1.5853133620000002e-05,3.6188877436000008e-06,7.6641701156e-06,6.723915294000001e-06,1.0277203864e-05,2.798898073600001e-06,4.2202135016000005e-06,1.6957386375600002e-05,,2020,7,2020
2020-07-04,1.5197141884000002e-05,3.4439566140000008e-06,7.390840225600001e-06,6.4505854040000005e-06,9.7414772796e-06,2.623966944000001e-06,4.0124827852e-06,1.6126463510000002e-05,,2020,7,2020
2020-07-05,1.4759814060000005e-05,3.3127582668e-06,7.183109509200001e-06,6.231921492e-06,9.260416673200002e-06,2.5365013792000004e-06,3.82661846e-06,1.530647384e-05,,2020,7,2020
2020-07-06,1.4431818192000005e-05,3.3455578536000005e-06,7.106577140000002e-06,6.111656340400002e-06,8.877754827200002e-06,2.6349001396e-06,3.9031508292e-06,1.4595816126000002e-05,,2020,7,2020
2020-07-07,1.3994490368000002e-05,3.3236914624000005e-06,6.9863119884000005e-06,6.046057166800001e-06,8.670024110800001e-06,2.623966944000001e-06,3.8922176336000005e-06,1.4278753453600003e-05,,2020,7,2020
2020-07-08,1.3557162544000004e-05,3.0831611592e-06,6.898846423600001e-06,5.947658406400001e-06,8.178030308800002e-06,2.438102618800001e-06,3.684486917200001e-06,1.37648932604e-05,,2020,7,2020
2020-07-09,1.3119834720000002e-05,2.962896007600001e-06,6.7567148808e-06,5.707128103200001e-06,7.817234854000002e-06,2.3287706628000003e-06,3.662620526000001e-06,1.3087035133200004e-05,,2020,7,2020
2020-07-10,1.2791838852e-05,2.798898073600001e-06,6.570850555600001e-06,5.532196973600002e-06,7.434573008000001e-06,2.295971076e-06,3.4111570272000007e-06,1.24857093752e-05,,2020,7,2020
2020-07-11,1.2354511028e-05,2.6349001396e-06,6.384986230400001e-06,5.302599866000001e-06,7.062844357600002e-06,2.0663739684e-06,3.2580922888000003e-06,1.17313188788e-05,,2020,7,2020
2020-07-12,1.2026515160000002e-05,2.6021005528000005e-06,6.231921492e-06,5.193267910000001e-06,6.8004476632000005e-06,2.0007747948000004e-06,3.2034263108e-06,1.1556387749200004e-05,,2020,7,2020
2020-07-13,1.1698519292000004e-05,2.5255681836000008e-06,6.111656340400002e-06,5.073002758400001e-06,6.5489841644e-06,1.9461088168000003e-06,3.0831611592e-06,1.1195592294400002e-05,,2020,7,2020
2020-07-14,1.1370523424e-05,2.4490358144e-06,5.892992428400001e-06,4.8980716288e-06,6.2428546876000005e-06,1.8367768608e-06,2.9082300296000004e-06,1.03537362332e-05,,2020,7,2020
2020-07-15,1.1042527556000004e-05,2.4053030320000005e-06,5.7289944944000006e-06,5.0074035848000014e-06,5.9585916020000015e-06,1.7165117092000002e-06,2.809831269200001e-06,1.01460055168e-05,,2020,7,2020
2020-07-16,1.0714531688e-05,2.3069042716000003e-06,5.597796147200001e-06,4.930871215600001e-06,5.7289944944000006e-06,1.6509125356000002e-06,2.7004993132000003e-06,9.9273416048e-06,,2020,7,2020
2020-07-17,1.038653582e-05,2.252238293600001e-06,5.4993973868000005e-06,4.810606064000001e-06,5.5649965604000015e-06,1.6071797532000003e-06,2.6458333352e-06,9.6977444972e-06,,2020,7,2020
2020-07-18,1.0058539952e-05,2.252238293600001e-06,5.390065430800001e-06,4.7340736948e-06,5.3353994528000005e-06,1.5743801664000005e-06,2.5802341616000005e-06,9.4681473896e-06,,2020,7,2020
2020-07-19,9.949207996000002e-06,2.1429063376000003e-06,5.2916666704e-06,4.64660813e-06,5.094869149600002e-06,1.4541150148000002e-06,2.4818354012e-06,9.1620179128e-06,,2020,7,2020
2020-07-20,9.621212128000002e-06,2.0007747948000004e-06,5.193267910000001e-06,4.537276174000001e-06,4.91993802e-06,1.3119834720000005e-06,2.3725034452000004e-06,8.757489675600001e-06,,2020,7,2020
2020-07-21,9.402548216e-06,1.9023760344000004e-06,5.094869149600002e-06,4.438877413600001e-06,4.788739672800001e-06,1.2245179072e-06,2.2413050980000005e-06,8.363894634000002e-06,,2020,7,2020
2020-07-22,9.074552348000002e-06,1.8367768608e-06,4.9855371936000005e-06,4.329545457600001e-06,4.6138085432000005e-06,1.1807851248000002e-06,2.1975723156000004e-06,8.331095047200002e-06,,2020,7,2020
2020-07-23,8.855888436000003e-06,1.7711776872000005e-06,4.8215392596000014e-06,4.2202135016000005e-06,4.427944218000001e-06,1.1261191468000005e-06,2.1319731420000003e-06,8.298295460400001e-06,,2020,7,2020
2020-07-24,8.637224524000002e-06,1.7602444916000005e-06,4.657541325600001e-06,4.154614328e-06,4.253013088400001e-06,1.1042527556000002e-06,2.077307164e-06,8.1670971132e-06,,2020,7,2020
2020-07-25,8.527892568000001e-06,1.7383781004000002e-06,4.493543391600001e-06,4.067148763200001e-06,4.099948350000001e-06,1.0933195600000002e-06,2.0007747948000004e-06,7.970299592400001e-06,,2020,7,2020
2020-07-26,8.309228656e-06,1.5634469708000002e-06,4.4498106092000006e-06,3.9250172204e-06,3.82661846e-06,9.839876040000002e-07,1.8149104696e-06,7.926566810000001e-06,,2020,7,2020
2020-07-27,8.090564744000002e-06,1.4759814060000002e-06,4.318612262000001e-06,3.750086090800001e-06,3.640754134800001e-06,8.309228656000001e-07,1.6837121224000003e-06,7.686036506800001e-06,,2020,7,2020
2020-07-28,7.871900832000001e-06,1.421315428e-06,4.2639462840000006e-06,3.662620526000001e-06,3.5204889832000005e-06,8.199896700000001e-07,1.6727789268000005e-06,7.478305790400002e-06,,2020,7,2020
2020-07-29,7.65323692e-06,1.3775826456000002e-06,4.285812675200001e-06,3.6079545480000007e-06,3.3892906360000006e-06,7.543904964000002e-07,1.6071797532000003e-06,7.292441465200002e-06,,2020,7,2020
2020-07-30,7.434573008000001e-06,1.2901170808000002e-06,4.154614328e-06,3.531422178800001e-06,3.2252927020000003e-06,6.778581272000001e-07,1.5197141884e-06,7.062844357600002e-06,,2020,7,2020
2020-07-31,7.325241052000002e-06,1.2463842984e-06,4.023415980800001e-06,3.4330234184000003e-06,3.1378271372e-06,6.450585404000001e-07,1.4541150148000002e-06,6.931646010400002e-06,,2020,7,2020
2020-08-01,7.2159090960000015e-06,1.2682506896000002e-06,3.9687500028e-06,3.3892906360000006e-06,3.061294768000001e-06,6.669249316000001e-07,1.421315428e-06,6.7020489028000015e-06,,2020,8,2020
2020-08-02,6.997245184000001e-06,1.2791838852000002e-06,3.881284438e-06,3.3455578536000005e-06,2.9519628120000005e-06,6.887913228000001e-07,1.4650482104000002e-06,6.6583161204000014e-06,,2020,8,2020
2020-08-03,6.997245184000001e-06,1.2682506896000002e-06,3.771952482e-06,3.3127582668e-06,2.842630856e-06,6.450585404000001e-07,1.3666494500000002e-06,6.505251382000001e-06,,2020,8,2020
2020-08-04,6.778581272000001e-06,1.3119834720000005e-06,3.7938188732e-06,3.2799586800000004e-06,2.7551652912000005e-06,6.122589536e-07,1.2354511028e-06,6.384986230400001e-06,,2020,8,2020
2020-08-05,6.669249316e-06,1.2791838852000002e-06,3.8156852644e-06,3.3783574404e-06,2.6786329220000003e-06,6.122589536e-07,1.2135847116000005e-06,6.3193870568e-06,,2020,8,2020
2020-08-06,6.669249316e-06,1.3885158412000005e-06,3.82661846e-06,3.4439566140000008e-06,2.766098486800001e-06,7.106577140000001e-07,1.3885158412000005e-06,6.253787883200001e-06,,2020,8,2020
2020-08-07,6.669249316e-06,1.3557162544000002e-06,3.739152895200001e-06,3.465823005200001e-06,2.6786329220000003e-06,8.090564744000001e-07,1.3229166676e-06,6.3084538612e-06,,2020,8,2020
2020-08-08,6.4505854040000005e-06,1.2245179072e-06,3.640754134800001e-06,3.3564910492e-06,2.4162362276000005e-06,6.013257580000001e-07,1.1807851248000002e-06,6.253787883200001e-06,,2020,8,2020
2020-08-09,6.231921492e-06,1.1807851248000002e-06,3.5751549612000007e-06,3.3018250712000004e-06,2.3178374672000003e-06,5.685261712e-07,1.1151859512e-06,6.1553891228e-06,,2020,8,2020
2020-08-10,6.122589536000002e-06,1.0714531688000002e-06,3.487689396400001e-06,3.2362258976000003e-06,2.1757059244000004e-06,5.466597800000001e-07,1.038653582e-06,5.9804579932000016e-06,,2020,8,2020
2020-08-11,6.013257580000001e-06,9.29321626e-07,3.4002238316000003e-06,3.1268939416000005e-06,2.0226411860000004e-06,4.591942152000001e-07,1.0605199732e-06,5.9367252108000015e-06,,2020,8,2020
2020-08-12,5.903925624000001e-06,8.855888436000001e-07,3.2908918756000004e-06,3.0175619856000006e-06,1.9351756212e-06,4.0452823720000004e-07,9.839876040000002e-07,5.816460059200001e-06,,2020,8,2020
2020-08-13,5.7945936680000016e-06,8.965220392000002e-07,3.2580922888000003e-06,2.995695594400001e-06,1.8477100564000005e-06,4.154614328000001e-07,9.839876040000002e-07,5.7289944944000006e-06,,2020,8,2020
2020-08-14,5.6852617120000005e-06,8.965220392000002e-07,3.2143595064000007e-06,2.962896007600001e-06,1.8258436652e-06,4.263946284000001e-07,9.621212128e-07,5.652462125200001e-06,,2020,8,2020
2020-08-15,5.575929756000001e-06,7.981232788000002e-07,3.0831611592e-06,2.798898073600001e-06,1.7383781004000002e-06,3.498622592000001e-07,9.730544084e-07,5.554063364800001e-06,,2020,8,2020
2020-08-16,,7.762568876000001e-07,2.984762398800001e-06,2.7332989000000004e-06,1.6618457312000002e-06,2.405303032000001e-07,1.0058539952000002e-06,5.433798213200001e-06,,2020,8,2020
2020-08-17,,8.418560612000001e-07,2.962896007600001e-06,2.7332989000000004e-06,1.6399793400000002e-06,,9.949207996000002e-07,5.400998626400001e-06,,2020,8,2020
2020-08-18,,7.871900832000001e-07,2.962896007600001e-06,2.6567665308e-06,1.5634469708000002e-06,,8.418560612000001e-07,5.302599866000001e-06,,2020,8,2020
2020-08-19,,7.653236920000003e-07,2.9300964208000004e-06,2.6349001396e-06,1.4978477972000005e-06,,7.106577140000001e-07,5.302599866000001e-06,,2020,8,2020
2020-08-20,,,2.8644972472000003e-06,2.4709022056e-06,1.4650482104000002e-06,,6.887913228000001e-07,5.2916666704e-06,,2020,8,2020
2020-08-21,,,2.9082300296000004e-06,2.4927685968000003e-06,1.4869146016000005e-06,,7.325241052000001e-07,5.2916666704e-06,,2020,8,2020
2020-08-22,,,2.8535640516000007e-06,2.5365013792000004e-06,1.4650482104000002e-06,,6.997245184000001e-07,5.2260674968e-06,,2020,8,2020
2020-08-23,,,,2.5146349880000003e-06,1.3885158412000005e-06,,6.887913228000001e-07,5.193267910000001e-06,,2020,8,2020
2020-08-24,,,,2.4927685968000003e-06,1.3119834720000005e-06,,6.669249316000001e-07,5.029269976000001e-06,,2020,8,2020
2020-08-25,,,,2.438102618800001e-06,1.2573174940000002e-06,,6.341253448000001e-07,4.9855371936000005e-06,,2020,8,2020
2020-08-26,,,,2.3943698364000005e-06,1.1698519292000002e-06,,6.122589536e-07,4.8980716288e-06,,2020,8,2020
2020-08-27,,,,2.3834366408000004e-06,1.147985538e-06,,5.903925624000001e-07,4.843405650800001e-06,,2020,8,2020
2020-08-28,,,,2.3834366408000004e-06,1.1042527556000002e-06,,,4.8215392596000014e-06,,2020,8,2020
2020-08-29,,,,2.3834366408000004e-06,1.038653582e-06,,,4.766873281600001e-06,,2020,8,2020
2020-08-30,,,,2.3725034452000004e-06,9.839876040000002e-07,,,4.7340736948e-06,,2020,8,2020
2020-08-31,,,,2.3506370540000004e-06,9.949207996000002e-07,,,4.6903409124e-06,,2020,8,2020
2020-09-01,,,,2.3287706628000003e-06,9.621212128e-07,,,4.701274108000001e-06,,2020,9,2020
2020-09-02,,,,2.3069042716000003e-06,8.855888436000001e-07,,,4.6903409124e-06,,2020,9,2020
2020-09-03,,,,2.2085055112000005e-06,8.199896700000001e-07,,,4.64660813e-06,,2020,9,2020
2020-09-04,,,,2.1319731420000003e-06,7.871900832000001e-07,,,4.6138085432000005e-06,,2020,9,2020
2020-09-05,,,,2.1319731420000003e-06,,,,4.5919421520000005e-06,,2020,9,2020
2020-09-06,,,,2.0882403596e-06,,,,4.482610196000001e-06,,2020,9,2020
2020-09-07,,,,2.0445075772000005e-06,,,,,,2020,9,2020
2020-09-08,,,,1.9789084036000003e-06,,,,,,2020,9,2020
2020-09-09,,,,1.9351756212e-06,,,,,,2020,9,2020
2020-09-10,,,,1.9023760344000004e-06,,,,,,2020,9,2020
2020-09-11,,,,1.9351756212e-06,,,,,,2020,9,2020
2020-09-12,,,,2.0117079904000004e-06,,,,,,2020,9,2020
2020-09-13,,,,2.0226411860000004e-06,,,,,,2020,9,2020
2020-09-14,,,,2.0226411860000004e-06,,,,,,2020,9,2020
2020-09-15,,,,2.0007747948000004e-06,,,,,,2020,9,2020
2020-09-16,,,,2.0007747948000004e-06,,,,,,2020,9,2020
2020-09-17,,,,2.0007747948000004e-06,,,,,,2020,9,2020
2020-09-18,,,,2.3943698364000005e-06,,,,,,2020,9,2020
2020-09-19,,,,3.465823005200001e-06,,,,,,2020,9,2020
2020-09-20,,,,2.45996901e-06,,,,,,2020,9,2020
2020-09-21,,,,2.2741046848e-06,,,,,,2020,9,2020
2020-09-22,,,,2.1647727288000004e-06,,,,,,2020,9,2020
2020-09-23,,,,3.115960746e-06,,,,,,2020,9,2020
2020-09-24,,,,3.750086090800001e-06,,,,,,2020,9,2020
2020-09-25,,,,8.342028242800001e-06,,,,,,2020,9,2020
2020-09-26,,,,4.788739672800001e-06,,,,,,2020,9,2020
2020-09-27,,,,2.7332989000000004e-06,,,,,,2020,9,2020
2020-09-28,,,,2.3943698364000005e-06,,,,,,2020,9,2020
2020-09-29,,,,2.2194387068000005e-06,,,,,,2020,9,2020
2020-09-30,,,,2.0991735552e-06,,,,,,2020,9,2020
2020-10-01,,,,,,,,,,2020,10,2021
2020-10-02,,,,,,,,,,2020,10,2021
2020-10-03,,,,,,,,,,2020,10,2021
2020-10-04,,,,,,,,,,2020,10,2021
2020-10-05,,,,,,,,,,2020,10,2021
2020-10-06,,,,,,,,,,2020,10,2021
2020-10-07,,,,,,,,,,2020,10,2021
2020-10-08,,,,,,,,,,2020,10,2021
2020-10-09,,,,,,,,,,2020,10,2021
2020-10-10,,,,,,,,,,2020,10,2021
2020-10-11,,,,,,,,,,2020,10,2021
2020-10-12,,,,,,,,,,2020,10,2021
2020-10-13,,,,,,,,,,2020,10,2021
2020-10-14,,,,,,,,,,2020,10,2021
2020-10-15,,,,,,,,,,2020,10,2021
2020-10-16,,,,,,,,,,2020,10,2021
2020-10-17,,,,,,,,,,2020,10,2021
2020-10-18,,,,,,,,,,2020,10,2021
2020-10-19,,,,,,,,,,2020,10,2021
2020-10-20,,,,,,,,,,2020,10,2021
2020-10-21,,,,,,,,,,2020,10,2021
2020-10-22,,,,,,,,,,2020,10,2021
2020-10-23,,,,,,,,,,2020,10,2021
2020-10-24,,,,,,,,,,2020,10,2021
2020-10-25,,,,,,,,,,2020,10,2021
2020-10-26,,,,,,,,,,2020,10,2021
2020-10-27,,,,,,,,,,2020,10,2021
2020-10-28,,,,,,,,,,2020,10,2021
2020-10-29,,,,,,,,,,2020,10,2021
2020-10-30,,,,,,,,,,2020,10,2021
2020-10-31,,,,,,,,,,2020,10,2021
2020-11-01,,,,,,,,,,2020,11,2021
2020-11-02,,,,,,,,,,2020,11,2021
2020-11-03,,,,,,,,,,2020,11,2021
2020-11-04,,,,,,,,,,2020,11,2021
2020-11-05,,,,,,,,,,2020,11,2021
2020-11-06,,,,,,,,,,2020,11,2021
2020-11-07,,,,,,,,,,2020,11,2021
2020-11-08,,,,,,,,,,2020,11,2021
2020-11-09,,,,,,,,,,2020,11,2021
2020-11-10,,,,,,,,,,2020,11,2021
2020-11-11,,,,,,,,,,2020,11,2021
2020-11-12,,,,,,,,,,2020,11,2021
2020-11-13,,,,,,,,,,2020,11,2021
2020-11-14,,,,,,,,,,2020,11,2021
2020-11-15,,,,,,,,,,2020,11,2021
2020-11-16,,,,,,,,,,2020,11,2021
2020-11-17,,,,,,,,,,2020,11,2021
2020-11-18,,,,,,,,,,2020,11,2021
2020-11-19,,,,,,,,,,2020,11,2021
2020-11-20,,,,,,,,,,2020,11,2021
2020-11-21,,,,,,,,,,2020,11,2021
2020-11-22,,,,,,,,,,2020,11,2021
2020-11-23,,,,,,,,,,2020,11,2021
2020-11-24,,,,,,,,,,2020,11,2021
2020-11-25,,,,,,,,,,2020,11,2021
2020-11-26,,,,,,,,,,2020,11,2021
2020-11-27,,,,,,,,,,2020,11,2021
2020-11-28,,,,,,,,,,2020,11,2021
2020-11-29,,,,,,,,,,2020,11,2021
2020-11-30,,,,,,,,,,2020,11,2021
2020-12-01,,,,,,,,,,2020,12,2021
2020-12-02,,,,,,,,,,2020,12,2021
2020-12-03,,,,,,,,,,2020,12,2021
2020-12-04,,,,,,,,,,2020,12,2021
2020-12-05,,,,,,,,,,2020,12,2021
2020-12-06,,,,,,,,,,2020,12,2021
2020-12-07,,,,,,,,,,2020,12,2021
2020-12-08,,,,,,,,,,2020,12,2021
2020-12-09,,,,,,,,,,2020,12,2021
2020-12-10,,,,,,,,,,2020,12,2021
2020-12-11,,,,,,,,,,2020,12,2021
2020-12-12,,,,,,,,,,2020,12,2021
2020-12-13,,,,,,,,,,2020,12,2021
2020-12-14,,,,,,,,,,2020,12,2021
2020-12-15,,,,,,,,,,2020,12,2021
2020-12-16,,,,,,,,,,2020,12,2021
2020-12-17,,,,,,,,,,2020,12,2021
2020-12-18,,,,,,,,,,2020,12,2021
2020-12-19,,,,,,,,,,2020,12,2021
2020-12-20,,,,,,,,,,2020,12,2021
2020-12-21,,,,,,,,,,2020,12,2021
2020-12-22,,,,,,,,,,2020,12,2021
2020-12-23,,,,,,,,,,2020,12,2021
2020-12-24,,,,,,,,,,2020,12,2021
2020-12-25,,,,,,,,,,2020,12,2021
2020-12-26,,,,,,,,,,2020,12,2021
2020-12-27,,,,,,,,,,2020,12,2021
2020-12-28,,,,,,,,,,2020,12,2021
2020-12-29,,,,,,,,,,2020,12,2021
2020-12-30,,,,,,,,,,2020,12,2021
2020-12-31,,,,,,,,,,2020,12,2021
2021-01-01,,,,,,,,,,2021,1,2021
2021-01-02,,,,,,,,,,2021,1,2021
2021-01-03,,,,,,,,,,2021,1,2021
2021-01-04,,,,,,,,,,2021,1,2021
2021-01-05,,,,,,,,,,2021,1,2021
2021-01-06,,,,,,,,,,2021,1,2021
2021-01-07,,,,,,,,,,2021,1,2021
2021-01-08,,,,,,,,,,2021,1,2021
2021-01-09,,,,,,,,,,2021,1,2021
2021-01-10,,,,,,,,,,2021,1,2021
2021-01-11,,,,,,,,,,2021,1,2021
2021-01-12,,,,,,,,,,2021,1,2021
2021-01-13,,,,,,,,,,2021,1,2021
2021-01-14,,,,,,,,,,2021,1,2021
2021-01-15,,,,,,,,,,2021,1,2021
2021-01-16,,,,,,,,,,2021,1,2021
2021-01-17,,,,,,,,,,2021,1,2021
2021-01-18,,,,,,,,,,2021,1,2021
2021-01-19,,,,,,,,,,2021,1,2021
2021-01-20,,,,,,,,,,2021,1,2021
2021-01-21,,,,,,,,,,2021,1,2021
2021-01-22,,,,,,,,,,2021,1,2021
2021-01-23,,,,,,,,,,2021,1,2021
2021-01-24,,,,,,,,,,2021,1,2021
2021-01-25,,,,,,,,,,2021,1,2021
2021-01-26,,,,,,,,,,2021,1,2021
2021-01-27,,,,,,,,,,2021,1,2021
2021-01-28,,,,,,,,,,2021,1,2021
2021-01-29,,,,,,,,,,2021,1,2021
2021-01-30,,,,,,,,,,2021,1,2021
2021-01-31,,,,,,,,,,2021,1,2021
2021-02-01,,,,,,,,,,2021,2,2021
2021-02-02,,,,,,,,,,2021,2,2021
2021-02-03,,,,,,,,,,2021,2,2021
2021-02-04,,,,,,,,,,2021,2,2021
2021-02-05,,,,,,,,,,2021,2,2021
2021-02-06,,,,,,,,,,2021,2,2021
2021-02-07,,,,,,,,,,2021,2,2021
2021-02-08,,,,,,,,,,2021,2,2021
2021-02-09,,,,,,,,,,2021,2,2021
2021-02-10,,,,,,,,,,2021,2,2021
2021-02-11,,,,,,,,,,2021,2,2021
2021-02-12,,,,,,,,,,2021,2,2021
2021-02-13,,,,,,,,,,2021,2,2021
2021-02-14,,,,,,,,,,2021,2,2021
2021-02-15,,,,,,,,,,2021,2,2021
2021-02-16,,,,,,,,,,2021,2,2021
2021-02-17,,,,,,,,,,2021,2,2021
2021-02-18,,,,,,,,,,2021,2,2021
2021-02-19,,,,,,,,,,2021,2,2021
2021-02-20,,,,,,,,,,2021,2,2021
2021-02-21,,,,,,,,,,2021,2,2021
2021-02-22,,,,,,,,,,2021,2,2021
2021-02-23,,,,,,,,,,2021,2,2021
2021-02-24,,,,,,,,,,2021,2,2021
2021-02-25,,,,,,,,,,2021,2,2021
2021-02-26,,,,,,,,,,2021,2,2021
2021-02-27,,,,,,,,,,2021,2,2021
2021-02-28,,,,,,,,,,2021,2,2021
2021-03-01,,,,,,,,,,2021,3,2021
2021-03-02,,,,,,,,,,2021,3,2021
2021-03-03,,,,,,,,,,2021,3,2021
2021-03-04,,,,,,,,,,2021,3,2021
2021-03-05,,,,,,,,,,2021,3,2021
2021-03-06,,,,,,,,,,2021,3,2021
2021-03-07,,,,,,,,,,2021,3,2021
2021-03-08,,,,,,,,,,2021,3,2021
2021-03-09,,,,,,,,,,2021,3,2021
2021-03-10,,,,,,,,,,2021,3,2021
2021-03-11,,,,,,,,,,2021,3,2021
2021-03-12,,,,,,,,,,2021,3,2021
2021-03-13,,,,,,,,,,2021,3,2021
2021-03-14,,,,,,,,,,2021,3,2021
2021-03-15,,,,,,,,,,2021,3,2021
2021-03-16,,,,,,,,,,2021,3,2021
2021-03-17,,,,,,,,,,2021,3,2021
2021-03-18,,,,,,,,,,2021,3,2021
2021-03-19,,,,,,,,,,2021,3,2021
2021-03-20,,,,,,,,,,2021,3,2021
2021-03-21,,,,,,,,,,2021,3,2021
2021-03-22,,,,,,,,,,2021,3,2021
2021-03-23,,,,,,,,,,2021,3,2021
2021-03-24,,,,,,,,,,2021,3,2021
2021-03-25,,,,,,,,,,2021,3,2021
2021-03-26,,,,,,,,,,2021,3,2021
2021-03-27,,,,,,,,,,2021,3,2021
2021-03-28,,,,,,,,,,2021,3,2021
2021-03-29,,,,,,,,,,2021,3,2021
2021-03-30,,,,,,,,,,2021,3,2021
2021-03-31,,,,,,,,,,2021,3,2021
2021-04-01,,,,,,,,,,2021,4,2021
2021-04-02,,,,,3.996082991800001e-05,,,,,2021,4,2021
2021-04-03,,,,,3.87691115976e-05,,,,,2021,4,2021
2021-04-04,,,,,3.67792699984e-05,,,,,2021,4,2021
2021-04-05,,,,,3.2569989692400006e-05,,,,,2021,4,2021
2021-04-06,,,,,2.9027634318000003e-05,,,,,2021,4,2021
2021-04-07,,,,,2.6687930459600004e-05,,,,,2021,4,2021
2021-04-08,,,,,2.5015151532800004e-05,,,,,2021,4,2021
2021-04-09,,,,,2.273011365240001e-05,,,,,2021,4,2021
2021-04-10,,,,,2.095893596520001e-05,,,,,2021,4,2021
2021-04-11,,,,,1.91658918868e-05,,,,,2021,4,2021
2021-04-12,,,,,1.7186983483200004e-05,,,,,2021,4,2021
2021-04-13,,,,,1.5721935272800003e-05,,,,,2021,4,2021
2021-04-14,,,,,1.4508350561200002e-05,,,,,2021,4,2021
2021-04-15,,,,,1.3535296152800002e-05,,,,,2021,4,2021
2021-04-16,,,,,1.2802772047600005e-05,,,,,2021,4,2021
2021-04-17,,,,,1.2168646702800002e-05,,,,,2021,4,2021
2021-04-18,,,,,1.16875860964e-05,,,,,2021,4,2021
2021-04-19,,,,,1.11846590988e-05,,,,,2021,4,2021
2021-04-20,,,,,1.0605199732000002e-05,,,,,2021,4,2021
2021-04-21,,,,,1.01241391256e-05,,,,,2021,4,2021
2021-04-22,,,,,9.675878106000002e-06,,,,,2021,4,2021
2021-04-23,,,,,9.29321626e-06,,,,,2021,4,2021
2021-04-24,,,,,9.7961432576e-06,,,,,2021,4,2021
2021-04-25,,,,,1.0222537886000002e-05,,,,,2021,4,2021
2021-04-26,,,,,1.08457300352e-05,,,,,2021,4,2021
2021-04-27,,,,,1.0003873974000002e-05,,,,,2021,4,2021
2021-04-28,,,,,8.9542871964e-06,,,,,2021,4,2021
2021-04-29,,,,,8.407627416400002e-06,,,,,2021,4,2021
2021-04-30,,,,,8.035898766e-06,,,,,2021,4,2021
2021-05-01,5.1714015188000014e-05,,,,1.2004648768800003e-05,,,,,2021,5,2021
2021-05-02,4.2748794796e-05,,,,1.0167871908000002e-05,,,,,2021,5,2021
2021-05-03,3.6298209392000006e-05,,,,9.0526859568e-06,,,,,2021,5,2021
2021-05-04,3.4111570272000004e-05,,,,8.363894634000002e-06,,,,,2021,5,2021
2021-05-05,3.2908918756e-05,,,,7.729769289200001e-06,,,,,2021,5,2021
2021-05-06,3.3346246580000005e-05,,,,7.226842291600001e-06,,,,,2021,5,2021
2021-05-07,3.269025484400001e-05,,,,7.150309922400001e-06,,,,,2021,5,2021
2021-05-08,2.8535640516000004e-05,,,,6.898846423600001e-06,,,,,2021,5,2021
2021-05-09,2.6130337484000007e-05,,,,6.603650142400001e-06,,,,,2021,5,2021
2021-05-10,2.4927685968e-05,,,,6.3521866436e-06,,,,,2021,5,2021
2021-05-11,2.4162362276000004e-05,,,,5.871126037200001e-06,,,,,2021,5,2021
2021-05-12,2.4271694232000007e-05,,,,5.5431301692000006e-06,,,,,2021,5,2021
2021-05-13,2.45996901e-05,,,,5.2916666704e-06,,,,,2021,5,2021
2021-05-14,2.45996901e-05,,,,5.0511363672000015e-06,,,,,2021,5,2021
2021-05-15,2.3725034452000003e-05,,,,4.930871215600001e-06,,,,,2021,5,2021
2021-05-16,2.2741046848e-05,,,,4.7340736948e-06,,,,,2021,5,2021
2021-05-17,2.1538395332000005e-05,,,,4.504476587200001e-06,,,,,2021,5,2021
2021-05-18,2.0991735552000005e-05,,,,4.493543391600001e-06,,,,,2021,5,2021
2021-05-19,1.9789084036000004e-05,,,,4.493543391600001e-06,,,,,2021,5,2021
2021-05-20,1.9242424256000004e-05,,,,4.7778064772000005e-06,,,,,2021,5,2021
2021-05-21,1.9023760344e-05,,,,4.9855371936000005e-06,,,,,2021,5,2021
2021-05-22,1.7930440784000004e-05,,,,4.788739672800001e-06,,,,,2021,5,2021
2021-05-23,1.7711776872000005e-05,,,,4.8980716288e-06,,,,,2021,5,2021
2021-05-24,1.8914428388e-05,,,,5.4556646044e-06,,,,,2021,5,2021
2021-05-25,2.941029616400001e-05,,1.5000344363200004e-05,1.3065168742000004e-05,1.2223312680800004e-05,,,4.7942062706e-05,,2021,5,2021
2021-05-26,2.9628960076000005e-05,,1.0003873974000002e-05,7.860967636400002e-06,9.719610888400002e-06,,,4.351411848800001e-05,,2021,5,2021
2021-05-27,2.7114325088000005e-05,,1.03537362332e-05,8.2108298956e-06,9.0308195656e-06,,,4.011389465640001e-05,,2021,5,2021
2021-05-28,2.4927685968e-05,,9.326015846800004e-06,7.106577140000002e-06,8.057765157200001e-06,,,3.61779442404e-05,,2021,5,2021
2021-05-29,2.2741046848e-05,,8.473226590000001e-06,6.253787883200001e-06,7.161243118000002e-06,,,3.16188016752e-05,,2021,5,2021
2021-05-30,2.0882403596e-05,,8.003099179200002e-06,5.805526863600002e-06,6.691115707200001e-06,,,2.83497761908e-05,,2021,5,2021
2021-05-31,1.9242424256000004e-05,,7.65323692e-06,5.575929756000001e-06,6.1663223184e-06,,,2.5835141202800004e-05,,2021,5,2021
2021-06-01,1.803977274e-05,,7.6313705288e-06,5.379132235200001e-06,5.641528929600001e-06,,,2.3987431146400004e-05,,2021,6,2021
2021-06-02,1.7055785136000002e-05,,7.686036506800001e-06,5.2151343012000015e-06,5.247933888000001e-06,,,2.22381198504e-05,,2021,6,2021
2021-06-03,1.6181129488000004e-05,,7.4455062036000016e-06,5.171401518800001e-06,5.040203171600001e-06,,,2.03248106204e-05,,2021,6,2021
2021-06-04,1.530647384e-05,,6.581783751200001e-06,5.105802345200001e-06,4.799672868400001e-06,,,1.8641098498e-05,,2021,6,2021
2021-06-05,1.4431818192000005e-05,,6.6255165336e-06,4.952737606800001e-06,4.64660813e-06,,,1.7307248634800003e-05,,2021,6,2021
2021-06-06,1.3994490368000002e-05,,6.395919426e-06,4.745006890400001e-06,4.515409782800001e-06,,,1.6224862270400002e-05,,2021,6,2021
2021-06-07,1.3557162544000004e-05,,6.286587470000001e-06,4.679407716800001e-06,4.373278240000001e-06,,,1.5579803730000002e-05,,2021,6,2021
2021-06-08,1.3229166676000004e-05,,6.286587470000001e-06,4.5919421520000005e-06,4.1764807192e-06,,,1.4901945602800004e-05,,2021,6,2021
2021-06-09,1.2791838852e-05,,6.1663223184e-06,4.493543391600001e-06,4.089015154400001e-06,,,1.4475550974400005e-05,,2021,6,2021
2021-06-10,1.2463842984e-05,,5.739927690000001e-06,4.427944218000001e-06,4.0343491764e-06,,,1.37320936736e-05,,2021,6,2021
2021-06-11,1.3119834720000002e-05,,7.707902898e-06,6.374053034800001e-06,4.6247417388e-06,,,1.4945678385200005e-05,,2021,6,2021
2021-06-12,1.6181129488000004e-05,4.8215392596000014e-06,9.446280998400002e-06,7.686036506800001e-06,6.056990362400001e-06,,,1.8947227974800004e-05,,2021,6,2021
2021-06-13,1.3338498632e-05,3.706353308400001e-06,7.696969702400001e-06,6.210055100800001e-06,4.832472455200001e-06,,,1.46614152996e-05,,2021,6,2021
2021-06-14,1.3775826456000005e-05,4.9855371936000005e-06,8.637224524000002e-06,7.139376726800002e-06,5.073002758400001e-06,,,1.5711002077200004e-05,,2021,6,2021
2021-06-15,1.2791838852e-05,4.0562155676000005e-06,7.226842291600001e-06,5.739927690000001e-06,4.5263429784e-06,,,1.42022210844e-05,,2021,6,2021
2021-06-16,1.2026515160000002e-05,3.3783574404e-06,6.778581272000001e-06,5.3353994528000005e-06,4.0124827852e-06,,,1.3108901524400002e-05,,2021,6,2021
2021-06-17,1.1589187336000005e-05,2.984762398800001e-06,6.4396522084e-06,5.116735540800001e-06,3.7610192864e-06,,,1.2245179072000005e-05,,2021,6,2021
2021-06-18,1.1151859512000002e-05,2.6567665308e-06,6.1991219052e-06,4.799672868400001e-06,3.5642217656000006e-06,,,1.1785984856800004e-05,,2021,6,2021
2021-06-19,1.0605199732000002e-05,2.4818354012e-06,6.024190775600002e-06,4.6138085432000005e-06,3.3783574404e-06,,,1.11846590988e-05,,2021,6,2021
2021-06-20,1.038653582e-05,2.4271694232000005e-06,5.827393254800001e-06,4.493543391600001e-06,3.2034263108e-06,,,1.05177341672e-05,,2021,6,2021
2021-06-21,9.949207996000002e-06,2.2741046848e-06,5.4993973868000005e-06,4.417011022400001e-06,2.995695594400001e-06,,,1.0080406343200002e-05,,2021,6,2021
2021-06-22,9.621212128000002e-06,2.1975723156000004e-06,5.258867083600001e-06,4.296745870800001e-06,2.9082300296000004e-06,,,9.818009648800002e-06,,2021,6,2021
2021-06-23,9.402548216e-06,2.2303719024e-06,5.073002758400001e-06,3.8156852644e-06,2.9519628120000005e-06,3.739152895200001e-06,,9.5009469764e-06,,2021,6,2021
2021-06-24,9.29321626e-06,2.1975723156000004e-06,4.887138433200001e-06,3.465823005200001e-06,2.9082300296000004e-06,3.6516873304e-06,1.2573174940000002e-06,9.2494834776e-06,,2021,6,2021
2021-06-25,8.965220392000002e-06,2.0554407728000005e-06,4.7340736948e-06,3.3783574404e-06,2.809831269200001e-06,3.3674242448000006e-06,1.3666494500000002e-06,8.8886880228e-06,,2021,6,2021
2021-06-26,8.746556480000002e-06,1.9789084036000003e-06,4.6356749344000006e-06,3.2690254844000004e-06,2.6676997264e-06,3.1268939416000005e-06,1.3229166676e-06,8.702823697600002e-06,,2021,6,2021
2021-06-27,8.418560612000002e-06,1.8367768608e-06,4.4607438048e-06,3.1050275504000004e-06,2.5255681836000008e-06,2.995695594400001e-06,1.2354511028e-06,8.309228656e-06,,2021,6,2021
2021-06-28,8.199896700000001e-06,1.6399793400000002e-06,4.1764807192e-06,2.9300964208000004e-06,2.4271694232000005e-06,2.9519628120000005e-06,1.0933195600000002e-06,7.959366396800001e-06,,2021,6,2021
2021-06-29,7.871900832000001e-06,1.7165117092000002e-06,4.2420798928000005e-06,2.8644972472000003e-06,2.3834366408000004e-06,3.061294768000001e-06,1.1042527556000002e-06,7.8063016584e-06,,2021,6,2021
2021-06-30,7.762568876e-06,1.7821108828000003e-06,4.340478653200001e-06,2.8972968340000008e-06,2.295971076e-06,3.0503615724000007e-06,1.0605199732e-06,7.729769289200001e-06,,2021,6,2021
2021-07-01,7.762568876e-06,1.8039772740000004e-06,4.296745870800001e-06,2.9082300296000004e-06,2.2303719024e-06,2.8754304428000007e-06,1.0823863644000002e-06,7.587637746400001e-06,,2021,7,2021
2021-07-02,7.65323692e-06,1.7274449048000002e-06,4.253013088400001e-06,2.8754304428000007e-06,2.1101067508e-06,2.8754304428000007e-06,1.0714531688000002e-06,7.489238986000002e-06,,2021,7,2021
2021-07-03,7.434573008000001e-06,1.5743801664000005e-06,4.045282372000001e-06,2.7770316824000005e-06,2.1647727288000004e-06,2.6567665308e-06,1.0167871908000002e-06,7.390840225600001e-06,,2021,7,2021
2021-07-04,7.2159090960000015e-06,1.4650482104000002e-06,3.935950416000001e-06,2.6786329220000003e-06,2.0991735552e-06,2.5802341616000005e-06,9.621212128e-07,7.172176313600001e-06,,2021,7,2021
2021-07-05,6.997245184000001e-06,1.3994490368000005e-06,3.82661846e-06,2.6021005528000005e-06,1.9789084036000003e-06,2.5911673572e-06,9.074552348e-07,6.909779619200001e-06,,2021,7,2021
2021-07-06,6.8879132280000016e-06,1.3666494500000002e-06,3.7938188732e-06,2.569300966e-06,1.9570420124000003e-06,2.4818354012e-06,9.074552348e-07,6.614583338000001e-06,,2021,7,2021
2021-07-07,6.669249316e-06,1.2901170808000002e-06,3.739152895200001e-06,2.569300966e-06,1.8477100564000005e-06,2.3069042716000003e-06,8.746556480000001e-07,6.5927169468e-06,,2021,7,2021
2021-07-08,6.669249316e-06,1.2354511028e-06,3.706353308400001e-06,2.5365013792000004e-06,1.7602444916000005e-06,2.295971076e-06,8.418560612000001e-07,6.5927169468e-06,,2021,7,2021
2021-07-09,6.4505854040000005e-06,1.147985538e-06,3.6188877436000008e-06,2.5146349880000003e-06,1.6946453180000003e-06,2.2631714892e-06,7.325241052000001e-07,6.559917360000001e-06,,2021,7,2021
2021-07-10,6.341253448000001e-06,1.0277203864000005e-06,3.5860881568000007e-06,2.4818354012e-06,1.6071797532000003e-06,2.3069042716000003e-06,6.997245184000001e-07,6.4396522084e-06,,2021,7,2021
2021-07-11,6.231921492e-06,9.402548216e-07,3.4986225920000005e-06,2.4271694232000005e-06,1.5415805796e-06,2.2194387068000005e-06,6.997245184000001e-07,6.384986230400001e-06,,2021,7,2021
2021-07-12,6.122589536000002e-06,8.746556480000001e-07,3.4548898096000004e-06,2.3943698364000005e-06,1.4869146016000005e-06,2.1975723156000004e-06,6.669249316000001e-07,6.3193870568e-06,,2021,7,2021
2021-07-13,6.013257580000001e-06,8.199896700000001e-07,3.4330234184000003e-06,2.3725034452000004e-06,1.4431818192000002e-06,2.1538395332000003e-06,6.669249316000001e-07,6.2209882964e-06,,2021,7,2021
2021-07-14,5.903925624000001e-06,7.871900832000001e-07,3.3892906360000006e-06,2.3615702496000004e-06,1.3994490368000005e-06,2.1210399464000003e-06,6.450585404000001e-07,6.1663223184e-06,,2021,7,2021
2021-07-15,5.7945936680000016e-06,7.325241052000001e-07,3.3236914624000005e-06,2.3506370540000004e-06,1.3666494500000002e-06,2.0882403596e-06,6.122589536e-07,6.122589536000002e-06,,2021,7,2021
2021-07-16,5.7945936680000016e-06,6.887913228000001e-07,3.2690254844000004e-06,2.3287706628000003e-06,1.3010502764000005e-06,2.0663739684e-06,5.903925624000001e-07,6.067923558000002e-06,,2021,7,2021
2021-07-17,5.6852617120000005e-06,7.106577140000001e-07,3.2580922888000003e-06,2.3287706628000003e-06,1.2354511028e-06,2.0882403596e-06,5.903925624000001e-07,5.892992428400001e-06,,2021,7,2021
2021-07-18,5.575929756000001e-06,9.183884304e-07,3.2034263108e-06,2.3178374672000003e-06,1.2026515160000002e-06,2.0663739684e-06,5.794593668000001e-07,5.871126037200001e-06,,2021,7,2021
2021-07-19,5.466597800000001e-06,9.949207996000002e-07,3.1378271372e-06,2.252238293600001e-06,1.147985538e-06,2.0226411860000004e-06,6.559917360000001e-07,5.772727276800001e-06,,2021,7,2021
2021-07-20,5.3572658440000005e-06,1.0277203864000005e-06,3.0722279636000008e-06,2.2194387068000005e-06,1.1151859512e-06,1.9898415992000004e-06,6.122589536e-07,5.7617940812e-06,,2021,7,2021
2021-07-21,5.247933888000001e-06,1.0605199732e-06,3.0284951812000007e-06,2.2194387068000005e-06,1.1261191468000005e-06,1.9898415992000004e-06,5.903925624000001e-07,5.696194907600001e-06,,2021,7,2021
2021-07-22,5.247933888000001e-06,1.0277203864000005e-06,2.9519628120000005e-06,2.1866391200000004e-06,1.1042527556000002e-06,1.9351756212e-06,5.794593668000001e-07,5.696194907600001e-06,,2021,7,2021
2021-07-23,5.138601932e-06,9.511880172000002e-07,2.8754304428000007e-06,2.1101067508e-06,1.038653582e-06,1.8914428388e-06,5.575929756e-07,5.586862951600001e-06,,2021,7,2021
2021-07-24,5.029269976000001e-06,9.183884304e-07,2.842630856e-06,2.0445075772000005e-06,9.949207996000002e-07,1.8805096432e-06,5.138601932000001e-07,5.4993973868000005e-06,,2021,7,2021
2021-07-25,4.91993802e-06,8.637224524000001e-07,2.7770316824000005e-06,1.9789084036000003e-06,9.730544084e-07,1.8367768608e-06,4.919938020000001e-07,5.411931822e-06,,2021,7,2021
2021-07-26,4.810606064000001e-06,8.418560612000001e-07,2.7114325088000004e-06,1.9242424256e-06,9.621212128e-07,1.8477100564000005e-06,4.919938020000001e-07,5.3572658440000005e-06,,2021,7,2021
2021-07-27,4.91993802e-06,1.038653582e-06,2.8754304428000007e-06,2.2741046848e-06,9.839876040000002e-07,2.0991735552e-06,5.685261712e-07,5.433798213200001e-06,,2021,7,2021
2021-07-28,4.810606064000001e-06,9.949207996000002e-07,2.7114325088000004e-06,2.1866391200000004e-06,8.855888436000001e-07,1.9461088168000003e-06,4.701274108e-07,5.422865017600001e-06,,2021,7,2021
2021-07-29,4.701274108000001e-06,8.090564744000001e-07,2.5911673572e-06,2.0226411860000004e-06,8.090564744000001e-07,1.7930440784000003e-06,4.154614328000001e-07,5.1823347144e-06,,2021,7,2021
2021-07-30,4.5919421520000005e-06,8.090564744000001e-07,2.569300966e-06,2.0007747948000004e-06,7.762568876000001e-07,1.8149104696e-06,3.935950416000001e-07,5.138601932e-06,,2021,7,2021
2021-07-31,4.701274108000001e-06,9.29321626e-07,2.6786329220000003e-06,2.0554407728000005e-06,7.981232788000002e-07,2.0335743816000005e-06,4.482610196000001e-07,5.138601932e-06,,2021,7,2021
2021-08-01,4.5919421520000005e-06,9.511880172000002e-07,2.5802341616000005e-06,2.0445075772000005e-06,7.653236920000003e-07,1.9679752080000003e-06,3.717286504000001e-07,5.094869149600002e-06,,2021,8,2021
2021-08-02,4.373278240000001e-06,7.543904964000002e-07,2.45996901e-06,1.9023760344000004e-06,6.778581272000001e-07,1.7493112960000002e-06,2.7332989000000005e-07,4.887138433200001e-06,,2021,8,2021
2021-08-03,4.2639462840000006e-06,7.434573008000001e-07,2.438102618800001e-06,1.9023760344000004e-06,6.450585404000001e-07,1.7493112960000002e-06,2.842630856e-07,4.766873281600001e-06,,2021,8,2021
2021-08-04,4.154614328e-06,7.871900832000001e-07,2.438102618800001e-06,1.9242424256e-06,6.341253448000001e-07,1.7821108828000003e-06,2.842630856e-07,4.7122073036e-06,,2021,8,2021
2021-08-05,4.154614328e-06,7.981232788000002e-07,2.438102618800001e-06,1.9242424256e-06,6.450585404000001e-07,1.8258436652e-06,3.279958680000001e-07,4.723140499200001e-06,,2021,8,2021
2021-08-06,4.2639462840000006e-06,9.183884304e-07,2.4162362276000005e-06,1.9351756212e-06,6.341253448000001e-07,1.8258436652e-06,3.061294768e-07,4.766873281600001e-06,,2021,8,2021
2021-08-07,4.154614328e-06,7.981232788000002e-07,2.4053030320000005e-06,1.9351756212e-06,5.794593668000001e-07,1.6727789268000005e-06,2.7332989000000005e-07,4.788739672800001e-06,,2021,8,2021
2021-08-08,4.045282372000001e-06,7.325241052000001e-07,2.3397038584000003e-06,1.91330923e-06,5.685261712e-07,1.5743801664000005e-06,2.405303032000001e-07,4.7778064772000005e-06,,2021,8,2021
2021-08-09,4.045282372000001e-06,7.215909096000001e-07,2.295971076e-06,1.8914428388e-06,5.357265844000001e-07,1.5634469708000002e-06,2.623966944e-07,4.7340736948e-06,,2021,8,2021
2021-08-10,4.045282372000001e-06,6.887913228000001e-07,2.2741046848e-06,1.8586432520000005e-06,5.138601932000001e-07,1.5525137752000002e-06,2.623966944e-07,4.657541325600001e-06,,2021,8,2021
2021-08-11,4.045282372000001e-06,6.341253448000001e-07,2.1975723156000004e-06,1.7930440784000003e-06,4.810606064000001e-07,1.4978477972000005e-06,2.2959710760000006e-07,4.6028753476e-06,,2021,8,2021
2021-08-12,3.935950416000001e-06,5.903925624000001e-07,2.1429063376000003e-06,1.7383781004000002e-06,4.373278240000001e-07,1.4322486236e-06,2.0773071640000006e-07,4.504476587200001e-06,,2021,8,2021
2021-08-13,3.935950416000001e-06,,2.1210399464000003e-06,1.7383781004000002e-06,4.263946284000001e-07,1.4650482104000002e-06,2.2959710760000006e-07,4.482610196000001e-06,,2021,8,2021
2021-08-14,3.935950416000001e-06,,2.1319731420000003e-06,1.7711776872000005e-06,4.154614328000001e-07,1.5415805796e-06,2.405303032000001e-07,4.471677000400001e-06,,2021,8,2021
2021-08-15,3.82661846e-06,,2.0882403596e-06,1.7493112960000002e-06,3.935950416000001e-07,1.4650482104000002e-06,2.1866391200000006e-07,4.471677000400001e-06,,2021,8,2021
2021-08-16,3.82661846e-06,,2.0335743816000005e-06,1.7055785136000004e-06,3.717286504000001e-07,1.3994490368000005e-06,2.1866391200000006e-07,4.438877413600001e-06,,2021,8,2021
2021-08-17,3.82661846e-06,,2.0226411860000004e-06,1.7165117092000002e-06,3.826618460000002e-07,1.4103822324000003e-06,2.7332989000000005e-07,4.373278240000001e-06,,2021,8,2021
2021-08-18,3.82661846e-06,,2.0335743816000005e-06,1.7055785136000004e-06,3.826618460000002e-07,1.4869146016000005e-06,2.842630856e-07,4.351411848800001e-06,,2021,8,2021
2021-08-19,3.82661846e-06,,2.0226411860000004e-06,1.6727789268000005e-06,3.3892906360000004e-07,1.3557162544000002e-06,2.5146349880000005e-07,4.318612262000001e-06,,2021,8,2021
2021-08-20,3.82661846e-06,,2.0335743816000005e-06,1.6727789268000005e-06,3.6079545480000004e-07,1.3338498632e-06,2.5146349880000005e-07,4.307679066400001e-06,,2021,8,2021
2021-08-21,3.82661846e-06,,2.1210399464000003e-06,1.6509125356000002e-06,3.717286504000001e-07,1.3994490368000005e-06,2.7332989000000005e-07,4.362345044400001e-06,,2021,8,2021
2021-08-22,3.82661846e-06,,2.0882403596e-06,1.6509125356000002e-06,3.3892906360000004e-07,1.3994490368000005e-06,2.5146349880000005e-07,4.351411848800001e-06,,2021,8,2021
2021-08-23,3.717286504000001e-06,,2.0335743816000005e-06,1.6399793400000002e-06,3.1706267240000005e-07,1.3338498632e-06,2.0773071640000006e-07,4.318612262000001e-06,,2021,8,2021
2021-08-24,3.717286504000001e-06,,1.9789084036000003e-06,1.6181129488e-06,2.623966944e-07,1.3010502764000005e-06,1.9679752080000006e-07,4.2420798928000005e-06,,2021,8,2021
2021-08-25,3.6079545480000007e-06,,1.9570420124000003e-06,1.6071797532000003e-06,2.405303032000001e-07,1.2901170808000002e-06,1.7493112960000006e-07,4.1764807192e-06,,2021,8,2021
2021-08-26,3.6079545480000007e-06,,1.9461088168000003e-06,1.6181129488e-06,2.2959710760000006e-07,1.2901170808000002e-06,,4.2202135016000005e-06,,2021,8,2021
2021-08-27,3.6079545480000007e-06,,1.9679752080000003e-06,1.6071797532000003e-06,,1.2901170808000002e-06,,4.2202135016000005e-06,,2021,8,2021
2021-08-28,3.6079545480000007e-06,,1.9461088168000003e-06,1.6071797532000003e-06,,1.2026515160000002e-06,,4.154614328e-06,,2021,8,2021
2021-08-29,3.4986225920000005e-06,,1.9023760344000004e-06,1.5743801664000005e-06,,,,4.143681132400001e-06,,2021,8,2021
2021-08-30,,,1.8914428388e-06,1.5525137752000002e-06,,,,4.121814741200001e-06,,2021,8,2021
2021-08-31,,,,,,,,,,2021,8,2021
2021-09-01,,,,,,,,,,2021,9,2021
2021-09-02,,,,,,,,,,2021,9,2021
2021-09-03,,,,,,,,,,2021,9,2021
2021-09-04,,,,,,,,,,2021,9,2021
2021-09-05,,,,,,,,,,2021,9,2021
2021-09-06,,,,,,,,,,2021,9,2021
2021-09-07,,,,,,,,,,2021,9,2021
2021-09-08,,,,,,,,,,2021,9,2021
2021-09-09,,,,,,,,,,2021,9,2021
2021-09-10,,,,,,,,,,2021,9,2021
2021-09-11,,,,,,,,,,2021,9,2021
2021-09-12,,,,,,,,,,2021,9,2021
2021-09-13,,,,,,,,,,2021,9,2021
2021-09-14,,,,,,,,,,2021,9,2021
2021-09-15,,,,,,,,,,2021,9,2021
2021-09-16,,,,,,,,,,2021,9,2021
2021-09-17,,,,,,,,,,2021,9,2021
2021-09-18,,,,,,,,,,2021,9,2021
2021-09-19,,,,,,,,,,2021,9,2021
2021-09-20,,,,,,,,,,2021,9,2021
2021-09-21,,,,,,,,,,2021,9,2021
2021-09-22,,,,,,,,,,2021,9,2021
2021-09-23,,,,,,,,,,2021,9,2021
2021-09-24,,,,,,,,,,2021,9,2021
2021-09-25,,,,,,,,,,2021,9,2021
2021-09-26,,,,,,,,,,2021,9,2021
2021-09-27,,,,,,,,,,2021,9,2021
2021-09-28,,,,,,,,,,2021,9,2021
2021-09-29,,,,,,,,,,2021,9,2021
2021-09-30,,,,,,,,,,2021,9,2021
2021-10-01,,,,,,,,,,2021,10,2022
2021-10-02,,,,,,,,,,2021,10,2022
2021-10-03,,,,,,,,,,2021,10,2022
2021-10-04,,,,,,,,,,2021,10,2022
2021-10-05,,,,,,,,,,2021,10,2022
2021-10-06,,,,,,,,,,2021,10,2022
2021-10-07,,,,,,,,,,2021,10,2022
2021-10-08,,,,,,,,,,2021,10,2022
2021-10-09,,,,,,,,,,2021,10,2022
2021-10-10,,,,,,,,,,2021,10,2022
2021-10-11,,,,,,,,,,2021,10,2022
2021-10-12,,,,,,,,,,2021,10,2022
2021-10-13,,,,,,,,,,2021,10,2022
2021-10-14,,,,,,,,,,2021,10,2022
2021-10-15,,,,,,,,,,2021,10,2022
2021-10-16,,,,,,,,,,2021,10,2022
2021-10-17,,,,,,,,,,2021,10,2022
2021-10-18,,,,,,,,,,2021,10,2022
2021-10-19,,,,,,,,,,2021,10,2022
2021-10-20,,,,,,,,,,2021,10,2022
2021-10-21,,,,,,,,,,2021,10,2022
2021-10-22,,,,,,,,,,2021,10,2022
2021-10-23,,,,,,,,,,2021,10,2022
2021-10-24,,,,,,,,,,2021,10,2022
2021-10-25,,,,,,,,,,2021,10,2022
2021-10-26,,,,,,,,,,2021,10,2022
2021-10-27,,,,,,,,,,2021,10,2022
2021-10-28,,,,,,,,,,2021,10,2022
2021-10-29,,,,,,,,,,2021,10,2022
2021-10-30,,,,,,,,,,2021,10,2022
2021-10-31,,,,,,,,,,2021,10,2022
2021-11-01,,,,,,,,,,2021,11,2022
2021-11-02,,,,,,,,,,2021,11,2022
2021-11-03,,,,,,,,,,2021,11,2022
2021-11-04,,,,,,,,,,2021,11,2022
2021-11-05,,,,,,,,,,2021,11,2022
2021-11-06,,,,,,,,,,2021,11,2022
2021-11-07,,,,,,,,,,2021,11,2022
2021-11-08,,,,,,,,,,2021,11,2022
2021-11-09,,,,,,,,,,2021,11,2022
2021-11-10,,,,,,,,,,2021,11,2022
2021-11-11,,,,,,,,,,2021,11,2022
2021-11-12,,,,,,,,,,2021,11,2022
2021-11-13,,,,,,,,,,2021,11,2022
2021-11-14,,,,,,,,,,2021,11,2022
2021-11-15,,,,,,,,,,2021,11,2022
2021-11-16,,,,,,,,,,2021,11,2022
2021-11-17,,,,,,,,,,2021,11,2022
2021-11-18,,,,,,,,,,2021,11,2022
2021-11-19,,,,,,,,,,2021,11,2022
2021-11-20,,,,,,,,,,2021,11,2022
2021-11-21,,,,,,,,,,2021,11,2022
2021-11-22,,,,,,,,,,2021,11,2022
2021-11-23,,,,,,,,,,2021,11,2022
2021-11-24,,,,,,,,,,2021,11,2022
2021-11-25,,,,,,,,,,2021,11,2022
2021-11-26,,,,,,,,,,2021,11,2022
2021-11-27,,,,,,,,,,2021,11,2022
2021-11-28,,,,,,,,,,2021,11,2022
2021-11-29,,,,,,,,,,2021,11,2022
2021-11-30,,,,,,,,,,2021,11,2022
2021-12-01,,,,,,,,,,2021,12,2022
2021-12-02,,,,,,,,,,2021,12,2022
2021-12-03,,,,,,,,,,2021,12,2022
2021-12-04,,,,,,,,,,2021,12,2022
2021-12-05,,,,,,,,,,2021,12,2022
2021-12-06,,,,,,,,,,2021,12,2022
2021-12-07,,,,,,,,,,2021,12,2022
2021-12-08,,,,,,,,,,2021,12,2022
2021-12-09,,,,,,,,,,2021,12,2022
2021-12-10,,,,,,,,,,2021,12,2022
2021-12-11,,,,,,,,,,2021,12,2022
2021-12-12,,,,,,,,,,2021,12,2022
2021-12-13,,,,,,,,,,2021,12,2022
2021-12-14,,,,,,,,,,2021,12,2022
2021-12-15,,,,,,,,,,2021,12,2022
2021-12-16,,,,,,,,,,2021,12,2022
2021-12-17,,,,,,,,,,2021,12,2022
2021-12-18,,,,,,,,,,2021,12,2022
2021-12-19,,,,,,,,,,2021,12,2022
2021-12-20,,,,,,,,,,2021,12,2022
2021-12-21,,,,,,,,,,2021,12,2022
2021-12-22,,,,,,,,,,2021,12,2022
2021-12-23,,,,,,,,,,2021,12,2022
2021-12-24,,,,,,,,,,2021,12,2022
2021-12-25,,,,,,,,,,2021,12,2022
2021-12-26,,,,,,,,,,2021,12,2022
2021-12-27,,,,,,,,,,2021,12,2022
2021-12-28,,,,,,,,,,2021,12,2022
2021-12-29,,,,,,,,,,2021,12,2022
2021-12-30,,,,,,,,,,2021,12,2022
2021-12-31,,,,,,,,,,2021,12,2022
2022-01-01,,,,,,,,,,2022,1,2022
2022-01-02,,,,,,,,,,2022,1,2022
2022-01-03,,,,,,,,,,2022,1,2022
2022-01-04,,,,,,,,,,2022,1,2022
2022-01-05,,,,,,,,,,2022,1,2022
2022-01-06,,,,,,,,,,2022,1,2022
2022-01-07,,,,,,,,,,2022,1,2022
2022-01-08,,,,,,,,,,2022,1,2022
2022-01-09,,,,,,,,,,2022,1,2022
2022-01-10,,,,,,,,,,2022,1,2022
2022-01-11,,,,,,,,,,2022,1,2022
2022-01-12,,,,,,,,,,2022,1,2022
2022-01-13,,,,,,,,,,2022,1,2022
2022-01-14,,,,,,,,,,2022,1,2022
2022-01-15,,,,,,,,,,2022,1,2022
2022-01-16,,,,,,,,,,2022,1,2022
2022-01-17,,,,,,,,,,2022,1,2022
2022-01-18,,,,,,,,,,2022,1,2022
2022-01-19,,,,,,,,,,2022,1,2022
2022-01-20,,,,,,,,,,2022,1,2022
2022-01-21,,,,,,,,,,2022,1,2022
2022-01-22,,,,,,,,,,2022,1,2022
2022-01-23,,,,,,,,,,2022,1,2022
2022-01-24,,,,,,,,,,2022,1,2022
2022-01-25,,,,,,,,,,2022,1,2022
2022-01-26,,,,,,,,,,2022,1,2022
2022-01-27,,,,,,,,,,2022,1,2022
2022-01-28,,,,,,,,,,2022,1,2022
2022-01-29,,,,,,,,,,2022,1,2022
2022-01-30,,,,,,,,,,2022,1,2022
2022-01-31,,,,,,,,,,2022,1,2022
2022-02-01,,,,,,,,,,2022,2,2022
2022-02-02,,,,,,,,,,2022,2,2022
2022-02-03,,,,,,,,,,2022,2,2022
2022-02-04,,,,,,,,,,2022,2,2022
2022-02-05,,,,,,,,,,2022,2,2022
2022-02-06,,,,,,,,,,2022,2,2022
2022-02-07,,,,,,,,,,2022,2,2022
2022-02-08,,,,,,,,,,2022,2,2022
2022-02-09,,,,,,,,,,2022,2,2022
2022-02-10,,,,,,,,,,2022,2,2022
2022-02-11,,,,,,,,,,2022,2,2022
2022-02-12,,,,,,,,,,2022,2,2022
2022-02-13,,,,,,,,,,2022,2,2022
2022-02-14,,,,,,,,,,2022,2,2022
2022-02-15,,,,,,,,,,2022,2,2022
2022-02-16,,,,,,,,,,2022,2,2022
2022-02-17,,,,,,,,,,2022,2,2022
2022-02-18,,,,,,,,,,2022,2,2022
2022-02-19,,,,,,,,,,2022,2,2022
2022-02-20,,,,,,,,,,2022,2,2022
2022-02-21,,,,,,,,,,2022,2,2022
2022-02-22,,,,,,,,,,2022,2,2022
2022-02-23,,,,,,,,,,2022,2,2022
2022-02-24,,,,,,,,,,2022,2,2022
2022-02-25,,,,,,,,,,2022,2,2022
2022-02-26,,,,,,,,,,2022,2,2022
2022-02-27,,,,,,,,,,2022,2,2022
2022-02-28,,,,,,,,,,2022,2,2022
2022-03-01,,,,,,,,,,2022,3,2022
2022-03-02,,,,,,,,,,2022,3,2022
2022-03-03,,,,,,,,,,2022,3,2022
2022-03-04,,,,,,,,,,2022,3,2022
2022-03-05,,,,,,,,,,2022,3,2022
2022-03-06,,,,,,,,,,2022,3,2022
2022-03-07,,,,,,,,,,2022,3,2022
2022-03-08,,,,,,,,,,2022,3,2022
2022-03-09,,,,,,,,,,2022,3,2022
2022-03-10,,,,,,,,,,2022,3,2022
2022-03-11,,,,,,,,,,2022,3,2022
2022-03-12,,,,,,,,,,2022,3,2022
2022-03-13,,,,,,,,,,2022,3,2022
2022-03-14,,,,,,,,,,2022,3,2022
2022-03-15,,,,,,,,,,2022,3,2022
2022-03-16,,,,,,,,,,2022,3,2022
2022-03-17,,,,,,,,,,2022,3,2022
2022-03-18,,,,,,,,,,2022,3,2022
2022-03-19,,,,,,,,,,2022,3,2022
2022-03-20,,,,,,,,,,2022,3,2022
2022-03-21,,,,,,,,,,2022,3,2022
2022-03-22,,,,,,,,,,2022,3,2022
2022-03-23,,,,,,,,,,2022,3,2022
2022-03-24,,,,,,,,,,2022,3,2022
2022-03-25,,,,,,,,,,2022,3,2022
2022-03-26,,,,,,,,,,2022,3,2022
2022-03-27,,,,,,,,,,2022,3,2022
2022-03-28,,,,,,,,,,2022,3,2022
2022-03-29,,,,,,,,,,2022,3,2022
2022-03-30,,,,,,,,,,2022,3,2022
2022-03-31,,,,,,,,,,2022,3,2022
2022-04-01,,,,,,,,,,2022,4,2022
2022-04-02,,,,,,,,,,2022,4,2022
2022-04-03,,,,,,,,,,2022,4,2022
2022-04-04,,,,,,,,,,2022,4,2022
2022-04-05,,,,,,,,,,2022,4,2022
2022-04-06,,,,,,,,,,2022,4,2022
2022-04-07,,,,,,,,,,2022,4,2022
2022-04-08,,,,,,,,,,2022,4,2022
2022-04-09,,,,,,,,,,2022,4,2022
2022-04-10,,,,,,,,,,2022,4,2022
2022-04-11,,,,,,,,,,2022,4,2022
2022-04-12,,,,,,,,,,2022,4,2022
2022-04-13,,,,,,,,,,2022,4,2022
2022-04-14,,,,,,,,,,2022,4,2022
2022-04-15,,,,,,,,,,2022,4,2022
2022-04-16,,,,,,,,,,2022,4,2022
2022-04-17,,,,,,,,,,2022,4,2022
2022-04-18,,,,,,,,,,2022,4,2022
2022-04-19,,,,,,,,,,2022,4,2022
2022-04-20,,,,,,,,,,2022,4,2022
2022-04-21,,,,,,,,,,2022,4,2022
2022-04-22,,,,,,,,,,2022,4,2022
2022-04-23,,,,,,,,,,2022,4,2022
2022-04-24,,,,,,,,,,2022,4,2022
2022-04-25,,,,,,,,,,2022,4,2022
2022-04-26,,,,,,,,,,2022,4,2022
2022-04-27,,,,,,,,,,2022,4,2022
2022-04-28,,,,,,,,,,2022,4,2022
2022-04-29,,,,,,,,,,2022,4,2022
2022-04-30,,,,,,,,,,2022,4,2022
2022-05-01,,,,,,,,,,2022,5,2022
2022-05-02,,,,,,,,,,2022,5,2022
2022-05-03,,,,,,,,,,2022,5,2022
2022-05-04,,,,,,,,,,2022,5,2022
2022-05-05,,,,,,,,,,2022,5,2022
2022-05-06,,,,,,,,,,2022,5,2022
2022-05-07,,,,,,,,,,2022,5,2022
2022-05-08,,,,,,,,,,2022,5,2022
2022-05-09,,,,,,,,,,2022,5,2022
2022-05-10,,,,,,,,,,2022,5,2022
2022-05-11,,,,,,,,,,2022,5,2022
2022-05-12,,,,,,,,,,2022,5,2022
2022-05-13,,,,,,,,,,2022,5,2022
2022-05-14,,,,,,,,,,2022,5,2022
2022-05-15,,,,,,,,,,2022,5,2022
2022-05-16,,,,,,,,,,2022,5,2022
2022-05-17,,,,,,,,,,2022,5,2022
2022-05-18,,,,,,,,,,2022,5,2022
2022-05-19,,,,,,,,,,2022,5,2022
2022-05-20,,,,,,,,,,2022,5,2022
2022-05-21,,,,,,,,,,2022,5,2022
2022-05-22,,,,,,,,,,2022,5,2022
2022-05-23,,,,,,,,,,2022,5,2022
2022-05-24,,,,,,,,,,2022,5,2022
2022-05-25,,,,,,,,,,2022,5,2022
2022-05-26,,,,,,,,,,2022,5,2022
2022-05-27,,,,,,,,,,2022,5,2022
2022-05-28,,,,,,,,,,2022,5,2022
2022-05-29,,,,,,,,,,2022,5,2022
2022-05-30,,,,,,,,,,2022,5,2022
2022-05-31,,,,,,,,,,2022,5,2022
2022-06-01,,,,,,,,,,2022,6,2022
2022-06-02,,,,,,,,,,2022,6,2022
2022-06-03,,,,,,,,,,2022,6,2022
2022-06-04,,,,,,,,,,2022,6,2022
2022-06-05,,,,,,,,,,2022,6,2022
2022-06-06,,,,,,,,,,2022,6,2022
2022-06-07,,,,,,,,,,2022,6,2022
2022-06-08,,,,,,,,,,2022,6,2022
2022-06-09,,,,,,,,,,2022,6,2022
2022-06-10,,,,,,,,,,2022,6,2022
2022-06-11,0.000170995179184,0.0001213912707468,,9.512973491560002e-05,,,,0.00028808970406,,2022,6,2022
2022-06-12,0.000170120523536,0.0001019301825788,0.0001092882232176,8.426213848920001e-05,0.0001103596763864,0.0001112343320344,,0.0002495829891568,,2022,6,2022
2022-06-13,0.000148800792116,7.36460055616e-05,9.29977617736e-05,7.142656685480001e-05,9.649638436560002e-05,9.23527032332e-05,,0.0002075229856836,,2022,6,2022
2022-06-14,0.00012518508962,5.5048639846000014e-05,7.883927347160002e-05,5.961871560680001e-05,8.65581095652e-05,7.694783063280002e-05,,0.0001754449897932,,2022,6,2022
2022-06-15,9.894542018e-05,4.0594955262800006e-05,6.663782718200001e-05,5.080655995320001e-05,7.362413917040002e-05,6.0154442191200005e-05,,0.0001357793561564,,2022,6,2022
2022-06-16,7.937500005600001e-05,3.1487603328000005e-05,5.653555444760001e-05,4.32298554024e-05,5.976084714960001e-05,4.626928377920001e-05,,0.0001058114670168,,2022,6,2022
2022-06-17,6.898846423600001e-05,2.6786329220000004e-05,5.0074035848000006e-05,4.052935608920001e-05,5.2534004858e-05,3.84083161428e-05,,9.45393423532e-05,,2022,6,2022
2022-06-18,6.078856753600001e-05,2.2522382936000003e-05,4.221306821160001e-05,3.56859504384e-05,4.556955926080001e-05,3.2821453191200004e-05,,8.415280653320001e-05,,2022,6,2022
2022-06-19,5.630595734000001e-05,1.9723484862400003e-05,3.6320075783200005e-05,3.2143595064e-05,4.13056129768e-05,2.8666838863200003e-05,,7.871900832e-05,,2022,6,2022
2022-06-20,5.083935954000001e-05,1.77773760456e-05,3.199053032560001e-05,2.8535640516000004e-05,3.6669938042400006e-05,2.4916752772400004e-05,,7.062844357600002e-05,,2022,6,2022
2022-06-21,4.581008956400001e-05,1.6017131554000003e-05,2.8710571645600005e-05,2.5091683902000004e-05,3.1509469719200004e-05,2.2303719024000004e-05,,6.073390155800001e-05,,2022,6,2022
2022-06-22,4.1655475236000014e-05,1.4880079211600002e-05,2.6403667374000007e-05,2.2511449740400003e-05,2.802178032280001e-05,2.06965392708e-05,,5.34305268972e-05,,2022,6,2022
2022-06-23,3.8156852644000006e-05,1.3896091607600002e-05,2.43482266012e-05,2.0084280317200004e-05,2.4905819576800004e-05,1.85426997376e-05,,4.82919249652e-05,,2022,6,2022
2022-06-24,3.5095557876e-05,1.2868371221200002e-05,2.2773846434800007e-05,1.7711776872000005e-05,2.22818526328e-05,1.7077651527200005e-05,,4.37765151824e-05,,2022,6,2022
2022-06-25,3.269025484400001e-05,1.1807851248000002e-05,2.1669593679200004e-05,1.5579803730000002e-05,1.9723484862400003e-05,1.62467286616e-05,,3.979683198400001e-05,,2022,6,2022
2022-06-26,3.061294768e-05,1.0955061991200004e-05,2.0445075772000004e-05,1.4038223150400004e-05,1.7897641197200002e-05,1.4825413233600004e-05,,3.6298209392000006e-05,,2022,6,2022
2022-06-27,2.8754304428000003e-05,1.01460055168e-05,1.9329889820800004e-05,1.2715306482800004e-05,1.5951532380400002e-05,1.4497417365600004e-05,,3.3324380188800006e-05,,2022,6,2022
2022-06-28,2.7114325088000005e-05,9.435347802800002e-06,1.8488033759600004e-05,1.1851584030400004e-05,1.5295540644400002e-05,1.50440771456e-05,1.1534521358000002e-05,3.0930010352400005e-05,,2022,6,2022
2022-06-29,2.5693009660000003e-05,9.533746563200002e-06,1.7668044089600004e-05,1.27262396784e-05,1.5743801664000003e-05,1.4431818192000005e-05,1.06707989056e-05,2.9093233491600004e-05,,2022,6,2022
2022-06-30,2.449035814400001e-05,9.7414772796e-06,1.7788309241200003e-05,1.5251807862000004e-05,1.4694214886400002e-05,1.3863292020800003e-05,1.0135072321200002e-05,2.7245523435200004e-05,,2022,6,2022
2022-07-01,2.350637054e-05,9.2057506952e-06,1.7678977285200003e-05,1.4781680451200002e-05,1.37430268692e-05,1.3382231414400002e-05,9.577479345600002e-06,2.5714876051200005e-05,,2022,7,2022
2022-07-02,2.2522382936000003e-05,8.823088849200002e-06,1.6990185962400005e-05,1.4169421497600002e-05,1.2977703177200003e-05,1.29667699816e-05,9.1620179128e-06,2.440289257920001e-05,,2022,7,2022
2022-07-03,2.1647727288e-05,8.374827829600002e-06,1.6202995879200003e-05,1.3557162544000004e-05,1.2277978658800003e-05,1.2343577832400004e-05,8.582558546e-06,2.32986398236e-05,,2022,7,2022
2022-07-04,2.077307164e-05,7.871900832000001e-06,1.5459538578400003e-05,1.2868371221200002e-05,1.1534521358000002e-05,1.1807851248000002e-05,8.003099179200002e-06,2.1899190786800005e-05,,2022,7,2022
2022-07-05,2.1429063376e-05,9.3150826512e-06,1.7405647395200003e-05,1.56782024904e-05,1.2682506896000002e-05,1.4081955932800002e-05,9.0964187392e-06,2.2041322329600004e-05,,2022,7,2022
2022-07-06,2.1538395332000005e-05,8.626291328400001e-06,1.5853133620000002e-05,1.39179579988e-05,1.2595041331200002e-05,1.30323691552e-05,8.407627416400002e-06,2.16149277012e-05,,2022,7,2022
2022-07-07,1.967975208e-05,7.434573008000001e-06,1.45739497348e-05,1.24419765928e-05,1.09659951868e-05,1.15454545536e-05,7.489238986000002e-06,1.9690685275600005e-05,,2022,7,2022
2022-07-08,1.8805096432000003e-05,6.8441804456000015e-06,1.38742252164e-05,1.1556387749200004e-05,1.0014807169600005e-05,1.0780130861600002e-05,6.964445597200001e-06,1.8477100564e-05,,2022,7,2022
2022-07-09,1.803977274e-05,6.428719012800001e-06,1.3382231414400002e-05,1.08894628176e-05,9.3369490424e-06,1.02553374728e-05,6.6583161204000014e-06,1.7536845742400005e-05,,2022,7,2022
2022-07-10,1.7383781004000004e-05,6.056990362400001e-06,1.2933970394800002e-05,1.03974690156e-05,8.866821631600002e-06,9.807076453200002e-06,6.3084538612e-06,1.6574724529600003e-05,,2022,7,2022
2022-07-11,1.6837121224000003e-05,5.739927690000001e-06,1.24857093752e-05,9.83987604e-06,8.407627416400002e-06,9.326015846800004e-06,6.089789949200001e-06,1.5776601250800005e-05,,2022,7,2022
2022-07-12,1.6290461444000003e-05,5.4447314088e-06,1.2092114333600002e-05,9.391615020400002e-06,7.9484332012e-06,8.9324208052e-06,5.9367252108000015e-06,1.4934745189600003e-05,,2022,7,2022
2022-07-13,1.5743801664000003e-05,5.302599866000001e-06,1.175318527e-05,9.0417527612e-06,7.6204373332e-06,8.834022044800002e-06,5.696194907600001e-06,1.42459538668e-05,,2022,7,2022
2022-07-14,1.5197141884000002e-05,5.116735540800001e-06,1.14033230108e-05,8.757489675600001e-06,7.292441465200002e-06,8.506026176800002e-06,5.466597800000001e-06,1.3644628108800004e-05,,2022,7,2022
2022-07-15,1.4650482104000003e-05,4.909004824400001e-06,1.1064393947200004e-05,8.3966942208e-06,6.898846423600001e-06,8.145230722000002e-06,5.302599866000001e-06,1.3130767915600005e-05,,2022,7,2022
2022-07-16,1.4213154280000004e-05,4.7778064772000005e-06,1.0703598492400003e-05,8.1233643308e-06,6.614583338000001e-06,7.9375000056e-06,5.1495351276000005e-06,1.26606405048e-05,,2022,7,2022
2022-07-17,1.3994490368000002e-05,4.64660813e-06,1.0506800971600002e-05,7.9375000056e-06,6.341253448000001e-06,7.7188360936e-06,5.0620695628e-06,1.2420110201600002e-05,,2022,7,2022
2022-07-18,1.3557162544000004e-05,4.438877413600001e-06,1.0167871908000002e-05,7.707902898e-06,6.035123971200001e-06,7.336174247600002e-06,4.887138433200001e-06,1.1971849182e-05,,2022,7,2022
2022-07-19,1.3119834720000002e-05,4.2420798928000005e-06,9.916408409200005e-06,7.478305790400002e-06,5.707128103200001e-06,7.161243118000002e-06,4.7122073036e-06,1.1556387749200004e-05,,2022,7,2022
2022-07-20,1.2682506896000002e-05,4.0562155676000005e-06,9.5446797588e-06,7.325241052000002e-06,5.532196973600002e-06,7.040977966400001e-06,4.482610196000001e-06,1.10862603384e-05,,2022,7,2022
2022-07-21,1.2354511028e-05,3.9031508292e-06,9.3369490424e-06,7.095643944400002e-06,5.3572658440000005e-06,6.964445597200001e-06,4.318612262000001e-06,1.0780130861600002e-05,,2022,7,2022
2022-07-22,1.2026515160000002e-05,3.8594180468e-06,9.129218326e-06,6.931646010400002e-06,5.1276687364e-06,7.084710748800001e-06,4.274879479600001e-06,1.05396005584e-05,,2022,7,2022
2022-07-23,1.1917183204000005e-05,3.7610192864e-06,8.866821631600002e-06,6.767648076400001e-06,4.974603998000001e-06,7.062844357600002e-06,4.2202135016000005e-06,1.02990702552e-05,,2022,7,2022
2022-07-24,1.1479855380000002e-05,3.5751549612000007e-06,8.593491741600002e-06,6.4833849908e-06,4.766873281600001e-06,6.898846423600001e-06,4.0343491764e-06,9.894542018000002e-06,,2022,7,2022
2022-07-25,1.1151859512000002e-05,3.3674242448000006e-06,8.2654958736e-06,6.177255514e-06,4.4607438048e-06,6.6255165336e-06,3.8156852644e-06,9.4790805852e-06,,2022,7,2022
2022-07-26,1.0933195600000002e-05,3.2362258976000003e-06,8.046831961600002e-06,5.925792015200002e-06,4.318612262000001e-06,6.559917360000001e-06,3.6079545480000007e-06,9.282283064400002e-06,,2022,7,2022
2022-07-27,1.0605199732000002e-05,3.1378271372e-06,7.860967636400002e-06,5.838326450400002e-06,4.154614328e-06,6.341253448000001e-06,3.4330234184000003e-06,9.1948174996e-06,,2022,7,2022
2022-07-28,1.038653582e-05,3.061294768000001e-06,7.7516356804e-06,5.816460059200001e-06,3.9468836116e-06,6.089789949200001e-06,3.334624658e-06,9.0526859568e-06,,2022,7,2022
2022-07-29,1.0167871908000002e-05,2.941029616400001e-06,7.598570942000001e-06,5.6852617120000005e-06,3.739152895200001e-06,5.783660472400001e-06,3.1487603328000005e-06,8.779356066800002e-06,,2022,7,2022
2022-07-30,9.83987604e-06,2.8644972472000003e-06,7.5329717684e-06,5.5649965604000015e-06,3.5860881568000007e-06,5.4993973868000005e-06,3.061294768000001e-06,8.516959372400002e-06,,2022,7,2022
2022-07-31,9.621212128000002e-06,2.7770316824000005e-06,7.358040638800001e-06,5.5649965604000015e-06,3.3783574404e-06,5.258867083600001e-06,2.9738292032000005e-06,8.342028242800001e-06,,2022,7,2022
2022-08-01,9.402548216e-06,2.6458333352e-06,7.117510335600001e-06,5.411931822e-06,3.2580922888000003e-06,4.876205237600001e-06,2.766098486800001e-06,8.2654958736e-06,,2022,8,2022
2022-08-02,9.183884304e-06,2.569300966e-06,6.691115707200001e-06,5.2698002792e-06,3.1487603328000005e-06,4.745006890400001e-06,2.6458333352e-06,8.0796315484e-06,,2022,8,2022
2022-08-03,9.074552348000002e-06,2.5037017924000007e-06,6.494318186400001e-06,5.1276687364e-06,3.0284951812000007e-06,4.6028753476e-06,2.5583677704000004e-06,7.9484332012e-06,,2022,8,2022
2022-08-04,8.855888436000003e-06,2.4709022056e-06,6.384986230400001e-06,5.029269976000001e-06,2.919163225200001e-06,4.504476587200001e-06,2.4709022056e-06,7.882834027600001e-06,,2022,8,2022
2022-08-05,8.855888436000003e-06,2.4818354012e-06,6.395919426e-06,5.040203171600001e-06,2.8207644648000006e-06,4.493543391600001e-06,2.4927685968000003e-06,7.817234854000002e-06,,2022,8,2022
2022-08-06,8.527892568000001e-06,2.3397038584000003e-06,6.2209882964e-06,4.930871215600001e-06,2.7223657044e-06,4.329545457600001e-06,2.3943698364000005e-06,7.696969702400001e-06,,2022,8,2022
2022-08-07,8.309228656e-06,2.2413050980000005e-06,5.871126037200001e-06,4.64660813e-06,2.5802341616000005e-06,4.187413914800001e-06,2.1975723156000004e-06,7.587637746400001e-06,,2022,8,2022
2022-08-08,8.199896700000001e-06,2.295971076e-06,5.838326450400002e-06,4.5919421520000005e-06,2.4927685968000003e-06,4.1327479368e-06,2.2085055112000005e-06,7.489238986000002e-06,,2022,8,2022
2022-08-09,8.527892568000001e-06,4.0780819588000006e-06,9.719610888400002e-06,7.161243118000002e-06,2.4927685968000003e-06,5.2260674968e-06,3.8156852644e-06,7.7953684628e-06,,2022,8,2022
2022-08-10,8.309228656e-06,3.1050275504000004e-06,7.325241052000002e-06,5.597796147200001e-06,2.5255681836000008e-06,4.64660813e-06,3.0066287900000006e-06,8.057765157200001e-06,,2022,8,2022
2022-08-11,7.981232788e-06,2.4927685968000003e-06,6.516184577600001e-06,5.029269976000001e-06,2.3287706628000003e-06,4.154614328e-06,2.5037017924000007e-06,7.554838159600001e-06,,2022,8,2022
2022-08-12,7.762568876e-06,2.3943698364000005e-06,6.056990362400001e-06,4.6684745212e-06,2.2303719024e-06,3.990616394e-06,2.3397038584000003e-06,7.2159090960000015e-06,,2022,8,2022
2022-08-13,7.65323692e-06,2.3178374672000003e-06,5.860192841600001e-06,4.515409782800001e-06,2.1429063376000003e-06,3.881284438e-06,2.2303719024e-06,7.019111575200002e-06,,2022,8,2022
2022-08-14,7.543904964e-06,2.2413050980000005e-06,5.739927690000001e-06,4.417011022400001e-06,2.0226411860000004e-06,3.8375516556e-06,2.1866391200000004e-06,6.822314054400001e-06,,2022,8,2022
2022-08-15,7.325241052000002e-06,2.1429063376000003e-06,5.575929756000001e-06,4.285812675200001e-06,1.9570420124000003e-06,3.640754134800001e-06,2.0335743816000005e-06,6.6583161204000014e-06,,2022,8,2022
2022-08-16,7.106577140000002e-06,2.0554407728000005e-06,5.400998626400001e-06,4.1764807192e-06,1.8914428388e-06,3.4548898096000004e-06,1.91330923e-06,6.5927169468e-06,,2022,8,2022
2022-08-17,6.997245184000001e-06,2.0335743816000005e-06,5.237000692400001e-06,4.067148763200001e-06,1.7821108828000003e-06,3.553288570000001e-06,1.8149104696e-06,6.5489841644e-06,,2022,8,2022
2022-08-18,6.997245184000001e-06,2.1319731420000003e-06,5.247933888000001e-06,4.023415980800001e-06,1.7821108828000003e-06,3.771952482e-06,1.9679752080000003e-06,6.505251382000001e-06,,2022,8,2022
2022-08-19,6.8879132280000016e-06,2.0117079904000004e-06,5.1495351276000005e-06,4.0343491764e-06,1.7165117092000002e-06,3.5860881568000007e-06,1.9679752080000003e-06,6.428719012800001e-06,,2022,8,2022
2022-08-20,6.669249316e-06,2.0007747948000004e-06,5.094869149600002e-06,3.935950416000001e-06,1.6837121224000003e-06,3.2908918756000004e-06,1.8039772740000004e-06,6.297520665600001e-06,,2022,8,2022
2022-08-21,6.559917360000001e-06,1.9023760344000004e-06,4.952737606800001e-06,3.8156852644e-06,1.5743801664000005e-06,3.1924931152000006e-06,1.6946453180000003e-06,6.1553891228e-06,,2022,8,2022
2022-08-22,6.341253448000001e-06,1.8258436652e-06,4.832472455200001e-06,3.739152895200001e-06,1.4978477972000005e-06,3.0940943548000004e-06,1.6071797532000003e-06,5.9585916020000015e-06,,2022,8,2022
2022-08-23,6.231921492e-06,1.8477100564000005e-06,4.8215392596000014e-06,3.717286504000001e-06,1.4869146016000005e-06,3.0284951812000007e-06,1.5634469708000002e-06,5.849259646000002e-06,,2022,8,2022
2022-08-24,6.231921492e-06,1.7711776872000005e-06,4.7122073036e-06,3.640754134800001e-06,1.4103822324000003e-06,2.9738292032000005e-06,1.4431818192000002e-06,5.827393254800001e-06,,2022,8,2022
2022-08-25,6.122589536000002e-06,1.8149104696e-06,4.6028753476e-06,3.4986225920000005e-06,1.3229166676e-06,2.9519628120000005e-06,1.3775826456000002e-06,5.772727276800001e-06,,2022,8,2022
2022-08-26,5.903925624000001e-06,1.6181129488e-06,4.515409782800001e-06,3.3892906360000006e-06,1.2463842984e-06,2.8972968340000008e-06,1.3119834720000005e-06,5.707128103200001e-06,,2022,8,2022
2022-08-27,5.903925624000001e-06,1.5634469708000002e-06,4.362345044400001e-06,3.3127582668e-06,1.1917183204000002e-06,2.8972968340000008e-06,1.3119834720000005e-06,5.575929756000001e-06,,2022,8,2022
2022-08-28,5.6852617120000005e-06,1.5415805796e-06,4.296745870800001e-06,3.2580922888000003e-06,1.1370523424e-06,2.8863636384000003e-06,1.3119834720000005e-06,5.4447314088e-06,,2022,8,2022
2022-08-29,5.6852617120000005e-06,1.4759814060000002e-06,4.165547523600001e-06,3.1050275504000004e-06,1.0495867776e-06,2.8863636384000003e-06,1.2463842984e-06,5.346332648400001e-06,,2022,8,2022
2022-08-30,5.575929756000001e-06,1.3666494500000002e-06,4.0343491764e-06,2.919163225200001e-06,9.730544084e-07,2.7332989000000004e-06,1.1261191468000005e-06,5.324466257200001e-06,,2022,8,2022
2022-08-31,5.466597800000001e-06,1.3338498632e-06,3.979683198400001e-06,2.941029616400001e-06,9.074552348e-07,2.623966944000001e-06,1.1151859512e-06,5.258867083600001e-06,,2022,8,2022
2022-09-01,5.3572658440000005e-06,,3.8594180468e-06,2.919163225200001e-06,8.746556480000001e-07,2.5583677704000004e-06,1.1042527556000002e-06,5.193267910000001e-06,,2022,9,2022
2022-09-02,5.3572658440000005e-06,,3.7828856776e-06,2.8535640516000007e-06,7.981232788000002e-07,,1.0605199732e-06,5.083935954000001e-06,,2022,9,2022
2022-09-03,5.3572658440000005e-06,,3.7610192864e-06,,,,1.0495867776e-06,5.0183367804e-06,,2022,9,2022
2022-09-04,5.3572658440000005e-06,,3.695420112800001e-06,,,,9.949207996000002e-07,4.952737606800001e-06,,2022,9,2022
2022-09-05,5.247933888000001e-06,,3.640754134800001e-06,,,,9.730544084e-07,4.810606064000001e-06,,2022,9,2022
2022-09-06,5.138601932e-06,,3.4986225920000005e-06,,,,8.965220392000002e-07,,,2022,9,2022
2022-09-07,5.029269976000001e-06,,3.4220902228000007e-06,,,,,,,2022,9,2022
2022-09-08,,,,,,,,,,2022,9,2022
2022-09-09,,,,,,,,,,2022,9,2022
2022-09-10,,,,,,,,,,2022,9,2022
2022-09-11,,,,,,,,,,2022,9,2022
2022-09-12,,,,,,,,,,2022,9,2022
2022-09-13,,,,,,,,,,2022,9,2022
2022-09-14,,,,,,,,,,2022,9,2022
2022-09-15,,,,,,,,,,2022,9,2022
2022-09-16,,,,,,,,,,2022,9,2022
2022-09-17,,,,,,,,,,2022,9,2022
2022-09-18,,,,,,,,,,2022,9,2022
2022-09-19,,,,,,,,,,2022,9,2022
2022-09-20,,,,,,,,,,2022,9,2022
2022-09-21,,,,,,,,,,2022,9,2022
2022-09-22,,,,,,,,,,2022,9,2022
2022-09-23,,,,,,,,,,2022,9,2022
2022-09-24,,,,,,,,,,2022,9,2022
2022-09-25,,,,,,,,,,2022,9,2022
2022-09-26,,,,,,,,,,2022,9,2022
2022-09-27,,,,,,,,,,2022,9,2022
2022-09-28,,,,,,,,,,2022,9,2022
2022-09-29,,,,,,,,,,2022,9,2022
2022-09-30,,,,,,,,,,2022,9,2022
2022-10-01,,,,,,,,,,2022,10,2023
2022-10-02,,,,,,,,,,2022,10,2023
2022-10-03,,,,,,,,,,2022,10,2023
2022-10-04,,,,,,,,,,2022,10,2023
2022-10-05,,,,,,,,,,2022,10,2023
2022-10-06,,,,,,,,,,2022,10,2023
2022-10-07,,,,,,,,,,2022,10,2023
2022-10-08,,,,,,,,,,2022,10,2023
2022-10-09,,,,,,,,,,2022,10,2023
2022-10-10,,,,,,,,,,2022,10,2023
2022-10-11,,,,,,,,,,2022,10,2023
2022-10-12,,,,,,,,,,2022,10,2023
2022-10-13,,,,,,,,,,2022,10,2023
2022-10-14,,,,,,,,,,2022,10,2023
2022-10-15,,,,,,,,,,2022,10,2023
2022-10-16,,,,,,,,,,2022,10,2023
2022-10-17,,,,,,,,,,2022,10,2023
2022-10-18,,,,,,,,,,2022,10,2023
2022-10-19,,,,,,,,,,2022,10,2023
2022-10-20,,,,,,,,,,2022,10,2023
2022-10-21,,,,,,,,,,2022,10,2023
2022-10-22,,,,,,,,,,2022,10,2023
2022-10-23,,,,,,,,,,2022,10,2023
2022-10-24,,,,,,,,,,2022,10,2023
2022-10-25,,,,,,,,,,2022,10,2023
2022-10-26,,,,,,,,,,2022,10,2023
2022-10-27,,,,,,,,,,2022,10,2023
2022-10-28,,,,,,,,,,2022,10,2023
2022-10-29,,,,,,,,,,2022,10,2023
2022-10-30,,,,,,,,,,2022,10,2023
2022-10-31,,,,,,,,,,2022,10,2023
2022-11-01,,,,,,,,,,2022,11,2023
2022-11-02,,,,,,,,,,2022,11,2023
2022-11-03,,,,,,,,,,2022,11,2023
2022-11-04,,,,,,,,,,2022,11,2023
2022-11-05,,,,,,,,,,2022,11,2023
2022-11-06,,,,,,,,,,2022,11,2023
2022-11-07,,,,,,,,,,2022,11,2023
2022-11-08,,,,,,,,,,2022,11,2023
2022-11-09,,,,,,,,,,2022,11,2023
2022-11-10,,,,,,,,,,2022,11,2023
2022-11-11,,,,,,,,,,2022,11,2023
2022-11-12,,,,,,,,,,2022,11,2023
2022-11-13,,,,,,,,,,2022,11,2023
2022-11-14,,,,,,,,,,2022,11,2023
2022-11-15,,,,,,,,,,2022,11,2023
2022-11-16,,,,,,,,,,2022,11,2023
2022-11-17,,,,,,,,,,2022,11,2023
2022-11-18,,,,,,,,,,2022,11,2023
2022-11-19,,,,,,,,,,2022,11,2023
2022-11-20,,,,,,,,,,2022,11,2023
2022-11-21,,,,,,,,,,2022,11,2023
2022-11-22,,,,,,,,,,2022,11,2023
2022-11-23,,,,,,,,,,2022,11,2023
2022-11-24,,,,,,,,,,2022,11,2023
2022-11-25,,,,,,,,,,2022,11,2023
2022-11-26,,,,,,,,,,2022,11,2023
2022-11-27,,,,,,,,,,2022,11,2023
2022-11-28,,,,,,,,,,2022,11,2023
2022-11-29,,,,,,,,,,2022,11,2023
2022-11-30,,,,,,,,,,2022,11,2023
2022-12-01,,,,,,,,,,2022,12,2023
2022-12-02,,,,,,,,,,2022,12,2023
2022-12-03,,,,,,,,,,2022,12,2023
2022-12-04,,,,,,,,,,2022,12,2023
2022-12-05,,,,,,,,,,2022,12,2023
2022-12-06,,,,,,,,,,2022,12,2023
2022-12-07,,,,,,,,,,2022,12,2023
2022-12-08,,,,,,,,,,2022,12,2023
2022-12-09,,,,,,,,,,2022,12,2023
2022-12-10,,,,,,,,,,2022,12,2023
2022-12-11,,,,,,,,,,2022,12,2023
2022-12-12,,,,,,,,,,2022,12,2023
2022-12-13,,,,,,,,,,2022,12,2023
2022-12-14,,,,,,,,,,2022,12,2023
2022-12-15,,,,,,,,,,2022,12,2023
2022-12-16,,,,,,,,,,2022,12,2023
2022-12-17,,,,,,,,,,2022,12,2023
2022-12-18,,,,,,,,,,2022,12,2023
2022-12-19,,,,,,,,,,2022,12,2023
2022-12-20,,,,,,,,,,2022,12,2023
2022-12-21,,,,,,,,,,2022,12,2023
2022-12-22,,,,,,,,,,2022,12,2023
2022-12-23,,,,,,,,,,2022,12,2023
2022-12-24,,,,,,,,,,2022,12,2023
2022-12-25,,,,,,,,,,2022,12,2023
2022-12-26,,,,,,,,,,2022,12,2023
2022-12-27,,,,,,,,,,2022,12,2023
2022-12-28,,,,,,,,,,2022,12,2023
2022-12-29,,,,,,,,,,2022,12,2023
2022-12-30,,,,,,,,,,2022,12,2023
2022-12-31,,,,,,,,,,2022,12,2023
2023-01-01,,,,,,,,,,2023,1,2023
2023-01-02,,,,,,,,,,2023,1,2023
2023-01-03,,,,,,,,,,2023,1,2023
2023-01-04,,,,,,,,,,2023,1,2023
2023-01-05,,,,,,,,,,2023,1,2023
2023-01-06,,,,,,,,,,2023,1,2023
2023-01-07,,,,,,,,,,2023,1,2023
2023-01-08,,,,,,,,,,2023,1,2023
2023-01-09,,,,,,,,,,2023,1,2023
2023-01-10,,,,,,,,,,2023,1,2023
2023-01-11,,,,,,,,,,2023,1,2023
2023-01-12,,,,,,,,,,2023,1,2023
2023-01-13,,,,,,,,,,2023,1,2023
2023-01-14,,,,,,,,,,2023,1,2023
2023-01-15,,,,,,,,,,2023,1,2023
2023-01-16,,,,,,,,,,2023,1,2023
2023-01-17,,,,,,,,,,2023,1,2023
2023-01-18,,,,,,,,,,2023,1,2023
2023-01-19,,,,,,,,,,2023,1,2023
2023-01-20,,,,,,,,,,2023,1,2023
2023-01-21,,,,,,,,,,2023,1,2023
2023-01-22,,,,,,,,,,2023,1,2023
2023-01-23,,,,,,,,,,2023,1,2023
2023-01-24,,,,,,,,,,2023,1,2023
2023-01-25,,,,,,,,,,2023,1,2023
2023-01-26,,,,,,,,,,2023,1,2023
2023-01-27,,,,,,,,,,2023,1,2023
2023-01-28,,,,,,,,,,2023,1,2023
2023-01-29,,,,,,,,,,2023,1,2023
2023-01-30,,,,,,,,,,2023,1,2023
2023-01-31,,,,,,,,,,2023,1,2023
2023-02-01,,,,,,,,,,2023,2,2023
2023-02-02,,,,,,,,,,2023,2,2023
2023-02-03,,,,,,,,,,2023,2,2023
2023-02-04,,,,,,,,,,2023,2,2023
2023-02-05,,,,,,,,,,2023,2,2023
2023-02-06,,,,,,,,,,2023,2,2023
2023-02-07,,,,,,,,,,2023,2,2023
2023-02-08,,,,,,,,,,2023,2,2023
2023-02-09,,,,,,,,,,2023,2,2023
2023-02-10,,,,,,,,,,2023,2,2023
2023-02-11,,,,,,,,,,2023,2,2023
2023-02-12,,,,,,,,,,2023,2,2023
2023-02-13,,,,,,,,,,2023,2,2023
2023-02-14,,,,,,,,,,2023,2,2023
2023-02-15,,,,,,,,,,2023,2,2023
2023-02-16,,,,,,,,,,2023,2,2023
2023-02-17,,,,,,,,,,2023,2,2023
2023-02-18,,,,,,,,,,2023,2,2023
2023-02-19,,,,,,,,,,2023,2,2023
2023-02-20,,,,,,,,,,2023,2,2023
2023-02-21,,,,,,,,,,2023,2,2023
2023-02-22,,,,,,,,,,2023,2,2023
2023-02-23,,,,,,,,,,2023,2,2023
2023-02-24,,,,,,,,,,2023,2,2023
2023-02-25,,,,,,,,,,2023,2,2023
2023-02-26,,,,,,,,,,2023,2,2023
2023-02-27,,,,,,,,,,2023,2,2023
2023-02-28,,,,,,,,,,2023,2,2023
2023-03-01,,,,,,,,,,2023,3,2023
2023-03-02,,,,,,,,,,2023,3,2023
2023-03-03,,,,,,,,,,2023,3,2023
2023-03-04,,,,,,,,,,2023,3,2023
2023-03-05,,,,,,,,,,2023,3,2023
2023-03-06,,,,,,,,,,2023,3,2023
2023-03-07,,,,,,,,,,2023,3,2023
2023-03-08,,,,,,,,,,2023,3,2023
2023-03-09,,,,,,,,,,2023,3,2023
2023-03-10,,,,,,,,,,2023,3,2023
2023-03-11,,,,,,,,,,2023,3,2023
2023-03-12,,,,,,,,,,2023,3,2023
2023-03-13,,,,,,,,,,2023,3,2023
2023-03-14,,,,,,,,,,2023,3,2023
2023-03-15,,,,,,,,,,2023,3,2023
2023-03-16,,,,,,,,,,2023,3,2023
2023-03-17,,,,,,,,,,2023,3,2023
2023-03-18,,,,,,,,,,2023,3,2023
2023-03-19,,,,,,,,,,2023,3,2023
2023-03-20,,,,,,,,,,2023,3,2023
2023-03-21,,,,,,,,,,2023,3,2023
2023-03-22,,,,,,,,,,2023,3,2023
2023-03-23,,,,,,,,,,2023,3,2023
2023-03-24,,,,,,,,,,2023,3,2023
2023-03-25,,,,,,,,,,2023,3,2023
2023-03-26,,,,,,,,,,2023,3,2023
2023-03-27,,,,,,,,,,2023,3,2023
2023-03-28,,,,,,,,,,2023,3,2023
2023-03-29,,,,,,,,,,2023,3,2023
2023-03-30,,,,,,,,,,2023,3,2023
2023-03-31,,,,,,,,,,2023,3,2023
2023-04-01,,,,,,,,,,2023,4,2023
2023-04-02,,,,,,,,,,2023,4,2023
2023-04-03,,,,,,,,,,2023,4,2023
2023-04-04,,,,,,,,,,2023,4,2023
2023-04-05,,,,,,,,,,2023,4,2023
2023-04-06,,,,,,,,,,2023,4,2023
2023-04-07,,,,,,,,,,2023,4,2023
2023-04-08,,,,,,,,,,2023,4,2023
2023-04-09,,,,,,,,,,2023,4,2023
2023-04-10,,,,,,,,,,2023,4,2023
2023-04-11,,,,,,,,,,2023,4,2023
2023-04-12,,,,,,,,,,2023,4,2023
2023-04-13,,,,,,,,,,2023,4,2023
2023-04-14,,,,,,,,,,2023,4,2023
2023-04-15,,,,,,,,,,2023,4,2023
2023-04-16,,,,,,,,,,2023,4,2023
2023-04-17,,,,,,,,,,2023,4,2023
2023-04-18,,,,,,,,,,2023,4,2023
2023-04-19,,,,,,,,,,2023,4,2023
2023-04-20,,,,,,,,,,2023,4,2023
2023-04-21,,0.000215329287342,0.00017629777905,0.0001700877239492,,0.0002233761193036,0.0002684536847624,,,2023,4,2023
2023-04-22,,0.0001058770661904,0.0001460893596072,0.0001249336261212,,0.0001011976584736,0.0001238512397568,,,2023,4,2023
2023-04-23,,7.511105377200002e-05,0.0001235123106932,0.0001068391874032,,8.260029275800001e-05,7.784435267200001e-05,,,2023,4,2023
2023-04-24,,6.041683888560001e-05,0.0001058989325816,9.503133615520002e-05,,6.976472112360001e-05,6.176162194440001e-05,,,2023,4,2023
2023-04-25,,4.8040461466400005e-05,8.58365186556e-05,8.134297526400002e-05,,5.911578860920001e-05,5.053323006320001e-05,,,2023,4,2023
2023-04-26,,3.888937674920001e-05,7.117510335600001e-05,6.95460572116e-05,,5.06862948016e-05,4.06386880452e-05,,,2023,4,2023
2023-04-27,,3.2624655670400004e-05,6.153202483680001e-05,5.9706181171600014e-05,,4.4093577854800014e-05,3.2274793411200004e-05,,,2023,4,2023
2023-04-28,,2.7978047540400008e-05,5.4447314088000016e-05,5.223880857680001e-05,0.0002252675621424,4.0015495896000006e-05,2.6414600569600004e-05,,,2023,4,2023
2023-04-29,0.000224567837624,2.40748967112e-05,4.8237258987200005e-05,4.7286070970000006e-05,0.0002246006372108,3.56750172428e-05,2.17789256352e-05,0.0004222618804632,,2023,4,2023
2023-04-30,0.00018422434586,2.095893596520001e-05,4.270506201360001e-05,4.24645317104e-05,0.0001802993286396,3.2569989692400006e-05,1.9034693539600005e-05,0.0003255030994032,,2023,4,2023
2023-05-01,0.00013065168742,1.86738980848e-05,3.7796057189200006e-05,3.93267045732e-05,0.0001282682507792,3.0328684594400007e-05,1.7471246568800004e-05,0.0002191887053888,,2023,5,2023
2023-05-02,9.752410475200004e-05,1.6837121224000003e-05,3.3313446993200006e-05,3.5795282394400004e-05,9.6813447038e-05,2.7868715584400005e-05,1.62467286616e-05,0.000162795282484,,2023,5,2023
2023-05-03,8.571625350400001e-05,1.53174070356e-05,3.01974862472e-05,3.16188016752e-05,8.253469358440002e-05,2.5365013792000005e-05,1.4901945602800004e-05,0.0001630030132004,,2023,5,2023
2023-05-04,9.162017912800002e-05,1.5765668055200002e-05,3.088627757000001e-05,3.1881198369600004e-05,8.330001727640002e-05,2.7267389826400006e-05,1.5667269294800002e-05,0.000181381715004,,2023,5,2023
2023-05-05,8.396694220800002e-05,1.4103822324000005e-05,2.6764462828800004e-05,2.728925621760001e-05,7.102203861760002e-05,2.2970643955600004e-05,1.4071022737200004e-05,0.0001594497246304,,2023,5,2023
2023-05-06,7.937500005600001e-05,1.5208075079600002e-05,2.85247073204e-05,2.767191806360001e-05,6.963352277640001e-05,2.8152978670000005e-05,1.4355285822800002e-05,0.0001548577824784,,2023,5,2023
2023-05-07,8.571625350400001e-05,1.7689910480800003e-05,2.83497761908e-05,2.7507920129600004e-05,7.8391012452e-05,3.679020319400001e-05,1.4923811994000002e-05,0.0001637574036968,,2023,5,2023
2023-05-08,7.1284435312e-05,1.4672348495200004e-05,2.5835141202800004e-05,2.3309573019200005e-05,6.650662883480002e-05,2.4949552359200003e-05,1.3261966262800003e-05,0.000130269025574,,2023,5,2023
2023-05-09,6.220988296400001e-05,1.3469696979200002e-05,2.4162362276000004e-05,2.16258608968e-05,5.781473833280001e-05,2.18007920264e-05,1.24747761796e-05,0.0001098348829976,,2023,5,2023
2023-05-10,5.849259646e-05,1.3950757585600004e-05,2.5211949053600003e-05,2.235838500200001e-05,4.7810864358800014e-05,2.5977272745600003e-05,1.3524362957200004e-05,0.0001040730889164,,2023,5,2023
2023-05-11,5.7617940812e-05,1.31854338936e-05,2.32986398236e-05,2.0423209380800005e-05,4.10650826736e-05,2.2566115718400005e-05,1.2955836786000002e-05,0.0001072983816184,,2023,5,2023
2023-05-12,6.3084538612e-05,1.2113980724800004e-05,2.2041322329600004e-05,1.82803030432e-05,3.6331008978800005e-05,1.8400568194800004e-05,1.2256112267600004e-05,0.0001249773589036,,2023,5,2023
2023-05-13,7.347107443200001e-05,1.12721246636e-05,2.1024535138800003e-05,1.6957386375600002e-05,3.13892045676e-05,1.6498192160400002e-05,1.11190599252e-05,0.000153994060026,,2023,5,2023
2023-05-14,8.167097113200001e-05,1.065986571e-05,2.0466942163200003e-05,1.5689135686000005e-05,2.7420454564800004e-05,1.4847279624800005e-05,1.0605199732000002e-05,0.000167168560724,,2023,5,2023
2023-05-15,7.8500344408e-05,9.8836088224e-06,1.9646952493200003e-05,1.4912878798400004e-05,2.33205062148e-05,1.4049156346000002e-05,9.861742431200002e-06,0.0001535348658108,,2023,5,2023
2023-05-16,7.8500344408e-05,1.1829717639200005e-05,2.8688705254400005e-05,4.458557165680001e-05,2.1757059244000004e-05,1.6662190094400003e-05,1.1326790641600004e-05,0.000161319301078,,2023,5,2023
2023-05-17,7.303374660800001e-05,1.12939910548e-05,2.281757921720001e-05,2.8251377430400008e-05,1.92533574516e-05,1.4366219018400002e-05,9.7414772796e-06,0.0001440885848124,,2023,5,2023
2023-05-18,6.8004476632e-05,9.7742768664e-06,2.0423209380800005e-05,2.0445075772000004e-05,1.6279528248400003e-05,1.24419765928e-05,8.374827829600002e-06,0.000126114411246,,2023,5,2023
2023-05-19,6.1663223184e-05,8.670024110800001e-06,1.9176825082400003e-05,1.7318181830400003e-05,1.43990186052e-05,1.15235881624e-05,7.6641701156e-06,0.0001092663568264,,2023,5,2023
2023-05-20,5.575929756e-05,8.101497939600001e-06,1.7963240370800003e-05,1.5229941470800004e-05,1.3021435959600002e-05,1.08019972528e-05,6.876980032400001e-06,9.544679758800002e-05,,2023,5,2023
2023-05-21,4.723140499200001e-05,7.511105377200002e-06,1.7241649461200002e-05,1.3896091607600002e-05,1.1982782377600002e-05,1.0441201798e-05,6.4068526216e-06,7.780061988960001e-05,,2023,5,2023
2023-05-22,3.8594180468e-05,7.106577140000002e-06,1.66293905076e-05,1.2802772047600005e-05,1.1162792707600002e-05,1.0025740365200002e-05,5.827393254800001e-06,5.94547176728e-05,,2023,5,2023
2023-05-23,3.3236914624e-05,6.942579206e-06,1.6257661857200004e-05,1.2168646702800002e-05,1.0714531688e-05,9.643078519200005e-06,5.346332648400001e-06,4.95929752416e-05,,2023,5,2023
2023-05-24,3.0066287900000003e-05,6.789514467600001e-06,1.6071797532e-05,1.24419765928e-05,1.0233471081600002e-05,9.457214194e-06,5.346332648400001e-06,4.316425622880001e-05,,2023,5,2023
2023-05-25,2.8426308560000008e-05,6.614583338000001e-06,1.5656336099200002e-05,1.28793044168e-05,9.664944910400002e-06,8.910554414e-06,5.083935954000001e-06,3.9501635702800005e-05,,2023,5,2023
2023-05-26,2.7223657044000008e-05,6.4068526216e-06,1.53174070356e-05,1.2179579898400002e-05,9.1073519348e-06,8.801222458000001e-06,4.974603998000001e-06,3.730406338720001e-05,,2023,5,2023
2023-05-27,2.6021005528000004e-05,6.0788567536000005e-06,1.4716081277600004e-05,1.1447055793200002e-05,8.331095047200002e-06,9.01988637e-06,5.204201105600001e-06,3.5357954570400007e-05,,2023,5,2023
2023-05-28,2.45996901e-05,5.739927690000001e-06,1.4049156346000002e-05,1.0834796839600002e-05,8.046831961600002e-06,8.746556480000002e-06,4.8215392596000014e-06,3.3007317516400004e-05,,2023,5,2023
2023-05-29,2.339703858400001e-05,5.575929756000001e-06,1.3928891194400004e-05,9.960141191600003e-06,7.686036506800001e-06,8.549758959200002e-06,4.2639462840000006e-06,3.07004132448e-05,,2023,5,2023
2023-05-30,2.1975723156000003e-05,5.411931822e-06,1.3480630174800002e-05,8.965220392000002e-06,7.489238986000002e-06,8.604424937200002e-06,3.9031508292e-06,2.869963845e-05,,2023,5,2023
2023-05-31,2.077307164e-05,,1.3283832654000004e-05,8.451360198800002e-06,7.489238986000002e-06,8.178030308800002e-06,3.4111570272000007e-06,2.71908574572e-05,,2023,5,2023
2023-06-01,1.967975208e-05,,1.3010502764000002e-05,8.298295460400001e-06,7.2159090960000015e-06,7.8063016584e-06,3.2143595064000007e-06,2.48839531856e-05,,2023,6,2023
2023-06-02,1.8695764476000003e-05,,1.2605974526800002e-05,8.1670971132e-06,6.909779619200001e-06,7.434573008000001e-06,2.984762398800001e-06,2.3265840236800003e-05,,2023,6,2023
2023-06-03,1.7930440784000004e-05,,1.2168646702800002e-05,7.926566810000001e-06,6.723915294000001e-06,7.248708682800002e-06,2.8207644648000006e-06,2.1844524808800004e-05,,2023,6,2023
2023-06-04,1.7383781004000004e-05,,1.1807851248000002e-05,7.6095041376000015e-06,6.384986230400001e-06,6.6255165336e-06,2.438102618800001e-06,2.1002668747600004e-05,,2023,6,2023
2023-06-05,1.6837121224000003e-05,,1.1621986922800002e-05,7.303374660800001e-06,6.122589536000002e-06,6.6255165336e-06,2.6021005528000005e-06,2.0138946295200005e-05,,2023,6,2023
2023-06-06,1.6181129488000004e-05,,1.1370523424e-05,7.030044770800001e-06,5.816460059200001e-06,6.811380858800001e-06,2.3943698364000005e-06,1.940642219e-05,,2023,6,2023
2023-06-07,1.5634469708000003e-05,4.0124827852e-06,1.1239325076800002e-05,6.920712814800001e-06,5.6087293428000016e-06,6.8441804456000015e-06,2.3943698364000005e-06,1.8706697671600006e-05,,2023,6,2023
2023-06-08,1.5197141884000002e-05,3.957816807200001e-06,1.120652549e-05,6.898846423600001e-06,5.575929756000001e-06,7.062844357600002e-06,2.3943698364000005e-06,1.7853908414800004e-05,,2023,6,2023
2023-06-09,1.4650482104000003e-05,3.957816807200001e-06,1.1392389815200002e-05,6.8441804456000015e-06,5.466597800000001e-06,7.2159090960000015e-06,2.3943698364000005e-06,1.67387224636e-05,,2023,6,2023
2023-06-10,1.4213154280000004e-05,3.640754134800001e-06,1.0648932514400002e-05,6.691115707200001e-06,5.258867083600001e-06,6.374053034800001e-06,2.3943698364000005e-06,1.57875344464e-05,,2023,6,2023
2023-06-11,1.3557162544000004e-05,3.553288570000001e-06,1.0430268602400005e-05,6.505251382000001e-06,4.996470389200001e-06,6.111656340400002e-06,2.3943698364000005e-06,1.4847279624800005e-05,,2023,6,2023
2023-06-12,1.3119834720000002e-05,3.465823005200001e-06,1.02444042772e-05,6.4505854040000005e-06,4.843405650800001e-06,5.554063364800001e-06,2.3943698364000005e-06,1.3983557172400002e-05,,2023,6,2023
2023-06-13,1.257317494e-05,3.3455578536000005e-06,9.8726756268e-06,6.3631198392e-06,4.679407716800001e-06,5.663395320800001e-06,2.3834366408000004e-06,1.3349431827600003e-05,,2023,6,2023
2023-06-14,1.2245179072000005e-05,3.3018250712000004e-06,9.5884125412e-06,6.3084538612e-06,4.504476587200001e-06,5.860192841600001e-06,2.1210399464000003e-06,1.2955836786000002e-05,,2023,6,2023
2023-06-15,1.1917183204000005e-05,3.1268939416000005e-06,9.3588154336e-06,6.210055100800001e-06,4.351411848800001e-06,5.674328516400001e-06,1.8695764476000003e-06,1.2365444223600002e-05,,2023,6,2023
2023-06-16,1.1479855380000002e-05,3.0503615724000007e-06,9.0417527612e-06,5.969524797600001e-06,4.045282372000001e-06,5.3572658440000005e-06,1.6399793400000002e-06,1.16875860964e-05,,2023,6,2023
2023-06-17,1.1370523424e-05,3.0284951812000007e-06,8.812155653600003e-06,5.7289944944000006e-06,3.957816807200001e-06,5.302599866000001e-06,1.6290461444000002e-06,1.11190599252e-05,,2023,6,2023
2023-06-18,1.1589187336000005e-05,3.4439566140000008e-06,8.9214876096e-06,5.7617940812e-06,4.4607438048e-06,5.7617940812e-06,1.7821108828000003e-06,1.3087035133200004e-05,,2023,6,2023
2023-06-19,1.2354511028e-05,4.045282372000001e-06,9.719610888400002e-06,6.395919426e-06,5.0620695628e-06,6.341253448000001e-06,2.0882403596e-06,1.4388085409600005e-05,,2023,6,2023
2023-06-20,1.2245179072000005e-05,3.979683198400001e-06,9.3697486292e-06,6.461518599600001e-06,5.0183367804e-06,6.188188709600001e-06,2.1538395332000003e-06,1.3316632240800005e-05,,2023,6,2023
2023-06-21,1.1151859512000002e-05,3.1596935284e-06,8.680957306400002e-06,5.892992428400001e-06,4.253013088400001e-06,5.477530995600001e-06,1.5962465576000003e-06,1.16657197052e-05,,2023,6,2023
2023-06-22,1.0714531688e-05,2.7770316824000005e-06,8.3966942208e-06,5.597796147200001e-06,3.82661846e-06,5.5649965604000015e-06,1.3885158412000005e-06,1.0933195600000002e-05,,2023,6,2023
2023-06-23,1.0167871908000002e-05,2.6567665308e-06,8.232696286800002e-06,5.2916666704e-06,3.6079545480000007e-06,5.466597800000001e-06,1.421315428e-06,1.0495867776000002e-05,,2023,6,2023
2023-06-24,9.949207996000002e-06,2.6676997264e-06,8.1670971132e-06,5.083935954000001e-06,3.3892906360000006e-06,5.280733474800001e-06,1.147985538e-06,1.0091339538800002e-05,,2023,6,2023
2023-06-25,9.621212128000002e-06,2.4927685968000003e-06,8.0249655704e-06,4.832472455200001e-06,3.1487603328000005e-06,5.390065430800001e-06,1.0714531688000002e-06,9.7414772796e-06,,2023,6,2023
2023-06-26,9.511880172e-06,2.438102618800001e-06,7.9375000056e-06,4.6138085432000005e-06,3.1378271372e-06,5.838326450400002e-06,1.0933195600000002e-06,9.5009469764e-06,,2023,6,2023
2023-06-27,9.29321626e-06,2.45996901e-06,7.784435267200001e-06,4.493543391600001e-06,2.941029616400001e-06,4.832472455200001e-06,1.4431818192000002e-06,9.2166838908e-06,,2023,6,2023
2023-06-28,8.965220392000002e-06,2.569300966e-06,7.707902898e-06,4.373278240000001e-06,2.8754304428000007e-06,4.438877413600001e-06,2.3069042716000003e-06,8.998019978800001e-06,,2023,6,2023
2023-06-29,8.746556480000002e-06,2.6130337484e-06,7.642303724400001e-06,4.362345044400001e-06,2.8316976604000006e-06,4.307679066400001e-06,2.2303719024e-06,8.670024110800001e-06,,2023,6,2023
2023-06-30,8.637224524000002e-06,2.5255681836000008e-06,7.554838159600001e-06,4.362345044400001e-06,2.7770316824000005e-06,4.154614328e-06,2.1538395332000003e-06,8.407627416400002e-06,,2023,6,2023
2023-07-01,8.309228656e-06,2.4709022056e-06,7.784435267200001e-06,4.143681132400001e-06,2.623966944000001e-06,4.0562155676000005e-06,2.0663739684e-06,8.243629482400001e-06,,2023,7,2023
2023-07-02,8.090564744000002e-06,2.4162362276000005e-06,7.707902898e-06,4.1327479368e-06,2.4271694232000005e-06,4.023415980800001e-06,2.077307164e-06,8.003099179200002e-06,,2023,7,2023
2023-07-03,7.981232788e-06,2.3178374672000003e-06,7.773502071600001e-06,4.110881545600001e-06,2.3069042716000003e-06,3.8922176336000005e-06,1.9461088168000003e-06,7.871900832000001e-06,,2023,7,2023
2023-07-04,7.762568876e-06,2.1647727288000004e-06,7.0519111620000015e-06,4.0124827852e-06,2.3287706628000003e-06,3.673553721600001e-06,1.7930440784000003e-06,7.6204373332e-06,,2023,7,2023
2023-07-05,7.762568876e-06,2.0663739684e-06,6.6255165336e-06,3.9031508292e-06,2.2303719024e-06,3.4986225920000005e-06,1.6837121224000003e-06,7.379907030000002e-06,,2023,7,2023
2023-07-06,7.65323692e-06,2.0335743816000005e-06,6.472451795200001e-06,3.7938188732e-06,2.1757059244000004e-06,3.487689396400001e-06,1.6618457312000002e-06,7.270575074000001e-06,,2023,7,2023
2023-07-07,7.543904964e-06,2.0226411860000004e-06,6.472451795200001e-06,3.7938188732e-06,2.1319731420000003e-06,3.531422178800001e-06,1.6181129488e-06,7.194042704800001e-06,,2023,7,2023
2023-07-08,7.434573008000001e-06,2.0007747948000004e-06,6.538050968800001e-06,3.7938188732e-06,2.0991735552e-06,3.5642217656000006e-06,1.5962465576000003e-06,7.040977966400001e-06,,2023,7,2023
2023-07-09,7.325241052000002e-06,1.91330923e-06,6.603650142400001e-06,3.7938188732e-06,1.9570420124000003e-06,3.465823005200001e-06,1.5306473840000006e-06,6.964445597200001e-06,,2023,7,2023
2023-07-10,7.2159090960000015e-06,1.8367768608e-06,6.472451795200001e-06,3.7938188732e-06,1.91330923e-06,3.3564910492e-06,1.421315428e-06,6.833247250000001e-06,,2023,7,2023
2023-07-11,7.106577140000002e-06,1.7930440784000003e-06,6.395919426e-06,3.7938188732e-06,1.8039772740000004e-06,3.3674242448000006e-06,1.4431818192000002e-06,6.7567148808e-06,,2023,7,2023
2023-07-12,6.997245184000001e-06,1.7711776872000005e-06,6.286587470000001e-06,3.673553721600001e-06,1.7602444916000005e-06,3.4002238316000003e-06,1.4431818192000002e-06,6.6364497292000005e-06,,2023,7,2023
2023-07-13,6.8879132280000016e-06,1.7383781004000002e-06,6.286587470000001e-06,3.5860881568000007e-06,1.7821108828000003e-06,3.3018250712000004e-06,1.421315428e-06,6.4833849908e-06,,2023,7,2023
2023-07-14,6.669249316e-06,1.6837121224000003e-06,6.3631198392e-06,3.553288570000001e-06,1.7055785136000004e-06,3.170626724000001e-06,1.3557162544000002e-06,6.5927169468e-06,,2023,7,2023
2023-07-15,6.669249316e-06,1.5634469708000002e-06,6.2756542744e-06,3.4548898096000004e-06,1.6399793400000002e-06,3.0394283768000003e-06,1.2463842984e-06,6.4396522084e-06,,2023,7,2023
2023-07-16,6.4505854040000005e-06,1.5197141884e-06,6.1007231448000014e-06,3.3892906360000006e-06,1.5306473840000006e-06,2.8535640516000007e-06,1.1917183204000002e-06,6.297520665600001e-06,,2023,7,2023
2023-07-17,6.4505854040000005e-06,1.5415805796e-06,6.1007231448000014e-06,3.3783574404e-06,1.5087809928000003e-06,2.8863636384000003e-06,1.147985538e-06,6.417785817200001e-06,,2023,7,2023
2023-07-18,6.341253448000001e-06,1.5415805796e-06,5.9804579932000016e-06,3.4548898096000004e-06,1.4759814060000002e-06,2.8644972472000003e-06,1.0605199732e-06,6.4068526216e-06,,2023,7,2023
2023-07-19,6.231921492e-06,1.4322486236e-06,6.089789949200001e-06,3.3674242448000006e-06,1.421315428e-06,2.7332989000000004e-06,9.402548216e-07,6.3521866436e-06,,2023,7,2023
2023-07-20,6.122589536000002e-06,1.4322486236e-06,5.9367252108000015e-06,3.1378271372e-06,1.3557162544000002e-06,2.7332989000000004e-06,8.965220392000002e-07,6.1444559272000015e-06,,2023,7,2023
2023-07-21,6.013257580000001e-06,1.3994490368000005e-06,5.7289944944000006e-06,3.115960746e-06,1.2901170808000002e-06,2.6895661176000003e-06,8.527892568000002e-07,6.013257580000001e-06,,2023,7,2023
2023-07-22,5.903925624000001e-06,1.3119834720000005e-06,5.652462125200001e-06,3.115960746e-06,1.2573174940000002e-06,2.5802341616000005e-06,7.981232788000002e-07,5.925792015200002e-06,,2023,7,2023
2023-07-23,5.7945936680000016e-06,1.3010502764000005e-06,5.554063364800001e-06,3.0831611592e-06,1.1917183204000002e-06,2.5802341616000005e-06,7.762568876000001e-07,5.838326450400002e-06,,2023,7,2023
2023-07-24,5.6852617120000005e-06,1.3447830588e-06,5.4556646044e-06,3.0066287900000006e-06,1.1589187336e-06,2.6895661176000003e-06,7.762568876000001e-07,5.783660472400001e-06,,2023,7,2023
2023-07-25,5.6852617120000005e-06,1.3447830588e-06,5.379132235200001e-06,3.0722279636000008e-06,1.1261191468000005e-06,2.7223657044e-06,8.418560612000001e-07,5.7617940812e-06,,2023,7,2023
2023-07-26,5.575929756000001e-06,1.2901170808000002e-06,5.280733474800001e-06,3.115960746e-06,1.0605199732e-06,2.5365013792000004e-06,7.871900832000001e-07,5.696194907600001e-06,,2023,7,2023
2023-07-27,5.466597800000001e-06,1.2354511028e-06,5.0183367804e-06,2.9738292032000005e-06,9.730544084e-07,2.4490358144e-06,7.653236920000003e-07,5.4993973868000005e-06,,2023,7,2023
2023-07-28,5.3572658440000005e-06,1.2463842984e-06,5.237000692400001e-06,2.842630856e-06,9.621212128e-07,2.438102618800001e-06,7.543904964000002e-07,5.433798213200001e-06,,2023,7,2023
2023-07-29,5.3572658440000005e-06,1.2573174940000002e-06,5.160468323200001e-06,2.842630856e-06,8.855888436000001e-07,2.438102618800001e-06,7.434573008000001e-07,5.3681990396e-06,,2023,7,2023
2023-07-30,5.247933888000001e-06,1.2245179072e-06,5.346332648400001e-06,2.8207644648000006e-06,8.637224524000001e-07,2.4053030320000005e-06,7.215909096000001e-07,5.346332648400001e-06,,2023,7,2023
2023-07-31,5.247933888000001e-06,1.2026515160000002e-06,5.2698002792e-06,2.766098486800001e-06,8.309228656000001e-07,2.3178374672000003e-06,6.669249316000001e-07,5.2260674968e-06,,2023,7,2023
2023-08-01,5.138601932e-06,1.1370523424e-06,5.2260674968e-06,2.6895661176000003e-06,8.309228656000001e-07,2.2303719024e-06,6.341253448000001e-07,5.171401518800001e-06,,2023,8,2023
2023-08-02,5.138601932e-06,1.0714531688000002e-06,5.094869149600002e-06,2.623966944000001e-06,9.074552348e-07,2.1647727288000004e-06,5.794593668000001e-07,5.160468323200001e-06,,2023,8,2023
2023-08-03,5.029269976000001e-06,1.038653582e-06,4.8215392596000014e-06,2.5911673572e-06,8.090564744000001e-07,2.1975723156000004e-06,5.247933888e-07,5.040203171600001e-06,,2023,8,2023
2023-08-04,5.138601932e-06,1.2573174940000002e-06,5.400998626400001e-06,3.6188877436000008e-06,8.855888436000001e-07,2.4271694232000005e-06,5.466597800000001e-07,5.4556646044e-06,,2023,8,2023
2023-08-05,5.575929756000001e-06,1.7602444916000005e-06,6.2428546876000005e-06,3.487689396400001e-06,9.511880172000002e-07,2.7332989000000004e-06,6.341253448000001e-07,5.641528929600001e-06,,2023,8,2023
2023-08-06,5.3572658440000005e-06,1.4541150148000002e-06,5.390065430800001e-06,2.8863636384000003e-06,8.199896700000001e-07,2.5037017924000007e-06,5.357265844000001e-07,5.346332648400001e-06,,2023,8,2023
2023-08-07,5.029269976000001e-06,1.1917183204000002e-06,4.8980716288e-06,2.7114325088000004e-06,6.669249316000001e-07,2.1866391200000004e-06,4.373278240000001e-07,5.138601932e-06,,2023,8,2023
2023-08-08,4.91993802e-06,1.1151859512e-06,4.657541325600001e-06,2.5911673572e-06,6.231921492000001e-07,1.8805096432e-06,4.154614328000001e-07,4.9855371936000005e-06,,2023,8,2023
2023-08-09,4.810606064000001e-06,1.0495867776e-06,4.6684745212e-06,2.5255681836000008e-06,5.903925624000001e-07,1.8367768608e-06,3.826618460000002e-07,4.887138433200001e-06,,2023,8,2023
2023-08-10,4.810606064000001e-06,1.0823863644000002e-06,4.766873281600001e-06,2.547434574800001e-06,5.794593668000001e-07,1.8805096432e-06,4.154614328000001e-07,4.876205237600001e-06,,2023,8,2023
2023-08-11,4.810606064000001e-06,1.038653582e-06,4.6138085432000005e-06,2.5911673572e-06,5.138601932000001e-07,1.8477100564000005e-06,3.935950416000001e-07,4.876205237600001e-06,,2023,8,2023
2023-08-12,4.701274108000001e-06,1.0058539952000002e-06,4.5263429784e-06,2.569300966e-06,5.138601932000001e-07,1.7602444916000005e-06,3.826618460000002e-07,4.810606064000001e-06,,2023,8,2023
2023-08-13,4.701274108000001e-06,9.511880172000002e-07,4.493543391600001e-06,2.5255681836000008e-06,4.810606064000001e-07,1.7930440784000003e-06,3.6079545480000004e-07,,,2023,8,2023
2023-08-14,4.701274108000001e-06,9.730544084e-07,4.406077826800001e-06,2.5583677704000004e-06,4.154614328000001e-07,1.91330923e-06,4.154614328000001e-07,,,2023,8,2023
2023-08-15,4.701274108000001e-06,1.0605199732e-06,4.4607438048e-06,2.547434574800001e-06,4.0452823720000004e-07,2.0445075772000005e-06,4.482610196000001e-07,,,2023,8,2023
2023-08-16,4.5919421520000005e-06,9.839876040000002e-07,4.395144631200001e-06,2.1975723156000004e-06,3.6079545480000004e-07,2.0226411860000004e-06,3.826618460000002e-07,,,2023,8,2023
2023-08-17,4.5919421520000005e-06,1.0605199732e-06,4.427944218000001e-06,,3.6079545480000004e-07,2.5037017924000007e-06,4.919938020000001e-07,,,2023,8,2023
2023-08-18,4.5919421520000005e-06,1.0167871908000002e-06,4.427944218000001e-06,,3.717286504000001e-07,2.3834366408000004e-06,3.498622592000001e-07,,,2023,8,2023
2023-08-19,4.482610196000001e-06,9.074552348e-07,4.318612262000001e-06,,3.3892906360000004e-07,2.2631714892e-06,3.1706267240000005e-07,,,2023,8,2023
2023-08-20,4.482610196000001e-06,9.511880172000002e-07,4.4498106092000006e-06,,,2.2741046848e-06,3.279958680000001e-07,,,2023,8,2023
2023-08-21,4.482610196000001e-06,9.29321626e-07,4.318612262000001e-06,,,2.252238293600001e-06,3.061294768e-07,,,2023,8,2023
2023-08-22,4.482610196000001e-06,8.965220392000002e-07,4.253013088400001e-06,,,2.1975723156000004e-06,2.5146349880000005e-07,4.504476587200001e-06,,2023,8,2023
2023-08-23,4.373278240000001e-06,,4.154614328e-06,,,2.0445075772000005e-06,2.623966944e-07,4.493543391600001e-06,,2023,8,2023
2023-08-24,4.482610196000001e-06,,4.274879479600001e-06,,,1.9789084036000003e-06,2.842630856e-07,,,2023,8,2023
2023-08-25,4.482610196000001e-06,,4.318612262000001e-06,,,1.91330923e-06,2.2959710760000006e-07,,,2023,8,2023
2023-08-26,4.373278240000001e-06,,4.274879479600001e-06,,,1.7930440784000003e-06,,,,2023,8,2023
2023-08-27,4.373278240000001e-06,,4.154614328e-06,,,1.6509125356000002e-06,,,,2023,8,2023
2023-08-28,4.373278240000001e-06,,4.154614328e-06,,,1.6727789268000005e-06,,,,2023,8,2023
2023-08-29,4.482610196000001e-06,,4.154614328e-06,,,1.7055785136000004e-06,,,,2023,8,2023
2023-08-30,4.373278240000001e-06,,4.154614328e-06,,,1.6290461444000002e-06,,,,2023,8,2023
2023-08-31,4.91993802e-06,,5.827393254800001e-06,,,3.6079545480000007e-06,,,,2023,8,2023
2023-09-01,5.6852617120000005e-06,,5.4556646044e-06,,,3.3127582668e-06,,,,2023,9,2023
2023-09-02,4.701274108000001e-06,,4.274879479600001e-06,,,2.0882403596e-06,,,,2023,9,2023
2023-09-03,4.482610196000001e-06,,4.154614328e-06,,,1.8149104696e-06,,,,2023,9,2023
2023-09-04,4.482610196000001e-06,,4.154614328e-06,,,1.7274449048000002e-06,,,,2023,9,2023
2023-09-05,4.373278240000001e-06,,4.154614328e-06,,,1.6290461444000002e-06,,,,2023,9,2023
2023-09-06,4.373278240000001e-06,,4.110881545600001e-06,,,1.5306473840000006e-06,,,,2023,9,2023
2023-09-07,4.373278240000001e-06,,3.990616394e-06,,,1.4759814060000002e-06,,,,2023,9,2023
2023-09-08,4.2639462840000006e-06,,3.8156852644e-06,,,,,,,2023,9,2023
2023-09-09,,,,,,,,,,2023,9,2023
2023-09-10,,,,,,,,,,2023,9,2023
2023-09-11,,,,,,,,,,2023,9,2023
2023-09-12,,,,,,,,,,2023,9,2023
2023-09-13,,,,,,,,,,2023,9,2023
2023-09-14,,,,,,,,,,2023,9,2023
2023-09-15,,,,,,,,,,2023,9,2023
2023-09-16,,,,,,,,,,2023,9,2023
2023-09-17,,,,,,,,,,2023,9,2023
2023-09-18,,,,,,,,,,2023,9,2023
2023-09-19,,,,,,,,,,2023,9,2023
2023-09-20,,,,,,,,,,2023,9,2023
2023-09-21,,,,,,,,,,2023,9,2023
2023-09-22,,,,,,,,,,2023,9,2023
2023-09-23,,,,,,,,,,2023,9,2023
2023-09-24,,,,,,,,,,2023,9,2023
2023-09-25,,,,,,,,,,2023,9,2023
2023-09-26,,,,,,,,,,2023,9,2023
2023-09-27,,,,,,,,,,2023,9,2023
2023-09-28,,,,,,,,,,2023,9,2023
2023-09-29,,,,,,,,,,2023,9,2023
2023-09-30,,,,,,,,,,2023,9,2023
2023-10-01,,,,,,,,,,2023,10,2024
2023-10-02,,,,,,,,,,2023,10,2024
2023-10-03,,,,,,,,,,2023,10,2024
2023-10-04,,,,,,,,,,2023,10,2024
2023-10-05,,,,,,,,,,2023,10,2024
2023-10-06,,,,,,,,,,2023,10,2024
2023-10-07,,,,,,,,,,2023,10,2024
2023-10-08,,,,,,,,,,2023,10,2024
2023-10-09,,,,,,,,,,2023,10,2024
2023-10-10,,,,,,,,,,2023,10,2024
2023-10-11,,,,,,,,,,2023,10,2024
2023-10-12,,,,,,,,,,2023,10,2024
2023-10-13,,,,,,,,,,2023,10,2024
2023-10-14,,,,,,,,,,2023,10,2024
2023-10-15,,,,,,,,,,2023,10,2024
2023-10-16,,,,,,,,,,2023,10,2024
2023-10-17,,,,,,,,,,2023,10,2024
2023-10-18,,,,,,,,,,2023,10,2024
2023-10-19,,,,,,,,,,2023,10,2024
2023-10-20,,,,,,,,,,2023,10,2024
2023-10-21,,,,,,,,,,2023,10,2024
2023-10-22,,,,,,,,,,2023,10,2024
2023-10-23,,,,,,,,,,2023,10,2024
2023-10-24,,,,,,,,,,2023,10,2024
2023-10-25,,,,,,,,,,2023,10,2024
2023-10-26,,,,,,,,,,2023,10,2024
2023-10-27,,,,,,,,,,2023,10,2024
2023-10-28,,,,,,,,,,2023,10,2024
2023-10-29,,,,,,,,,,2023,10,2024
2023-10-30,,,,,,,,,,2023,10,2024
2023-10-31,,,,,,,,,,2023,10,2024
2023-11-01,,,,,,,,,,2023,11,2024
2023-11-02,,,,,,,,,,2023,11,2024
2023-11-03,,,,,,,,,,2023,11,2024
2023-11-04,,,,,,,,,,2023,11,2024
2023-11-05,,,,,,,,,,2023,11,2024
2023-11-06,,,,,,,,,,2023,11,2024
2023-11-07,,,,,,,,,,2023,11,2024
2023-11-08,,,,,,,,,,2023,11,2024
2023-11-09,,,,,,,,,,2023,11,2024
2023-11-10,,,,,,,,,,2023,11,2024
2023-11-11,,,,,,,,,,2023,11,2024
2023-11-12,,,,,,,,,,2023,11,2024
2023-11-13,,,,,,,,,,2023,11,2024
2023-11-14,,,,,,,,,,2023,11,2024
2023-11-15,,,,,,,,,,2023,11,2024
2023-11-16,,,,,,,,,,2023,11,2024
2023-11-17,,,,,,,,,,2023,11,2024
2023-11-18,,,,,,,,,,2023,11,2024
2023-11-19,,,,,,,,,,2023,11,2024
2023-11-20,,,,,,,,,,2023,11,2024
2023-11-21,,,,,,,,,,2023,11,2024
2023-11-22,,,,,,,,,,2023,11,2024
2023-11-23,,,,,,,,,,2023,11,2024
2023-11-24,,,,,,,,,,2023,11,2024
2023-11-25,,,,,,,,,,2023,11,2024
2023-11-26,,,,,,,,,,2023,11,2024
2023-11-27,,,,,,,,,,2023,11,2024
2023-11-28,,,,,,,,,,2023,11,2024
2023-11-29,,,,,,,,,,2023,11,2024
2023-11-30,,,,,,,,,,2023,11,2024
2023-12-01,,,,,,,,,,2023,12,2024
2023-12-02,,,,,,,,,,2023,12,2024
2023-12-03,,,,,,,,,,2023,12,2024
2023-12-04,,,,,,,,,,2023,12,2024
2023-12-05,,,,,,,,,,2023,12,2024
2023-12-06,,,,,,,,,,2023,12,2024
2023-12-07,,,,,,,,,,2023,12,2024
2023-12-08,,,,,,,,,,2023,12,2024
2023-12-09,,,,,,,,,,2023,12,2024
2023-12-10,,,,,,,,,,2023,12,2024
2023-12-11,,,,,,,,,,2023,12,2024
2023-12-12,,,,,,,,,,2023,12,2024
2023-12-13,,,,,,,,,,2023,12,2024
2023-12-14,,,,,,,,,,2023,12,2024
2023-12-15,,,,,,,,,,2023,12,2024
2023-12-16,,,,,,,,,,2023,12,2024
2023-12-17,,,,,,,,,,2023,12,2024
2023-12-18,,,,,,,,,,2023,12,2024
2023-12-19,,,,,,,,,,2023,12,2024
2023-12-20,,,,,,,,,,2023,12,2024
2023-12-21,,,,,,,,,,2023,12,2024
2023-12-22,,,,,,,,,,2023,12,2024
2023-12-23,,,,,,,,,,2023,12,2024
2023-12-24,,,,,,,,,,2023,12,2024
2023-12-25,,,,,,,,,,2023,12,2024
2023-12-26,,,,,,,,,,2023,12,2024
2023-12-27,,,,,,,,,,2023,12,2024
2023-12-28,,,,,,,,,,2023,12,2024
2023-12-29,,,,,,,,,,2023,12,2024
2023-12-30,,,,,,,,,,2023,12,2024
2023-12-31,,,,,,,,,,2023,12,2024
2024-01-01,,,,,,,,,,2024,1,2024
2024-01-02,,,,,,,,,,2024,1,2024
2024-01-03,,,,,,,,,,2024,1,2024
2024-01-04,,,,,,,,,,2024,1,2024
2024-01-05,,,,,,,,,,2024,1,2024
2024-01-06,,,,,,,,,,2024,1,2024
2024-01-07,,,,,,,,,,2024,1,2024
2024-01-08,,,,,,,,,,2024,1,2024
2024-01-09,,,,,,,,,,2024,1,2024
2024-01-10,,,,,,,,,,2024,1,2024
2024-01-11,,,,,,,,,,2024,1,2024
2024-01-12,,,,,,,,,,2024,1,2024
2024-01-13,,,,,,,,,,2024,1,2024
2024-01-14,,,,,,,,,,2024,1,2024
2024-01-15,,,,,,,,,,2024,1,2024
2024-01-16,,,,,,,,,,2024,1,2024
2024-01-17,,,,,,,,,,2024,1,2024
2024-01-18,,,,,,,,,,2024,1,2024
2024-01-19,,,,,,,,,,2024,1,2024
2024-01-20,,,,,,,,,,2024,1,2024
2024-01-21,,,,,,,,,,2024,1,2024
2024-01-22,,,,,,,,,,2024,1,2024
2024-01-23,,,,,,,,,,2024,1,2024
2024-01-24,,,,,,,,,,2024,1,2024
2024-01-25,,,,,,,,,,2024,1,2024
2024-01-26,,,,,,,,,,2024,1,2024
2024-01-27,,,,,,,,,,2024,1,2024
2024-01-28,,,,,,,,,,2024,1,2024
2024-01-29,,,,,,,,,,2024,1,2024
2024-01-30,,,,,,,,,,2024,1,2024
2024-01-31,,,,,,,,,,2024,1,2024
2024-02-01,,,,,,,,,,2024,2,2024
2024-02-02,,,,,,,,,,2024,2,2024
2024-02-03,,,,,,,,,,2024,2,2024
2024-02-04,,,,,,,,,,2024,2,2024
2024-02-05,,,,,,,,,,2024,2,2024
2024-02-06,,,,,,,,,,2024,2,2024
2024-02-07,,,,,,,,,,2024,2,2024
2024-02-08,,,,,,,,,,2024,2,2024
2024-02-09,,,,,,,,,,2024,2,2024
2024-02-10,,,,,,,,,,2024,2,2024
2024-02-11,,,,,,,,,,2024,2,2024
2024-02-12,,,,,,,,,,2024,2,2024
2024-02-13,,,,,,,,,,2024,2,2024
2024-02-14,,,,,,,,,,2024,2,2024
2024-02-15,,,,,,,,,,2024,2,2024
2024-02-16,,,,,,,,,,2024,2,2024
2024-02-17,,,,,,,,,,2024,2,2024
2024-02-18,,,,,,,,,,2024,2,2024
2024-02-19,,,,,,,,,,2024,2,2024
2024-02-20,,,,,,,,,,2024,2,2024
2024-02-21,,,,,,,,,,2024,2,2024
2024-02-22,,,,,,,,,,2024,2,2024
2024-02-23,,,,,,,,,,2024,2,2024
2024-02-24,,,,,,,,,,2024,2,2024
2024-02-25,,,,,,,,,,2024,2,2024
2024-02-26,,,,,,,,,,2024,2,2024
2024-02-27,,,,,,,,,,2024,2,2024
2024-02-28,,,,,,,,,,2024,2,2024
2024-02-29,,,,,,,,,,2024,2,2024
2024-03-01,,,,,,,,,,2024,3,2024
2024-03-02,,,,,,,,,,2024,3,2024
2024-03-03,,,,,,,,,,2024,3,2024
2024-03-04,,,,,,,,,,2024,3,2024
2024-03-05,,,,,,,,,,2024,3,2024
2024-03-06,,,,,,,,,,2024,3,2024
2024-03-07,,,,,,,,,,2024,3,2024
2024-03-08,,,,,,,,,,2024,3,2024
2024-03-09,,,,,,,,,,2024,3,2024
2024-03-10,,,,,,,,,,2024,3,2024
2024-03-11,,,,,,,,,,2024,3,2024
2024-03-12,,,,,,,,,,2024,3,2024
2024-03-13,,,,,,,,,,2024,3,2024
2024-03-14,,,,,,,,,,2024,3,2024
2024-03-15,,,,,,,,,,2024,3,2024
2024-03-16,,,,,,,,,,2024,3,2024
2024-03-17,,,,,,,,,,2024,3,2024
2024-03-18,,,,,,,,,,2024,3,2024
2024-03-19,,,,,,,,,,2024,3,2024
2024-03-20,,,,,,,,,,2024,3,2024
2024-03-21,,,,,,,,,,2024,3,2024
2024-03-22,,,,,,,,,,2024,3,2024
2024-03-23,,,,,,,,,,2024,3,2024
2024-03-24,,,,,,,,,,2024,3,2024
2024-03-25,,,,,,,,,,2024,3,2024
2024-03-26,,,,,,,,,,2024,3,2024
2024-03-27,,,,,,,,,,2024,3,2024
2024-03-28,,,,,,,,,,2024,3,2024
2024-03-29,,,,,,,,,,2024,3,2024
2024-03-30,,,,,,,,,,2024,3,2024
2024-03-31,,,,,,,,,,2024,3,2024
2024-04-01,,,,,,,,,,2024,4,2024
2024-04-02,,,,,,,,,,2024,4,2024
2024-04-03,,,,,,,,,,2024,4,2024
2024-04-04,,,,,,,,,,2024,4,2024
2024-04-05,,,,,,,,,,2024,4,2024
2024-04-06,,,,,,,,,,2024,4,2024
2024-04-07,,,,,,,,,,2024,4,2024
2024-04-08,,,,,,,,,,2024,4,2024
2024-04-09,,,,,,,,,,2024,4,2024
2024-04-10,,,,,,,,,,2024,4,2024
2024-04-11,,,,,,,,,,2024,4,2024
2024-04-12,,,,,,,,,,2024,4,2024
2024-04-13,,,,,,,,,,2024,4,2024
2024-04-14,,,,,,,,,,2024,4,2024
2024-04-15,,,,,,,,,,2024,4,2024
2024-04-16,,,,,,,,,,2024,4,2024
2024-04-17,,,,,,,,,,2024,4,2024
2024-04-18,,,,,,,,,,2024,4,2024
2024-04-19,,,,,,,,,,2024,4,2024
2024-04-20,,,,,,,,,,2024,4,2024
2024-04-21,,,,,,,,,,2024,4,2024
2024-04-22,,,,,,,,,,2024,4,2024
2024-04-23,,,,,,,,,,2024,4,2024
2024-04-24,,,,,,,,,,2024,4,2024
2024-04-25,,,,,,,,,,2024,4,2024
2024-04-26,,,,,,,,,,2024,4,2024
2024-04-27,,,,,,,,,,2024,4,2024
2024-04-28,,,,,,,,,,2024,4,2024
2024-04-29,,,,,,,,,,2024,4,2024
2024-04-30,,,,,,,,,,2024,4,2024
2024-05-01,,,,,,,,,,2024,5,2024
2024-05-02,,,,,,,,,,2024,5,2024
2024-05-03,,,,,,,,,,2024,5,2024
2024-05-04,,,,,,,,,,2024,5,2024
2024-05-05,,,,,,,,,,2024,5,2024
2024-05-06,,,,,,,,,,2024,5,2024
2024-05-07,,,,,,,,,,2024,5,2024
2024-05-08,,,,,,,,,,2024,5,2024
2024-05-09,,,,,,,,,,2024,5,2024
2024-05-10,,,,,,,,,,2024,5,2024
2024-05-11,,,,,,,,,,2024,5,2024
2024-05-12,,,,,,,,,,2024,5,2024
2024-05-13,,,,,,,,,,2024,5,2024
2024-05-14,,,,,,,,,,2024,5,2024
2024-05-15,,,,,,,,,,2024,5,2024
2024-05-16,,,,,,,,,,2024,5,2024
2024-05-17,,,,,,,,,,2024,5,2024
2024-05-18,,,,,,,,,,2024,5,2024
2024-05-19,,,,,,,,,,2024,5,2024
2024-05-20,,,,,,,,,,2024,5,2024
2024-05-21,,,,,,,,,,2024,5,2024
2024-05-22,,,,,,,,,,2024,5,2024
2024-05-23,,,,,,,,,,2024,5,2024
2024-05-24,,,,,,,,,,2024,5,2024
2024-05-25,,,,,,,,,,2024,5,2024
2024-05-26,,,,,,,,,,2024,5,2024
2024-05-27,,,,,,,,,,2024,5,2024
2024-05-28,,,,,,,,,,2024,5,2024
2024-05-29,,,,,,,,,,2024,5,2024
2024-05-30,,,,,,,,,,2024,5,2024
2024-05-31,,,,,,,,,,2024,5,2024
2024-06-01,,,,,,,,,,2024,6,2024
2024-06-02,,,,,,,,,,2024,6,2024
2024-06-03,0.000125622417444,6.511811299360001e-05,6.35000000448e-05,5.056602965000001e-05,4.963670802400001e-05,0.000105396005584,6.64956956392e-05,0.0002495939223524,,2024,6,2024
2024-06-04,7.0300447708e-05,2.73001894132e-05,3.720566462680001e-05,2.2030389134000004e-05,3.234039258480001e-05,2.6655130872800005e-05,2.2194387068e-05,0.0001192483644092,,2024,6,2024
2024-06-05,5.2151343012000005e-05,1.9362689407600003e-05,2.8098312692000003e-05,1.6891787202e-05,2.51791494668e-05,1.6279528248400003e-05,1.4628615712800004e-05,7.894860542760001e-05,,2024,6,2024
2024-06-06,4.3732782400000006e-05,1.55032713608e-05,2.383436640800001e-05,1.4366219018400002e-05,2.0751205248800003e-05,1.23107782456e-05,1.1764118465600004e-05,5.973898075840001e-05,,2024,6,2024
2024-06-07,3.870351242400001e-05,1.3535296152800002e-05,2.1407196984800006e-05,1.27043732872e-05,1.7569645329200004e-05,9.992940778400002e-06,9.730544084e-06,5.113455582120001e-05,,2024,6,2024
2024-06-08,3.4986225920000006e-05,1.1960915986400005e-05,1.940642219e-05,1.17750516612e-05,1.5459538578400003e-05,8.998019978800001e-06,8.3529614384e-06,4.53508953488e-05,,2024,6,2024
2024-06-09,3.236225897600001e-05,1.0506800971600002e-05,1.7799242436800002e-05,1.08457300352e-05,1.3950757585600004e-05,8.046831961600002e-06,6.822314054400001e-06,4.09994835e-05,,2024,6,2024
2024-06-10,3.0175619856e-05,9.6977444972e-06,1.6684056485600002e-05,1.03646694288e-05,1.2791838852e-05,7.598570942000001e-06,5.9585916020000015e-06,3.74024621476e-05,,2024,6,2024
2024-06-11,2.8316976604000005e-05,8.877754827200002e-06,1.5765668055200002e-05,9.9273416048e-06,1.17750516612e-05,7.0519111620000015e-06,5.390065430800001e-06,3.3936639142400004e-05,,2024,6,2024
2024-06-12,2.6676997264e-05,8.156163917600001e-06,1.4869146016000002e-05,9.3697486292e-06,1.0987861578e-05,6.8004476632000005e-06,4.9636708024000005e-06,3.1542269306e-05,,2024,6,2024
2024-06-13,2.5365013792000005e-05,7.5767045508e-06,1.4366219018400002e-05,8.495092981200002e-06,1.0375602624400002e-05,6.516184577600001e-06,4.832472455200001e-06,2.9290031012400004e-05,,2024,6,2024
2024-06-14,2.4162362276000004e-05,6.909779619200001e-06,1.3644628108800004e-05,8.178030308800002e-06,9.7742768664e-06,5.947658406400001e-06,4.4607438048e-06,2.7496986934000008e-05,,2024,6,2024
2024-06-15,2.4709022056e-05,7.270575074000001e-06,1.39616907812e-05,8.812155653600003e-06,9.7961432576e-06,6.231921492e-06,4.9855371936000005e-06,2.8634039276400004e-05,,2024,6,2024
2024-06-16,2.317837467200001e-05,6.7129820984e-06,1.3010502764000002e-05,8.331095047200002e-06,9.326015846800004e-06,5.7617940812e-06,4.471677000400001e-06,2.6053805114800007e-05,,2024,6,2024
2024-06-17,2.3069042716000003e-05,6.527117773200001e-06,1.2737172874000004e-05,7.926566810000001e-06,8.998019978800001e-06,5.652462125200001e-06,4.2420798928000005e-06,2.560554409520001e-05,,2024,6,2024
2024-06-18,2.1757059244000004e-05,6.056990362400001e-06,1.21249139204e-05,7.554838159600001e-06,8.516959372400002e-06,5.247933888000001e-06,3.957816807200001e-06,2.4271694232000007e-05,,2024,6,2024
2024-06-19,2.077307164e-05,5.718061298800001e-06,1.17750516612e-05,7.303374660800001e-06,7.970299592400001e-06,4.832472455200001e-06,3.531422178800001e-06,2.31893078676e-05,,2024,6,2024
2024-06-20,1.9789084036000004e-05,5.324466257200001e-06,1.15235881624e-05,7.030044770800001e-06,7.500172181600002e-06,4.887138433200001e-06,3.2580922888000003e-06,2.2314652219600004e-05,,2024,6,2024
2024-06-21,1.8914428388e-05,5.204201105600001e-06,1.120652549e-05,6.723915294000001e-06,7.172176313600001e-06,4.8215392596000014e-06,3.1487603328000005e-06,2.133066461560001e-05,,2024,6,2024
2024-06-22,1.8367768608e-05,4.974603998000001e-06,1.0834796839600002e-05,6.417785817200001e-06,6.909779619200001e-06,4.307679066400001e-06,3.1378271372e-06,2.05106749456e-05,,2024,6,2024
2024-06-23,1.7493112960000003e-05,4.865272042000001e-06,1.0605199732000002e-05,6.2209882964e-06,6.7129820984e-06,4.2202135016000005e-06,2.9519628120000005e-06,1.98000172316e-05,,2024,6,2024
2024-06-24,1.6837121224000003e-05,4.657541325600001e-06,1.0506800971600002e-05,6.056990362400001e-06,6.472451795200001e-06,4.6138085432000005e-06,2.744232095600001e-06,1.9144025495600004e-05,,2024,6,2024
2024-06-25,1.6290461444000003e-05,4.5263429784e-06,1.0167871908000002e-05,5.816460059200001e-06,6.177255514e-06,4.4607438048e-06,2.6676997264e-06,1.87285640628e-05,,2024,6,2024
2024-06-26,1.5634469708000003e-05,4.438877413600001e-06,9.861742431200002e-06,5.4993973868000005e-06,6.024190775600002e-06,5.7289944944000006e-06,3.542355374400001e-06,1.82803030432e-05,,2024,6,2024
2024-06-27,1.5197141884000002e-05,4.329545457600001e-06,9.785210062e-06,5.193267910000001e-06,6.056990362400001e-06,6.461518599600001e-06,4.5919421520000005e-06,1.77445764588e-05,,2024,6,2024
2024-06-28,1.4650482104000003e-05,4.099948350000001e-06,9.664944910400002e-06,5.1276687364e-06,5.947658406400001e-06,6.1663223184e-06,4.417011022400001e-06,1.7001119158e-05,,2024,6,2024
2024-06-29,1.4213154280000004e-05,3.9468836116e-06,9.56654615e-06,5.073002758400001e-06,5.7508608856000015e-06,5.860192841600001e-06,4.143681132400001e-06,1.6202995879200003e-05,,2024,6,2024
2024-06-30,1.3994490368000002e-05,3.8375516556e-06,9.282283064400002e-06,4.996470389200001e-06,5.4556646044e-06,5.739927690000001e-06,3.9468836116e-06,1.5568870534400002e-05,,2024,6,2024
2024-07-01,1.3557162544000004e-05,3.6298209392e-06,8.998019978800001e-06,4.9855371936000005e-06,5.324466257200001e-06,5.4993973868000005e-06,3.8156852644e-06,1.4705148082000005e-05,,2024,7,2024
2024-07-02,1.3119834720000002e-05,3.4548898096000004e-06,8.943354000800001e-06,4.9636708024000005e-06,5.160468323200001e-06,5.324466257200001e-06,3.706353308400001e-06,1.3928891194400004e-05,,2024,7,2024
2024-07-03,1.2791838852e-05,3.3018250712000004e-06,8.855888436000003e-06,4.909004824400001e-06,4.9855371936000005e-06,5.094869149600002e-06,3.509555787600001e-06,1.3415031001200004e-05,,2024,7,2024
2024-07-04,1.2354511028e-05,3.170626724000001e-06,8.735623284400002e-06,4.7778064772000005e-06,4.6684745212e-06,4.876205237600001e-06,3.3783574404e-06,1.3021435959600002e-05,,2024,7,2024
2024-07-05,1.2026515160000002e-05,2.9300964208000004e-06,8.779356066800002e-06,4.493543391600001e-06,4.471677000400001e-06,4.701274108000001e-06,3.170626724000001e-06,1.27262396784e-05,,2024,7,2024
2024-07-06,1.1698519292000004e-05,2.8316976604000006e-06,8.462293394400002e-06,4.285812675200001e-06,4.274879479600001e-06,4.504476587200001e-06,3.061294768000001e-06,1.2277978658800003e-05,,2024,7,2024
2024-07-07,1.1479855380000002e-05,2.6895661176000003e-06,8.309228656e-06,4.001549589600001e-06,4.001549589600001e-06,4.307679066400001e-06,2.8863636384000003e-06,1.1829717639200005e-05,,2024,7,2024
2024-07-08,1.1261191468000002e-05,2.5911673572e-06,8.243629482400001e-06,3.9031508292e-06,3.8484848512e-06,4.187413914800001e-06,2.842630856e-06,1.1436122597600002e-05,,2024,7,2024
2024-07-09,1.1151859512000002e-05,2.6130337484e-06,7.9375000056e-06,3.8484848512e-06,3.6298209392e-06,4.0780819588000006e-06,2.809831269200001e-06,1.11190599252e-05,,2024,7,2024
2024-07-10,1.1042527556000004e-05,2.5146349880000003e-06,7.073777553200001e-06,3.7938188732e-06,3.4548898096000004e-06,3.914084024800001e-06,2.6676997264e-06,1.08457300352e-05,,2024,7,2024
2024-07-11,1.0823863644e-05,2.3943698364000005e-06,6.855113641200001e-06,3.771952482e-06,3.3674242448000006e-06,3.957816807200001e-06,2.623966944000001e-06,1.05833333408e-05,,2024,7,2024
2024-07-12,1.0605199732000002e-05,2.4271694232000005e-06,6.778581272000001e-06,3.673553721600001e-06,3.334624658e-06,3.9687500028e-06,2.547434574800001e-06,1.04630681892e-05,,2024,7,2024
2024-07-13,1.038653582e-05,2.4709022056e-06,6.505251382000001e-06,3.673553721600001e-06,3.2690254844000004e-06,3.8594180468e-06,2.4271694232000005e-06,1.0342803037600004e-05,,2024,7,2024
2024-07-14,1.0277203864e-05,2.3397038584000003e-06,6.286587470000001e-06,3.5860881568000007e-06,3.0722279636000008e-06,3.706353308400001e-06,2.295971076e-06,1.0113205930000004e-05,,2024,7,2024
2024-07-15,1.0058539952e-05,2.2303719024e-06,6.253787883200001e-06,3.5204889832000005e-06,2.984762398800001e-06,3.5970213524000007e-06,2.1757059244000004e-06,9.83987604e-06,,2024,7,2024
2024-07-16,9.949207996000002e-06,2.0445075772000005e-06,5.860192841600001e-06,3.3674242448000006e-06,2.842630856e-06,3.640754134800001e-06,2.1429063376000003e-06,9.708677692800002e-06,,2024,7,2024
2024-07-17,9.730544084e-06,2.0007747948000004e-06,5.9585916020000015e-06,3.2252927020000003e-06,2.766098486800001e-06,3.706353308400001e-06,2.1647727288000004e-06,9.664944910400002e-06,,2024,7,2024
2024-07-18,9.621212128000002e-06,1.9461088168000003e-06,5.7289944944000006e-06,3.1815599196e-06,2.6676997264e-06,3.487689396400001e-06,2.0335743816000005e-06,9.5009469764e-06,,2024,7,2024
2024-07-19,9.29321626e-06,1.8586432520000005e-06,5.4447314088e-06,3.0066287900000006e-06,2.569300966e-06,3.3127582668e-06,1.9023760344000004e-06,9.3369490424e-06,,2024,7,2024
2024-07-20,9.183884304e-06,1.8258436652e-06,5.521263778000001e-06,3.0066287900000006e-06,2.5037017924000007e-06,3.3236914624000005e-06,1.8477100564000005e-06,9.3369490424e-06,,2024,7,2024
2024-07-21,9.074552348000002e-06,1.8914428388e-06,5.532196973600002e-06,2.919163225200001e-06,2.45996901e-06,3.4439566140000008e-06,1.8695764476000003e-06,9.304149455600002e-06,,2024,7,2024
2024-07-22,9.074552348000002e-06,1.9351756212e-06,5.2916666704e-06,2.8972968340000008e-06,2.45996901e-06,3.4439566140000008e-06,1.8258436652e-06,9.1401515216e-06,,2024,7,2024
2024-07-23,8.855888436000003e-06,1.7602444916000005e-06,5.0620695628e-06,2.8535640516000007e-06,2.3069042716000003e-06,3.170626724000001e-06,1.7383781004000002e-06,8.9324208052e-06,,2024,7,2024
2024-07-24,8.746556480000002e-06,1.6618457312000002e-06,4.745006890400001e-06,2.809831269200001e-06,2.252238293600001e-06,2.8972968340000008e-06,1.5962465576000003e-06,8.801222458000001e-06,,2024,7,2024
2024-07-25,8.637224524000002e-06,1.6290461444000002e-06,4.6028753476e-06,2.8754304428000007e-06,2.1538395332000003e-06,2.5802341616000005e-06,1.5197141884e-06,8.659090915200001e-06,,2024,7,2024
2024-07-26,8.527892568000001e-06,1.6399793400000002e-06,4.64660813e-06,2.9082300296000004e-06,2.0226411860000004e-06,2.7114325088000004e-06,1.5525137752000002e-06,8.593491741600002e-06,,2024,7,2024
2024-07-27,8.418560612000002e-06,1.5962465576000003e-06,4.5482093696e-06,2.8972968340000008e-06,1.9461088168000003e-06,2.8863636384000003e-06,1.5197141884e-06,8.516959372400002e-06,,2024,7,2024
2024-07-28,8.309228656e-06,1.5962465576000003e-06,4.5482093696e-06,3.0175619856000006e-06,1.9570420124000003e-06,2.9738292032000005e-06,1.4650482104000002e-06,8.440427003200001e-06,,2024,7,2024
2024-07-29,8.309228656e-06,1.7383781004000002e-06,4.559142565200001e-06,3.0940943548000004e-06,1.9570420124000003e-06,3.2908918756000004e-06,1.6290461444000002e-06,8.331095047200002e-06,,2024,7,2024
2024-07-30,8.309228656e-06,1.7602444916000005e-06,4.4498106092000006e-06,3.1596935284e-06,1.9898415992000004e-06,3.0722279636000008e-06,1.5634469708000002e-06,8.287362264800001e-06,,2024,7,2024
2024-07-31,8.090564744000002e-06,1.5853133620000005e-06,4.2639462840000006e-06,3.334624658e-06,1.7602444916000005e-06,2.7332989000000004e-06,1.3447830588e-06,8.156163917600001e-06,,2024,7,2024
2024-08-01,7.871900832000001e-06,1.5415805796e-06,4.231146697200001e-06,3.2799586800000004e-06,1.6071797532000003e-06,2.5037017924000007e-06,1.2354511028e-06,8.035898766e-06,,2024,8,2024
2024-08-02,7.65323692e-06,1.4431818192000002e-06,4.154614328e-06,3.1487603328000005e-06,1.5197141884e-06,2.4162362276000005e-06,1.1807851248000002e-06,7.926566810000001e-06,,2024,8,2024
2024-08-03,7.762568876e-06,1.4869146016000005e-06,4.154614328e-06,2.962896007600001e-06,1.5525137752000002e-06,2.8207644648000006e-06,1.3119834720000005e-06,7.828168049600001e-06,,2024,8,2024
2024-08-04,7.65323692e-06,1.5306473840000006e-06,3.9687500028e-06,2.8535640516000007e-06,1.4869146016000005e-06,2.6786329220000003e-06,1.2682506896000002e-06,7.882834027600001e-06,,2024,8,2024
2024-08-05,7.434573008000001e-06,1.421315428e-06,3.9250172204e-06,2.8316976604000006e-06,1.3447830588e-06,2.2303719024e-06,1.0058539952000002e-06,7.6751033112e-06,,2024,8,2024
2024-08-06,7.2159090960000015e-06,1.3010502764000005e-06,3.979683198400001e-06,2.7551652912000005e-06,1.2682506896000002e-06,2.1319731420000003e-06,9.074552348e-07,7.434573008000001e-06,,2024,8,2024
2024-08-07,7.106577140000002e-06,1.3229166676e-06,3.979683198400001e-06,2.7332989000000004e-06,1.2354511028e-06,2.0554407728000005e-06,9.839876040000002e-07,7.390840225600001e-06,,2024,8,2024
2024-08-08,6.997245184000001e-06,1.3010502764000005e-06,3.990616394e-06,2.6676997264e-06,1.1698519292000002e-06,2.0663739684e-06,1.0058539952000002e-06,7.358040638800001e-06,,2024,8,2024
2024-08-09,6.997245184000001e-06,1.3010502764000005e-06,3.7938188732e-06,2.6676997264e-06,1.1151859512e-06,1.9898415992000004e-06,1.2354511028e-06,7.358040638800001e-06,,2024,8,2024
2024-08-10,6.8879132280000016e-06,1.3666494500000002e-06,3.673553721600001e-06,2.6676997264e-06,1.0605199732e-06,1.8477100564000005e-06,1.2573174940000002e-06,7.292441465200002e-06,,2024,8,2024
2024-08-11,6.778581272000001e-06,1.2791838852000002e-06,,2.6676997264e-06,1.0277203864000005e-06,1.6837121224000003e-06,8.527892568000002e-07,7.204975900400002e-06,,2024,8,2024
2024-08-12,6.669249316e-06,1.3447830588e-06,,2.6349001396e-06,1.0167871908000002e-06,1.7493112960000002e-06,8.527892568000002e-07,7.2159090960000015e-06,,2024,8,2024
2024-08-13,6.669249316e-06,1.4650482104000002e-06,,2.5911673572e-06,1.0167871908000002e-06,1.8586432520000005e-06,7.981232788000002e-07,7.172176313600001e-06,,2024,8,2024
2024-08-14,6.559917360000001e-06,1.3885158412000005e-06,,2.5911673572e-06,9.621212128e-07,1.9898415992000004e-06,7.653236920000003e-07,7.117510335600001e-06,,2024,8,2024
2024-08-15,6.4505854040000005e-06,1.421315428e-06,,2.5911673572e-06,1.0058539952000002e-06,2.2413050980000005e-06,8.309228656000001e-07,7.117510335600001e-06,,2024,8,2024
2024-08-16,6.4505854040000005e-06,1.3885158412000005e-06,,2.5911673572e-06,9.949207996000002e-07,2.2741046848e-06,7.981232788000002e-07,7.0519111620000015e-06,,2024,8,2024
2024-08-17,7.762568876e-06,3.3127582668e-06,,4.865272042000001e-06,3.7828856776e-06,6.876980032400001e-06,2.798898073600001e-06,8.626291328400001e-06,,2024,8,2024
2024-08-18,8.199896700000001e-06,2.0445075772000005e-06,,2.6895661176000003e-06,2.0226411860000004e-06,3.5204889832000005e-06,1.4650482104000002e-06,7.6751033112e-06,,2024,8,2024
2024-08-19,6.8879132280000016e-06,1.5306473840000006e-06,,2.4709022056e-06,1.4431818192000002e-06,2.5146349880000003e-06,1.1370523424e-06,7.259641878400001e-06,,2024,8,2024
2024-08-20,6.559917360000001e-06,1.3557162544000002e-06,,2.3725034452000004e-06,1.1807851248000002e-06,2.3287706628000003e-06,1.038653582e-06,6.9863119884000005e-06,,2024,8,2024
2024-08-21,6.4505854040000005e-06,1.3119834720000005e-06,,2.3725034452000004e-06,1.0605199732e-06,2.252238293600001e-06,9.949207996000002e-07,6.866046836800001e-06,,2024,8,2024
2024-08-22,6.4505854040000005e-06,1.4978477972000005e-06,,2.984762398800001e-06,1.3447830588e-06,3.1378271372e-06,1.5525137752000002e-06,7.314307856400001e-06,,2024,8,2024
2024-08-23,8.746556480000002e-06,2.3397038584000003e-06,,3.662620526000001e-06,2.7114325088000004e-06,3.7828856776e-06,1.91330923e-06,1.1239325076800002e-05,,2024,8,2024
2024-08-24,8.090564744000002e-06,1.8039772740000004e-06,,2.9738292032000005e-06,1.6946453180000003e-06,3.2362258976000003e-06,1.5525137752000002e-06,8.691890502000002e-06,,2024,8,2024
2024-08-25,6.997245184000001e-06,1.4978477972000005e-06,,2.798898073600001e-06,1.3229166676e-06,2.6786329220000003e-06,1.2245179072e-06,7.6313705288e-06,,2024,8,2024
2024-08-26,6.669249316e-06,1.3775826456000002e-06,,2.7114325088000004e-06,1.1151859512e-06,2.3069042716000003e-06,1.0058539952000002e-06,7.270575074000001e-06,,2024,8,2024
2024-08-27,6.341253448000001e-06,1.2901170808000002e-06,,2.6458333352e-06,1.0495867776e-06,2.1975723156000004e-06,9.402548216e-07,7.008178379600001e-06,,2024,8,2024
2024-08-28,6.122589536000002e-06,1.1698519292000002e-06,,2.5037017924000007e-06,9.839876040000002e-07,2.1210399464000003e-06,8.855888436000001e-07,6.7129820984e-06,,2024,8,2024
2024-08-29,6.122589536000002e-06,1.0933195600000002e-06,,2.3178374672000003e-06,9.074552348e-07,1.9461088168000003e-06,7.871900832000001e-07,6.461518599600001e-06,,2024,8,2024
2024-08-30,5.903925624000001e-06,1.0933195600000002e-06,,2.2303719024e-06,8.199896700000001e-07,1.6837121224000003e-06,6.450585404000001e-07,6.330320252400001e-06,,2024,8,2024
2024-08-31,5.7945936680000016e-06,9.949207996000002e-07,,,7.215909096000001e-07,1.6399793400000002e-06,6.341253448000001e-07,6.188188709600001e-06,,2024,8,2024
2024-09-01,5.6852617120000005e-06,,,,6.778581272000001e-07,1.6071797532000003e-06,6.231921492000001e-07,6.122589536000002e-06,,2024,9,2024
2024-09-02,5.6852617120000005e-06,,,,6.887913228000001e-07,1.6618457312000002e-06,,6.024190775600002e-06,,2024,9,2024
2024-09-03,5.575929756000001e-06,,,,6.887913228000001e-07,1.6290461444000002e-06,,,,2024,9,2024
2024-09-04,5.466597800000001e-06,,,,6.013257580000001e-07,1.5306473840000006e-06,,,,2024,9,2024
2024-09-05,5.3572658440000005e-06,,,,,,,,,2024,9,2024
2024-09-06,,,,,,,,,,2024,9,2024
2024-09-07,,,,,,,,,,2024,9,2024
2024-09-08,,,,,,,,,,2024,9,2024
2024-09-09,,,,,,,,,,2024,9,2024
2024-09-10,,,,,,,,,,2024,9,2024
2024-09-11,,,,,,,,,,2024,9,2024
2024-09-12,,,,,,,,,,2024,9,2024
2024-09-13,,,,,,,,,,2024,9,2024
2024-09-14,,,,,,,,,,2024,9,2024
2024-09-15,,,,,,,,,,2024,9,2024
2024-09-16,,,,,,,,,,2024,9,2024
2024-09-17,,,,,,,,,,2024,9,2024
2024-09-18,,,,,,,,,,2024,9,2024
2024-09-19,,,,,,,,,,2024,9,2024
2024-09-20,,,,,,,,,,2024,9,2024
2024-09-21,,,,,,,,,,2024,9,2024
2024-09-22,,,,,,,,,,2024,9,2024
2024-09-23,,,,,,,,,,2024,9,2024
2024-09-24,,,,,,,,,,2024,9,2024
2024-09-25,,,,,,,,,,2024,9,2024
2024-09-26,,,,,,,,,,2024,9,2024
2024-09-27,,,,,,,,,,2024,9,2024
2024-09-28,,,,,,,,,,2024,9,2024
2024-09-29,,,,,,,,,,2024,9,2024
2024-09-30,,,,,,,,,,2024,9,2024
2024-10-01,,,,,,,,,2024-10-01,2024,10,2025
2024-10-02,,,,,,,,,2024-10-02,2024,10,2025
2024-10-03,,,,,,,,,2024-10-03,2024,10,2025
2024-10-04,,,,,,,,,2024-10-04,2024,10,2025
2024-10-05,,,,,,,,,2024-10-05,2024,10,2025
2024-10-06,,,,,,,,,2024-10-06,2024,10,2025
2024-10-07,,,,,,,,,2024-10-07,2024,10,2025
2024-10-08,,,,,,,,,2024-10-08,2024,10,2025
2024-10-09,,,,,,,,,2024-10-09,2024,10,2025
2024-10-10,,,,,,,,,2024-10-10,2024,10,2025
2024-10-11,,,,,,,,,2024-10-11,2024,10,2025
2024-10-12,,,,,,,,,2024-10-12,2024,10,2025
2024-10-13,,,,,,,,,2024-10-13,2024,10,2025
2024-10-14,,,,,,,,,2024-10-14,2024,10,2025
2024-10-15,,,,,,,,,2024-10-15,2024,10,2025
2024-10-16,,,,,,,,,2024-10-16,2024,10,2025
2024-10-17,,,,,,,,,2024-10-17,2024,10,2025
2024-10-18,,,,,,,,,2024-10-18,2024,10,2025
2024-10-19,,,,,,,,,2024-10-19,2024,10,2025
2024-10-20,,,,,,,,,2024-10-20,2024,10,2025
2024-10-21,,,,,,,,,2024-10-21,2024,10,2025
2024-10-22,,,,,,,,,2024-10-22,2024,10,2025
2024-10-23,,,,,,,,,2024-10-23,2024,10,2025
2024-10-24,,,,,,,,,2024-10-24,2024,10,2025
2024-10-25,,,,,,,,,2024-10-25,2024,10,2025
2024-10-26,,,,,,,,,2024-10-26,2024,10,2025
2024-10-27,,,,,,,,,2024-10-27,2024,10,2025
2024-10-28,,,,,,,,,2024-10-28,2024,10,2025
2024-10-29,,,,,,,,,2024-10-29,2024,10,2025
2024-10-30,,,,,,,,,2024-10-30,2024,10,2025
2024-10-31,,,,,,,,,2024-10-31,2024,10,2025
2024-11-01,,,,,,,,,2024-11-01,2024,11,2025
2024-11-02,,,,,,,,,2024-11-02,2024,11,2025
2024-11-03,,,,,,,,,2024-11-03,2024,11,2025
2024-11-04,,,,,,,,,2024-11-04,2024,11,2025
2024-11-05,,,,,,,,,2024-11-05,2024,11,2025
2024-11-06,,,,,,,,,2024-11-06,2024,11,2025
2024-11-07,,,,,,,,,2024-11-07,2024,11,2025
2024-11-08,,,,,,,,,2024-11-08,2024,11,2025
2024-11-09,,,,,,,,,2024-11-09,2024,11,2025
2024-11-10,,,,,,,,,2024-11-10,2024,11,2025
2024-11-11,,,,,,,,,2024-11-11,2024,11,2025
2024-11-12,,,,,,,,,2024-11-12,2024,11,2025
2024-11-13,,,,,,,,,2024-11-13,2024,11,2025
2024-11-14,,,,,,,,,2024-11-14,2024,11,2025
2024-11-15,,,,,,,,,2024-11-15,2024,11,2025
2024-11-16,,,,,,,,,2024-11-16,2024,11,2025
2024-11-17,,,,,,,,,2024-11-17,2024,11,2025
2024-11-18,,,,,,,,,2024-11-18,2024,11,2025
2024-11-19,,,,,,,,,2024-11-19,2024,11,2025
2024-11-20,,,,,,,,,2024-11-20,2024,11,2025
2024-11-21,,,,,,,,,2024-11-21,2024,11,2025
2024-11-22,,,,,,,,,2024-11-22,2024,11,2025
2024-11-23,,,,,,,,,2024-11-23,2024,11,2025
2024-11-24,,,,,,,,,2024-11-24,2024,11,2025
2024-11-25,,,,,,,,,2024-11-25,2024,11,2025
2024-11-26,,,,,,,,,2024-11-26,2024,11,2025
2024-11-27,,,,,,,,,2024-11-27,2024,11,2025
2024-11-28,,,,,,,,,2024-11-28,2024,11,2025
2024-11-29,,,,,,,,,2024-11-29,2024,11,2025
2024-11-30,,,,,,,,,2024-11-30,2024,11,2025
2024-12-01,,,,,,,,,2024-12-01,2024,12,2025
2024-12-02,,,,,,,,,2024-12-02,2024,12,2025
2024-12-03,,,,,,,,,2024-12-03,2024,12,2025
2024-12-04,,,,,,,,,2024-12-04,2024,12,2025
2024-12-05,,,,,,,,,2024-12-05,2024,12,2025
2024-12-06,,,,,,,,,2024-12-06,2024,12,2025
2024-12-07,,,,,,,,,2024-12-07,2024,12,2025
2024-12-08,,,,,,,,,2024-12-08,2024,12,2025
2024-12-09,,,,,,,,,2024-12-09,2024,12,2025
2024-12-10,,,,,,,,,2024-12-10,2024,12,2025
2024-12-11,,,,,,,,,2024-12-11,2024,12,2025
2024-12-12,,,,,,,,,2024-12-12,2024,12,2025
2024-12-13,,,,,,,,,2024-12-13,2024,12,2025
2024-12-14,,,,,,,,,2024-12-14,2024,12,2025
2024-12-15,,,,,,,,,2024-12-15,2024,12,2025
2024-12-16,,,,,,,,,2024-12-16,2024,12,2025
2024-12-17,,,,,,,,,2024-12-17,2024,12,2025
2024-12-18,,,,,,,,,2024-12-18,2024,12,2025
2024-12-19,,,,,,,,,2024-12-19,2024,12,2025
2024-12-20,,,,,,,,,2024-12-20,2024,12,2025
2024-12-21,,,,,,,,,2024-12-21,2024,12,2025
2024-12-22,,,,,,,,,2024-12-22,2024,12,2025
2024-12-23,,,,,,,,,2024-12-23,2024,12,2025
2024-12-24,,,,,,,,,2024-12-24,2024,12,2025
2024-12-25,,,,,,,,,2024-12-25,2024,12,2025
2024-12-26,,,,,,,,,2024-12-26,2024,12,2025
2024-12-27,,,,,,,,,2024-12-27,2024,12,2025
2024-12-28,,,,,,,,,2024-12-28,2024,12,2025
2024-12-29,,,,,,,,,2024-12-29,2024,12,2025
2024-12-30,,,,,,,,,2024-12-30,2024,12,2025
2024-12-31,,,,,,,,,2024-12-31,2024,12,2025
2025-01-01,,,,,,,,,2025-01-01,2025,1,2025
2025-01-02,,,,,,,,,2025-01-02,2025,1,2025
2025-01-03,,,,,,,,,2025-01-03,2025,1,2025
2025-01-04,,,,,,,,,2025-01-04,2025,1,2025
2025-01-05,,,,,,,,,2025-01-05,2025,1,2025
2025-01-06,,,,,,,,,2025-01-06,2025,1,2025
2025-01-07,,,,,,,,,2025-01-07,2025,1,2025
2025-01-08,,,,,,,,,2025-01-08,2025,1,2025
2025-01-09,,,,,,,,,2025-01-09,2025,1,2025
2025-01-10,,,,,,,,,2025-01-10,2025,1,2025
2025-01-11,,,,,,,,,2025-01-11,2025,1,2025
2025-01-12,,,,,,,,,2025-01-12,2025,1,2025
2025-01-13,,,,,,,,,2025-01-13,2025,1,2025
2025-01-14,,,,,,,,,2025-01-14,2025,1,2025
2025-01-15,,,,,,,,,2025-01-15,2025,1,2025
2025-01-16,,,,,,,,,2025-01-16,2025,1,2025
2025-01-17,,,,,,,,,2025-01-17,2025,1,2025
2025-01-18,,,,,,,,,2025-01-18,2025,1,2025
2025-01-19,,,,,,,,,2025-01-19,2025,1,2025
2025-01-20,,,,,,,,,2025-01-20,2025,1,2025
2025-01-21,,,,,,,,,2025-01-21,2025,1,2025
2025-01-22,,,,,,,,,2025-01-22,2025,1,2025
2025-01-23,,,,,,,,,2025-01-23,2025,1,2025
2025-01-24,,,,,,,,,2025-01-24,2025,1,2025
2025-01-25,,,,,,,,,2025-01-25,2025,1,2025
2025-01-26,,,,,,,,,2025-01-26,2025,1,2025
2025-01-27,,,,,,,,,2025-01-27,2025,1,2025
2025-01-28,,,,,,,,,2025-01-28,2025,1,2025
2025-01-29,,,,,,,,,2025-01-29,2025,1,2025
2025-01-30,,,,,,,,,2025-01-30,2025,1,2025
2025-01-31,,,,,,,,,2025-01-31,2025,1,2025
2025-02-01,,,,,,,,,2025-02-01,2025,2,2025
2025-02-02,,,,,,,,,2025-02-02,2025,2,2025
2025-02-03,,,,,,,,,2025-02-03,2025,2,2025
2025-02-04,,,,,,,,,2025-02-04,2025,2,2025
2025-02-05,,,,,,,,,2025-02-05,2025,2,2025
2025-02-06,,,,,,,,,2025-02-06,2025,2,2025
2025-02-07,,,,,,,,,2025-02-07,2025,2,2025
2025-02-08,,,,,,,,,2025-02-08,2025,2,2025
2025-02-09,,,,,,,,,2025-02-09,2025,2,2025
2025-02-10,,,,,,,,,2025-02-10,2025,2,2025
2025-02-11,,,,,,,,,2025-02-11,2025,2,2025
2025-02-12,,,,,,,,,2025-02-12,2025,2,2025
2025-02-13,,,,,,,,,2025-02-13,2025,2,2025
2025-02-14,,,,,,,,,2025-02-14,2025,2,2025
2025-02-15,,,,,,,,,2025-02-15,2025,2,2025
2025-02-16,,,,,,,,,2025-02-16,2025,2,2025
2025-02-17,,,,,,,,,2025-02-17,2025,2,2025
2025-02-18,,,,,,,,,2025-02-18,2025,2,2025
2025-02-19,,,,,,,,,2025-02-19,2025,2,2025
2025-02-20,,,,,,,,,2025-02-20,2025,2,2025
2025-02-21,,,,,,,,,2025-02-21,2025,2,2025
2025-02-22,,,,,,,,,2025-02-22,2025,2,2025
2025-02-23,,,,,,,,,2025-02-23,2025,2,2025
2025-02-24,,,,,,,,,2025-02-24,2025,2,2025
2025-02-25,,,,,,,,,2025-02-25,2025,2,2025
2025-02-26,,,,,,,,,2025-02-26,2025,2,2025
2025-02-27,,,,,,,,,2025-02-27,2025,2,2025
2025-02-28,,,,,,,,,2025-02-28,2025,2,2025
2025-03-01,,,,,,,,,2025-03-01,2025,3,2025
2025-03-02,,,,,,,,,2025-03-02,2025,3,2025
2025-03-03,,,,,,,,,2025-03-03,2025,3,2025
2025-03-04,,,,,,,,,2025-03-04,2025,3,2025
2025-03-05,,,,,,,,,2025-03-05,2025,3,2025
2025-03-06,,,,,,,,,2025-03-06,2025,3,2025
2025-03-07,,,,,,,,,2025-03-07,2025,3,2025
2025-03-08,,,,,,,,,2025-03-08,2025,3,2025
2025-03-09,,,,,,,,,2025-03-09,2025,3,2025
2025-03-10,,,,,,,,,2025-03-10,2025,3,2025
2025-03-11,,,,,,,,,2025-03-11,2025,3,2025
2025-03-12,,,,,,,,,2025-03-12,2025,3,2025
2025-03-13,,,,,,,,,2025-03-13,2025,3,2025
2025-03-14,,,,,,,,,2025-03-14,2025,3,2025
2025-03-15,,,,,,,,,2025-03-15,2025,3,2025
2025-03-16,,,,,,,,,2025-03-16,2025,3,2025
2025-03-17,,,,,,,,,2025-03-17,2025,3,2025
2025-03-18,,,,,,,,,2025-03-18,2025,3,2025
2025-03-19,,,,,,,,,2025-03-19,2025,3,2025
2025-03-20,,,,,,,,,2025-03-20,2025,3,2025
2025-03-21,,,,,,,,,2025-03-21,2025,3,2025
2025-03-22,,,,,,,,,2025-03-22,2025,3,2025
2025-03-23,,,,,,,,,2025-03-23,2025,3,2025
2025-03-24,,,,,,,,,2025-03-24,2025,3,2025
2025-03-25,,,,,,,,,2025-03-25,2025,3,2025
2025-03-26,,,,,,,,,2025-03-26,2025,3,2025
2025-03-27,,,,,,,,,2025-03-27,2025,3,2025
2025-03-28,,,,,,,,,2025-03-28,2025,3,2025
2025-03-29,,,,,,,,,2025-03-29,2025,3,2025
2025-03-30,,,,,,,,,2025-03-30,2025,3,2025
2025-03-31,,,,,,,,,2025-03-31,2025,3,2025
2025-04-01,,,,7.43101346039604e-05,,,,,2025-04-01,2025,4,2025
2025-04-02,,,7.856129090370371e-05,7.378046013751375e-05,,,,,2025-04-02,2025,4,2025
2025-04-03,,,6.804291066666667e-05,5.981512214851486e-05,,,,,2025-04-03,2025,4,2025
2025-04-04,,,5.689954522407408e-05,4.89700544840484e-05,,,,,2025-04-04,2025,4,2025
2025-04-05,,,4.855806814814815e-05,4.192385570517051e-05,,,,,2025-04-05,2025,4,2025
2025-04-06,,,4.506905493148148e-05,3.972598411331133e-05,,,,,2025-04-06,2025,4,2025
2025-04-07,,4.76944508125e-05,6.011963077592593e-05,5.94041839339934e-05,,8.396683075816994e-05,6.63723197167756e-05,0.0001955476939597,2025-04-07,2025,4,2025
2025-04-08,,4.460953988078704e-05,5.737747315925926e-05,4.959635730473048e-05,,5.432082998692811e-05,5.8547413137254896e-05,0.0001602659003065,2025-04-08,2025,4,2025
2025-04-09,0.000134733892983,4.61434075150463e-05,5.916421735555556e-05,5.145512431353135e-05,8.832487380062305e-05,5.710288618300654e-05,6.599724935729847e-05,0.0001606546629827,2025-04-09,2025,4,2025
2025-04-10,0.0001224853572572,3.806426027314815e-05,5.359778667962963e-05,4.415371609130913e-05,7.837108120456906e-05,4.2068261673202615e-05,5.422846493464052e-05,0.0001518768787854,2025-04-10,2025,4,2025
2025-04-11,0.0001115977699455,3.0143473260416664e-05,4.6920413214814814e-05,3.88084820220022e-05,6.591370159397715e-05,3.471734532026143e-05,4.115257332244009e-05,0.0001403811123716,2025-04-11,2025,4,2025
2025-04-12,9.027624479333546e-05,2.5053331815972223e-05,4.0517522620370366e-05,3.3918431167216727e-05,5.40940840238837e-05,2.9859070810457517e-05,3.149858422657952e-05,0.0001098087836417,2025-04-12,2025,4,2025
2025-04-13,7.575946171099007e-05,2.161855764351852e-05,3.5293056633333334e-05,3.02717378239824e-05,4.29539924662513e-05,2.6577190705882357e-05,2.4956782647058825e-05,8.790854272030651e-05,2025-04-13,2025,4,2025
2025-04-14,6.759377122717078e-05,1.9222373394675924e-05,3.186642886666667e-05,2.7210879432343234e-05,3.578616463136033e-05,2.38150303006536e-05,2.0662607788671025e-05,7.888096922222222e-05,2025-04-14,2025,4,2025
2025-04-15,6.57791733418776e-05,1.7277918305555554e-05,2.9009938892592595e-05,2.424098369856985e-05,3.045227596573209e-05,2.1258883869281048e-05,1.748795674291939e-05,7.860517538888889e-05,2025-04-15,2025,4,2025
2025-04-16,6.351092598526115e-05,1.5792935251157407e-05,2.6617316775925924e-05,2.196818278547855e-05,2.5886633037383176e-05,1.889776245751634e-05,1.510229333333333e-05,7.722818961877394e-05,2025-04-16,2025,4,2025
2025-04-17,5.761348285805831e-05,1.4573903565972224e-05,2.4233494498148148e-05,1.9950883361936195e-05,2.2484730093457943e-05,1.6702516418300653e-05,1.3708142058823531e-05,6.790307273371647e-05,2025-04-17,2025,4,2025
2025-04-18,5.216968920217878e-05,1.365250144097222e-05,2.2500499783333332e-05,1.860448221452145e-05,1.977673393561786e-05,1.522317183006536e-05,1.2567122309368192e-05,5.767564603448276e-05,2025-04-18,2025,4,2025
2025-04-19,4.899414290291573e-05,1.293048858912037e-05,2.109845766851852e-05,1.7675454033003302e-05,1.74470026635514e-05,1.4350417516339867e-05,1.1822765250544662e-05,5.338262657854406e-05,2025-04-19,2025,4,2025
2025-04-20,4.581859660365267e-05,1.2316292199074072e-05,1.9906399046296297e-05,1.643430633773377e-05,1.5752414569055037e-05,1.3644463960784312e-05,1.0695819074074074e-05,4.953071790613027e-05,2025-04-20,2025,4,2025
2025-04-21,4.332352451137456e-05,1.1839224583333336e-05,1.8949592727777776e-05,1.5502386898789877e-05,1.4442247985462096e-05,1.2668644823529412e-05,9.412232102396514e-06,4.631831052873563e-05,2025-04-21,2025,4,2025
2025-04-22,4.110064210189042e-05,1.1244047398148148e-05,1.8153854596296297e-05,1.456405217821782e-05,1.3289672627206646e-05,1.2126253176470588e-05,8.749424651416121e-06,4.3211514779693485e-05,2025-04-22,2025,4,2025
2025-04-23,3.9195314322332586e-05,1.067365560648148e-05,1.7333224555555555e-05,1.363526736853685e-05,1.2230089875389408e-05,1.1474781699346406e-05,7.902793202614378e-06,4.0111076070881225e-05,2025-04-23,2025,4,2025
2025-04-24,3.774363601409805e-05,1.0161499247685185e-05,1.6745601794444446e-05,1.2710892456545656e-05,1.131936880581516e-05,1.096778605228758e-05,7.896623965141613e-06,3.788455239655173e-05,2025-04-24,2025,4,2025
2025-04-25,3.733535148990708e-05,9.329590828703704e-06,1.5976689242592593e-05,1.20884251760176e-05,1.0756313276220146e-05,1.1323249803921568e-05,7.469404270152504e-06,3.700495840613027e-05,2025-04-25,2025,4,2025
2025-04-26,3.7199256648510096e-05,8.818929787037038e-06,1.5437932625925927e-05,1.1684729707370736e-05,1.0369272902388367e-05,1.073262243137255e-05,6.8324305010893234e-06,3.716064655938697e-05,2025-04-26,2025,4,2025
2025-04-27,3.538465876321692e-05,8.463771484953704e-06,1.4883985225925928e-05,1.1217115059405942e-05,9.830384423676012e-06,1.0220999856209151e-05,6.523101078431373e-06,3.5731058400383136e-05,2025-04-27,2025,4,2025
2025-04-28,3.36607907721884e-05,8.062770446759259e-06,1.4287660948148148e-05,1.0914000303630362e-05,9.200800586708205e-06,9.801568823529411e-06,6.163068235294118e-06,3.376451224329502e-05,2025-04-28,2025,4,2025
2025-04-29,3.3161776353732776e-05,7.90453312037037e-06,1.4033121101851851e-05,1.0543568897689767e-05,8.872202206645898e-06,9.93251088888889e-06,6.002475272331154e-06,3.327712220689655e-05,2025-04-29,2025,4,2025
2025-04-30,3.202765267542454e-05,7.569131439814815e-06,1.3762161444444444e-05,1.0125699453245324e-05,8.456354340602284e-06,9.408395607843138e-06,5.673192222222222e-06,3.215674048467433e-05,2025-04-30,2025,4,2025
2025-05-01,3.180082793976289e-05,7.197965050925925e-06,1.32735e-05,9.892062489548956e-06,7.970716074766353e-06,9.003192379084968e-06,5.35798274509804e-06,3.1462670356321835e-05,2025-05-01,2025,5,2025
2025-05-02,3.2572032041012495e-05,6.971649827546296e-06,1.2848748e-05,9.439663448844886e-06,7.598194309449636e-06,8.489834705882351e-06,5.35798274509804e-06,3.194643264176245e-05,2025-05-02,2025,5,2025
2025-05-03,3.1846192886895224e-05,6.780628185185185e-06,1.2489363890740742e-05,9.30697712321232e-06,7.436468037383178e-06,8.661609411764704e-06,5.317882701525055e-06,3.247433821455939e-05,2025-05-03,2025,5,2025
2025-05-04,2.916966100608779e-05,6.536215527777777e-06,1.2133060544444443e-05,9.10062700990099e-06,7.263714974039461e-06,8.340616274509802e-06,4.81152325708061e-06,2.95589995651341e-05,2025-05-04,2025,5,2025
2025-05-05,2.7445793015059275e-05,6.234663320601852e-06,1.1629831024074072e-05,8.956093343234323e-06,6.919587196261683e-06,7.965835098039215e-06,4.275281568627451e-06,2.7124439630268198e-05,2025-05-05,2025,5,2025
2025-05-06,2.667458891380967e-05,5.989789777777778e-06,1.1323868655555557e-05,8.633781416941694e-06,6.609872196261683e-06,7.941543725490197e-06,3.822806557734204e-06,2.6102515747126435e-05,2025-05-06,2025,5,2025
2025-05-07,2.644776417814803e-05,5.9350365902777776e-06,1.1032212170370373e-05,8.507588251925193e-06,6.30355712357217e-06,7.806206078431371e-06,3.581242352941176e-06,2.5828705310344824e-05,2025-05-07,2025,5,2025
2025-05-08,2.608484460108939e-05,5.756673934027778e-06,1.0743325094444442e-05,8.318410455445545e-06,6.102088457943925e-06,7.648312156862745e-06,3.581242352941176e-06,2.5657065224137928e-05,2025-05-08,2025,5,2025
2025-05-09,2.549510028836911e-05,5.590888328703703e-06,1.0451258933333332e-05,8.272734429042904e-06,5.931311028037383e-06,7.382842156862745e-06,3.434915751633987e-06,2.5343688568965515e-05,2025-05-09,2025,5,2025
2025-05-10,2.481462608138417e-05,5.42144636574074e-06,1.019095085e-05,8.014351416941694e-06,5.703883457943926e-06,7.159014509803921e-06,3.076521612200436e-06,2.483036180842912e-05,2025-05-10,2025,5,2025
2025-05-11,2.3907327138737584e-05,5.491787722222222e-06,1.0198882175925928e-05,7.779867519251925e-06,5.557502803738319e-06,7.565027450980391e-06,3.1104524183006536e-06,2.396599081034483e-05,2025-05-11,2025,5,2025
2025-05-12,2.540437039410445e-05,6.969509270833334e-06,1.2348091244444444e-05,9.686442491749176e-06,6.795719574247144e-06,9.5231434248366e-06,5.028121328976035e-06,2.620617788314177e-05,2025-05-12,2025,5,2025
2025-05-13,2.495072092278116e-05,6.343975099537037e-06,1.0924336305555557e-05,8.829656806380637e-06,6.67520593457944e-06,8.184457450980392e-06,4.164042505446623e-06,2.566199828735632e-05,2025-05-13,2025,5,2025
2025-05-14,2.3861962191605252e-05,5.797539107638889e-06,9.927775035185185e-06,7.998425163916393e-06,6.306589491173416e-06,7.4869480392156865e-06,3.429614063180827e-06,2.464154923754789e-05,2025-05-14,2025,5,2025
2025-05-15,2.2546378724767707e-05,5.354300481481481e-06,9.333007525925926e-06,7.748219445544555e-06,5.928002990654206e-06,6.822405490196077e-06,3.152865925925925e-06,2.321692804597701e-05,2025-05-15,2025,5,2025
2025-05-16,2.154834988785645e-05,5.237317520833333e-06,9.147735685185185e-06,7.568114551155115e-06,5.579050991692628e-06,6.426803137254902e-06,2.9704878431372547e-06,2.200307240421456e-05,2025-05-16,2025,5,2025
2025-05-17,2.2546378724767707e-05,5.245941199074073e-06,9.237831614814814e-06,7.421244514851485e-06,6.091750841121496e-06,6.605518235294118e-06,2.9704878431372547e-06,2.424671770689655e-05,2025-05-17,2025,5,2025
2025-05-18,2.3635137455943607e-05,5.572483637731482e-06,9.435197088888889e-06,8.047109266226622e-06,6.772241697819315e-06,7.110431764705883e-06,3.381898867102396e-06,2.6575259162835248e-05,2025-05-18,2025,5,2025
2025-05-19,2.572192502403076e-05,7.115804543981481e-06,1.1568822085185186e-05,1.0180954595159517e-05,8.562992601246106e-06,9.87999525490196e-06,5.394034226579521e-06,3.220093462835249e-05,2025-05-19,2025,5,2025
2025-05-20,2.608484460108939e-05,6.016715728009259e-06,9.715284325925926e-06,8.401711767876786e-06,8.112640067497403e-06,7.712510784313725e-06,3.6565263289760342e-06,3.308112194252874e-05,2025-05-20,2025,5,2025
2025-05-21,2.40887869272669e-05,5.198992337962963e-06,8.8773168e-06,7.4183921969196915e-06,7.135298800623053e-06,6.790016993464052e-06,2.8496093464052286e-06,3.0857412318007664e-05,2025-05-21,2025,5,2025
2025-05-22,2.2909298301826336e-05,4.471827811342592e-06,8.672265805555556e-06,7.108463029702969e-06,6.408127860851505e-06,6.662776470588235e-06,2.665110588235294e-06,2.9003038254789276e-05,2025-05-22,2025,5,2025
2025-05-23,2.1593714834988784e-05,4.259359634259259e-06,8.183882940740741e-06,6.729581753575357e-06,5.862669252336449e-06,6.253987372549019e-06,2.543653725490196e-06,2.743815532758621e-05,2025-05-23,2025,5,2025
2025-05-24,2.0641050945209868e-05,4.09454700925926e-06,8.016702388888889e-06,6.455437981298129e-06,5.401887211838007e-06,5.903960261437909e-06,2.2937996078431374e-06,2.589439472605364e-05,2025-05-24,2025,5,2025
2025-05-25,2.0142036526754245e-05,3.948292703703703e-06,7.729011566666665e-06,6.157696875687568e-06,5.1054962512980266e-06,5.696673882352941e-06,2.1376407843137256e-06,2.4921716714559386e-05,2025-05-25,2025,5,2025
2025-05-26,1.923473758410765e-05,3.875923451388889e-06,7.470915733333333e-06,5.874840391639164e-06,4.797113655244029e-06,5.531492549019607e-06,2.0309322549019607e-06,2.390492931992337e-05,2025-05-26,2025,5,2025
2025-05-27,1.814597885293175e-05,3.725418758101852e-06,7.284136285185186e-06,5.661997117711772e-06,4.5376165005192106e-06,5.380886039215686e-06,1.8877866666666665e-06,2.2749965298850573e-05,2025-05-27,2025,5,2025
2025-05-28,1.7102585068888177e-05,3.514353721064815e-06,7.020763825925926e-06,5.436264871287128e-06,4.279130134994808e-06,5.2221824052287575e-06,1.8877866666666665e-06,2.1899528932950192e-05,2025-05-28,2025,5,2025
2025-05-29,1.6422110861903238e-05,3.460593997685185e-06,6.816515796296296e-06,5.436264871287128e-06,4.1416628037383175e-06,5.265906875816993e-06,1.8877866666666665e-06,2.081223772413793e-05,2025-05-29,2025,5,2025
2025-05-30,1.5741636654918296e-05,3.3875692638888886e-06,6.736563442592592e-06,5.436264871287128e-06,4.051013390446521e-06,5.193032758169935e-06,1.8877866666666665e-06,1.9708672492337165e-05,2025-05-30,2025,5,2025
2025-05-31,1.5151892342198014e-05,3.251433953703704e-06,6.512077422222222e-06,5.520286564356436e-06,3.856436469366563e-06,4.805990222222221e-06,1.7940913725490196e-06,1.8851234906130263e-05,2025-05-31,2025,5,2025
2025-06-01,1.4562148029477731e-05,3.183018074074074e-06,6.237414294444444e-06,5.433753273927392e-06,3.7106071547248175e-06,4.943641333333332e-06,1.6379325490196078e-06,1.80562997394636e-05,2025-06-01,2025,6,2025
2025-06-02,1.383630887536046e-05,3.058804333333333e-06,6.098632477777777e-06,5.326922772277228e-06,3.5800315680166143e-06,4.848095267973856e-06,1.6379325490196078e-06,1.7258635283524906e-05,2025-06-02,2025,6,2025
2025-06-03,1.3428024351169495e-05,2.9128982523148147e-06,5.963783549999999e-06,5.153583614961497e-06,3.466823177570093e-06,4.8092290718954245e-06,1.6249193137254902e-06,1.6641070015325672e-05,2025-06-03,2025,6,2025
2025-06-04,1.2974374879846202e-05,2.8877851180555558e-06,5.899235011111111e-06,5.077398495049506e-06,3.4568531204569053e-06,5.06347877124183e-06,1.2215090196078432e-06,1.5856221352490423e-05,2025-06-04,2025,6,2025
2025-06-05,1.2611455302787568e-05,2.783932270833333e-06,6.142549737037037e-06,5.077398495049506e-06,3.379022352024922e-06,4.810848496732026e-06,1.2215090196078432e-06,1.5088426509578544e-05,2025-06-05,2025,6,2025
2025-06-06,1.2293900672861265e-05,2.6605993333333333e-06,6.114724548148148e-06,4.97989400220022e-06,3.2108178400830738e-06,4.676436235294117e-06,1.2215090196078432e-06,1.4565742185823757e-05,2025-06-06,2025,6,2025
2025-06-07,1.1930981095802628e-05,2.5380345381944447e-06,5.917129655555555e-06,4.839088792079208e-06,3.1767266770508827e-06,4.4189476862745095e-06,1.2215090196078432e-06,1.40567212605364e-05,2025-06-07,2025,6,2025
2025-06-08,1.1658791413008652e-05,2.4903789861111118e-06,5.807844505555555e-06,4.746276508250826e-06,3.0335162253374877e-06,4.328028549019607e-06,1.2215090196078432e-06,1.3580146668582377e-05,2025-06-08,2025,6,2025
2025-06-09,1.1250506888817687e-05,2.383576472222222e-06,5.605251566666666e-06,4.644878066006601e-06,2.9450721703011427e-06,4.225426418300653e-06,1.1412125381263618e-06,1.3057309775862069e-05,2025-06-09,2025,6,2025
2025-06-10,1.102368215315604e-05,2.341369609953704e-06,5.451377288888888e-06,4.637518501650166e-06,2.857041619937695e-06,4.25677385620915e-06,1.0271780392156863e-06,1.261538529118774e-05,2025-06-10,2025,6,2025
2025-06-11,1.0796857417494392e-05,2.2706390613425927e-06,5.215633374074074e-06,4.348821093509351e-06,2.737906329179647e-06,4.307207372549019e-06,1.016574662309368e-06,1.233094588314176e-05,2025-06-11,2025,6,2025
2025-06-12,1.0479302787568089e-05,2.324040318287037e-06,5.205047348148148e-06,3.908279128712871e-06,2.7061583592938733e-06,4.321782196078431e-06,9.99416470588235e-07,1.1988987975095783e-05,2025-06-12,2025,6,2025
2025-06-13,1.03432079461711e-05,2.273701388888889e-06,5.293144059259259e-06,3.908279128712871e-06,2.709971791277258e-06,4.433522509803922e-06,9.99416470588235e-07,1.1772255283524903e-05,2025-06-13,2025,6,2025
2025-06-14,1.0116383210509451e-05,2.2995519398148146e-06,5.111231561111111e-06,3.908279128712871e-06,2.613625202492212e-06,4.396275738562091e-06,9.99416470588235e-07,1.1535553009578543e-05,2025-06-14,2025,6,2025
2025-06-15,9.980288369112464e-06,2.1386414780092594e-06,5.123357968518518e-06,3.908279128712871e-06,2.5113517133956388e-06,4.316923921568627e-06,9.99416470588235e-07,1.1244163237547892e-05,2025-06-15,2025,6,2025
2025-06-16,9.708098686318489e-06,2.1341760104166668e-06,4.960487207407408e-06,3.908279128712871e-06,2.3966730841121493e-06,4.32016277124183e-06,9.885239106753814e-07,1.093902530651341e-05,2025-06-16,2025,6,2025
2025-06-17,9.52663889778917e-06,2.1190896944444444e-06,4.822246162962963e-06,3.862330525852585e-06,2.369933115264797e-06,4.189914745098039e-06,9.716549019607843e-07,1.0623851727969349e-05,2025-06-17,2025,6,2025
2025-06-18,9.435909003524513e-06,2.15832640625e-06,4.876814996296296e-06,3.6563503377337736e-06,2.3208638940809964e-06,4.294251973856209e-06,9.716549019607843e-07,1.0412136860153255e-05,2025-06-18,2025,6,2025
2025-06-19,9.299814162127524e-06,2.187843556712963e-06,4.849530579629629e-06,3.569038257425742e-06,2.2604922118380066e-06,4.640808888888888e-06,9.716549019607843e-07,1.038153830651341e-05,2025-06-19,2025,6,2025
2025-06-20,1.0660762576097405e-05,3.549821414351852e-06,8.675985662962962e-06,6.9039236028602856e-06,4.301964781931464e-06,6.967575359477124e-06,3.086835806100218e-06,1.523963930651341e-05,2025-06-20,2025,6,2025
2025-06-21,1.3654849086831144e-05,7.354471496527778e-06,1.2427584761111112e-05,9.017783236523653e-06,6.0945075389408095e-06,1.3198081071895424e-05,5.015493671023965e-06,2.481676621839081e-05,2025-06-21,2025,6,2025
2025-06-22,1.388167382249279e-05,6.508091275462963e-06,9.582713196296295e-06,6.5513556897689765e-06,6.09459942886812e-06,1.1466337555555554e-05,3.348160849673202e-06,2.696468297126437e-05,2025-06-22,2025,6,2025
2025-06-23,1.2021710990067287e-05,3.723442071759259e-06,6.501114494444444e-06,4.603845574257425e-06,4.060523997923157e-06,6.227382535947712e-06,1.4131409586056643e-06,2.003198308237548e-05,2025-06-23,2025,6,2025
2025-06-24,1.1205141941685358e-05,2.937519775462963e-06,5.5816050722222215e-06,4.019587672167216e-06,3.41054059709242e-06,5.243234928104574e-06,1.1304163725490198e-06,1.766587575670498e-05,2025-06-24,2025,6,2025
2025-06-25,1.0751492470362065e-05,2.63340709375e-06,4.901018649999999e-06,3.748237808580858e-06,2.926602294911734e-06,4.848095267973856e-06,1.0164782679738562e-06,1.6153154463601533e-05,2025-06-25,2025,6,2025
2025-06-26,1.043393784043576e-05,2.4071123541666668e-06,5.148528457407407e-06,3.594738323432344e-06,2.600393052959501e-06,4.461052732026143e-06,9.876563616557734e-07,1.5237605053639849e-05,2025-06-26,2025,6,2025
2025-06-27,1.0071018263377122e-05,2.3307692453703706e-06,4.973826255555556e-06,3.456892514851485e-06,2.385094953271028e-06,4.346073568627451e-06,9.61919074074074e-07,1.4740501459770116e-05,2025-06-27,2025,6,2025
2025-06-28,9.798828580583148e-06,2.329069090277778e-06,4.7352473833333325e-06,3.456892514851485e-06,2.222357892004154e-06,4.221030836601307e-06,9.438933333333332e-07,1.4196237103448275e-05,2025-06-28,2025,6,2025
2025-06-29,9.617368792053829e-06,2.1675031469907407e-06,4.759795164814815e-06,3.456892514851485e-06,2.07565562305296e-06,4.074704235294117e-06,9.340611111111112e-07,1.3641394632183907e-05,2025-06-29,2025,6,2025
2025-06-30,9.39054405639218e-06,2.1541989212962966e-06,4.637515094444444e-06,3.456892514851485e-06,1.955647377985462e-06,3.817562705882353e-06,9.161317647058823e-07,1.3114641802681992e-05,2025-06-30,2025,6,2025
2025-07-01,9.072989426465875e-06,2.049557447916667e-06,4.3147724e-06,3.456892514851485e-06,1.8359148026998963e-06,3.79107354248366e-06,9.048536274509804e-07,1.2745102816091952e-05,2025-07-01,2025,7,2025
2025-07-02,8.89152963793656e-06,1.96298268287037e-06,4.2280522e-06,3.366552888888889e-06,1.8014560799584632e-06,3.716695673202615e-06,8.883701960784314e-07,1.2334200687739462e-05,2025-07-02,2025,7,2025
2025-07-03,8.71006984940724e-06,1.9652154166666665e-06,4.255189133333333e-06,3.23260102970297e-06,1.760932622014538e-06,3.830633777777778e-06,8.883701960784314e-07,1.2102990896551723e-05,2025-07-03,2025,7,2025
2025-07-04,8.528610060877924e-06,1.96713065162037e-06,4.1218642e-06,3.123638590759076e-06,1.6924746261682243e-06,3.942721111111112e-06,8.883701960784314e-07,1.2090090342911875e-05,2025-07-04,2025,7,2025
2025-07-05,8.437880166613266e-06,1.949596521990741e-06,3.971791714814814e-06,2.9098607689768978e-06,1.6334353478712358e-06,4.1431827712418295e-06,8.883701960784314e-07,1.1873306795019156e-05,2025-07-05,2025,7,2025
2025-07-06,8.256420378083946e-06,1.8292030092592592e-06,3.998289553703703e-06,2.812054495049505e-06,1.6031116718587748e-06,4.0748199084967325e-06,8.652355555555556e-07,1.1534857973180074e-05,2025-07-06,2025,7,2025
2025-07-07,8.16569048381929e-06,1.839741922453704e-06,4.061658225925926e-06,2.713109240924093e-06,1.51186497403946e-06,3.909985594771242e-06,8.326542701525055e-07,1.1215937978927202e-05,2025-07-07,2025,7,2025
2025-07-08,7.938865748157643e-06,1.7524399826388887e-06,3.868946670370371e-06,2.541911755775578e-06,1.4541580996884736e-06,3.3584557647058823e-06,8.122186710239652e-07,1.0797000551724136e-05,2025-07-08,2025,7,2025
2025-07-09,7.712041012495995e-06,1.6725531770833332e-06,3.843087925925926e-06,2.455991762376237e-06,1.403205134994808e-06,2.3768529673202617e-06,7.773239215686275e-07,1.0502983203065134e-05,2025-07-09,2025,7,2025
2025-07-10,7.621311118231336e-06,1.6241192407407409e-06,3.991816674074074e-06,2.455991762376237e-06,1.362360062305296e-06,2.4460255424836605e-06,7.773239215686275e-07,9.842817289272033e-06,2025-07-10,2025,7,2025
2025-07-11,7.530581223966679e-06,1.6308584097222224e-06,4.002107733333333e-06,2.455991762376237e-06,1.3334606801661475e-06,2.522832549019608e-06,7.773239215686275e-07,9.14927267624521e-06,2025-07-11,2025,7,2025
2025-07-12,7.575946171099007e-06,1.5703287916666668e-06,3.936625133333333e-06,2.393260237623762e-06,1.229119667705088e-06,2.3408786013071897e-06,7.773239215686275e-07,9.017215760536396e-06,2025-07-12,2025,7,2025
2025-07-13,7.439851329702018e-06,1.5545972361111113e-06,3.8322233203703705e-06,2.307398653465346e-06,1.1571239096573208e-06,2.276679973856209e-06,7.773239215686275e-07,8.73223388505747e-06,2025-07-13,2025,7,2025
2025-07-14,7.167661646908042e-06,1.497703491898148e-06,3.781243248148148e-06,2.307398653465346e-06,1.1034142471443406e-06,2.138681843137255e-06,7.773239215686275e-07,8.528367842911877e-06,2025-07-14,2025,7,2025
2025-07-15,7.076931752643383e-06,1.5037974212962963e-06,3.6952440777777777e-06,2.241425415841584e-06,1.0962468328141226e-06,2.206466339869281e-06,7.773239215686275e-07,8.358134781609197e-06,2025-07-15,2025,7,2025
2025-07-16,6.940836911246395e-06,1.461037496527778e-06,3.657390022222222e-06,2.1284035346534653e-06,1.0466722170301143e-06,2.180902562091503e-06,7.773239215686275e-07,8.194326568965517e-06,2025-07-16,2025,7,2025
2025-07-17,6.8501070169817365e-06,1.3287326562500005e-06,3.393296533333333e-06,2.080303524752476e-06,9.81660093457944e-07,2.1333608758169936e-06,7.773239215686275e-07,8.041927124521072e-06,2025-07-17,2025,7,2025
2025-07-18,6.7593771227170784e-06,1.0589303333333333e-06,2.9332468555555557e-06,,9.630064382139148e-07,2.1436557908496734e-06,7.773239215686275e-07,7.970575704980842e-06,2025-07-18,2025,7,2025
2025-07-19,6.668647228452418e-06,1.0589303333333333e-06,2.903946833333333e-06,,9.136615472481828e-07,2.115200183006536e-06,7.773239215686275e-07,7.914972793103448e-06,2025-07-19,2025,7,2025
2025-07-20,6.714012175584749e-06,1.0589303333333333e-06,2.442733675925926e-06,,2.045240057113188e-06,2.48801491503268e-06,7.773239215686275e-07,7.914701559386972e-06,2025-07-20,2025,7,2025
2025-07-21,6.6232822813200905e-06,1.0589303333333333e-06,2.3662226e-06,,2.2255280944963653e-06,2.713809006535948e-06,7.773239215686275e-07,7.914633750957853e-06,2025-07-21,2025,7,2025
2025-07-22,6.577917334187761e-06,1.0589303333333333e-06,2.32330495e-06,,2.1082306022845275e-06,2.694260235294118e-06,7.718294444444445e-07,7.832822881226054e-06,2025-07-22,2025,7,2025
2025-07-23,6.487187439923101e-06,1.0589303333333333e-06,2.191405688888889e-06,,2.0668341900311526e-06,2.359617660130719e-06,7.544784640522876e-07,7.607393758620689e-06,2025-07-23,2025,7,2025
2025-07-24,6.305727651393784e-06,9.777735324074073e-07,2.154239888888889e-06,,1.528956500519211e-06,2.1538350326797385e-06,6.780377559912854e-07,7.430939273946359e-06,2025-07-24,2025,7,2025
2025-07-25,6.260362704261455e-06,9.763396666666666e-07,2.051460392592593e-06,,7.690268016614746e-07,2.1304690457516338e-06,5.829929411764705e-07,7.2571293180076625e-06,2025-07-25,2025,7,2025
2025-07-26,6.260362704261455e-06,9.763396666666666e-07,2.0170476148148144e-06,,7.506028712357217e-07,2.1573052287581703e-06,,7.201255172413795e-06,2025-07-26,2025,7,2025
2025-07-27,6.214997757129124e-06,9.763396666666666e-07,1.924575564814815e-06,,7.074146053997923e-07,2.207276052287582e-06,,7.183896214559387e-06,2025-07-27,2025,7,2025
2025-07-28,6.124267862864466e-06,9.763396666666666e-07,,,6.724964330218068e-07,2.1806712156862746e-06,,7.08138682183908e-06,2025-07-28,2025,7,2025
2025-07-29,6.033537968599808e-06,9.513904027777778e-07,,,6.502131256490134e-07,2.1165882614379087e-06,,6.954025639846743e-06,2025-07-29,2025,7,2025
2025-07-30,6.033537968599808e-06,8.937489999999999e-07,,,6.209002388369677e-07,2.1067560392156865e-06,,6.893676137931034e-06,2025-07-30,2025,7,2025
2025-07-31,6.033537968599808e-06,9.723248425925926e-07,,,5.918630218068535e-07,2.2253210718954248e-06,,6.893676137931034e-06,2025-07-31,2025,7,2025
2025-08-01,5.9428080743351484e-06,9.734719351851851e-07,,,5.551989408099689e-07,1.789001751633987e-06,,6.749651034482758e-06,2025-08-01,2025,8,2025
2025-08-02,5.85207818007049e-06,9.757661203703702e-07,,,5.190861993769471e-07,1.551408993464052e-06,,6.45802393295019e-06,2025-08-02,2025,8,2025
2025-08-03,5.8067132329381605e-06,9.763396666666666e-07,,,5.086107476635514e-07,1.597678274509804e-06,,6.455040362068964e-06,2025-08-03,2025,8,2025
2025-08-04,5.8067132329381605e-06,9.763396666666666e-07,,,5.168808411214954e-07,1.4510046535947713e-06,,6.452768779693485e-06,2025-08-04,2025,8,2025
2025-08-05,5.715983338673503e-06,9.642951944444445e-07,,,5.018108930425753e-07,1.4806169934640525e-06,,6.400929235632183e-06,2025-08-05,2025,8,2025
2025-08-06,5.715983338673503e-06,8.937489999999999e-07,,,4.71808831775701e-07,1.557424e-06,,6.323932764367816e-06,2025-08-06,2025,8,2025
2025-08-07,6.033537968599808e-06,9.846560879629629e-07,,,8.967078556593977e-07,1.9829857124183006e-06,,6.558024413793103e-06,2025-08-07,2025,8,2025
2025-08-08,5.8067132329381605e-06,9.419268888888888e-07,,,5.967331879543094e-07,1.7871509803921568e-06,,6.5134403716475095e-06,2025-08-08,2025,8,2025
2025-08-09,5.625253444408844e-06,8.937489999999999e-07,,,4.7327907061266886e-07,1.5717674771241829e-06,,6.352700490421455e-06,2025-08-09,2025,8,2025
2025-08-10,5.579888497276514e-06,8.937489999999999e-07,,,4.005941381100727e-07,1.453318117647059e-06,,6.168176802681993e-06,2025-08-10,2025,8,2025
2025-08-11,5.443793655879526e-06,8.511529456018518e-07,,,3.4215214434060224e-07,1.3029429542483662e-06,,6.0234058065134094e-06,2025-08-11,2025,8,2025
2025-08-12,5.398428708747196e-06,7.789065960648148e-07,,,3.112771287642783e-07,1.2964652549019609e-06,,5.9049444808429125e-06,2025-08-12,2025,8,2025
2025-08-13,5.398428708747196e-06,7.433160000000001e-07,,,3.105420093457944e-07,1.358466091503268e-06,,5.858648275862069e-06,2025-08-13,2025,8,2025
2025-08-14,5.353063761614868e-06,,,,3.351685098650052e-07,1.5726928627450982e-06,,5.882550747126437e-06,2025-08-14,2025,8,2025
2025-08-15,5.398428708747196e-06,,,,3.384765472481828e-07,1.85829e-06,,5.9318813793103455e-06,2025-08-15,2025,8,2025
2025-08-16,6.441822492790772e-06,,,,1.0483721806853582e-06,2.8061162222222224e-06,,9.061494664750955e-06,2025-08-16,2025,8,2025
2025-08-17,5.9428080743351484e-06,,,,7.333275649013501e-07,2.43862245751634e-06,,6.738377883141762e-06,2025-08-17,2025,8,2025
2025-08-18,5.625253444408844e-06,,,,6.004087850467289e-07,1.861413176470588e-06,,6.435291157088123e-06,2025-08-18,2025,8,2025
2025-08-19,5.443793655879526e-06,,,,5.0833507788162e-07,1.772576156862745e-06,,6.263922304597701e-06,2025-08-19,2025,8,2025
2025-08-20,5.398428708747196e-06,,,,4.1373439771547253e-07,1.517169725490196e-06,,5.952512093869732e-06,2025-08-20,2025,8,2025
2025-08-21,5.353063761614868e-06,,,,3.308496832814123e-07,1.3751230326797383e-06,,5.4387784827586205e-06,2025-08-21,2025,8,2025
2025-08-22,5.21696892021788e-06,,,,2.900965005192108e-07,1.125962954248366e-06,,5.4387784827586205e-06,2025-08-22,2025,8,2025
2025-08-23,5.17160397308555e-06,,,,2.474595742471444e-07,9.531471895424836e-07,,5.4387784827586205e-06,2025-08-23,2025,8,2025
2025-08-24,5.080874078820889e-06,,,,2.476433541017653e-07,,,5.4387784827586205e-06,2025-08-24,2025,8,2025
2025-08-25,5.080874078820889e-06,,,,2.512270612668744e-07,,,5.4387784827586205e-06,2025-08-25,2025,8,2025
2025-08-26,5.080874078820889e-06,,,,2.651943302180685e-07,,,5.4387784827586205e-06,2025-08-26,2025,8,2025
2025-08-27,4.990144184556232e-06,,,,2.346868743509865e-07,,,5.469953408045977e-06,2025-08-27,2025,8,2025
2025-08-28,4.990144184556232e-06,,,,2.202601557632399e-07,,,5.489566996168582e-06,2025-08-28,2025,8,2025
2025-08-29,4.944779237423903e-06,,,,,,,5.425488030651341e-06,2025-08-29,2025,8,2025
2025-08-30,4.8086843960269136e-06,,,,,,,5.390600593869732e-06,2025-08-30,2025,8,2025
2025-08-31,,,,,,,,5.2821410114942535e-06,2025-08-31,2025,8,2025
2025-09-01,,,,,,,,5.233725793103448e-06,2025-09-01,2025,9,2025
2025-09-02,,,,,,,,,2025-09-02,2025,9,2025
2025-09-03,,,,,,,,,2025-09-03,2025,9,2025
2025-09-04,,,,,,,,,2025-09-04,2025,9,2025
2025-09-05,,,,,,,,,2025-09-05,2025,9,2025
2025-09-06,,,,,,,,,2025-09-06,2025,9,2025
2025-09-07,,,,,,,,,2025-09-07,2025,9,2025
2025-09-08,,,,,,,,,2025-09-08,2025,9,2025
2025-09-09,,,,,,,,,2025-09-09,2025,9,2025
2025-09-10,,,,,,,,,2025-09-10,2025,9,2025
2025-09-11,,,,,,,,,2025-09-11,2025,9,2025
2025-09-12,,,,,,,,,2025-09-12,2025,9,2025
2025-09-13,,,,,,,,,2025-09-13,2025,9,2025
2025-09-14,,,,,,,,,2025-09-14,2025,9,2025
2025-09-15,,,,,,,,,2025-09-15,2025,9,2025
2025-09-16,,,,,,,,,2025-09-16,2025,9,2025
2025-09-17,,,,,,,,,2025-09-17,2025,9,2025
2025-09-18,,,,,,,,,2025-09-18,2025,9,2025
2025-09-19,,,,,,,,,2025-09-19,2025,9,2025
2025-09-20,,,,,,,,,2025-09-20,2025,9,2025
2025-09-21,,,,,,,,,2025-09-21,2025,9,2025
2025-09-22,,,,,,,,,2025-09-22,2025,9,2025
2025-09-23,,,,,,,,,2025-09-23,2025,9,2025
2025-09-24,,,,,,,,,2025-09-24,2025,9,2025
2025-09-25,,,,,,,,,2025-09-25,2025,9,2025
2025-09-26,,,,,,,,,2025-09-26,2025,9,2025
2025-09-27,,,,,,,,,2025-09-27,2025,9,2025
2025-09-28,,,,,,,,,2025-09-28,2025,9,2025
2025-09-29,,,,,,,,,2025-09-29,2025,9,2025
2025-09-30,,,,,,,,,2025-09-30,2025,9,2025
