START DATE,END DATE,Q,dQdt,Mode,log_Q,log_dQdt,WATERYEAR,Fire
2000-06-13,,2.7540719716400003e-05,-2.82185778436e-05,,-4.560024714595548,-4.549464877549793,2000,Pre-fire
2000-06-14,,1.6268595052800004e-05,-1.12721246636e-05,,-4.788649950883801,-4.947994216810145,2000,Pre-fire
2000-06-15,,1.2201446289600005e-05,-4.067148763199999e-06,,-4.913588687492101,-5.390709942211764,2000,Pre-fire
2000-06-16,,9.850809235600002e-06,-2.3506370540000025e-06,,-5.006528091114599,-5.628814422178056,2000,Pre-fire
2000-06-17,,8.221763091200002e-06,-1.6290461444e-06,,-5.085035041502019,-5.788066613681388,2000,Pre-fire
2000-06-18,,7.434573008000001e-06,-7.87190083200001e-07,,-5.1287439693874255,-6.103920385662393,2000,Pre-fire
2000-06-19,,6.7129820984e-06,-7.215909096000008e-07,,-5.173084510952494,-6.141708946551793,2000,Pre-fire
2000-06-20,,5.969524797600001e-06,-7.434573007999992e-07,,-5.224060239388924,-6.1287439693874255,2000,Pre-fire
2000-06-21,,5.4556646044e-06,-5.138601932000008e-07,,-5.263152336470272,-6.289155024157943,2000,Pre-fire
2000-06-22,,5.280733474800001e-06,-1.7493112959999956e-07,,-5.2773057513421495,-6.757132899437738,2000,Pre-fire
2000-06-23,,4.8215392596000014e-06,-4.5919421519999937e-07,,-5.316814292625823,-6.338003591695762,2000,Pre-fire
2000-06-24,,4.438877413600001e-06,-3.8266184600000046e-07,,-5.352726848516467,-6.4171848377433856,2000,Pre-fire
2000-06-25,,4.0343491764e-06,-4.0452823720000136e-07,,-5.3942265159346015,-6.393051158026665,2000,Pre-fire
2000-06-26,,3.8484848512e-06,-1.858643252e-07,,-5.4147102186155305,-6.730803960715388,2000,Pre-fire
2000-06-28,,3.6516873304e-06,-2.186639120000005e-07,,-5.4375064152820975,-6.66022288642968,2000,Pre-fire
2000-06-29,,3.487689396400001e-06,-1.639979339999991e-07,,-5.45746219903648,-6.7851616230379825,2000,Pre-fire
2000-06-30,2000-07-02,3.4111570272000003e-06,-8.199896700000019e-08,Aggregated,-5.467098288075219,-7.086191618701961,2000,Pre-fire
2000-07-05,,3.673553721600001e-06,-2.514634987999993e-07,,-5.434913604703818,-6.59952504607607,2000,Pre-fire
2000-07-06,,3.2143595064000007e-06,-4.591942152000002e-07,,-5.492905551681504,-6.338003591695761,2000,Pre-fire
2000-07-07,,3.0066287900000006e-06,-2.0773071640000006e-07,,-5.521920188263399,-6.682499281140832,2000,Pre-fire
2000-07-09,,2.7004993132000003e-06,-2.295971076000001e-07,,-5.568555928833996,-6.639033587359743,2000,Pre-fire
2000-07-10,,2.5146349880000003e-06,-1.858643252e-07,,-5.599525046076069,-6.730803960715388,2000,Pre-fire
2000-07-11,2000-07-12,2.405303032e-06,-2.186639120000005e-07,Aggregated,-5.6188302012714555,-6.66022288642968,2000,Pre-fire
2000-07-18,2000-07-19,1.8859762410000003e-06,-2.405303031999999e-07,Aggregated,-5.724463782684369,-6.6188302012714555,2000,Pre-fire
2000-07-20,2000-07-21,1.6645790301000004e-06,-2.0773071640000027e-07,Aggregated,-5.778695580788749,-6.682499281140832,2000,Pre-fire
2000-07-27,2000-07-28,1.2463842984e-06,-1.749311296000002e-07,Aggregated,-5.904348030757189,-6.757132899437736,2000,Pre-fire
2000-07-29,2000-07-31,1.0714531688000004e-06,-9.839876039999986e-08,Aggregated,-5.970026806401167,-7.007010372654338,2000,Pre-fire
2000-08-01,2000-08-06,8.500559579000002e-07,-3.0612947680000006e-08,Aggregated,-6.070552484394787,-7.514094850751443,2000,Pre-fire
2001-05-16,,9.38942838128e-05,-2.093706957400001e-05,,-4.027360846329451,-4.67908410378902,2001,Pre-fire
2001-05-17,,4.800766187960001e-05,-4.588662193319998e-05,,-4.318689444989274,-4.338313912882172,2001,Pre-fire
2001-05-18,,3.11814738512e-05,-1.682618802840001e-05,,-4.5061033609138335,-4.774014262262183,2001,Pre-fire
2001-05-19,,2.3069042716000003e-05,-8.1124311352e-06,,-4.636970426795969,-5.090848976814635,2001,Pre-fire
2001-05-20,,1.8597365715600004e-05,-4.4716770004e-06,,-4.730548568481093,-5.34952957408632,2001,Pre-fire
2001-05-21,,1.5907799598000003e-05,-2.6895661176000003e-06,,-4.798389888771736,-5.570317774990283,2001,Pre-fire
2001-05-22,,1.36992940868e-05,-2.2085055112000026e-06,,-4.863301811099512,-5.655901512647038,2001,Pre-fire
2001-05-23,,1.2190513094000003e-05,-1.5087809927999976e-06,,-4.913978014709482,-5.821373795692426,2001,Pre-fire
2001-05-24,,1.1042527556000004e-05,-1.1479855379999988e-06,,-4.956931508311019,-5.940063583023724,2001,Pre-fire
2001-05-25,,1.01241391256e-05,-9.183884304000038e-07,,-4.9946418954117275,-6.036973596031778,2001,Pre-fire
2001-05-26,,9.3588154336e-06,-7.653236920000009e-07,,-5.028779117416509,-6.116154842079404,2001,Pre-fire
2001-05-27,,8.615358132800001e-06,-7.434573007999983e-07,,-5.064726664604106,-6.128743969387426,2001,Pre-fire
2001-05-28,,8.342028242800001e-06,-2.733298900000002e-07,,-5.078728344138781,-6.563312873421624,2001,Pre-fire
2001-05-29,,7.784435267200001e-06,-5.575929756e-07,,-5.108772888456805,-6.253682705995725,2001,Pre-fire
2001-05-30,,7.0519111620000015e-06,-7.325241051999996e-07,,-5.151693167458394,-6.135178079392835,2001,Pre-fire
2001-05-31,,6.494318186400001e-06,-5.575929756000009e-07,,-5.187466437112469,-6.2536827059957245,2001,Pre-fire
2001-06-06,,6.789514467600001e-06,-8.090564744000002e-07,,-5.168161281917081,-6.092021162362686,2001,Pre-fire
2001-06-07,,5.7617940812e-06,-1.0277203864000007e-06,,-5.239442266881115,-5.988125028493963,2001,Pre-fire
2001-06-08,,5.3681990396e-06,-3.9359504160000006e-07,,-5.2701713899706935,-6.404950381326374,2001,Pre-fire
2001-06-09,,5.1495351276000005e-06,-2.1866391199999966e-07,,-5.2882319749647655,-6.660222886429681,2001,Pre-fire
2001-06-13,,4.865272042000001e-06,-1.3119834719999997e-06,,-5.31289287111273,-5.882071636046037,2001,Pre-fire
2001-06-14,,4.296745870800001e-06,-5.685261711999996e-07,,-5.366860331718235,-6.245249538458863,2001,Pre-fire
2001-06-15,,3.9468836116e-06,-3.498622592000008e-07,,-5.4037456801880035,-6.456102903773755,2001,Pre-fire
2001-06-16,,3.728219699600001e-06,-2.1866391199999924e-07,,-5.428498503101164,-6.660222886429682,2001,Pre-fire
2001-06-18,,3.3674242448000006e-06,-2.4053030320000013e-07,,-5.472702165593217,-6.6188302012714555,2001,Pre-fire
2001-06-20,,3.0831611592e-06,-1.749311296000004e-07,,-5.5110037737743,-6.757132899437736,2001,Pre-fire
2001-06-21,,2.8754304428000007e-06,-2.077307163999992e-07,,-5.541297133603904,-6.682499281140834,2001,Pre-fire
2001-06-28,,3.739152895200001e-06,-1.4541150147999996e-06,,-5.427226776037527,-5.837401241126576,2001,Pre-fire
2001-06-29,,3.2252927020000003e-06,-5.138601932000008e-07,,-5.491430866115499,-6.289155024157943,2001,Pre-fire
2001-07-01,,2.842630856e-06,-2.4053030320000013e-07,,-5.546279534122844,-6.6188302012714555,2001,Pre-fire
2001-07-02,,2.6567665308e-06,-1.858643252e-07,,-5.57564660849535,-6.730803960715388,2001,Pre-fire
2001-07-03,,2.4162362276000005e-06,-2.405303031999993e-07,,-5.616860608408551,-6.618830201271456,2001,Pre-fire
2001-07-04,,2.1866391200000004e-06,-2.295971076000001e-07,,-5.660222886429681,-6.639033587359743,2001,Pre-fire
2001-07-05,,2.0226411860000004e-06,-1.6399793399999996e-07,,-5.6940811536906475,-6.785161623037981,2001,Pre-fire
2001-07-07,,1.7383781004000002e-06,-1.5306473839999972e-07,,-5.75985575777321,-6.815124846415425,2001,Pre-fire
2001-07-08,,1.5197141884e-06,-2.186639120000003e-07,,-5.818238081839566,-6.66022288642968,2001,Pre-fire
2001-07-09,,1.3338498632e-06,-1.858643252e-07,,-5.874893051418914,-6.730803960715388,2001,Pre-fire
2001-07-17,2001-07-20,1.3775826456000002e-06,-7.653236920000011e-08,Aggregated,-5.860882336976099,-7.116154842079404,2001,Pre-fire
2001-07-21,2001-07-22,1.2026515159999998e-06,-1.5306473839999972e-07,Aggregated,-5.919860196935437,-6.815124846415425,2001,Pre-fire
2001-07-23,2001-07-24,9.949207996000002e-07,-1.9679752080000003e-07,Aggregated,-6.002211489772568,-6.705980376990356,2001,Pre-fire
2001-07-25,2001-07-27,7.926566810000001e-07,-9.293216260000006e-08,Aggregated,-6.100914875522668,-7.031833956379368,2001,Pre-fire
2001-07-31,,1.3775826456000002e-06,-6.997245183999999e-07,,-5.860882336976099,-6.155072908109775,2001,Pre-fire
2001-08-01,,1.0058539952000002e-06,-3.717286504e-07,,-5.9974650547481065,-6.429773965051407,2001,Pre-fire
2001-08-02,,8.527892568000002e-07,-1.5306473840000004e-07,,-6.069158279403181,-6.815124846415424,2001,Pre-fire
2001-08-06,,6.450585404000001e-07,-2.1866391199999998e-07,,-6.190400870451517,-6.660222886429681,2001,Pre-fire
2001-08-07,2001-08-09,5.958591602000001e-07,-9.29321626e-08,Aggregated,-6.22485637981702,-7.031833956379369,2001,Pre-fire
2002-04-15,,8.626291328400002e-05,-0.00011986062336279998,,-4.0641758788842415,-3.9213234679851015,2002,Pre-fire
2002-04-16,,5.810993461400001e-05,-2.8152978670000005e-05,,-4.235749613234346,-4.550475648716452,2002,Pre-fire
2002-04-17,,5.64262224916e-05,-1.6837121224000132e-06,,-4.24851902302371,-5.773732161257195,2002,Pre-fire
2002-04-18,,4.90135158748e-05,-7.412706616800001e-06,,-4.30968414322787,-5.130023188226598,2002,Pre-fire
2002-04-19,,4.046375691560001e-05,-8.549758959199987e-06,,-4.39293379699855,-5.068046129033815,2002,Pre-fire
2002-04-20,,3.3543044100800005e-05,-6.9207128148000054e-06,,-4.474397526816718,-5.1598491720763064,2002,Pre-fire
2002-04-21,,2.70815255012e-05,-6.461518599600005e-06,,-4.567326875507825,-5.189665401212406,2002,Pre-fire
2002-04-22,,2.317837467200001e-05,-3.90315082919999e-06,,-4.6349170211649104,-5.408584665981469,2002,Pre-fire
2002-04-23,,2.0138946295200005e-05,-3.0394283768000045e-06,,-4.695963256232831,-5.517208086175585,2002,Pre-fire
2002-04-24,,1.8149104696000003e-05,-1.989841599200002e-06,,-4.741144794053606,-5.701181494108586,2002,Pre-fire
2002-04-25,,1.6596590920800002e-05,-1.552513775200001e-06,,-4.7799811105342,-5.808964537710605,2002,Pre-fire
2002-04-26,,1.6017131554000003e-05,-5.794593667999992e-07,,-4.795415257403533,-6.236977012492873,2002,Pre-fire
2002-04-28,,1.4256887062400004e-05,-2.077307163999997e-06,,-4.84597529069776,-5.682499281140833,2002,Pre-fire
2002-04-29,,1.3261966262800003e-05,-9.94920799600001e-07,,-4.877392081227089,-6.002211489772567,2002,Pre-fire
2002-04-30,,1.2376377419200002e-05,-8.855888436000016e-07,,-4.907406455241409,-6.052767863215011,2002,Pre-fire
2002-05-01,,1.15782541404e-05,-7.981232788000014e-07,,-4.936356921986177,-6.097930021973205,2002,Pre-fire
2002-05-02,,1.0747331274800002e-05,-8.309228655999985e-07,,-4.968699364261526,-6.080439289812871,2002,Pre-fire
2002-05-03,,1.0277203864e-05,-4.701274108000015e-07,,-4.988125028493963,-6.327784426514074,2002,Pre-fire
2002-05-04,,9.643078519200005e-06,-6.341253447999955e-07,,-5.015784296961842,-6.197824888530728,2002,Pre-fire
2002-05-05,,9.3697486292e-06,-2.733298900000053e-07,,-5.028272060170464,-6.563312873421616,2002,Pre-fire
2002-05-07,,8.691890502000002e-06,-5.466597799999987e-07,,-5.060885753437192,-6.262282877757644,2002,Pre-fire
2002-05-08,,8.320161851600002e-06,-3.717286504e-07,,-5.0798682253230885,-6.429773965051407,2002,Pre-fire
2002-05-09,,8.003099179200002e-06,-3.170626724000003e-07,,-5.09674180103527,-6.498854884194706,2002,Pre-fire
2002-05-10,,7.6204373332e-06,-3.826618460000013e-07,,-5.1180201039956525,-6.417184837743385,2002,Pre-fire
2002-05-11,,7.303374660800001e-06,-3.1706267239999946e-07,,-5.136476419618116,-6.4988548841947065,2002,Pre-fire
2002-05-12,,6.898846423600001e-06,-4.0452823719999967e-07,,-5.161223522849528,-6.393051158026667,2002,Pre-fire
2002-05-14,,6.5489841644e-06,-2.5146349880000016e-07,,-5.183826059704351,-6.599525046076068,2002,Pre-fire
2002-05-15,,6.374053034800001e-06,-1.7493112959999956e-07,,-5.195584327334648,-6.757132899437738,2002,Pre-fire
2002-05-16,,6.177255514e-06,-1.9679752080000046e-07,,-5.209204434274223,-6.705980376990355,2002,Pre-fire
2002-05-17,,5.947658406400001e-06,-2.2959710759999926e-07,,-5.225653982395482,-6.6390335873597435,2002,Pre-fire
2002-05-23,,5.433798213200001e-06,-8.855888435999991e-07,,-5.26489649336033,-6.052767863215013,2002,Pre-fire
2002-05-24,,5.0074035848000014e-06,-4.263946283999997e-07,,-5.3003874040897925,-6.370188275067163,2002,Pre-fire
2002-05-25,,4.6684745212e-06,-3.389290636000012e-07,,-5.330825007068638,-6.469891188259387,2002,Pre-fire
2002-05-26,,4.373278240000001e-06,-2.951962811999994e-07,,-5.3591928907657,-6.529889117934675,2002,Pre-fire
2002-05-30,,4.559142565200001e-06,-1.3994490368000007e-06,,-5.3411168271199045,-5.854042912445793,2002,Pre-fire
2002-05-31,,4.143681132400001e-06,-4.154614328000001e-07,,-5.382613672125589,-6.381469285476851,2002,Pre-fire
2002-06-01,,3.935950416000001e-06,-2.0773071640000006e-07,,-5.404950381326374,-6.682499281140832,2002,Pre-fire
2002-06-02,,3.7828856776e-06,-1.5306473840000078e-07,,-5.422176783300885,-6.815124846415421,2002,Pre-fire
2002-06-03,,3.6079545480000007e-06,-1.7493112959999913e-07,,-5.442738942215774,-6.757132899437739,2002,Pre-fire
2002-06-04,,3.1924931152000006e-06,-4.154614328000001e-07,,-5.495870030645244,-6.381469285476851,2002,Pre-fire
2002-06-05,,3.0175619856000006e-06,-1.7493112959999998e-07,,-5.520343800028444,-6.757132899437737,2002,Pre-fire
2002-06-10,,2.7223657044e-06,-2.6239669440000103e-07,,-5.565053534997926,-6.581041640382054,2002,Pre-fire
2002-06-11,,2.5146349880000003e-06,-2.0773071639999963e-07,,-5.599525046076069,-6.682499281140833,2002,Pre-fire
2002-06-12,,2.2631714892e-06,-2.5146349880000016e-07,,-5.645282536636744,-6.599525046076068,2002,Pre-fire
2002-06-13,,2.0226411860000004e-06,-2.405303031999997e-07,,-5.6940811536906475,-6.618830201271456,2002,Pre-fire
2002-06-19,,2.7879648780000005e-06,-1.7711776872000003e-06,,-5.554712701659707,-5.7517378675510304,2002,Pre-fire
2002-06-20,,2.4162362276000005e-06,-3.717286504e-07,,-5.616860608408551,-6.429773965051407,2002,Pre-fire
2002-06-24,,1.9023760344000004e-06,-1.5306473840000014e-07,,-5.720703633811062,-6.815124846415423,2002,Pre-fire
2002-06-26,,1.5743801664000005e-06,-2.295971075999999e-07,,-5.802890389998412,-6.639033587359743,2002,Pre-fire
2002-06-21,2002-06-22,2.3041709727000004e-06,-2.295971076000001e-07,Aggregated,-5.637485298796881,-6.639033587359743,2002,Pre-fire
2002-06-30,,2.1101067508e-06,-1.2463842984000003e-06,,-5.675695573085888,-5.904348030757189,2002,Pre-fire
2002-07-01,,1.7930440784000003e-06,-3.1706267239999946e-07,,-5.746409034045964,-6.4988548841947065,2002,Pre-fire
2002-07-02,2002-07-03,1.6591124323000001e-06,-2.5146349880000037e-07,Aggregated,-5.780124182346366,-6.599525046076068,2002,Pre-fire
2002-07-04,2002-07-06,1.4705148081999998e-06,-1.1479855379999974e-07,Aggregated,-5.832530597755235,-6.940063583023725,2002,Pre-fire
2002-07-09,,1.0495867776e-06,-2.5146349880000037e-07,,-5.978981649054093,-6.599525046076068,2002,Pre-fire
2002-07-10,,8.418560612000001e-07,-2.0773071639999995e-07,,-6.07476215692118,-6.682499281140833,2002,Pre-fire
2002-07-25,2002-07-28,4.0179493830000014e-07,-5.831037653333331e-08,Aggregated,-6.395995538673448,-7.2342541541574,2002,Pre-fire
2002-08-07,2002-08-08,4.2639462840000014e-07,-1.7493112959999998e-07,Aggregated,-6.370188275067163,-6.757132899437737,2002,Pre-fire
2003-05-06,,3.586088156800001e-05,-9.6649449104e-06,,-4.445379038381983,-5.0148006170805886,2003,Pre-fire
2003-05-07,,2.74751205428e-05,-8.38576102520001e-06,,-4.561060393501085,-5.0764575181446805,2003,Pre-fire
2003-05-08,,2.31893078676e-05,-4.2858126752e-06,,-4.6347122135770995,-5.3679668150732045,2003,Pre-fire
2003-05-09,,1.9898415992000004e-05,-3.2908918755999953e-06,,-4.701181494108587,-5.482686386499819,2003,Pre-fire
2003-05-10,,1.8116305109200004e-05,-1.7821108827999995e-06,,-4.741930373674325,-5.749065277689704,2003,Pre-fire
2003-05-11,,1.7066718331600002e-05,-1.0495867776000024e-06,,-4.7678499790312445,-5.978981649054092,2003,Pre-fire
2003-05-12,,1.5918732793600003e-05,-1.1479855379999988e-06,,-4.798091507116643,-5.940063583023724,2003,Pre-fire
2003-05-13,,1.4606749321600002e-05,-1.3119834720000013e-06,,-4.835446423954135,-5.882071636046036,2003,Pre-fire
2003-05-14,,1.3469696979200002e-05,-1.1370523423999992e-06,,-4.870642174265255,-5.944219542794881,2003,Pre-fire
2003-05-15,,1.27043732872e-05,-7.653236920000026e-07,,-4.89604675403935,-6.116154842079403,2003,Pre-fire
2003-05-16,,1.2223312680800004e-05,-4.81060606399996e-07,,-4.912811078543257,-6.317800205607478,2003,Pre-fire
2003-05-18,,1.14579889888e-05,-6.559917360000049e-07,,-4.940891599445954,-6.183101631710015,2003,Pre-fire
2003-05-19,,1.03646694288e-05,-1.0933195599999991e-06,,-4.984444544755595,-5.961252882093662,2003,Pre-fire
2003-05-20,,9.5446797588e-06,-8.199896700000006e-07,,-5.020238638388092,-6.086191618701961,2003,Pre-fire
2003-05-21,,9.008953174400002e-06,-5.357265843999974e-07,,-5.0453256703965454,-6.27105680206515,2003,Pre-fire
2003-05-22,,8.593491741600002e-06,-4.154614328000001e-07,,-5.065830336054254,-6.381469285476851,2003,Pre-fire
2003-05-23,,8.112431135200001e-06,-4.810606064000011e-07,,-5.090848976814635,-6.317800205607473,2003,Pre-fire
2003-05-24,,7.8391012452e-06,-2.733298900000002e-07,,-5.1057337264258615,-6.563312873421624,2003,Pre-fire
2003-05-26,,7.358040638800001e-06,-6.450585404000002e-07,,-5.133237817869685,-6.190400870451517,2003,Pre-fire
2003-05-27,,6.7567148808e-06,-6.01325758000001e-07,,-5.170264407004846,-6.220890192599417,2003,Pre-fire
2003-05-28,,6.4068526216e-06,-3.498622592000008e-07,,-5.193355266075571,-6.456102903773755,2003,Pre-fire
2003-05-29,,6.188188709600001e-06,-2.186639119999988e-07,,-5.20843645090539,-6.660222886429683,2003,Pre-fire
2003-05-31,,5.816460059200001e-06,-6.669249315999994e-07,,-5.235341249798614,-6.175923047082895,2003,Pre-fire
2003-06-01,,5.422865017600001e-06,-3.9359504160000006e-07,,-5.265771205603464,-6.404950381326374,2003,Pre-fire
2003-06-02,,5.193267910000001e-06,-2.295971076000001e-07,,-5.284559272468795,-6.639033587359743,2003,Pre-fire
2003-06-03,,4.952737606800001e-06,-2.405303031999997e-07,,-5.30515468008083,-6.618830201271456,2003,Pre-fire
2003-06-04,,4.504476587200001e-06,-4.4826101959999977e-07,,-5.346355666060527,-6.348469025373927,2003,Pre-fire
2003-06-05,,4.1764807192e-06,-3.2799586800000076e-07,,-5.379189519181953,-6.484131627373999,2003,Pre-fire
2003-06-06,,3.9031508292e-06,-2.733298900000002e-07,,-5.4085846659814685,-6.563312873421624,2003,Pre-fire
2003-06-07,2003-06-08,3.7746857808999997e-06,-2.5146349880000016e-07,Aggregated,-5.423119194842993,-6.599525046076068,2003,Pre-fire
2003-06-22,,3.0066287900000006e-06,-2.5146349879999974e-07,,-5.521920188263399,-6.599525046076069,2003,Pre-fire
2003-06-24,,2.569300966e-06,-3.061294768000007e-07,,-5.590185019821925,-6.514094850751442,2003,Pre-fire
2003-06-25,,2.295971076e-06,-2.733298900000002e-07,,-5.639033587359743,-6.563312873421624,2003,Pre-fire
2003-06-26,,2.0445075772000005e-06,-2.514634987999993e-07,,-5.689411275557163,-6.59952504607607,2003,Pre-fire
2003-06-27,,1.8039772740000004e-06,-2.4053030320000013e-07,,-5.743768937879755,-6.6188302012714555,2003,Pre-fire
2003-06-28,,1.6509125356000002e-06,-1.5306473840000014e-07,,-5.782275934800492,-6.815124846415423,2003,Pre-fire
2003-07-03,,1.4759814060000002e-06,-2.5146349879999995e-07,,-5.830919113598656,-6.599525046076069,2003,Pre-fire
2003-07-04,2003-07-05,1.3912491401000004e-06,-1.6399793399999974e-07,Aggregated,-5.856595091084865,-6.785161623037981,2003,Pre-fire
2003-07-06,2003-07-08,1.2518508962000004e-06,-9.29321626e-08,Aggregated,-5.902447395417755,-7.031833956379369,2003,Pre-fire
2003-07-10,,9.621212128e-07,-1.639979340000006e-07,,-6.016770209943493,-6.785161623037979,2003,Pre-fire
2003-07-18,,6.341253448000001e-07,-1.6399793400000006e-07,,-6.197824888530724,-6.785161623037981,2003,Pre-fire
2003-07-19,2003-07-20,5.302599866000001e-07,-1.9679752079999998e-07,Aggregated,-6.275511143491398,-6.705980376990356,2003,Pre-fire
2003-07-27,2003-07-31,2.1866391200000008e-07,-3.82661846e-08,Aggregated,-6.66022288642968,-7.417184837743386,2003,Pre-fire
2003-08-08,2003-08-09,4.564609163000001e-07,-1.8586432520000006e-07,Aggregated,-6.34059640227404,-6.730803960715388,2003,Pre-fire
2003-08-10,2003-08-14,2.5693009660000007e-07,-3.826618459999998e-08,Aggregated,-6.590185019821925,-7.417184837743386,2003,Pre-fire
2004-05-29,,7.865340914640001e-05,-2.934469699039999e-05,,-4.104282448611169,-4.532470370596707,2004,Pre-fire
2004-05-30,,4.341571972760001e-05,-3.52376894188e-05,,-4.362352995029779,-4.452992576581328,2004,Pre-fire
2004-05-31,,2.700499313200001e-05,-1.6410726595600002e-05,,-4.568555928833996,-4.784872189850391,2004,Pre-fire
2004-06-01,,1.995308197e-05,-7.051911162000011e-06,,-4.699990013301168,-5.151693167458394,2004,Pre-fire
2004-06-02,,1.6126463510000002e-05,-3.826618459999996e-06,,-4.79246086177948,-5.417184837743386,2004,Pre-fire
2004-06-03,,1.36008953264e-05,-2.525568183600003e-06,,-4.866432501738862,-5.597640902201517,2004,Pre-fire
2004-06-04,,1.15782541404e-05,-2.022641185999999e-06,,-4.936356921986177,-5.694081153690648,2004,Pre-fire
2004-06-05,,1.09659951868e-05,-6.122589535999997e-07,,-4.959951949073243,-6.213064855087461,2004,Pre-fire
2004-06-11,,2.4304493818800003e-05,-9.096418739200008e-06,,-4.614313419394671,-5.041129555802938,2004,Pre-fire
2004-06-12,,1.8892561996800003e-05,-5.411931821999999e-06,,-4.723709143950787,-5.266647683160093,2004,Pre-fire
2004-06-13,,1.55907369256e-05,-3.3018250712000017e-06,,-4.807133356577815,-5.481245939136511,2004,Pre-fire
2004-06-14,,1.3371298218800004e-05,-2.219438706799997e-06,,-4.873826425057376,-5.6537568441804495,2004,Pre-fire
2004-06-15,,1.1742252074400004e-05,-1.6290461444e-06,,-4.930248600730125,-5.788066613681388,2004,Pre-fire
2004-06-16,,1.02444042772e-05,-1.4978477972000047e-06,,-4.989513291205884,-5.824532314937254,2004,Pre-fire
2004-06-17,,9.2057506952e-06,-1.0386535819999994e-06,,-5.035940790594013,-5.9835292768048145,2004,Pre-fire
2004-06-18,,8.232696286800002e-06,-9.730544083999984e-07,,-5.084457905892961,-6.01186287544875,2004,Pre-fire
2004-06-19,,7.358040638800001e-06,-8.746556480000003e-07,,-5.133237817869685,-6.058162895101718,2004,Pre-fire
2004-06-20,,6.691115707200001e-06,-6.669249316000003e-07,,-5.1745014599481,-6.175923047082895,2004,Pre-fire
2004-06-21,,6.2428546876000005e-06,-4.482610196000006e-07,,-5.204616773847814,-6.348469025373926,2004,Pre-fire
2004-06-23,,5.892992428400001e-06,-3.1706267239999946e-07,,-5.229664116906923,-6.4988548841947065,2004,Pre-fire
2004-06-24,,5.619662538400001e-06,-2.733298900000002e-07,,-5.250289763098386,-6.563312873421624,2004,Pre-fire
2004-06-25,,5.2260674968e-06,-3.935950416000009e-07,,-5.281824985481543,-6.4049503813263735,2004,Pre-fire
2004-06-26,,5.029269976000001e-06,-1.967975207999996e-07,,-5.298495050412088,-6.7059803769903565,2004,Pre-fire
2004-06-27,,4.832472455200001e-06,-1.967975207999996e-07,,-5.31583061274457,-6.7059803769903565,2004,Pre-fire
2004-06-29,,4.909004824400001e-06,-2.5146349880000016e-07,,-5.309006541090339,-6.599525046076068,2004,Pre-fire
2004-06-30,,4.504476587200001e-06,-4.0452823719999967e-07,,-5.346355666060527,-6.393051158026667,2004,Pre-fire
2004-07-01,,4.154614328e-06,-3.498622592000008e-07,,-5.381469285476852,-6.456102903773755,2004,Pre-fire
2004-07-04,,3.7828856776e-06,-2.0773071640000048e-07,,-5.422176783300885,-6.6824992811408315,2004,Pre-fire
2004-07-05,,3.5204889832000005e-06,-2.6239669439999934e-07,,-5.453397010397831,-6.581041640382057,2004,Pre-fire
2004-07-06,,3.334624658e-06,-1.8586432520000043e-07,,-5.476953042746876,-6.730803960715387,2004,Pre-fire
2004-07-07,,3.1487603328000005e-06,-1.8586432519999958e-07,,-5.501860394334431,-6.730803960715389,2004,Pre-fire
2004-07-10,,2.7551652912000005e-06,-1.6399793400000038e-07,,-5.5598523413121175,-6.78516162303798,2004,Pre-fire
2004-07-12,,2.3069042716000003e-06,-3.1706267240000073e-07,,-5.636970426795969,-6.498854884194705,2004,Pre-fire
2004-07-15,,1.9898415992000004e-06,-1.5306473839999993e-07,,-5.701181494108587,-6.815124846415424,2004,Pre-fire
2004-07-02,2004-07-03,4.058948866500001e-06,-1.6399793399999996e-07,Aggregated,-5.391586419768393,-6.785161623037981,2004,Pre-fire
2004-07-08,2004-07-09,3.0366950779000004e-06,-2.2959710759999968e-07,Aggregated,-5.517598814480756,-6.6390335873597435,2004,Pre-fire
2004-07-13,2004-07-14,2.2112388101000004e-06,-1.6399793399999996e-07,Aggregated,-5.655364351809352,-6.785161623037981,2004,Pre-fire
2004-07-16,2004-07-17,1.8996427355e-06,-1.6399793400000038e-07,Aggregated,-5.72132806883151,-6.78516162303798,2004,Pre-fire
2004-07-20,,1.7711776872000005e-06,-1.9679752079999982e-07,,-5.7517378675510304,-6.705980376990356,2004,Pre-fire
2004-07-22,,1.4759814060000002e-06,-1.858643252e-07,,-5.830919113598656,-6.730803960715388,2004,Pre-fire
2004-07-23,,1.2026515160000002e-06,-2.7332989e-07,,-5.919860196935437,-6.563312873421624,2004,Pre-fire
2005-06-08,,4.642234851760001e-05,-2.1625860896800005e-05,,-4.333272892263682,-4.665026594832501,2005,Pre-fire
2005-06-09,,2.75297865208e-05,-1.889256199680001e-05,,-4.560197156321818,-4.723709143950787,2005,Pre-fire
2005-06-10,,2.0062413926000005e-05,-7.467372594799996e-06,,-4.697616813505554,-5.12683217841213,2005,Pre-fire
2005-06-11,,1.68043216372e-05,-3.2580922888000033e-06,,-4.774579014593916,-5.487036618017406,2005,Pre-fire
2005-06-12,,1.42022210844e-05,-2.602100552800002e-06,,-4.847643731020634,-5.58467592503715,2005,Pre-fire
2005-06-13,,1.24419765928e-05,-1.7602444916000003e-06,,-4.905110620034609,-5.754427006061812,2005,Pre-fire
2005-06-14,,1.12721246636e-05,-1.1698519291999997e-06,,-4.947994216810145,-5.931869104408452,2005,Pre-fire
2005-06-15,,1.0277203864e-05,-9.949207995999993e-07,,-4.988125028493963,-6.002211489772568,2005,Pre-fire
2005-06-18,,1.1720385683200002e-05,-1.005853995199999e-06,,-4.93105809673691,-5.9974650547481065,2005,Pre-fire
2005-06-19,,1.07363980792e-05,-9.839876040000014e-07,,-4.969141394306712,-6.007010372654336,2005,Pre-fire
2005-06-20,,9.5884125412e-06,-1.1479855380000005e-06,,-5.018253288727621,-5.940063583023724,2005,Pre-fire
2005-06-21,,8.724690088800002e-06,-8.637224523999973e-07,,-5.0592499907429325,-6.063625790803222,2005,Pre-fire
2005-06-22,,8.243629482400001e-06,-4.810606064000011e-07,,-5.083881536223887,-6.317800205607473,2005,Pre-fire
2005-06-23,,7.6204373332e-06,-6.23192149200001e-07,,-5.1180201039956525,-6.20537802642117,2005,Pre-fire
2005-06-28,,7.095643944400002e-06,-4.810606063999986e-07,,-5.149008185293292,-6.317800205607476,2005,Pre-fire
2005-06-29,,6.461518599600001e-06,-6.341253448000006e-07,,-5.189665401212406,-6.197824888530724,2005,Pre-fire
2005-06-30,,6.002324384400002e-06,-4.5919421519999937e-07,,-5.22168053764357,-6.338003591695762,2005,Pre-fire
2005-07-01,,5.6852617120000005e-06,-3.1706267240000116e-07,,-5.245249538458863,-6.498854884194704,2005,Pre-fire
2005-07-02,,5.433798213200001e-06,-2.514634987999993e-07,,-5.26489649336033,-6.59952504607607,2005,Pre-fire
2005-07-03,,5.204201105600001e-06,-2.295971076000001e-07,,-5.283645929373169,-6.639033587359743,2005,Pre-fire
2005-07-04,,4.876205237600001e-06,-3.279958679999999e-07,,-5.31191802338152,-6.4841316273739995,2005,Pre-fire
2005-07-05,,4.6138085432000005e-06,-2.623966944000006e-07,,-5.335940431131988,-6.581041640382055,2005,Pre-fire
2005-07-14,,3.717286504000001e-06,-1.967975207999996e-07,,-5.429773965051407,-6.7059803769903565,2005,Pre-fire
2005-07-15,,3.4986225920000005e-06,-2.186639120000005e-07,,-5.456102903773756,-6.66022288642968,2005,Pre-fire
2005-07-16,,3.3127582668e-06,-1.8586432520000043e-07,,-5.479810253591356,-6.730803960715387,2005,Pre-fire
2005-07-17,,3.0940943548000004e-06,-2.1866391199999966e-07,,-5.5094664465693715,-6.660222886429681,2005,Pre-fire
2005-07-18,,2.941029616400001e-06,-1.530647383999995e-07,,-5.531500602091254,-6.815124846415425,2005,Pre-fire
2005-07-19,,2.6458333352e-06,-2.951962812000007e-07,,-5.57743751611323,-6.529889117934673,2005,Pre-fire
2005-07-20,,2.438102618800001e-06,-2.077307163999992e-07,,-5.612948019045501,-6.682499281140834,2005,Pre-fire
2005-07-23,,2.4162362276000005e-06,-2.2959710759999968e-07,,-5.616860608408551,-6.6390335873597435,2005,Pre-fire
2005-07-24,,2.2194387068000005e-06,-1.9679752080000003e-07,,-5.653756844180449,-6.705980376990356,2005,Pre-fire
2005-07-26,,1.9679752080000003e-06,-1.5306473839999993e-07,,-5.705980376990356,-6.815124846415424,2005,Pre-fire
2005-07-27,,1.7274449048000002e-06,-2.4053030320000013e-07,,-5.762595795139239,-6.6188302012714555,2005,Pre-fire
2005-07-28,2005-07-30,1.6782455246000003e-06,-8.199896699999998e-08,Aggregated,-5.775144502280456,-7.086191618701962,2005,Pre-fire
2005-08-03,,1.3775826456000002e-06,-2.6239669439999997e-07,,-5.860882336976099,-6.581041640382056,2005,Pre-fire
2005-08-04,,1.1589187336e-06,-2.186639120000003e-07,,-5.935947016828892,-6.66022288642968,2005,Pre-fire
2005-08-14,,6.778581272000001e-07,-1.9679752080000003e-07,,-6.168861192595408,-6.705980376990356,2005,Pre-fire
2006-06-03,,1.7580578524800003e-05,-2.110106750800001e-06,,-4.754966837681229,-5.675695573085887,2006,Pre-fire
2006-06-04,,1.63341942264e-05,-1.246384298400002e-06,,-4.786902284614282,-5.9043480307571885,2006,Pre-fire
2006-06-05,,1.3579028935200002e-05,-2.7551652911999996e-06,,-4.8671312862531,-5.5598523413121175,2006,Pre-fire
2006-06-06,,1.065986571e-05,-2.919163225200002e-06,,-4.972248266395125,-5.534741620729086,2006,Pre-fire
2006-06-07,,8.615358132800001e-06,-2.0445075771999984e-06,,-5.064726664604106,-5.6894112755571635,2006,Pre-fire
2006-06-08,,7.4017734212000015e-06,-1.2135847115999998e-06,,-5.130664213408517,-5.9159299033070045,2006,Pre-fire
2006-06-09,,6.5927169468e-06,-8.090564744000019e-07,,-5.180935569953511,-6.092021162362685,2006,Pre-fire
2006-06-10,,5.827393254800001e-06,-7.653236919999984e-07,,-5.23452567306709,-6.116154842079406,2006,Pre-fire
2006-06-11,,5.466597800000001e-06,-3.607954548000004e-07,,-5.2622828777576425,-6.442738942215774,2006,Pre-fire
2006-06-17,,4.384211435600001e-06,-5.466597799999996e-07,,-5.358108509473479,-6.262282877757643,2006,Pre-fire
2006-06-18,,3.9687500028e-06,-4.1546143280000096e-07,,-5.401346257057549,-6.38146928547685,2006,Pre-fire
2006-06-19,,3.8047520688000008e-06,-1.6399793399999953e-07,,-5.4196736381470805,-6.785161623037982,2006,Pre-fire
2006-06-20,,3.6079545480000007e-06,-1.9679752080000003e-07,,-5.442738942215774,-6.705980376990356,2006,Pre-fire
2006-06-21,,3.3127582668e-06,-2.951962812000007e-07,,-5.479810253591356,-6.529889117934673,2006,Pre-fire
2006-06-22,,3.1268939416000005e-06,-1.8586432519999958e-07,,-5.5048868489646186,-6.730803960715389,2006,Pre-fire
2006-06-23,,2.842630856e-06,-2.8426308560000066e-07,,-5.546279534122844,-6.546279534122843,2006,Pre-fire
2006-06-24,,2.5911673572e-06,-2.5146349879999974e-07,,-5.586504536083558,-6.599525046076069,2006,Pre-fire
2006-06-25,,2.2194387068000005e-06,-3.717286503999996e-07,,-5.653756844180449,-6.429773965051407,2006,Pre-fire
2006-06-26,,1.9789084036000003e-06,-2.4053030320000013e-07,,-5.703574307224478,-6.6188302012714555,2006,Pre-fire
2006-06-30,,3.542355374400001e-06,-2.0335743816e-06,,-5.450707871887049,-5.691739937875745,2006,Pre-fire
2006-07-01,,3.1924931152000006e-06,-3.498622592000004e-07,,-5.495870030645244,-6.456102903773755,2006,Pre-fire
2006-07-02,,2.6676997264e-06,-5.247933888000008e-07,,-5.5738630557549325,-6.280011644718074,2006,Pre-fire
2006-07-03,,2.3834366408000004e-06,-2.842630855999994e-07,,-5.622796388489057,-6.546279534122845,2006,Pre-fire
2006-07-07,,2.2850378804e-06,-2.842630855999998e-07,,-5.641106595982608,-6.546279534122844,2006,Pre-fire
2006-07-08,,1.9461088168000003e-06,-3.3892906359999994e-07,,-5.710832879784768,-6.469891188259389,2006,Pre-fire
2006-07-09,,1.7493112960000002e-06,-1.9679752080000003e-07,,-5.757132899437737,-6.705980376990356,2006,Pre-fire
2006-07-14,,1.5525137752000002e-06,-3.607954548e-07,,-5.808964537710605,-6.442738942215774,2006,Pre-fire
2006-07-17,,1.2682506896000002e-06,-1.5306473839999972e-07,,-5.896794892866743,-6.815124846415425,2006,Pre-fire
2006-07-21,,8.418560612000001e-07,-1.5306473840000004e-07,,-6.07476215692118,-6.815124846415424,2006,Pre-fire
2006-07-18,2006-07-19,1.1753185270000002e-06,-1.7493112959999998e-07,Aggregated,-5.9298444178420375,-6.757132899437737,2006,Pre-fire
2006-07-23,2006-07-25,7.379907030000001e-07,-1.0386535819999998e-07,Aggregated,-6.131949109262637,-6.9835292768048145,2006,Pre-fire
2006-08-03,2006-08-06,6.723915294000001e-07,-5.102157946666668e-08,Aggregated,-6.172377766318245,-7.292246101135086,2006,Pre-fire
2006-08-09,,7.653236920000003e-07,-1.5306473839999972e-07,,-6.116154842079405,-6.815124846415425,2006,Pre-fire
2006-08-10,,6.122589536e-07,-1.5306473840000025e-07,,-6.213064855087461,-6.815124846415423,2006,Pre-fire
2006-08-11,2006-08-14,5.712594701e-07,-5.466597799999999e-08,Aggregated,-6.24316658731057,-7.262282877757643,2006,Pre-fire
2006-08-18,2006-08-19,4.865272042000001e-07,-1.7493112959999982e-07,Aggregated,-6.31289287111273,-6.757132899437737,2006,Pre-fire
2007-05-04,,1.5601670121200004e-05,-6.341253448000006e-07,,-4.806828908979015,-6.197824888530724,2007,Pre-fire
2007-05-05,,1.4431818192000005e-05,-1.1698519291999997e-06,,-4.840678950887812,-5.931869104408452,2007,Pre-fire
2007-05-06,,1.28137052432e-05,-1.6181129488000054e-06,,-4.89232527041159,-5.790991166698703,2007,Pre-fire
2007-05-07,,1.1698519292000004e-05,-1.115185951199995e-06,,-4.931869104408452,-5.952652710331746,2007,Pre-fire
2007-05-08,,1.0605199732000002e-05,-1.0933195600000025e-06,,-4.974481147827417,-5.96125288209366,2007,Pre-fire
2007-05-09,,9.675878106000002e-06,-9.29321626e-07,,-5.014309611395836,-6.031833956379369,2007,Pre-fire
2007-05-10,,8.899621218400001e-06,-7.762568876000005e-07,,-5.0506284772044605,-6.109994533374586,2007,Pre-fire
2007-05-11,,8.309228656e-06,-5.903925624000005e-07,,-5.080439289812871,-6.228859122270693,2007,Pre-fire
2007-05-12,,8.101497939600001e-06,-2.077307163999992e-07,,-5.091434674114334,-6.682499281140834,2007,Pre-fire
2007-05-13,,7.642303724400001e-06,-4.591942152000002e-07,,-5.116775706347981,-6.338003591695761,2007,Pre-fire
2007-05-14,,7.2377754872000015e-06,-4.0452823719999967e-07,,-5.140394892653962,-6.393051158026667,2007,Pre-fire
2007-05-15,,6.6255165336e-06,-6.122589536000014e-07,,-5.178780257927375,-6.2130648550874605,2007,Pre-fire
2007-05-16,,6.188188709600001e-06,-4.373278239999993e-07,,-5.20843645090539,-6.3591928907657,2007,Pre-fire
2007-05-17,,5.903925624000001e-06,-2.842630855999998e-07,,-5.228859122270693,-6.546279534122844,2007,Pre-fire
2007-05-18,,5.696194907600001e-06,-2.0773071640000006e-07,,-5.244415158794137,-6.682499281140832,2007,Pre-fire
2007-05-19,,5.510330582400001e-06,-1.858643252e-07,,-5.258822345648136,-6.730803960715388,2007,Pre-fire
2007-05-22,,6.002324384400002e-06,-1.257317493999999e-06,,-5.22168053764357,-5.90055504174005,2007,Pre-fire
2007-05-23,,5.3353994528000005e-06,-6.669249316000011e-07,,-5.272833060090951,-6.175923047082894,2007,Pre-fire
2007-05-24,,4.996470389200001e-06,-3.389290635999995e-07,,-5.301336682023812,-6.46989118825939,2007,Pre-fire
2007-05-25,,4.766873281600001e-06,-2.295971076000001e-07,,-5.321766392825076,-6.639033587359743,2007,Pre-fire
2007-05-26,,4.504476587200001e-06,-2.6239669439999976e-07,,-5.346355666060527,-6.581041640382056,2007,Pre-fire
2007-05-28,,4.373278240000001e-06,-1.6399793399999996e-07,,-5.3591928907657,-6.785161623037981,2007,Pre-fire
2007-05-29,,4.1327479368e-06,-2.4053030320000056e-07,,-5.383761082256436,-6.618830201271455,2007,Pre-fire
2007-05-30,,3.8922176336000005e-06,-2.405303031999997e-07,,-5.409802884120786,-6.618830201271456,2007,Pre-fire
2007-05-31,,3.6516873304e-06,-2.4053030320000056e-07,,-5.4375064152820975,-6.618830201271455,2007,Pre-fire
2007-06-01,,3.487689396400001e-06,-1.639979339999991e-07,,-5.45746219903648,-6.7851616230379825,2007,Pre-fire
2007-06-02,,3.2690254844000004e-06,-2.186639120000005e-07,,-5.485581693769232,-6.66022288642968,2007,Pre-fire
2007-06-03,,3.0831611592e-06,-1.8586432520000043e-07,,-5.5110037737743,-6.730803960715387,2007,Pre-fire
2007-06-04,,2.919163225200001e-06,-1.639979339999991e-07,,-5.534741620729086,-6.7851616230379825,2007,Pre-fire
2007-06-11,,3.4220902228000007e-06,-1.1261191467999996e-06,,-5.465708544547213,-5.94841565738849,2007,Pre-fire
2007-06-12,,2.962896007600001e-06,-4.591942151999998e-07,,-5.528283591219256,-6.338003591695761,2007,Pre-fire
2007-06-13,,2.5365013792000004e-06,-4.2639462840000056e-07,,-5.595764897202762,-6.370188275067162,2007,Pre-fire
2007-06-18,,2.4271694232000005e-06,-2.951962811999994e-07,,-5.614899907643023,-6.529889117934675,2007,Pre-fire
2007-06-20,,2.1647727288000004e-06,-1.7493112959999998e-07,,-5.66458769183213,-6.757132899437737,2007,Pre-fire
2007-06-24,2007-06-26,2.0281077838000003e-06,-1.0933195599999994e-07,Aggregated,-5.692908968142597,-6.961252882093662,2007,Pre-fire
2007-06-30,,2.4490358144e-06,-7.434573008000005e-07,,-5.611004863759499,-6.1287439693874255,2007,Pre-fire
2007-07-01,,2.0445075772000005e-06,-4.0452823719999967e-07,,-5.689411275557163,-6.393051158026667,2007,Pre-fire
2007-07-02,,1.7930440784000003e-06,-2.5146349880000016e-07,,-5.746409034045964,-6.599525046076068,2007,Pre-fire
2007-07-03,2007-07-04,1.6618457312000002e-06,-2.6239669439999976e-07,Aggregated,-5.7794092941488895,-6.581041640382056,2007,Pre-fire
2007-07-05,2007-07-06,1.4349819225e-06,-1.8586432520000064e-07,Aggregated,-5.843153570015668,-6.730803960715386,2007,Pre-fire
2007-07-07,2007-07-08,1.2600507929e-06,-1.6399793399999974e-07,Aggregated,-5.899611948031976,-6.785161623037981,2007,Pre-fire
2007-07-09,2007-07-11,1.1042527556e-06,-1.311983472000001e-07,Aggregated,-5.956931508311019,-6.882071636046037,2007,Pre-fire
2007-07-22,,1.2463842984e-06,-2.9519628120000005e-07,,-5.904348030757189,-6.529889117934674,2007,Pre-fire
2007-07-23,,1.038653582e-06,-2.0773071639999985e-07,,-5.983529276804814,-6.682499281140833,2007,Pre-fire
2007-07-24,2007-07-25,9.484547183e-07,-1.6399793399999996e-07,Aggregated,-6.022983398630751,-6.785161623037981,2007,Pre-fire
2007-07-26,2007-07-28,7.817234854000002e-07,-8.199896700000003e-08,Aggregated,-6.106946840292581,-7.086191618701961,2007,Pre-fire
2007-07-29,2007-08-01,6.395919426000001e-07,-6.195477506666667e-08,Aggregated,-6.194097016011481,-7.207925215435051,2007,Pre-fire
2008-04-24,,6.468078516960002e-05,-3.137827137199994e-06,,-4.189224716768806,-5.503370985359671,2008,Pre-fire
2008-04-25,,5.4294249349600015e-05,-1.0386535820000001e-05,,-4.265246166875116,-4.983529276804814,2008,Pre-fire
2008-04-26,,4.18085399744e-05,-1.2485709375200013e-05,,-4.378734998489599,-4.903586778183832,2008,Pre-fire
2008-04-27,,3.586088156800001e-05,-5.9476584063999934e-06,,-4.445379038381983,-5.225653982395483,2008,Pre-fire
2008-04-28,,3.1760933218e-05,-4.0999483500000065e-06,,-4.498106745367312,-5.387221614365942,2008,Pre-fire
2008-05-02,,4.047469011120001e-05,-8.221763091199992e-06,,-4.392816467676776,-5.08503504150202,2008,Pre-fire
2008-05-03,,3.396943872920001e-05,-6.505251382e-06,,-4.468911628838687,-5.186735916365112,2008,Pre-fire
2008-05-04,,2.869963845e-05,-5.269800279200008e-06,,-4.542123574351686,-5.278205843854812,2008,Pre-fire
2008-05-05,,2.5813274811600005e-05,-2.8863636383999965e-06,,-4.588156895014935,-5.539648955223831,2008,Pre-fire
2008-05-06,,2.3528236931200007e-05,-2.285037880399998e-06,,-4.62841061509931,-5.641106595982608,2008,Pre-fire
2008-05-07,,2.1385330593600004e-05,-2.1429063376000033e-06,,-4.669884031642079,-5.668996810737185,2008,Pre-fire
2008-05-08,,1.95813533196e-05,-1.8039772740000054e-06,,-4.7081572962446305,-5.7437689378797545,2008,Pre-fire
2008-05-09,,1.8050705935600003e-05,-1.530647383999995e-06,,-4.743505808830868,-5.815124846415425,2008,Pre-fire
2008-05-10,,1.6837121224000003e-05,-1.2135847115999998e-06,,-4.773732161257199,-5.9159299033070045,2008,Pre-fire
2008-05-11,,1.58750000112e-05,-9.621212128000022e-07,,-4.799286265729587,-6.016770209943492,2008,Pre-fire
2008-05-12,,1.45739497348e-05,-1.3010502764000017e-06,,-4.836422732679803,-5.88570592070113,2008,Pre-fire
2008-05-13,,1.3885158412e-05,-6.887913227999986e-07,,-4.857449161137705,-6.161912332640081,2008,Pre-fire
2008-05-14,,1.34259641968e-05,-4.591942152000002e-07,,-4.872054515288513,-6.338003591695761,2008,Pre-fire
2008-05-15,,1.28137052432e-05,-6.122589536000014e-07,,-4.89232527041159,-6.2130648550874605,2008,Pre-fire
2008-05-16,,1.2223312680800004e-05,-5.903925623999954e-07,,-4.912811078543257,-6.228859122270697,2008,Pre-fire
2008-05-17,,1.16657197052e-05,-5.575929756000034e-07,,-4.9330884626691915,-6.253682705995723,2008,Pre-fire
2008-05-18,,1.10534607516e-05,-6.122589535999997e-07,,-4.956501726502661,-6.213064855087461,2008,Pre-fire
2008-05-19,,1.038653582e-05,-6.669249316000011e-07,,-4.983529276804814,-6.175923047082894,2008,Pre-fire
2008-05-22,,1.2223312680800004e-05,-1.1042527555999987e-06,,-4.912811078543257,-5.95693150831102,2008,Pre-fire
2008-05-23,,1.1129993120800005e-05,-1.0933195599999991e-06,,-4.953505104092922,-5.961252882093662,2008,Pre-fire
2008-05-24,,1.0277203864e-05,-8.527892568000045e-07,,-4.988125028493963,-6.069158279403179,2008,Pre-fire
2008-05-25,,9.960141191600003e-06,-3.170626723999969e-07,,-5.001734505120663,-6.49885488419471,2008,Pre-fire
2008-05-26,,9.2276170864e-06,-7.325241052000038e-07,,-5.0349104354680065,-6.135178079392833,2008,Pre-fire
2008-05-27,,8.735623284400002e-06,-4.919938019999973e-07,,-5.05870610277967,-6.308040368318321,2008,Pre-fire
2008-05-30,,1.2103047529200005e-05,-1.924242425599996e-06,,-4.917105261214939,-5.715740214279513,2008,Pre-fire
2008-05-31,,1.06707989056e-05,-1.4322486236000054e-06,,-4.97180306442697,-5.843981586437896,2008,Pre-fire
2008-06-01,,9.6868113016e-06,-9.839876039999997e-07,,-5.013819160206611,-6.007010372654337,2008,Pre-fire
2008-06-02,,8.834022044800002e-06,-8.527892567999977e-07,,-5.053841521319075,-6.069158279403182,2008,Pre-fire
2008-06-12,,1.8203770674000004e-05,-3.203426310800002e-06,,-4.739838644251323,-5.494385261739552,2008,Pre-fire
2008-06-13,,1.5372073013600003e-05,-2.831697660400002e-06,,-4.813267561409856,-5.547953118012409,2008,Pre-fire
2008-06-14,,1.2933970394800002e-05,-2.438102618800001e-06,,-4.888268137465731,-5.612948019045501,2008,Pre-fire
2008-06-15,,1.1468922184400002e-05,-1.4650482103999992e-06,,-4.940477393900104,-5.834148083728854,2008,Pre-fire
2008-06-16,,1.0222537886000002e-05,-1.2463842984000003e-06,,-4.990441271221144,-5.904348030757189,2008,Pre-fire
2008-06-17,,9.260416673200002e-06,-9.621212128000005e-07,,-5.0333694717629545,-6.016770209943493,2008,Pre-fire
2008-06-18,,8.418560612000002e-06,-8.418560611999998e-07,,-5.07476215692118,-6.07476215692118,2008,Pre-fire
2008-06-19,,7.9047004188e-06,-5.138601932000016e-07,,-5.102114584799131,-6.289155024157943,2008,Pre-fire
2008-06-20,,7.456439399200002e-06,-4.482610195999981e-07,,-5.127468507437182,-6.348469025373928,2008,Pre-fire
2008-06-21,,7.204975900400002e-06,-2.5146349880000016e-07,,-5.142367467499652,-6.599525046076068,2008,Pre-fire
2008-06-22,,6.734848489600001e-06,-4.7012741080000067e-07,,-5.171672169929236,-6.327784426514075,2008,Pre-fire
2008-06-23,,6.428719012800001e-06,-3.0612947679999986e-07,,-5.191875556017523,-6.514094850751443,2008,Pre-fire
2008-06-24,,5.947658406400001e-06,-4.810606064000003e-07,,-5.225653982395482,-6.317800205607474,2008,Pre-fire
2008-06-25,,5.7289944944000006e-06,-2.186639120000005e-07,,-5.241921595109935,-6.66022288642968,2008,Pre-fire
2008-06-26,,5.521263778000001e-06,-2.077307163999992e-07,,-5.257961503975,-6.682499281140834,2008,Pre-fire
2008-06-27,,5.247933888000001e-06,-2.733298900000002e-07,,-5.2800116447180745,-6.563312873421624,2008,Pre-fire
2008-06-28,,4.865272042000001e-06,-3.8266184600000046e-07,,-5.31289287111273,-6.4171848377433856,2008,Pre-fire
2008-06-30,,4.5810089564e-06,-2.1866391200000135e-07,,-5.339038859127366,-6.660222886429678,2008,Pre-fire
2008-07-02,,4.231146697200001e-06,-2.0773071640000006e-07,,-5.37354191707475,-6.682499281140832,2008,Pre-fire
2008-07-03,,4.001549589600001e-06,-2.295971076000001e-07,,-5.397771796699251,-6.639033587359743,2008,Pre-fire
2008-07-06,,3.684486917200001e-06,-2.733298899999998e-07,,-5.433622981222323,-6.563312873421625,2008,Pre-fire
2008-07-07,,3.4220902228000007e-06,-2.623966944000002e-07,,-5.465708544547213,-6.581041640382056,2008,Pre-fire
2008-07-09,,3.2471590932000003e-06,-2.4053030320000056e-07,,-5.488496432776449,-6.618830201271455,2008,Pre-fire
2008-07-10,,3.0831611592e-06,-1.6399793400000038e-07,,-5.5110037737743,-6.78516162303798,2008,Pre-fire
2008-07-11,,2.8972968340000008e-06,-1.8586432519999916e-07,,-5.538007008156854,-6.73080396071539,2008,Pre-fire
2008-07-12,,2.6895661176000003e-06,-2.0773071640000048e-07,,-5.570317774990283,-6.6824992811408315,2008,Pre-fire
2008-07-13,2008-07-14,2.6021005528e-06,-1.5306473839999993e-07,Aggregated,-5.58467592503715,-6.815124846415424,2008,Pre-fire
2008-07-24,,2.0445075772000005e-06,-2.1866391199999966e-07,,-5.689411275557163,-6.660222886429681,2008,Pre-fire
2008-07-25,2008-07-26,1.9187758278000004e-06,-2.4053030320000013e-07,Aggregated,-5.716975761291819,-6.6188302012714555,2008,Pre-fire
2008-08-15,,6.559917360000001e-07,-1.858643252e-07,,-6.183101631710018,-6.730803960715388,2008,Pre-fire
2008-08-10,2008-08-12,1.1370523424e-06,-9.29321626e-08,Aggregated,-5.944219542794881,-7.031833956379369,2008,Pre-fire
2008-08-13,2008-08-14,9.457214194000002e-07,-1.9679752079999993e-07,Aggregated,-6.024236774628847,-6.705980376990356,2008,Pre-fire
2009-05-06,,0.0001077029098556,-3.3980371924799996e-05,,-3.967772563023665,-4.468771871964785,2009,Pre-fire
2009-05-07,,0.0001039965565472,-3.7063533084000005e-06,,-3.982981040483027,-5.43105318389058,2009,Pre-fire
2009-05-08,,6.281120872200002e-05,-4.118534782519998e-05,,-4.201962849069358,-4.385257261890394,2009,Pre-fire
2009-05-09,,4.080268597920001e-05,-2.2008522742800005e-05,,-4.389311247019199,-4.657409107205007,2009,Pre-fire
2009-05-10,,3.0536415310800006e-05,-1.0266270668400006e-05,,-4.515181946392657,-4.98858728982755,2009,Pre-fire
2009-05-11,,2.4763688034000003e-05,-5.772727276800003e-06,,-4.606184675744811,-5.238618959559849,2009,Pre-fire
2009-05-12,,2.22271866548e-05,-2.5365013792000025e-06,,-4.6531155034556235,-5.595764897202762,2009,Pre-fire
2009-05-13,,2.1921057178e-05,-3.06129476799999e-07,,-4.65913850513746,-6.514094850751444,2009,Pre-fire
2009-05-15,,3.310571627680001e-05,-9.75241047519999e-06,,-4.480097011265626,-5.010888027717539,2009,Pre-fire
2009-05-16,,2.5550878117200008e-05,-7.554838159599999e-06,,-4.592594169701434,-5.121774834719464,2009,Pre-fire
2009-05-17,,2.1002668747600004e-05,-4.548209369600004e-06,,-4.677725517231968,-5.342159551466919,2009,Pre-fire
2009-05-18,,1.79523071752e-05,-3.050361572400004e-06,,-4.74587972931024,-5.515648678820064,2009,Pre-fire
2009-05-19,,1.6082730727600004e-05,-1.8695764475999963e-06,,-4.793640209366131,-5.728256771701509,2009,Pre-fire
2009-05-20,,1.4256887062400004e-05,-1.8258436651999996e-06,,-4.84597529069776,-5.738536410946079,2009,Pre-fire
2009-05-21,,1.2901170808e-05,-1.3557162544000048e-06,,-4.889370874787536,-5.867831196931425,2009,Pre-fire
2009-05-22,,1.1709452487600002e-05,-1.1917183203999973e-06,,-4.931463411261806,-5.923826384153039,2009,Pre-fire
2009-05-23,,1.0878529622000002e-05,-8.309228656000002e-07,,-4.963429801347936,-6.08043928981287,2009,Pre-fire
2009-05-24,,9.992940778400002e-06,-8.855888435999999e-07,,-5.00030668635983,-6.052767863215012,2009,Pre-fire
2009-05-25,,9.2494834776e-06,-7.434573008000017e-07,,-5.033882519054639,-6.128743969387425,2009,Pre-fire
2009-05-26,,8.484159785600001e-06,-7.653236919999992e-07,,-5.071391160835473,-6.116154842079405,2009,Pre-fire
2009-05-27,,7.970299592400001e-06,-5.138601931999999e-07,,-5.098525353775687,-6.289155024157944,2009,Pre-fire
2009-05-28,,7.543904964e-06,-4.263946284000014e-07,,-5.122403791356406,-6.370188275067161,2009,Pre-fire
2009-05-29,,7.073777553200001e-06,-4.7012741079999897e-07,,-5.1503486014249615,-6.327784426514076,2009,Pre-fire
2009-05-30,,6.8441804456000015e-06,-2.2959710759999926e-07,,-5.164678548883232,-6.6390335873597435,2009,Pre-fire
2009-05-31,,6.5489841644e-06,-2.951962812000011e-07,,-5.183826059704351,-6.5298891179346725,2009,Pre-fire
2009-06-05,,6.417785817200001e-06,-6.669249316000003e-07,,-5.192614780846047,-6.175923047082895,2009,Pre-fire
2009-06-06,,6.013257580000001e-06,-4.0452823719999967e-07,,-5.220890192599418,-6.393051158026667,2009,Pre-fire
2009-06-07,,5.827393254800001e-06,-1.858643252e-07,,-5.23452567306709,-6.730803960715388,2009,Pre-fire
2009-06-08,,5.477530995600001e-06,-3.4986225919999996e-07,,-5.261415156226416,-6.456102903773756,2009,Pre-fire
2009-06-09,,5.193267910000001e-06,-2.8426308560000066e-07,,-5.284559272468795,-6.546279534122843,2009,Pre-fire
2009-06-13,,8.298295460400001e-06,-1.2135847115999982e-06,,-5.081011106198181,-5.915929903307005,2009,Pre-fire
2009-06-14,,6.931646010400002e-06,-1.3666494499999994e-06,,-5.159163624211929,-5.864342869085606,2009,Pre-fire
2009-06-15,,5.597796147200001e-06,-1.3338498632000005e-06,,-5.251982921117831,-5.874893051418914,2009,Pre-fire
2009-06-16,,5.116735540800001e-06,-4.810606064000003e-07,,-5.2910070290195375,-6.317800205607474,2009,Pre-fire
2009-06-17,,4.788739672800001e-06,-3.279958679999999e-07,,-5.319778771589562,-6.4841316273739995,2009,Pre-fire
2009-06-18,,4.406077826800001e-06,-3.826618459999996e-07,,-5.355947835952552,-6.417184837743386,2009,Pre-fire
2009-06-20,,4.274879479600001e-06,-3.1706267239999946e-07,,-5.369076124697795,-6.4988548841947065,2009,Pre-fire
2009-06-22,,3.8484848512e-06,-3.6079545480000126e-07,,-5.4147102186155305,-6.442738942215772,2009,Pre-fire
2009-06-27,,3.3127582668e-06,-2.514634988000006e-07,,-5.479810253591356,-6.599525046076068,2009,Pre-fire
2009-06-28,,3.1268939416000005e-06,-1.8586432519999958e-07,,-5.5048868489646186,-6.730803960715389,2009,Pre-fire
2009-07-02,,2.5802341616000005e-06,-2.186639120000005e-07,,-5.588340879123555,-6.66022288642968,2009,Pre-fire
2009-06-23,2009-06-25,3.7883522754e-06,-1.0933195599999983e-07,Aggregated,-5.421549643145836,-6.961252882093662,2009,Pre-fire
2009-06-29,2009-06-30,3.0312284801000006e-06,-2.0773071639999963e-07,Aggregated,-5.518381327272464,-6.682499281140833,2009,Pre-fire
2009-07-03,2009-07-04,2.440835917700001e-06,-2.733298900000002e-07,Aggregated,-5.612461414533078,-6.563312873421624,2009,Pre-fire
2009-07-14,,2.1101067508e-06,-4.1546143280000096e-07,,-5.675695573085888,-6.38146928547685,2009,Pre-fire
2009-07-15,,1.9023760344000004e-06,-2.0773071639999942e-07,,-5.720703633811062,-6.682499281140834,2009,Pre-fire
2009-07-16,,1.7165117092000002e-06,-1.8586432520000022e-07,,-5.765353229684428,-6.730803960715387,2009,Pre-fire
2009-07-17,2009-07-18,1.5989798565000004e-06,-1.8586432519999958e-07,Aggregated,-5.796157007339444,-6.730803960715389,2009,Pre-fire
2009-07-19,2009-07-20,1.4322486236000001e-06,-1.749311296000004e-07,Aggregated,-5.843981586437898,-6.757132899437736,2009,Pre-fire
2009-07-24,2009-07-25,1.1917183204000002e-06,-1.7493112959999998e-07,Aggregated,-5.923826384153038,-6.757132899437737,2009,Pre-fire
2009-07-26,2009-07-27,9.976540985000003e-07,-2.0773071640000006e-07,Aggregated,-6.001020008965149,-6.682499281140832,2009,Pre-fire
2009-07-28,2009-07-29,7.981232788000002e-07,-1.749311296000001e-07,Aggregated,-6.097930021973205,-6.757132899437737,2009,Pre-fire
2009-08-08,,1.5415805796e-06,-4.482610196000004e-07,,-5.8120337694382815,-6.348469025373926,2009,Pre-fire
2009-08-09,,1.1698519292000002e-06,-3.717286503999998e-07,,-5.931869104408452,-6.429773965051407,2009,Pre-fire
2009-08-10,,9.949207996000002e-07,-1.7493112959999998e-07,,-6.002211489772568,-6.757132899437737,2009,Pre-fire
2009-08-11,2009-08-12,8.773889469000001e-07,-2.0773071640000006e-07,Aggregated,-6.056807841016752,-6.682499281140832,2009,Pre-fire
2009-08-18,,6.231921492000001e-07,-1.5306473840000004e-07,,-6.205378026421171,-6.815124846415424,2009,Pre-fire
2010-06-05,,0.0001178926481548,-0.0001249992252948,,-3.928513276884168,-3.903092678601832,2010,Pre-fire
2010-06-06,,6.511811299360001e-05,-5.277453516119999e-05,,-4.186298193013523,-4.27757558327497,2010,Pre-fire
2010-06-07,,5.172494838360001e-05,-1.3393164610000007e-05,,-4.286299934045096,-4.87311679339311,2010,Pre-fire
2010-06-08,,3.9676566832400005e-05,-1.2048381551200002e-05,,-4.401465913893105,-4.9190712875778955,2010,Pre-fire
2010-06-09,,3.839738294720001e-05,-1.279183885199994e-06,,-4.415698374859597,-5.893067020347502,2010,Pre-fire
2010-06-11,,4.089015154400001e-05,-3.1487603328000005e-06,,-4.388381279893181,-5.501860394334431,2010,Pre-fire
2010-06-12,,3.2438791345200004e-05,-8.451360198800004e-06,,-4.48893533577682,-5.073073388175336,2010,Pre-fire
2010-06-13,,2.5671143268800004e-05,-6.767648076400001e-06,,-4.590554789518085,-5.169562233073544,2010,Pre-fire
2010-06-14,,2.1527462136400005e-05,-4.143681132399998e-06,,-4.667007165955543,-5.38261367212559,2010,Pre-fire
2010-06-15,,1.8870695605600004e-05,-2.6567665308000015e-06,,-4.724212090714471,-5.575646608495349,2010,Pre-fire
2010-06-16,,1.7514979351200002e-05,-1.3557162544000014e-06,,-4.756590370345442,-5.8678311969314265,2010,Pre-fire
2010-06-17,,1.6006198358400003e-05,-1.5087809927999993e-06,,-4.795711805371289,-5.821373795692425,2010,Pre-fire
2010-06-18,,1.45192837568e-05,-1.4869146016000034e-06,,-4.838054807061663,-5.827713973723443,2010,Pre-fire
2010-06-19,,1.3393164610000002e-05,-1.126119146799998e-06,,-4.873116793393111,-5.94841565738849,2010,Pre-fire
2010-06-20,,1.2627840918000004e-05,-7.653236919999975e-07,,-4.8986708978654985,-6.116154842079406,2010,Pre-fire
2010-06-21,,1.1698519292000004e-05,-9.29321626e-07,,-4.931869104408452,-6.031833956379369,2010,Pre-fire
2010-06-22,,1.08129304484e-05,-8.85588843600005e-07,,-4.966056590496482,-6.05276786321501,2010,Pre-fire
2010-06-23,,1.0135072321200002e-05,-6.778581271999973e-07,,-4.994173147949165,-6.1688611925954095,2010,Pre-fire
2010-06-24,,9.3806818248e-06,-7.543904964000013e-07,,-5.027765594244956,-6.1224037913564056,2010,Pre-fire
2010-06-25,,8.812155653600003e-06,-5.685261711999979e-07,,-5.054917840288571,-6.245249538458864,2010,Pre-fire
2010-06-26,,8.385761025200001e-06,-4.263946284000014e-07,,-5.0764575181446805,-6.370188275067161,2010,Pre-fire
2010-06-27,,7.959366396800001e-06,-4.263946283999997e-07,,-5.0991215027806245,-6.370188275067163,2010,Pre-fire
2010-06-28,,7.5767045508e-06,-3.826618460000013e-07,,-5.120519647481855,-6.417184837743385,2010,Pre-fire
2010-07-03,,7.303374660800001e-06,-7.106577140000004e-07,,-5.136476419618116,-6.1483395254508055,2010,Pre-fire
2010-07-04,,6.822314054400001e-06,-4.810606063999994e-07,,-5.1660682924112376,-6.317800205607475,2010,Pre-fire
2010-07-05,,6.603650142400001e-06,-2.186639120000005e-07,,-5.18021594347253,-6.66022288642968,2010,Pre-fire
2010-07-06,,6.122589536000002e-06,-4.810606063999986e-07,,-5.213064855087461,-6.317800205607476,2010,Pre-fire
2010-07-07,,5.575929756000001e-06,-5.466597800000013e-07,,-5.253682705995725,-6.262282877757642,2010,Pre-fire
2010-07-08,,5.2260674968e-06,-3.498622592000008e-07,,-5.281824985481543,-6.456102903773755,2010,Pre-fire
2010-07-09,,4.887138433200001e-06,-3.389290635999995e-07,,-5.3109453589617255,-6.46989118825939,2010,Pre-fire
2010-07-10,,4.64660813e-06,-2.4053030320000056e-07,,-5.3328639520433505,-6.618830201271455,2010,Pre-fire
2010-07-12,,4.318612262000001e-06,-1.858643252e-07,,-5.3646557864672015,-6.730803960715388,2010,Pre-fire
2010-07-14,,3.957816807200001e-06,-2.6239669439999976e-07,,-5.402544311560496,-6.581041640382056,2010,Pre-fire
2010-07-15,,3.739152895200001e-06,-2.1866391199999966e-07,,-5.427226776037527,-6.660222886429681,2010,Pre-fire
2010-07-16,,3.5204889832000005e-06,-2.186639120000005e-07,,-5.453397010397831,-6.66022288642968,2010,Pre-fire
2010-07-22,,2.9300964208000004e-06,-1.7493112959999998e-07,,-5.533118088064873,-6.757132899437737,2010,Pre-fire
2010-07-24,,2.5255681836000008e-06,-2.9519628119999984e-07,,-5.597640902201517,-6.529889117934674,2010,Pre-fire
2010-07-17,2010-07-18,3.4056904294000005e-06,-2.1866391200000008e-07,Aggregated,-5.467794831098473,-6.66022288642968,2010,Pre-fire
2010-07-19,2010-07-21,3.2143595064000007e-06,-9.839876040000002e-08,Aggregated,-5.492905551681504,-7.007010372654337,2010,Pre-fire
2010-07-25,2010-07-26,2.4025697331000006e-06,-2.514634988000006e-07,Aggregated,-5.619323998347852,-6.599525046076068,2010,Pre-fire
2010-07-27,2010-07-29,2.1538395332000003e-06,-8.746556479999999e-08,Aggregated,-5.666786655932069,-7.058162895101718,2010,Pre-fire
2010-08-01,2010-08-03,1.9461088168000003e-06,-1.2026515160000007e-07,Aggregated,-5.710832879784768,-6.919860196935437,2010,Pre-fire
2010-08-04,2010-08-06,1.7219783070000004e-06,-8.199896700000008e-08,Aggregated,-5.7639723239680425,-7.086191618701961,2010,Pre-fire
2010-08-13,,1.2354511028e-06,-1.5306473840000057e-07,,-5.908174438610242,-6.815124846415422,2010,Pre-fire
2010-08-14,,9.949207996000002e-07,-2.405303031999997e-07,,-6.002211489772568,-6.618830201271456,2010,Pre-fire
2011-06-03,,3.6243543414e-05,-5.586862951600007e-06,,-4.44076934935287,-5.252831981958948,2011,Pre-fire
2011-06-04,,2.7147124674800007e-05,-9.096418739199994e-06,,-4.566276162539097,-5.0411295558029385,2011,Pre-fire
2011-06-05,,2.21725206768e-05,-4.9746039980000086e-06,,-4.654184931432363,-5.303241485436549,2011,Pre-fire
2011-06-06,,1.9461088168000003e-05,-2.711432508799996e-06,,-4.710832879784768,-5.566801201267446,2011,Pre-fire
2011-06-07,,1.7022985549200003e-05,-2.4381026187999993e-06,,-4.768964269525541,-5.6129480190455014,2011,Pre-fire
2011-06-08,,1.52627410576e-05,-1.7602444916000037e-06,,-4.816367463806519,-5.754427006061811,2011,Pre-fire
2011-06-09,,1.38523588252e-05,-1.4103822323999995e-06,,-4.858476267210221,-5.850663171794413,2011,Pre-fire
2011-06-10,,1.2605974526800002e-05,-1.2463842983999987e-06,,-4.899423574798963,-5.904348030757189,2011,Pre-fire
2011-06-11,,1.1479855380000002e-05,-1.1261191467999996e-06,,-4.940063583023724,-5.94841565738849,2011,Pre-fire
2011-06-12,,1.10315943604e-05,-4.482610196000023e-07,,-4.957361715856751,-6.348469025373924,2011,Pre-fire
2011-06-13,,1.0594266536400002e-05,-4.373278239999976e-07,,-4.9749291050428965,-6.359192890765701,2011,Pre-fire
2011-06-14,,9.2166838908e-06,-1.3775826456000023e-06,,-5.03542530746892,-5.860882336976098,2011,Pre-fire
2011-06-15,,8.516959372400002e-06,-6.997245183999982e-07,,-5.069715424421097,-6.1550729081097755,2011,Pre-fire
2011-06-16,,8.046831961600002e-06,-4.701274107999998e-07,,-5.094375067756163,-6.327784426514075,2011,Pre-fire
2011-06-17,,7.707902898e-06,-3.389290636000012e-07,,-5.113063765102263,-6.469891188259387,2011,Pre-fire
2011-06-19,,7.467372594800002e-06,-3.3892906359999867e-07,,-5.126832178412129,-6.469891188259391,2011,Pre-fire
2011-06-20,,6.8004476632000005e-06,-6.669249316000011e-07,,-5.167462497402843,-6.175923047082894,2011,Pre-fire
2011-06-21,,6.428719012800001e-06,-3.7172865039999917e-07,,-5.191875556017523,-6.429773965051408,2011,Pre-fire
2011-06-22,,6.067923558000002e-06,-3.6079545479999957e-07,,-5.216959898970986,-6.442738942215775,2011,Pre-fire
2011-06-23,,5.914858819600001e-06,-1.5306473840000035e-07,,-5.228055616987092,-6.815124846415423,2011,Pre-fire
2011-06-24,,5.619662538400001e-06,-2.9519628120000026e-07,,-5.250289763098386,-6.529889117934674,2011,Pre-fire
2011-06-25,,5.258867083600001e-06,-3.607954548000004e-07,,-5.27910780571983,-6.442738942215774,2011,Pre-fire
2011-06-26,,5.105802345200001e-06,-1.530647383999995e-07,,-5.291936001527549,-6.815124846415425,2011,Pre-fire
2011-06-29,,6.2647210788000005e-06,-1.5306473840000002e-06,,-5.203098260126271,-5.815124846415424,2011,Pre-fire
2011-06-30,,5.696194907600001e-06,-5.685261711999996e-07,,-5.244415158794137,-6.245249538458863,2011,Pre-fire
2011-07-01,,5.2698002792e-06,-4.2639462840000056e-07,,-5.2782058438548125,-6.370188275067162,2011,Pre-fire
2011-07-02,,4.952737606800001e-06,-3.1706267239999946e-07,,-5.30515468008083,-6.4988548841947065,2011,Pre-fire
2011-07-03,,4.657541325600001e-06,-2.9519628120000026e-07,,-5.331843282990943,-6.529889117934674,2011,Pre-fire
2011-07-04,,4.482610196000001e-06,-1.7493112959999956e-07,,-5.348469025373926,-6.757132899437738,2011,Pre-fire
2011-07-05,,4.2202135016000005e-06,-2.623966944000006e-07,,-5.374665577421907,-6.581041640382055,2011,Pre-fire
2011-07-06,,4.001549589600001e-06,-2.1866391199999966e-07,,-5.397771796699251,-6.660222886429681,2011,Pre-fire
2011-07-10,,3.487689396400001e-06,-1.7493112959999998e-07,,-5.45746219903648,-6.757132899437737,2011,Pre-fire
2011-07-07,2011-07-08,3.914084024800001e-06,-1.9679752080000003e-07,Aggregated,-5.4073698554497875,-6.705980376990356,2011,Pre-fire
2011-07-13,,3.6516873304e-06,-2.295971076000001e-07,,-5.4375064152820975,-6.639033587359743,2011,Pre-fire
2011-07-14,,3.334624658e-06,-3.170626723999999e-07,,-5.476953042746876,-6.498854884194706,2011,Pre-fire
2011-07-20,,4.4607438048e-06,-5.9695247976000045e-06,,-5.350592719003782,-5.224060239388924,2011,Pre-fire
2011-07-21,,3.4986225920000005e-06,-9.621212127999997e-07,,-5.456102903773756,-6.016770209943493,2011,Pre-fire
2011-07-22,,2.941029616400001e-06,-5.575929755999996e-07,,-5.531500602091254,-6.253682705995725,2011,Pre-fire
2011-07-23,,2.4709022056e-06,-4.701274108000011e-07,,-5.607144442946261,-6.327784426514074,2011,Pre-fire
2011-07-24,,2.0663739684e-06,-4.0452823719999967e-07,,-5.684791077920417,-6.393051158026667,2011,Pre-fire
2011-07-27,,2.4818354012e-06,-1.6399793400000038e-07,,-5.605227024900539,-6.78516162303798,2011,Pre-fire
2011-07-28,2011-07-29,2.3834366408000004e-06,-2.1866391199999966e-07,Aggregated,-5.622796388489057,-6.660222886429681,2011,Pre-fire
2011-07-30,2011-07-31,2.1784392233000003e-06,-1.858643252e-07,Aggregated,-5.6618545520255115,-6.730803960715388,2011,Pre-fire
2011-08-01,2011-08-03,2.0171745882000002e-06,-9.293216260000011e-08,Aggregated,-5.695256511598583,-7.031833956379368,2011,Pre-fire
2011-08-04,2011-08-06,1.8094438718000002e-06,-7.653236919999986e-08,Aggregated,-5.7424548839819245,-7.116154842079406,2011,Pre-fire
2011-08-07,2011-08-10,1.6536458345000003e-06,-5.4665977999999915e-08,Aggregated,-5.781557498769155,-7.262282877757643,2011,Pre-fire
2011-08-14,2011-08-17,1.4158488302e-06,-5.4665977999999915e-08,Aggregated,-5.8489831136763915,-7.262282877757643,2011,Pre-fire
2011-08-20,2011-08-22,1.1479855380000001e-06,-7.653236919999986e-08,Aggregated,-5.940063583023724,-7.116154842079406,2011,Pre-fire
2011-08-26,,1.0495867776e-06,-1.6399793400000038e-07,,-5.978981649054093,-6.78516162303798,2011,Pre-fire
2011-09-04,,7.106577140000001e-07,-1.749311296000001e-07,,-6.148339525450806,-6.757132899437737,2011,Pre-fire
2011-09-02,2011-09-03,9.894542018000002e-07,-1.7493112959999977e-07,Aggregated,-6.004604302888458,-6.757132899437737,2011,Pre-fire
2012-06-10,,3.813498625280001e-05,-1.91440254956e-05,,-4.418676405833132,-4.717966736010216,2012,Pre-fire
2012-06-11,,2.53431474008e-05,-1.2791838852000008e-05,,-4.596139450466085,-4.8930670203475,2012,Pre-fire
2012-06-12,,1.98546832096e-05,-5.4884641912e-06,,-4.702137037908596,-5.260549164948642,2012,Pre-fire
2012-06-13,,1.6498192160400002e-05,-3.3564910491999963e-06,,-4.782563642318072,-5.474114506616476,2012,Pre-fire
2012-06-14,,1.42896866492e-05,-2.2085055112000026e-06,,-4.844977294513117,-5.655901512647038,2012,Pre-fire
2012-06-15,,1.2649707309200003e-05,-1.6399793399999962e-06,,-4.897919523141912,-5.785161623037982,2012,Pre-fire
2012-06-16,,1.12283918812e-05,-1.4213154280000041e-06,,-4.949682438496383,-5.847309529786823,2012,Pre-fire
2012-06-17,,1.02881370596e-05,-9.402548215999996e-07,,-4.987663258666405,-6.026754430850094,2012,Pre-fire
2012-06-19,,9.719610888400002e-06,-1.0605199732000003e-06,,-5.012351121123448,-5.974481147827417,2012,Pre-fire
2012-06-20,,8.790289262400002e-06,-9.29321626e-07,,-5.05599683334521,-6.031833956379369,2012,Pre-fire
2012-06-21,,8.1233643308e-06,-6.669249316000011e-07,,-5.090264068333086,-6.175923047082894,2012,Pre-fire
2012-06-27,,1.1239325076800002e-05,-7.762568876000022e-07,,-4.9492597674344045,-6.109994533374585,2012,Pre-fire
2012-06-28,,9.3369490424e-06,-1.9023760344000019e-06,,-5.029795011404657,-5.720703633811062,2012,Pre-fire
2012-06-29,,8.407627416400002e-06,-9.293216259999983e-07,,-5.07532654229223,-6.03183395637937,2012,Pre-fire
2012-06-30,,7.871900832000001e-06,-5.357265844000008e-07,,-5.103920385662393,-6.271056802065147,2012,Pre-fire
2012-07-01,,7.2159090960000015e-06,-6.559917359999998e-07,,-5.141708946551793,-6.183101631710018,2012,Pre-fire
2012-07-02,,6.538050968800001e-06,-6.778581272000007e-07,,-5.184551698105251,-6.168861192595408,2012,Pre-fire
2012-07-03,,6.3084538612e-06,-2.2959710760000096e-07,,-5.20007706893793,-6.639033587359741,2012,Pre-fire
2012-07-04,,5.925792015200002e-06,-3.826618459999979e-07,,-5.227253595555275,-6.417184837743388,2012,Pre-fire
2012-07-05,,5.597796147200001e-06,-3.2799586800000076e-07,,-5.251982921117831,-6.484131627373999,2012,Pre-fire
2012-07-06,,5.3681990396e-06,-2.2959710760000096e-07,,-5.2701713899706935,-6.639033587359741,2012,Pre-fire
2012-07-07,,5.105802345200001e-06,-2.623966943999989e-07,,-5.291936001527549,-6.5810416403820575,2012,Pre-fire
2012-07-08,,4.832472455200001e-06,-2.733298900000002e-07,,-5.31583061274457,-6.563312873421624,2012,Pre-fire
2012-07-09,,4.657541325600001e-06,-1.749311296000004e-07,,-5.331843282990943,-6.757132899437736,2012,Pre-fire
2012-07-10,,4.471677000400001e-06,-1.858643252e-07,,-5.34952957408632,-6.730803960715388,2012,Pre-fire
2012-07-11,,4.274879479600001e-06,-1.967975207999996e-07,,-5.369076124697795,-6.7059803769903565,2012,Pre-fire
2012-07-12,,4.0780819588000006e-06,-1.9679752080000046e-07,,-5.389544050284974,-6.705980376990355,2012,Pre-fire
2012-07-14,,3.7828856776e-06,-1.6399793400000038e-07,,-5.422176783300885,-6.78516162303798,2012,Pre-fire
2012-07-19,,3.4002238316000003e-06,-3.9359504159999964e-07,,-5.468492493066824,-6.404950381326375,2012,Pre-fire
2012-07-20,,3.2362258976000003e-06,-1.6399793399999996e-07,,-5.489961171034723,-6.785161623037981,2012,Pre-fire
2012-07-21,,2.941029616400001e-06,-2.951962811999994e-07,,-5.531500602091254,-6.529889117934675,2012,Pre-fire
2012-07-23,,2.7770316824000005e-06,-1.8586432520000043e-07,,-5.556419165473724,-6.730803960715387,2012,Pre-fire
2012-07-24,,2.5365013792000004e-06,-2.4053030320000013e-07,,-5.595764897202762,-6.6188302012714555,2012,Pre-fire
2012-07-25,,1.9898415992000004e-06,-5.4665978e-07,,-5.701181494108587,-6.262282877757643,2012,Pre-fire
2012-07-31,,1.8914428388e-06,-1.9679752080000024e-07,,-5.723206778964866,-6.705980376990355,2012,Pre-fire
2012-08-01,,1.7055785136000004e-06,-1.8586432519999958e-07,,-5.7681282837392,-6.730803960715389,2012,Pre-fire
2012-08-03,,1.4103822324000003e-06,-1.5306473839999993e-07,,-5.850663171794412,-6.815124846415424,2012,Pre-fire
2012-08-04,,1.1698519292000002e-06,-2.4053030320000013e-07,,-5.931869104408452,-6.6188302012714555,2012,Pre-fire
2012-08-12,,1.3885158412000005e-06,-1.530647383999995e-07,,-5.857449161137705,-6.815124846415425,2012,Pre-fire
2012-08-13,2012-08-14,1.3065168742000003e-06,-1.5306473840000057e-07,Aggregated,-5.883884976809505,-6.815124846415422,2012,Pre-fire
2012-08-15,2012-08-17,1.1479855380000001e-06,-8.199896699999987e-08,Aggregated,-5.940063583023724,-7.086191618701962,2012,Pre-fire
2012-08-20,,1.0933195600000002e-06,-1.6399793399999996e-07,,-5.961252882093661,-6.785161623037981,2012,Pre-fire
2012-09-01,2012-09-05,8.746556480000001e-07,-4.0999483499999936e-08,Aggregated,-6.058162895101718,-7.387221614365943,2012,Pre-fire
2013-05-28,,4.602875347600001e-05,-2.186639120000056e-07,,-4.336970786257993,-6.660222886429669,2013,Pre-fire
2013-05-29,,3.2220127433200006e-05,-1.3808626042800005e-05,,-4.491872746243737,-4.859849531538331,2013,Pre-fire
2013-05-30,,3.160786847960001e-05,-6.12258953599998e-07,,-4.500204790423004,-6.213064855087462,2013,Pre-fire
2013-05-31,,2.2653581283200005e-05,-8.954287196400003e-06,,-4.644863131020466,-5.047968980333243,2013,Pre-fire
2013-06-01,,1.6891787202e-05,-5.761794081200004e-06,,-4.772324398332808,-5.239442266881115,2013,Pre-fire
2013-06-02,,1.3622761717600002e-05,-3.2690254843999995e-06,,-4.865734839770511,-5.485581693769232,2013,Pre-fire
2013-06-03,,1.15454545536e-05,-2.0773071640000023e-06,,-4.937588963895868,-5.682499281140832,2013,Pre-fire
2013-06-04,,9.960141191600003e-06,-1.5853133619999965e-06,,-5.001734505120663,-5.799884879858688,2013,Pre-fire
2013-06-05,,8.648157719600002e-06,-1.3119834720000013e-06,,-5.063076398595985,-5.882071636046036,2013,Pre-fire
2013-06-06,,7.7188360936e-06,-9.293216260000017e-07,,-5.112448181041858,-6.031833956379368,2013,Pre-fire
2013-06-07,,7.0519111620000015e-06,-6.669249315999986e-07,,-5.151693167458394,-6.175923047082896,2013,Pre-fire
2013-06-08,,6.538050968800001e-06,-5.138601932000008e-07,,-5.184551698105251,-6.289155024157943,2013,Pre-fire
2013-06-09,,6.0788567536000005e-06,-4.591942152000002e-07,,-5.216178090511605,-6.338003591695761,2013,Pre-fire
2013-06-12,,5.652462125200001e-06,-2.186639120000005e-07,,-5.247762338999719,-6.66022288642968,2013,Pre-fire
2013-06-14,,5.1276687364e-06,-5.138601932000016e-07,,-5.290080039378578,-6.289155024157943,2013,Pre-fire
2013-06-15,,4.854338846400001e-06,-2.733298899999985e-07,,-5.313869911979042,-6.563312873421626,2013,Pre-fire
2013-06-16,,4.5482093696e-06,-3.061294768000007e-07,,-5.342159551466919,-6.514094850751442,2013,Pre-fire
2013-06-17,,4.351411848800001e-06,-1.967975207999996e-07,,-5.361369810019974,-6.7059803769903565,2013,Pre-fire
2013-06-10,2013-06-11,5.961324900900001e-06,-2.077307163999992e-07,Aggregated,-5.224657207842924,-6.682499281140834,2013,Pre-fire
2013-06-26,,7.434573008000001e-06,-5.357265844e-07,,-5.1287439693874255,-6.271056802065148,2013,Pre-fire
2013-06-27,,5.718061298800001e-06,-1.7165117092000002e-06,,-5.242751193226387,-5.765353229684428,2013,Pre-fire
2013-06-28,,4.482610196000001e-06,-1.2354511028e-06,,-5.348469025373926,-5.908174438610242,2013,Pre-fire
2013-06-29,,3.82661846e-06,-6.559917360000007e-07,,-5.417184837743386,-6.183101631710017,2013,Pre-fire
2013-06-30,,3.4548898096000004e-06,-3.717286504e-07,,-5.461565799475258,-6.429773965051407,2013,Pre-fire
2013-07-01,,3.1924931152000006e-06,-2.6239669439999976e-07,,-5.495870030645244,-6.581041640382056,2013,Pre-fire
2013-07-03,,2.995695594400001e-06,-1.7493112959999998e-07,,-5.523502319273273,-6.757132899437737,2013,Pre-fire
2013-07-04,,2.744232095600001e-06,-2.5146349880000016e-07,,-5.561579160612624,-6.599525046076068,2013,Pre-fire
2013-07-08,,2.3069042716000003e-06,-1.7493112959999956e-07,,-5.636970426795969,-6.757132899437738,2013,Pre-fire
2013-07-09,,2.1319731420000003e-06,-1.7493112959999998e-07,,-5.671218270731144,-6.757132899437737,2013,Pre-fire
2013-07-05,2013-07-07,2.6622331286000004e-06,-1.3119834720000052e-07,Aggregated,-5.574753916543009,-6.882071636046035,2013,Pre-fire
2013-07-10,2013-07-12,2.0062413926000006e-06,-7.653236919999997e-08,Aggregated,-5.697616813505554,-7.116154842079405,2013,Pre-fire
2013-07-13,2013-07-15,1.8805096432e-06,-8.746556479999999e-08,Aggregated,-5.7257244351861125,-7.058162895101718,2013,Pre-fire
2013-07-18,2013-07-19,1.6645790301000004e-06,-1.6399793399999974e-07,Aggregated,-5.778695580788749,-6.785161623037981,2013,Pre-fire
2013-07-20,2013-07-22,1.5087809928000005e-06,-1.0386535820000013e-07,Aggregated,-5.821373795692425,-6.983529276804814,2013,Pre-fire
2013-07-23,2013-07-24,1.2682506896e-06,-2.186639120000003e-07,Aggregated,-5.896794892866743,-6.66022288642968,2013,Pre-fire
2013-07-25,2013-07-27,1.0386535820000003e-06,-8.746556479999999e-08,Aggregated,-5.983529276804814,-7.058162895101718,2013,Pre-fire
2013-08-03,,1.0277203864000005e-06,-2.5146349879999974e-07,,-5.988125028493963,-6.599525046076069,2013,Pre-fire
2013-08-04,2013-08-05,9.019886370000002e-07,-2.4053030320000035e-07,Aggregated,-6.044798933543737,-6.618830201271455,2013,Pre-fire
2014-05-11,,7.260735197960001e-05,-6.308453861199998e-05,,-4.139019401854817,-4.20007706893793,2014,Pre-fire
2014-05-12,,4.146961091080001e-05,-3.1137741068800004e-05,,-4.382270039390871,-4.506712897128843,2014,Pre-fire
2014-05-13,,2.9639893271600005e-05,-1.1829717639200003e-05,,-4.528123364513176,-4.927025621323111,2014,Pre-fire
2014-05-14,,2.3451704562000003e-05,-6.188188709600002e-06,,-4.6298255855729185,-5.20843645090539,2014,Pre-fire
2014-05-15,,1.967975208e-05,-3.7719524820000015e-06,,-4.705980376990356,-5.423433787020388,2014,Pre-fire
2014-05-16,,1.7099517918400004e-05,-2.5802341615999975e-06,,-4.767016133369832,-5.588340879123556,2014,Pre-fire
2014-05-17,,1.5459538578400003e-05,-1.6399793400000013e-06,,-4.810803472632781,-5.78516162303798,2014,Pre-fire
2014-05-20,,1.9373622603200003e-05,-6.712982098400003e-06,,-4.71278916454263,-5.173084510952494,2014,Pre-fire
2014-05-21,,1.6301394639600003e-05,-3.0722279636e-06,,-4.787775238640667,-5.512546562188582,2014,Pre-fire
2014-05-22,,1.42896866492e-05,-2.011707990400003e-06,,-4.844977294513117,-5.696435059084124,2014,Pre-fire
2014-05-23,,1.30323691552e-05,-1.257317494e-06,,-4.884976626689444,-5.90055504174005,2014,Pre-fire
2014-05-24,,1.1862517226000002e-05,-1.169851929199998e-06,,-4.925823143909113,-5.931869104408452,2014,Pre-fire
2014-05-25,,1.07363980792e-05,-1.1261191468000013e-06,,-4.969141394306712,-5.948415657388489,2014,Pre-fire
2014-05-26,,9.7742768664e-06,-9.621212128000005e-07,,-5.009915363297744,-6.016770209943493,2014,Pre-fire
2014-05-27,,9.2713498688e-06,-5.029269976000003e-07,,-5.032857029836948,-6.298495050412088,2014,Pre-fire
2014-05-29,,9.008953174400002e-06,-7.106577139999995e-07,,-5.0453256703965454,-6.148339525450806,2014,Pre-fire
2014-05-30,,8.276429069200002e-06,-7.325241052000004e-07,,-5.082157002593589,-6.135178079392835,2014,Pre-fire
2014-05-31,,7.598570942000001e-06,-6.778581272000007e-07,,-5.1192680775035475,-6.168861192595408,2014,Pre-fire
2014-06-01,,7.183109509200001e-06,-4.154614328000001e-07,,-5.143687512533881,-6.381469285476851,2014,Pre-fire
2014-06-02,,6.811380858800001e-06,-3.717286504e-07,,-5.166764835434492,-6.429773965051407,2014,Pre-fire
2014-06-03,,6.417785817200001e-06,-3.9359504160000006e-07,,-5.192614780846047,-6.404950381326374,2014,Pre-fire
2014-06-04,,6.035123971200001e-06,-3.826618459999996e-07,,-5.219313804364463,-6.417184837743386,2014,Pre-fire
2014-06-05,,5.696194907600001e-06,-3.3892906360000036e-07,,-5.244415158794137,-6.469891188259389,2014,Pre-fire
2014-06-06,,5.3353994528000005e-06,-3.607954548000004e-07,,-5.272833060090951,-6.442738942215774,2014,Pre-fire
2014-06-07,,5.073002758400001e-06,-2.6239669439999976e-07,,-5.294734901538781,-6.581041640382056,2014,Pre-fire
2014-06-08,,4.810606064000001e-06,-2.6239669439999976e-07,,-5.317800205607474,-6.581041640382056,2014,Pre-fire
2014-06-09,,4.5919421520000005e-06,-2.186639120000005e-07,,-5.338003591695761,-6.66022288642968,2014,Pre-fire
2014-06-10,,4.427944218000001e-06,-1.639979339999991e-07,,-5.353797858878993,-6.7851616230379825,2014,Pre-fire
2014-06-18,,4.679407716800001e-06,-1.0167871908000002e-06,,-5.32980911308049,-5.992769933539726,2014,Pre-fire
2014-06-19,,4.121814741200001e-06,-5.575929756e-07,,-5.384911531887869,-6.253682705995725,2014,Pre-fire
2014-06-20,,3.8922176336000005e-06,-2.295971076000001e-07,,-5.409802884120786,-6.639033587359743,2014,Pre-fire
2014-06-21,,3.717286504000001e-06,-1.7493112959999956e-07,,-5.429773965051407,-6.757132899437738,2014,Pre-fire
2014-06-22,,3.4002238316000003e-06,-3.1706267240000073e-07,,-5.468492493066824,-6.498854884194705,2014,Pre-fire
2014-06-28,,5.258867083600001e-06,-2.7660984868e-06,,-5.27910780571983,-5.558132360917844,2014,Pre-fire
2014-06-29,,4.187413914800001e-06,-1.0714531688e-06,,-5.378054108125039,-5.970026806401167,2014,Pre-fire
2014-06-30,,3.640754134800001e-06,-5.4665978e-07,,-5.438808648587342,-6.262282877757643,2014,Pre-fire
2014-07-01,,3.4548898096000004e-06,-1.8586432520000043e-07,,-5.461565799475258,-6.730803960715387,2014,Pre-fire
2014-07-02,,3.3018250712000004e-06,-1.5306473839999993e-07,,-5.481245939136511,-6.815124846415424,2014,Pre-fire
2014-07-04,,3.0503615724000007e-06,-1.6399793399999996e-07,,-5.515648678820064,-6.785161623037981,2014,Pre-fire
2014-07-05,,2.809831269200001e-06,-2.405303031999997e-07,,-5.551319758762367,-6.618830201271456,2014,Pre-fire
2014-07-06,,2.623966944000001e-06,-1.858643252e-07,,-5.581041640382056,-6.730803960715388,2014,Pre-fire
2014-07-10,,2.2085055112000005e-06,-1.5306473839999993e-07,,-5.655901512647038,-6.815124846415424,2014,Pre-fire
2014-07-07,2014-07-08,2.536501379200001e-06,-1.530647384000012e-07,Aggregated,-5.595764897202762,-6.81512484641542,2014,Pre-fire
2014-07-14,,2.1210399464000003e-06,-1.6399793399999996e-07,,-5.673451152163436,-6.785161623037981,2014,Pre-fire
2014-07-15,,1.8695764476000003e-06,-2.5146349879999995e-07,,-5.728256771701508,-6.599525046076069,2014,Pre-fire
2014-07-16,2014-07-17,1.7356448015000003e-06,-2.7332989e-07,Aggregated,-5.760539148129649,-6.563312873421624,2014,Pre-fire
2014-07-24,,2.3397038584000003e-06,-7.653236920000001e-07,,-5.630839108744471,-6.116154842079405,2014,Pre-fire
2014-07-25,,1.8586432520000005e-06,-4.810606063999998e-07,,-5.730803960715388,-6.317800205607474,2014,Pre-fire
2014-07-26,,1.6727789268000005e-06,-1.858643252e-07,,-5.776561451276063,-6.730803960715388,2014,Pre-fire
2014-07-29,,1.3666494500000002e-06,-1.6399793400000038e-07,,-5.864342869085605,-6.78516162303798,2014,Pre-fire
2014-07-30,2014-07-31,1.2463842984e-06,-2.186639120000003e-07,Aggregated,-5.904348030757189,-6.66022288642968,2014,Pre-fire
2014-08-05,2014-08-06,1.0960528589e-06,-2.0773071640000027e-07,Aggregated,-5.960168500801442,-6.682499281140832,2014,Pre-fire
2014-08-15,,1.1370523424e-06,-2.623966944000004e-07,,-5.944219542794881,-6.581041640382055,2014,Pre-fire
2014-08-16,,9.621212128e-07,-1.749311296000002e-07,,-6.016770209943493,-6.757132899437736,2014,Pre-fire
2014-08-17,2014-08-18,8.691890502000001e-07,-1.5306473839999983e-07,Aggregated,-6.060885753437192,-6.815124846415424,2014,Pre-fire
2014-08-24,2014-08-26,6.341253448000001e-07,-8.199896700000003e-08,Aggregated,-6.197824888530724,-7.086191618701961,2014,Pre-fire
2015-05-23,,8.440427003200001e-06,-2.766098486799999e-06,,-5.073635581757926,-5.558132360917844,2015,Pre-fire
2015-05-24,,7.008178379600001e-06,-1.4322486235999995e-06,,-5.154394852574844,-5.843981586437898,2015,Pre-fire
2015-05-25,,6.253787883200001e-06,-7.543904964000005e-07,,-5.203856853300637,-6.122403791356406,2015,Pre-fire
2015-05-26,,5.619662538400001e-06,-6.341253447999998e-07,,-5.250289763098386,-6.197824888530724,2015,Pre-fire
2015-05-27,,5.105802345200001e-06,-5.138601931999999e-07,,-5.291936001527549,-6.289155024157944,2015,Pre-fire
2015-05-28,,4.766873281600001e-06,-3.3892906360000036e-07,,-5.321766392825076,-6.469891188259389,2015,Pre-fire
2015-05-29,,4.329545457600001e-06,-4.3732782400000017e-07,,-5.363557696168149,-6.3591928907657,2015,Pre-fire
2015-05-30,,4.099948350000001e-06,-2.295971076000001e-07,,-5.387221614365943,-6.639033587359743,2015,Pre-fire
2015-06-04,,3.695420112800001e-06,-3.1706267239999946e-07,,-5.432336181816007,-6.4988548841947065,2015,Pre-fire
2015-06-05,,3.2908918756000004e-06,-4.045282372000005e-07,,-5.482686386499818,-6.393051158026666,2015,Pre-fire
2015-06-06,,2.962896007600001e-06,-3.279958679999995e-07,,-5.528283591219256,-6.484131627374,2015,Pre-fire
2015-06-07,,2.6567665308e-06,-3.0612947680000113e-07,,-5.57564660849535,-6.514094850751441,2015,Pre-fire
2015-06-08,,2.4709022056e-06,-1.858643252e-07,,-5.607144442946261,-6.730803960715388,2015,Pre-fire
2015-06-02,2015-06-03,4.1354812357e-06,-2.295971076000001e-07,Aggregated,-5.383473945398437,-6.639033587359743,2015,Pre-fire
2015-06-09,2015-06-10,2.3342372606e-06,-2.6239669439999934e-07,Aggregated,-5.631855002732619,-6.581041640382057,2015,Pre-fire
2015-06-18,2015-06-21,1.8832429421e-06,-8.017676773333338e-08,Aggregated,-5.7250936515139985,-7.095951455991118,2015,Pre-fire
2015-06-22,2015-06-24,1.6673123290000003e-06,-8.746556479999988e-08,Aggregated,-5.7779830384108575,-7.058162895101718,2015,Pre-fire
2015-06-28,,1.4759814060000002e-06,-1.5306473839999993e-07,,-5.830919113598656,-6.815124846415424,2015,Pre-fire
2015-06-30,,1.2245179072e-06,-1.6399793400000038e-07,,-5.91203485942348,-6.78516162303798,2015,Pre-fire
2015-07-01,,1.0714531688000002e-06,-1.5306473839999993e-07,,-5.970026806401167,-6.815124846415424,2015,Pre-fire
2015-07-02,2015-07-03,9.976540985e-07,-1.6399793400000017e-07,Aggregated,-6.001020008965149,-6.78516162303798,2015,Pre-fire
2015-07-13,,8.527892568000002e-07,-2.5146349880000005e-07,,-6.069158279403181,-6.599525046076069,2015,Pre-fire
2015-07-11,2015-07-12,1.2135847116000003e-06,-2.1866391199999987e-07,Aggregated,-5.9159299033070045,-6.660222886429681,2015,Pre-fire
2015-07-14,2015-07-16,7.707902898000001e-07,-9.293216260000006e-08,Aggregated,-6.113063765102263,-7.031833956379368,2015,Pre-fire
2015-07-17,2015-07-19,6.013257580000001e-07,-8.746556479999999e-08,Aggregated,-6.220890192599418,-7.058162895101718,2015,Pre-fire
2015-07-27,2015-07-28,6.669249316000001e-07,-1.749311296000001e-07,Aggregated,-6.175923047082895,-6.757132899437737,2015,Pre-fire
2015-07-29,2015-07-30,4.3186122620000005e-07,-2.405303032e-07,Aggregated,-6.3646557864672015,-6.6188302012714555,2015,Pre-fire
2016-04-25,,2.2347451806400003e-05,-3.017561985600002e-06,,-4.650771990630987,-5.520343800028444,2016,Pre-fire
2016-04-26,,1.8367768608e-05,-3.979683198400004e-06,,-4.735943600367799,-5.400151498444606,2016,Pre-fire
2016-04-27,,1.57875344464e-05,-2.5802341615999975e-06,,-4.801685688860041,-5.588340879123556,2016,Pre-fire
2016-04-28,,1.39179579988e-05,-1.8695764476000014e-06,,-4.856424478440006,-5.728256771701507,2016,Pre-fire
2016-04-29,,1.27262396784e-05,-1.191718320399999e-06,,-4.895299901779792,-5.923826384153038,2016,Pre-fire
2016-04-30,,1.1698519292000004e-05,-1.0277203863999965e-06,,-4.931869104408452,-5.988125028493965,2016,Pre-fire
2016-05-01,,1.0856663230800004e-05,-8.418560611999998e-07,,-4.964303633598281,-6.07476215692118,2016,Pre-fire
2016-05-02,,9.861742431200002e-06,-9.949207996000027e-07,,-5.00604634455172,-6.002211489772567,2016,Pre-fire
2016-05-03,,9.3150826512e-06,-5.466597800000021e-07,,-5.0308132873269615,-6.262282877757642,2016,Pre-fire
2016-05-04,,8.9761535876e-06,-3.389290635999995e-07,,-5.046909724974221,-6.46989118825939,2016,Pre-fire
2016-05-05,,8.221763091200002e-06,-7.543904963999979e-07,,-5.085035041502019,-6.122403791356407,2016,Pre-fire
2016-05-06,,7.5329717684e-06,-6.88791322800002e-07,,-5.123033660186036,-6.161912332640079,2016,Pre-fire
2016-05-07,,7.062844357600002e-06,-4.701274107999981e-07,,-5.151020364098578,-6.327784426514077,2016,Pre-fire
2016-05-08,,6.789514467600001e-06,-2.7332989000000106e-07,,-5.168161281917081,-6.563312873421623,2016,Pre-fire
2016-05-09,,6.4068526216e-06,-3.826618460000013e-07,,-5.193355266075571,-6.417184837743385,2016,Pre-fire
2016-05-10,,6.046057166800001e-06,-3.607954547999987e-07,,-5.218527750788963,-6.442738942215776,2016,Pre-fire
2016-05-11,,5.739927690000001e-06,-3.0612947679999986e-07,,-5.241093578687705,-6.514094850751443,2016,Pre-fire
2016-05-12,,5.521263778000001e-06,-2.1866391199999966e-07,,-5.257961503975,-6.660222886429681,2016,Pre-fire
2016-05-13,,5.280733474800001e-06,-2.4053030320000056e-07,,-5.2773057513421495,-6.618830201271455,2016,Pre-fire
2016-05-16,,5.2260674968e-06,-2.951962812000011e-07,,-5.281824985481543,-6.5298891179346725,2016,Pre-fire
2016-05-17,,4.832472455200001e-06,-3.935950415999992e-07,,-5.31583061274457,-6.404950381326375,2016,Pre-fire
2016-05-18,,4.6247417388e-06,-2.077307164000009e-07,,-5.33491251471862,-6.682499281140831,2016,Pre-fire
2016-05-24,,4.64660813e-06,-4.7012741080000067e-07,,-5.3328639520433505,-6.327784426514075,2016,Pre-fire
2016-05-25,,4.318612262000001e-06,-3.2799586799999907e-07,,-5.3646557864672015,-6.484131627374,2016,Pre-fire
2016-05-26,,4.1327479368e-06,-1.8586432520000085e-07,,-5.383761082256436,-6.730803960715386,2016,Pre-fire
2016-05-27,,3.9250172204e-06,-2.0773071640000006e-07,,-5.406158433515342,-6.682499281140832,2016,Pre-fire
2016-05-28,,3.717286504000001e-06,-2.077307163999992e-07,,-5.429773965051407,-6.682499281140834,2016,Pre-fire
2016-05-30,,3.4002238316000003e-06,-1.8586432520000043e-07,,-5.468492493066824,-6.730803960715387,2016,Pre-fire
2016-05-31,,3.1050275504000004e-06,-2.9519628119999984e-07,,-5.507934542046624,-6.529889117934674,2016,Pre-fire
2016-06-03,,2.8863636384000003e-06,-2.1866391200000008e-07,,-5.53964895522383,-6.66022288642968,2016,Pre-fire
2016-06-04,,2.7004993132000003e-06,-1.858643252e-07,,-5.568555928833996,-6.730803960715388,2016,Pre-fire
2016-06-09,,2.3834366408000004e-06,-1.5306473839999993e-07,,-5.622796388489057,-6.815124846415424,2016,Pre-fire
2016-06-15,,3.2580922888000003e-06,-9.511880172000005e-07,,-5.487036618017407,-6.021733629475043,2016,Pre-fire
2016-06-16,,2.5365013792000004e-06,-7.215909096e-07,,-5.595764897202762,-6.141708946551793,2016,Pre-fire
2016-06-19,,2.1319731420000003e-06,-4.045282372000001e-07,,-5.671218270731144,-6.393051158026666,2016,Pre-fire
2016-06-20,,1.8695764476000003e-06,-2.6239669439999997e-07,,-5.728256771701508,-6.581041640382056,2016,Pre-fire
2016-06-25,,1.5634469708000002e-06,-1.9679752080000024e-07,,-5.8059168446286,-6.705980376990355,2016,Pre-fire
2016-06-26,2016-06-27,1.4705148082000002e-06,-1.9679752080000003e-07,Aggregated,-5.832530597755235,-6.705980376990356,2016,Pre-fire
2016-06-29,2016-06-30,1.3283832654e-06,-1.749311296000004e-07,Aggregated,-5.87667660415933,-6.757132899437736,2016,Pre-fire
2016-07-01,2016-07-02,1.1097193534000002e-06,-2.405303031999997e-07,Aggregated,-5.95478683984443,-6.618830201271456,2016,Pre-fire
2016-07-11,,3.2143595064000007e-06,-6.997245183999999e-07,,-5.492905551681504,-6.155072908109775,2016,Pre-fire
2016-07-12,,1.9023760344000004e-06,-1.3119834720000003e-06,,-5.720703633811062,-5.882071636046037,2016,Pre-fire
2016-07-13,,1.5743801664000005e-06,-3.279958679999999e-07,,-5.802890389998412,-6.4841316273739995,2016,Pre-fire
2016-07-14,,1.3994490368000005e-06,-1.7493112959999998e-07,,-5.854042912445793,-6.757132899437737,2016,Pre-fire
2016-07-15,2016-07-16,1.2819171841000003e-06,-1.858643252e-07,Aggregated,-5.892140030706541,-6.730803960715388,2016,Pre-fire
2016-07-19,2016-07-20,1.1643853314e-06,-1.7493112959999998e-07,Aggregated,-5.933903274318905,-6.757132899437737,2016,Pre-fire
2016-07-21,2016-07-22,9.648545117e-07,-1.6399793399999974e-07,Aggregated,-6.015538168033801,-6.785161623037981,2016,Pre-fire
2016-07-24,2016-07-27,8.227229689000001e-07,-5.466597799999995e-08,Aggregated,-6.084746377827781,-7.262282877757643,2016,Pre-fire
2016-07-28,2016-07-30,6.778581272000001e-07,-9.293216260000006e-08,Aggregated,-6.168861192595408,-7.031833956379368,2016,Pre-fire
2016-08-04,2016-08-06,5.083935954e-07,-8.199896699999998e-08,Aggregated,-6.293799929203708,-7.086191618701962,2016,Pre-fire
2016-08-10,2016-08-11,6.751248283000002e-07,-1.6399793400000006e-07,Aggregated,-6.170615920161958,-6.785161623037981,2016,Pre-fire
2016-08-12,2016-08-13,4.810606064000001e-07,-1.7493112959999993e-07,Aggregated,-6.317800205607474,-6.757132899437737,2016,Pre-fire
2017-05-17,,8.254562678000002e-05,-5.073002758399991e-06,,-4.083305930464474,-5.2947349015387815,2017,Pre-fire
2017-05-18,,4.9899104718400005e-05,-3.264652206160001e-05,,-4.301907246347485,-4.486163078704655,2017,Pre-fire
2017-05-19,,3.2799586800000005e-05,-1.70995179184e-05,,-4.4841316273739995,-4.767016133369832,2017,Pre-fire
2017-05-20,,2.50588843152e-05,-7.740702484800006e-06,,-4.60103826879831,-5.111219624403892,2017,Pre-fire
2017-05-21,,2.0357610207200004e-05,-4.701274107999995e-06,,-4.691273205448338,-5.327784426514076,2017,Pre-fire
2017-05-22,,1.71979166788e-05,-3.1596935284000035e-06,,-4.764524159470374,-5.500355039337113,2017,Pre-fire
2017-05-23,,1.5109676319200002e-05,-2.0882403595999985e-06,,-4.820744839055482,-5.680219514845935,2017,Pre-fire
2017-05-24,,1.3830492434e-05,-1.2791838852000025e-06,,-4.859162356581825,-5.893067020347499,2017,Pre-fire
2017-05-25,,1.3010502764000002e-05,-8.199896699999972e-07,,-4.885705920701131,-6.086191618701963,2017,Pre-fire
2017-05-26,,1.229984505e-05,-7.106577140000029e-07,,-4.910100359646281,-6.148339525450805,2017,Pre-fire
2017-05-27,,1.12283918812e-05,-1.0714531688e-06,,-4.949682438496383,-5.970026806401167,2017,Pre-fire
2017-05-28,,1.038653582e-05,-8.418560611999998e-07,,-4.983529276804814,-6.07476215692118,2017,Pre-fire
2017-05-29,,9.807076453200002e-06,-5.794593667999975e-07,,-5.0084604390495695,-6.236977012492875,2017,Pre-fire
2017-05-30,,9.5556129544e-06,-2.514634988000027e-07,,-5.019741449459259,-6.599525046076065,2017,Pre-fire
2017-05-31,,8.9324208052e-06,-6.231921491999993e-07,,-5.049030825561246,-6.205378026421171,2017,Pre-fire
2017-06-01,,8.506026176800002e-06,-4.26394628399998e-07,,-5.070273285103973,-6.370188275067164,2017,Pre-fire
2017-06-02,,7.860967636400002e-06,-6.450585404000002e-07,,-5.104523991710779,-6.190400870451517,2017,Pre-fire
2017-06-03,,7.489238986000002e-06,-3.717286504e-07,,-5.125562310601236,-6.429773965051407,2017,Pre-fire
2017-06-04,,7.204975900400002e-06,-2.842630855999998e-07,,-5.142367467499652,-6.546279534122844,2017,Pre-fire
2017-06-05,,6.7020489028000015e-06,-5.029269976000003e-07,,-5.173792407575246,-6.298495050412088,2017,Pre-fire
2017-06-06,,6.286587470000001e-06,-4.1546143280000096e-07,,-5.2015850374040316,-6.38146928547685,2017,Pre-fire
2017-06-11,,7.412706616800002e-06,-9.621212127999997e-07,,-5.130023188226598,-6.016770209943493,2017,Pre-fire
2017-06-12,,6.7020489028000015e-06,-7.106577140000004e-07,,-5.173792407575246,-6.1483395254508055,2017,Pre-fire
2017-06-13,,6.286587470000001e-06,-4.1546143280000096e-07,,-5.2015850374040316,-6.38146928547685,2017,Pre-fire
2017-06-14,,5.6852617120000005e-06,-6.013257580000001e-07,,-5.245249538458863,-6.220890192599418,2017,Pre-fire
2017-06-16,,6.538050968800001e-06,-2.295971076000001e-07,,-5.184551698105251,-6.639033587359743,2017,Pre-fire
2017-06-17,,5.488464191200002e-06,-1.049586777599999e-06,,-5.260549164948642,-5.978981649054094,2017,Pre-fire
2017-06-18,,5.0620695628e-06,-4.263946284000014e-07,,-5.295671891075709,-6.370188275067161,2017,Pre-fire
2017-06-19,,4.6903409124e-06,-3.717286504e-07,,-5.328795589908937,-6.429773965051407,2017,Pre-fire
2017-06-20,,4.482610196000001e-06,-2.077307163999992e-07,,-5.348469025373926,-6.682499281140834,2017,Pre-fire
2017-06-21,,4.2202135016000005e-06,-2.623966944000006e-07,,-5.374665577421907,-6.581041640382055,2017,Pre-fire
2017-06-22,,3.9687500028e-06,-2.5146349880000016e-07,,-5.401346257057549,-6.599525046076068,2017,Pre-fire
2017-06-23,,3.6188877436000008e-06,-3.4986225919999954e-07,,-5.441424888317943,-6.456102903773757,2017,Pre-fire
2017-06-24,,3.3236914624000005e-06,-2.9519628120000026e-07,,-5.478379298484908,-6.529889117934674,2017,Pre-fire
2017-06-25,,3.1378271372e-06,-1.8586432520000043e-07,,-5.50337098535967,-6.730803960715387,2017,Pre-fire
2017-06-30,,3.1378271372e-06,-1.5306473840000035e-07,,-5.50337098535967,-6.815124846415423,2017,Pre-fire
2017-07-03,,2.8207644648000006e-06,-1.858643252e-07,,-5.549633176130431,-6.730803960715388,2017,Pre-fire
2017-07-05,,2.4927685968000003e-06,-2.514634988000006e-07,,-5.603318035093208,-6.599525046076068,2017,Pre-fire
2017-07-06,,2.3397038584000003e-06,-1.5306473839999993e-07,,-5.630839108744471,-6.815124846415424,2017,Pre-fire
2017-07-09,,2.0007747948000004e-06,-1.858643252e-07,,-5.698801792363232,-6.730803960715388,2017,Pre-fire
2017-07-07,2017-07-08,2.2686380870000004e-06,-1.5306473839999993e-07,Aggregated,-5.64423478104555,-6.815124846415424,2017,Pre-fire
2017-07-10,2017-07-11,1.9324423223e-06,-1.6399793400000038e-07,Aggregated,-5.713893459624725,-6.78516162303798,2017,Pre-fire
2017-07-17,2017-07-18,1.5907799598000005e-06,-1.7493112959999998e-07,Aggregated,-5.798389888771736,-6.757132899437737,2017,Pre-fire
2017-07-19,2017-07-22,1.4404485203000003e-06,-8.017676773333344e-08,Aggregated,-5.841502258209077,-7.095951455991117,2017,Pre-fire
2017-07-23,2017-07-25,1.2081181138000005e-06,-9.29321626e-08,Aggregated,-5.917890604072532,-7.031833956379369,2017,Pre-fire
2017-07-29,2017-07-30,9.129218326000001e-07,-1.5306473840000004e-07,Aggregated,-6.039566406610059,-6.815124846415424,2017,Pre-fire
2017-07-31,2017-08-02,7.434573008e-07,-1.0933195600000004e-07,Aggregated,-6.1287439693874255,-6.961252882093661,2017,Pre-fire
2017-08-15,,7.106577140000001e-07,-1.5306473840000004e-07,,-6.148339525450806,-6.815124846415424,2017,Pre-fire
2017-08-16,2017-08-17,6.286587470000001e-07,-1.7493112959999998e-07,Aggregated,-6.2015850374040316,-6.757132899437737,2017,Pre-fire
2018-04-18,,8.91930097048e-05,-1.3087035133199998e-05,,-4.049669181112586,-4.883158731687251,2018,Pre-fire
2018-04-19,,5.882059232800001e-05,-3.037241737679999e-05,,-4.230470606427272,-4.517520640692065,2018,Pre-fire
2018-04-20,,4.050748969800001e-05,-1.8313102630000004e-05,,-4.392464669778315,-4.737238070720798,2018,Pre-fire
2018-04-21,,3.0940943548000005e-05,-9.566546150000004e-06,,-4.5094664465693715,-5.019244829071348,2018,Pre-fire
2018-04-22,,2.5966339550000003e-05,-4.974603998000002e-06,,-4.585589268132776,-5.3032414854365495,2018,Pre-fire
2018-04-23,,2.2216253459200004e-05,-3.750086090799999e-06,,-4.65332917848178,-5.425958762050891,2018,Pre-fire
2018-04-24,,1.9373622603200003e-05,-2.8426308560000015e-06,,-4.71278916454263,-5.546279534122844,2018,Pre-fire
2018-04-25,,1.7219783070000003e-05,-2.1538395331999995e-06,,-4.7639723239680425,-5.666786655932069,2018,Pre-fire
2018-04-26,,1.5536070947600003e-05,-1.6837121223999997e-06,,-4.808658804166192,-5.773732161257199,2018,Pre-fire
2018-04-27,,1.45520833436e-05,-9.839876040000031e-07,,-4.837074826618987,-6.007010372654335,2018,Pre-fire
2018-04-28,,1.3753960064800002e-05,-7.98123278799998e-07,,-4.861572240984412,-6.097930021973207,2018,Pre-fire
2018-04-29,,1.32510330672e-05,-5.02926997600002e-07,,-4.877750262263394,-6.298495050412086,2018,Pre-fire
2018-04-30,,1.2835571634400002e-05,-4.154614327999984e-07,,-4.891584785182066,-6.381469285476853,2018,Pre-fire
2018-05-01,,1.2168646702800002e-05,-6.669249315999994e-07,,-4.914757717758953,-6.175923047082895,2018,Pre-fire
2018-05-02,,1.1370523424e-05,-7.981232788000031e-07,,-4.944219542794881,-6.097930021973204,2018,Pre-fire
2018-05-03,,1.06379993188e-05,-7.325241051999987e-07,,-4.97314004182531,-6.135178079392836,2018,Pre-fire
2018-05-04,,9.9710743872e-06,-6.669249316000011e-07,,-5.001258043765246,-6.175923047082894,2018,Pre-fire
2018-05-05,,9.4134814116e-06,-5.575929756e-07,,-5.026249730640007,-6.253682705995725,2018,Pre-fire
2018-05-06,,8.9542871964e-06,-4.591942151999985e-07,,-5.047968980333243,-6.338003591695763,2018,Pre-fire
2018-05-07,,8.418560612000002e-06,-5.357265843999991e-07,,-5.07476215692118,-6.271056802065149,2018,Pre-fire
2018-05-08,,8.035898766e-06,-3.826618460000013e-07,,-5.094965543009467,-6.417184837743385,2018,Pre-fire
2018-05-09,,7.762568876e-06,-2.733298900000002e-07,,-5.109994533374587,-6.563312873421624,2018,Pre-fire
2018-05-10,,7.325241052000002e-06,-4.3732782399999847e-07,,-5.135178079392835,-6.3591928907657005,2018,Pre-fire
2018-05-11,,7.128443531200001e-06,-1.9679752080000046e-07,,-5.1470052863617415,-6.705980376990355,2018,Pre-fire
2018-05-12,,6.745781685200002e-06,-3.826618459999996e-07,,-5.17096771806042,-6.417184837743386,2018,Pre-fire
2018-05-13,,6.4833849908e-06,-2.6239669440000145e-07,,-5.188198188729399,-6.581041640382053,2018,Pre-fire
2018-05-14,,6.024190775600002e-06,-4.591942151999985e-07,,-5.220101283241877,-6.338003591695763,2018,Pre-fire
2018-05-17,,5.6852617120000005e-06,-2.951962812000011e-07,,-5.245249538458863,-6.5298891179346725,2018,Pre-fire
2018-05-18,,5.3681990396e-06,-3.170626724000003e-07,,-5.2701713899706935,-6.498854884194706,2018,Pre-fire
2018-05-19,,5.171401518800001e-06,-1.9679752079999876e-07,,-5.28639174135585,-6.705980376990358,2018,Pre-fire
2018-05-21,,4.832472455200001e-06,-2.186639120000005e-07,,-5.31583061274457,-6.66022288642968,2018,Pre-fire
2018-05-22,,4.5700757608e-06,-2.623966944000006e-07,,-5.340076600318627,-6.581041640382055,2018,Pre-fire
2018-05-24,,4.2420798928000005e-06,-2.0773071640000006e-07,,-5.372421156499454,-6.682499281140832,2018,Pre-fire
2018-05-27,,4.110881545600001e-06,-2.295971076000001e-07,,-5.386065037166,-6.639033587359743,2018,Pre-fire
2018-05-28,,3.7610192864e-06,-3.4986225920000123e-07,,-5.424694439522131,-6.456102903773754,2018,Pre-fire
2018-06-01,,3.717286504000001e-06,-2.7332988999999936e-07,,-5.429773965051407,-6.5633128734216255,2018,Pre-fire
2018-06-02,,3.4439566140000008e-06,-2.733298900000002e-07,,-5.462942328304061,-6.563312873421624,2018,Pre-fire
2018-06-05,,3.061294768000001e-06,-3.826618459999996e-07,,-5.514094850751443,-6.417184837743386,2018,Pre-fire
2018-06-06,,2.766098486800001e-06,-2.9519628120000026e-07,,-5.558132360917844,-6.529889117934674,2018,Pre-fire
2018-06-11,,4.9418044112e-06,-1.6071797532000008e-06,,-5.30611444728228,-5.793935547345486,2018,Pre-fire
2018-06-12,,3.6188877436000008e-06,-1.3229166675999988e-06,,-5.441424888317943,-5.878467511777212,2018,Pre-fire
2018-06-13,,3.1268939416000005e-06,-4.919938020000003e-07,,-5.5048868489646186,-6.308040368318318,2018,Pre-fire
2018-06-14,,2.8644972472000003e-06,-2.623966944000002e-07,,-5.542951590773916,-6.581041640382056,2018,Pre-fire
2018-06-15,,2.6567665308e-06,-2.0773071640000048e-07,,-5.57564660849535,-6.6824992811408315,2018,Pre-fire
2018-06-21,,2.8754304428000007e-06,-2.1866391199999966e-07,,-5.541297133603904,-6.660222886429681,2018,Pre-fire
2018-06-22,,2.4709022056e-06,-4.0452823720000094e-07,,-5.607144442946261,-6.393051158026665,2018,Pre-fire
2018-06-23,,2.2850378804e-06,-1.8586432519999958e-07,,-5.641106595982608,-6.730803960715389,2018,Pre-fire
2018-06-24,,2.1210399464000003e-06,-1.6399793399999996e-07,,-5.673451152163436,-6.785161623037981,2018,Pre-fire
2018-06-25,,1.9679752080000003e-06,-1.5306473839999993e-07,,-5.705980376990356,-6.815124846415424,2018,Pre-fire
2018-06-27,2018-06-29,1.8805096432000003e-06,-9.29321626e-08,Aggregated,-5.7257244351861125,-7.031833956379369,2018,Pre-fire
2018-06-30,2018-07-01,1.6727789268000003e-06,-2.1866391199999987e-07,Aggregated,-5.776561451276063,-6.660222886429681,2018,Pre-fire
2018-07-06,2018-07-07,1.3557162544000002e-06,-1.5306473839999972e-07,Aggregated,-5.8678311969314265,-6.815124846415425,2018,Pre-fire
2018-07-12,,9.949207996000002e-07,-1.5306473839999972e-07,,-6.002211489772568,-6.815124846415425,2018,Pre-fire
2018-07-13,2018-07-14,9.074552348000001e-07,-1.749311296000001e-07,Aggregated,-6.0421747897175875,-6.757132899437737,2018,Pre-fire
2018-07-15,2018-07-17,7.434573008e-07,-8.199896699999998e-08,Aggregated,-6.1287439693874255,-7.086191618701962,2018,Pre-fire
2018-07-21,2018-07-23,6.614583338e-07,-9.839876040000007e-08,Aggregated,-6.179497507441193,-7.007010372654337,2018,Pre-fire
2018-07-24,2018-07-26,4.865272042000001e-07,-7.653236919999999e-08,Aggregated,-6.31289287111273,-7.116154842079405,2018,Pre-fire
2019-04-12,,0.0002127818527672,-6.25816116144e-05,,-3.672065413872928,-4.203553257005923,2019,Pre-fire
2019-04-13,,0.0001212163396172,-9.156551315e-05,,-3.9164388345650236,-4.038268066384779,2019,Pre-fire
2019-04-14,,8.941167361680002e-05,-3.180466600039998e-05,,-4.048605775875345,-4.497509160846603,2019,Pre-fire
2019-04-15,,6.630983131400001e-05,-2.3101842302800012e-05,,-4.17842207689107,-4.636353385041348,2019,Pre-fire
2019-04-16,,5.7530475247200005e-05,-8.779356066800006e-06,,-4.240102038343977,-5.056537336814981,2019,Pre-fire
2019-04-17,,4.5197830610400014e-05,-1.2332644636799991e-05,,-4.344882409802392,-4.908943782446339,2019,Pre-fire
2019-04-18,,3.587181476360001e-05,-9.326015846800006e-06,,-4.445246651707614,-5.030303850926138,2019,Pre-fire
2019-04-19,,2.9825757596800008e-05,-6.0460571668e-06,,-4.52540851610922,-5.218527750788963,2019,Pre-fire
2019-04-20,,2.6228736244400007e-05,-3.597021352400001e-06,,-4.581222634125831,-5.444056984143687,2019,Pre-fire
2019-04-21,,2.2478650153600005e-05,-3.7500860908000023e-06,,-4.648229771770423,-5.425958762050891,2019,Pre-fire
2019-04-22,,1.9876549600800005e-05,-2.6021005528e-06,,-4.701659003207713,-5.58467592503715,2019,Pre-fire
2019-04-23,,1.81053719136e-05,-1.7711776872000033e-06,,-4.7421925496448,-5.75173786755103,2019,Pre-fire
2019-04-24,,1.6585657725200002e-05,-1.5197141883999989e-06,,-4.780267301306931,-5.818238081839567,2019,Pre-fire
2019-04-25,,1.5459538578400003e-05,-1.1261191467999996e-06,,-4.810803472632781,-5.94841565738849,2019,Pre-fire
2019-04-26,,1.40272899548e-05,-1.432248623600002e-06,,-4.853026225718733,-5.843981586437897,2019,Pre-fire
2019-04-27,,1.3196367089200002e-05,-8.309228655999985e-07,,-4.8795456119963125,-6.080439289812871,2019,Pre-fire
2019-04-28,,1.24747761796e-05,-7.215909096000025e-07,,-4.903967237675447,-6.141708946551791,2019,Pre-fire
2019-04-29,,1.1960915986400005e-05,-5.138601931999948e-07,,-4.92223556009625,-6.289155024157949,2019,Pre-fire
2019-04-30,,1.12939910548e-05,-6.669249316000045e-07,,-4.947152560574041,-6.175923047082891,2019,Pre-fire
2019-05-01,,1.04740013848e-05,-8.199896700000006e-07,,-4.979887373015117,-6.086191618701961,2019,Pre-fire
2019-05-02,,9.894542018000002e-06,-5.794593667999975e-07,,-5.004604302888458,-6.236977012492875,2019,Pre-fire
2019-05-03,,9.632145323600002e-06,-2.623966944000006e-07,,-5.016276973681614,-6.581041640382055,2019,Pre-fire
2019-05-04,,9.129218326e-06,-5.02926997600002e-07,,-5.03956640661006,-6.298495050412086,2019,Pre-fire
2019-05-05,,8.473226590000001e-06,-6.559917359999981e-07,,-5.0719511795873515,-6.183101631710019,2019,Pre-fire
2019-05-06,,8.1670971132e-06,-3.061294768000007e-07,,-5.087932280278263,-6.514094850751442,2019,Pre-fire
2019-05-07,,7.696969702400001e-06,-4.701274107999998e-07,,-5.113680222951549,-6.327784426514075,2019,Pre-fire
2019-05-08,,7.2159090960000015e-06,-4.810606063999994e-07,,-5.141708946551793,-6.317800205607475,2019,Pre-fire
2019-05-09,,6.811380858800001e-06,-4.045282372000005e-07,,-5.166764835434492,-6.393051158026666,2019,Pre-fire
2019-05-10,,6.5489841644e-06,-2.623966944000006e-07,,-5.183826059704351,-6.581041640382055,2019,Pre-fire
2019-05-11,,6.297520665600001e-06,-2.514634987999993e-07,,-5.200830398670449,-6.59952504607607,2019,Pre-fire
2019-05-12,,6.024190775600002e-06,-2.7332988999999936e-07,,-5.220101283241877,-6.5633128734216255,2019,Pre-fire
2019-05-13,,5.783660472400001e-06,-2.4053030320000056e-07,,-5.237797210058476,-6.618830201271455,2019,Pre-fire
2019-05-22,,5.3353994528000005e-06,-2.0773071640000006e-07,,-5.272833060090951,-6.682499281140832,2019,Pre-fire
2019-05-23,,5.029269976000001e-06,-3.0612947679999986e-07,,-5.298495050412088,-6.514094850751443,2019,Pre-fire
2019-05-24,,4.6903409124e-06,-3.3892906360000036e-07,,-5.328795589908937,-6.469891188259389,2019,Pre-fire
2019-05-28,,4.755940086e-06,-6.23192149200001e-07,,-5.322763625139024,-6.20537802642117,2019,Pre-fire
2019-05-29,,4.274879479600001e-06,-4.810606063999986e-07,,-5.369076124697795,-6.317800205607476,2019,Pre-fire
2019-05-30,,3.9468836116e-06,-3.2799586800000076e-07,,-5.4037456801880035,-6.484131627373999,2019,Pre-fire
2019-06-01,,3.4767562008000004e-06,-3.389290635999995e-07,,-5.458825762109229,-6.46989118825939,2019,Pre-fire
2019-06-02,,3.2580922888000003e-06,-2.1866391200000008e-07,,-5.487036618017407,-6.66022288642968,2019,Pre-fire
2019-06-03,2019-06-04,3.1405604361000004e-06,-2.2959710759999968e-07,Aggregated,-5.502992844733339,-6.6390335873597435,2019,Pre-fire
2019-06-08,,3.684486917200001e-06,-3.717286503999996e-07,,-5.433622981222323,-6.429773965051407,2019,Pre-fire
2019-06-09,,3.0503615724000007e-06,-6.341253448000002e-07,,-5.515648678820064,-6.197824888530724,2019,Pre-fire
2019-06-10,,2.766098486800001e-06,-2.842630855999998e-07,,-5.558132360917844,-6.546279534122844,2019,Pre-fire
2019-06-11,,2.547434574800001e-06,-2.1866391200000008e-07,,-5.593896961067642,-6.66022288642968,2019,Pre-fire
2019-06-12,,2.3069042716000003e-06,-2.4053030320000056e-07,,-5.636970426795969,-6.618830201271455,2019,Pre-fire
2019-06-13,,2.1101067508e-06,-1.9679752080000046e-07,,-5.675695573085888,-6.705980376990355,2019,Pre-fire
2019-06-18,,1.8039772740000004e-06,-1.7493112959999998e-07,,-5.743768937879755,-6.757132899437737,2019,Pre-fire
2019-06-21,2019-06-22,2.077307164e-06,-1.5306473839999993e-07,Aggregated,-5.682499281140832,-6.815124846415424,2019,Pre-fire
2019-06-23,2019-06-24,1.8805096432000003e-06,-1.5306473840000035e-07,Aggregated,-5.7257244351861125,-6.815124846415423,2019,Pre-fire
2019-06-28,,2.2085055112000005e-06,-5.357265844000004e-07,,-5.655901512647038,-6.271056802065147,2019,Pre-fire
2019-06-29,,1.8149104696e-06,-3.935950416000005e-07,,-5.741144794053606,-6.4049503813263735,2019,Pre-fire
2019-06-30,,1.6618457312000002e-06,-1.5306473839999972e-07,,-5.7794092941488895,-6.815124846415425,2019,Pre-fire
2019-07-03,,1.6946453180000003e-06,-1.5306473840000014e-07,,-5.77092118392337,-6.815124846415423,2019,Pre-fire
2019-07-04,,1.5306473840000006e-06,-1.6399793399999974e-07,,-5.815124846415424,-6.785161623037981,2019,Pre-fire
2019-07-05,,1.3775826456000002e-06,-1.5306473840000035e-07,,-5.860882336976099,-6.815124846415423,2019,Pre-fire
2019-07-11,,1.2354511028e-06,-1.639979340000006e-07,,-5.908174438610242,-6.785161623037979,2019,Pre-fire
2019-07-12,2019-07-13,1.1561854347000002e-06,-1.858643251999998e-07,Aggregated,-5.936972506046581,-6.730803960715388,2019,Pre-fire
2019-07-19,2019-07-21,8.910554414e-07,-9.29321626e-08,Aggregated,-6.050095273353685,-7.031833956379369,2019,Pre-fire
2019-07-25,2019-07-27,6.55991736e-07,-9.839876040000007e-08,Aggregated,-6.183101631710018,-7.007010372654337,2019,Pre-fire
2020-04-02,,6.632076450960001e-05,-4.5908488324399995e-05,,-4.178350476119017,-4.338107007455722,2020,Pre-fire
2020-04-03,,4.928684576480001e-05,-1.7033918744800003e-05,,-4.307268974719593,-4.768685428757116,2020,Pre-fire
2020-04-04,,3.9293904986400005e-05,-9.992940778400002e-06,,-4.405674809320707,-5.00030668635983,2020,Pre-fire
2020-04-05,,3.63856749568e-05,-2.9082300296000025e-06,,-4.439069564474975,-5.536371245462594,2020,Pre-fire
2020-04-06,,3.531422178800001e-05,-1.0714531687999949e-06,,-4.452050359762559,-5.970026806401169,2020,Pre-fire
2020-04-07,,3.0044421508800007e-05,-5.269800279200001e-06,,-4.522236153706149,-5.2782058438548125,2020,Pre-fire
2020-04-08,,2.533221420520001e-05,-4.712207303599998e-06,,-4.596326848303686,-5.326775611932931,2020,Pre-fire
2020-04-09,,2.18226584176e-05,-3.5095557876000077e-06,,-4.661092345142309,-5.454747849688789,2020,Pre-fire
2020-04-10,,1.92096246692e-05,-2.613033748400003e-06,,-4.716481120598367,-5.582854981145523,2020,Pre-fire
2020-04-11,,1.7208849874400003e-05,-2.000774794799995e-06,,-4.764248154070616,-5.698801792363233,2020,Pre-fire
2020-04-12,,1.58094008376e-05,-1.3994490368000032e-06,,-4.80108458913515,-5.8540429124457924,2020,Pre-fire
2020-04-13,,1.4530216952400004e-05,-1.2791838851999958e-06,,-4.83772790115093,-5.893067020347502,2020,Pre-fire
2020-04-14,,1.35134297616e-05,-1.0167871908000036e-06,,-4.869234411340865,-5.992769933539725,2020,Pre-fire
2020-04-15,,1.2835571634400002e-05,-6.77858127199999e-07,,-4.891584785182066,-6.168861192595409,2020,Pre-fire
2020-04-16,,1.21467803116e-05,-6.88791322800002e-07,,-4.915538823152795,-6.161912332640079,2020,Pre-fire
2020-04-17,,1.1534521358000002e-05,-6.12258953599998e-07,,-4.93800042245995,-6.213064855087462,2020,Pre-fire
2020-04-18,,1.0987861578e-05,-5.466597800000021e-07,,-4.959086820337154,-6.262282877757642,2020,Pre-fire
2020-04-19,,1.02553374728e-05,-7.325241052000004e-07,,-4.989050043714597,-6.135178079392835,2020,Pre-fire
2020-04-20,,9.664944910400002e-06,-5.903925623999971e-07,,-5.0148006170805886,-6.228859122270696,2020,Pre-fire
2020-04-21,,9.01988637e-06,-6.450585404000019e-07,,-5.044798933543737,-6.1904008704515165,2020,Pre-fire
2020-04-29,,1.37867596516e-05,-1.7930440784000025e-06,,-4.86053779552058,-5.746409034045963,2020,Pre-fire
2020-04-30,,1.2343577832400004e-05,-1.4431818191999949e-06,,-4.908558940168693,-5.840678950887813,2020,Pre-fire
2020-05-01,,1.12721246636e-05,-1.071453168800005e-06,,-4.947994216810145,-5.970026806401165,2020,Pre-fire
2020-05-04,,1.64763257692e-05,-4.045282372000002e-06,,-4.78313962977903,-5.393051158026666,2020,Pre-fire
2020-05-05,,1.3863292020800003e-05,-2.6130337483999963e-06,,-4.8581336285479475,-5.582854981145525,2020,Pre-fire
2020-05-06,,1.27043732872e-05,-1.1589187336000035e-06,,-4.89604675403935,-5.93594701682889,2020,Pre-fire
2020-05-07,,1.14579889888e-05,-1.2463842984000003e-06,,-4.940891599445954,-5.904348030757189,2020,Pre-fire
2020-05-08,,1.0211604690400002e-05,-1.246384298399997e-06,,-4.990906005863568,-5.90434803075719,2020,Pre-fire
2020-05-09,,9.2057506952e-06,-1.0058539952000023e-06,,-5.035940790594013,-5.997465054748106,2020,Pre-fire
2020-05-10,,8.3529614384e-06,-8.527892567999994e-07,,-5.0781595235179715,-6.069158279403181,2020,Pre-fire
2020-05-11,,7.817234854000002e-06,-5.357265843999991e-07,,-5.106946840292581,-6.271056802065149,2020,Pre-fire
2020-05-23,,1.9023760344e-05,-2.2741046848000053e-06,,-4.720703633811062,-5.643189547130899,2020,Pre-fire
2020-05-24,,1.6060864336400005e-05,-2.9628960075999937e-06,,-4.794231086303405,-5.528283591219257,2020,Pre-fire
2020-05-25,,1.40928891284e-05,-1.9679752080000046e-06,,-4.850999964740259,-5.705980376990355,2020,Pre-fire
2020-05-26,,1.2868371221200002e-05,-1.2245179071999978e-06,,-4.890476419250227,-5.912034859423481,2020,Pre-fire
2020-05-27,,1.1611053727200004e-05,-1.2573174939999983e-06,,-4.935128365348211,-5.90055504174005,2020,Pre-fire
2020-05-28,,1.0375602624400002e-05,-1.2354511028000024e-06,,-4.983986669666369,-5.908174438610241,2020,Pre-fire
2020-05-29,,9.1948174996e-06,-1.180785124800001e-06,,-5.03645688629575,-5.927829126606712,2020,Pre-fire
2020-05-30,,8.757489675600001e-06,-4.373278239999993e-07,,-5.057620366009424,-6.3591928907657,2020,Pre-fire
2020-05-31,,7.871900832000001e-06,-8.855888435999999e-07,,-5.103920385662393,-6.052767863215012,2020,Pre-fire
2020-06-01,,7.270575074000001e-06,-6.013257580000001e-07,,-5.138431236790557,-6.220890192599418,2020,Pre-fire
2020-06-02,,6.745781685200002e-06,-5.247933887999995e-07,,-5.17096771806042,-6.2800116447180745,2020,Pre-fire
2020-06-03,,6.2756542744e-06,-4.701274108000015e-07,,-5.2023409896956885,-6.327784426514074,2020,Pre-fire
2020-06-04,,6.035123971200001e-06,-2.4053030319999886e-07,,-5.219313804364463,-6.618830201271457,2020,Pre-fire
2020-06-17,,1.50659435368e-05,-3.6407541348000063e-06,,-4.822003664522055,-5.438808648587341,2020,Pre-fire
2020-06-18,,1.3087035133200004e-05,-1.9789084035999957e-06,,-4.883158731687251,-5.7035743072244784,2020,Pre-fire
2020-06-19,,1.11190599252e-05,-1.9679752080000046e-06,,-4.953931929170917,-5.705980376990355,2020,Pre-fire
2020-06-20,,9.4681473896e-06,-1.6509125355999992e-06,,-5.023734990076315,-5.782275934800492,2020,Pre-fire
2020-06-21,,8.188963504400002e-06,-1.2791838851999992e-06,,-5.0867710643941955,-5.8930670203475,2020,Pre-fire
2020-06-22,,7.062844357600002e-06,-1.1261191467999996e-06,,-5.151020364098578,-5.94841565738849,2020,Pre-fire
2020-06-23,,6.1991219052e-06,-8.637224524000016e-07,,-5.207669823200755,-6.063625790803219,2020,Pre-fire
2020-06-24,,5.739927690000001e-06,-4.5919421519999937e-07,,-5.241093578687705,-6.338003591695762,2020,Pre-fire
2020-06-25,,5.302599866000001e-06,-4.3732782400000017e-07,,-5.275511143491398,-6.3591928907657,2020,Pre-fire
2020-06-26,,4.854338846400001e-06,-4.4826101959999977e-07,,-5.313869911979042,-6.348469025373927,2020,Pre-fire
2020-06-27,,4.537276174000001e-06,-3.170626724000003e-07,,-5.343204785381569,-6.498854884194706,2020,Pre-fire
2020-06-30,,4.537276174000001e-06,-5.575929756000009e-07,,-5.343204785381569,-6.2536827059957245,2020,Pre-fire
2020-07-01,,4.209280306000001e-06,-3.279958679999999e-07,,-5.375792152585161,-6.4841316273739995,2020,Pre-fire
2020-07-02,,3.881284438e-06,-3.2799586800000076e-07,,-5.411024529038568,-6.484131627373999,2020,Pre-fire
2020-07-03,,3.6188877436000008e-06,-2.6239669439999934e-07,,-5.441424888317943,-6.581041640382057,2020,Pre-fire
2020-07-04,,3.4439566140000008e-06,-1.7493112959999998e-07,,-5.462942328304061,-6.757132899437737,2020,Pre-fire
2020-07-08,,3.0831611592e-06,-2.4053030320000056e-07,,-5.5110037737743,-6.618830201271455,2020,Pre-fire
2020-07-10,,2.798898073600001e-06,-1.6399793399999996e-07,,-5.553012916781812,-6.785161623037981,2020,Pre-fire
2020-07-11,,2.6349001396e-06,-1.639979340000008e-07,,-5.579235839518794,-6.785161623037978,2020,Pre-fire
2020-07-12,2020-07-14,2.5638343682000006e-06,-9.29321626e-08,Aggregated,-5.5911100350425595,-7.031833956379369,2020,Pre-fire
2020-07-15,2020-07-17,2.3561036518000006e-06,-9.839876039999959e-08,Aggregated,-5.627805607596911,-7.007010372654339,2020,Pre-fire
2020-07-26,,1.5634469708000002e-06,-1.7493112959999998e-07,,-5.8059168446286,-6.757132899437737,2020,Pre-fire
2020-07-19,2020-07-20,2.1347064409e-06,-2.514634988000006e-07,Aggregated,-5.670661839544324,-6.599525046076068,2020,Pre-fire
2020-07-21,2020-07-22,1.9105759311000003e-06,-1.6399793400000038e-07,Aggregated,-5.718835697675942,-6.78516162303798,2020,Pre-fire
2020-07-27,2020-07-29,1.4486484170000002e-06,-9.29321626e-08,Aggregated,-5.8390370038208355,-7.031833956379369,2020,Pre-fire
2020-08-07,2020-08-08,1.3311165643000002e-06,-1.6399793400000038e-07,Aggregated,-5.87578391220699,-6.78516162303798,2020,Pre-fire
2020-08-09,2020-08-10,1.1643853314000002e-06,-1.5306473839999993e-07,Aggregated,-5.933903274318905,-6.815124846415424,2020,Pre-fire
2020-08-11,2020-08-12,9.539213161e-07,-1.858643252e-07,Aggregated,-6.020487446462444,-6.730803960715388,2020,Pre-fire
2021-06-15,,4.0562155676000005e-06,-9.29321626e-07,,-5.391878972478616,-6.031833956379369,2021,Post-fire
2021-06-16,,3.3783574404e-06,-6.778581272000003e-07,,-5.4712944026688275,-6.168861192595408,2021,Post-fire
2021-06-17,,2.984762398800001e-06,-3.935950415999992e-07,,-5.525090235052906,-6.404950381326375,2021,Post-fire
2021-06-18,,2.6567665308e-06,-3.279958680000012e-07,,-5.57564660849535,-6.484131627373998,2021,Post-fire
2021-06-19,,2.4818354012e-06,-1.7493112959999998e-07,,-5.605227024900539,-6.757132899437737,2021,Post-fire
2021-06-21,,2.2741046848e-06,-1.5306473840000035e-07,,-5.6431895471309,-6.815124846415423,2021,Post-fire
2021-06-28,,1.6399793400000002e-06,-1.9679752079999982e-07,,-5.785161623037981,-6.705980376990356,2021,Post-fire
2021-06-24,2021-06-25,2.1702393266000006e-06,-1.7493112959999956e-07,Aggregated,-5.663492370994528,-6.757132899437738,2021,Post-fire
2021-06-26,2021-06-27,1.9625086102e-06,-2.186639120000005e-07,Aggregated,-5.707188429179324,-6.66022288642968,2021,Post-fire
2021-07-03,,1.5743801664000005e-06,-1.5306473839999972e-07,,-5.802890389998412,-6.815124846415425,2021,Post-fire
2021-07-04,2021-07-05,1.4759814060000005e-06,-1.7493112959999998e-07,Aggregated,-5.830919113598656,-6.757132899437737,2021,Post-fire
2021-07-06,2021-07-08,1.3283832654000003e-06,-8.19989670000003e-08,Aggregated,-5.87667660415933,-7.08619161870196,2021,Post-fire
2021-07-09,2021-07-10,1.1397856413e-06,-2.0773071639999942e-07,Aggregated,-5.943176818447867,-6.682499281140834,2021,Post-fire
2021-07-11,2021-07-12,9.457214194000001e-07,-1.5306473840000035e-07,Aggregated,-6.024236774628847,-6.815124846415423,2021,Post-fire
2021-07-13,2021-07-16,7.817234854000001e-07,-6.195477506666667e-08,Aggregated,-6.106946840292581,-7.207925215435051,2021,Post-fire
2021-07-22,2021-07-25,9.621212128000001e-07,-6.559917359999994e-08,Aggregated,-6.016770209943493,-7.183101631710018,2021,Post-fire
2021-08-07,2021-08-08,8.117897733000001e-07,-1.858643251999999e-07,Aggregated,-6.0905564241044114,-6.730803960715388,2021,Post-fire
2022-06-12,,0.0001019301825788,-1.9461088167999996e-05,,-3.9916971978728184,-4.710832879784768,2022,Post-fire
2022-06-13,,7.36460055616e-05,-2.82841770172e-05,,-4.132850803602069,-4.548456453377118,2022,Post-fire
2022-06-14,,5.5048639846000014e-05,-1.8597365715599987e-05,,-4.2592534072040245,-4.730548568481093,2022,Post-fire
2022-06-15,,4.0594955262800006e-05,-1.4453684583200009e-05,,-4.391527932867503,-4.84002142694404,2022,Post-fire
2022-06-16,,3.1487603328000005e-05,-9.1073519348e-06,,-4.501860394334431,-5.040607880686874,2022,Post-fire
2022-06-17,,2.6786329220000004e-05,-4.7012741080000016e-06,,-4.5720867977291295,-5.327784426514075,2022,Post-fire
2022-06-18,,2.2522382936000003e-05,-4.2639462840000006e-06,,-4.647385661724508,-5.370188275067163,2022,Post-fire
2022-06-19,,1.9723484862400003e-05,-2.7988980735999997e-06,,-4.705016348887739,-5.553012916781812,2022,Post-fire
2022-06-20,,1.77773760456e-05,-1.9461088168000037e-06,,-4.750132340835612,-5.710832879784767,2022,Post-fire
2022-06-21,,1.6017131554000003e-05,-1.7602444915999969e-06,,-4.795415257403533,-5.754427006061813,2022,Post-fire
2022-06-22,,1.4880079211600002e-05,-1.137052342400001e-06,,-4.827394756890327,-5.944219542794881,2022,Post-fire
2022-06-23,,1.3896091607600002e-05,-9.839876039999997e-07,,-4.857107331539654,-6.007010372654337,2022,Post-fire
2022-06-24,,1.2868371221200002e-05,-1.0277203863999998e-06,,-4.890476419250227,-5.988125028493963,2022,Post-fire
2022-06-25,,1.1807851248000002e-05,-1.0605199732000003e-06,,-4.927829126606712,-5.974481147827417,2022,Post-fire
2022-06-26,,1.0955061991200004e-05,-8.527892567999977e-07,,-4.960385160562435,-6.069158279403182,2022,Post-fire
2022-06-27,,1.01460055168e-05,-8.090564744000044e-07,,-4.993704905874799,-6.092021162362683,2022,Post-fire
2022-06-28,,9.435347802800002e-06,-7.106577139999978e-07,,-5.025242086378452,-6.148339525450807,2022,Post-fire
2022-07-01,,9.2057506952e-06,-5.357265843999991e-07,,-5.035940790594013,-6.271056802065149,2022,Post-fire
2022-07-02,,8.823088849200002e-06,-3.826618459999979e-07,,-5.054379347371591,-6.417184837743388,2022,Post-fire
2022-07-03,,8.374827829600002e-06,-4.482610196000006e-07,,-5.077024112461058,-6.348469025373926,2022,Post-fire
2022-07-04,,7.871900832000001e-06,-5.029269976000003e-07,,-5.103920385662393,-6.298495050412088,2022,Post-fire
2022-07-06,,8.626291328400001e-06,-6.887913227999986e-07,,-5.0641758788842415,-6.161912332640081,2022,Post-fire
2022-07-07,,7.434573008000001e-06,-1.1917183203999998e-06,,-5.1287439693874255,-5.923826384153038,2022,Post-fire
2022-07-08,,6.8441804456000015e-06,-5.903925623999997e-07,,-5.164678548883232,-6.228859122270693,2022,Post-fire
2022-07-09,,6.428719012800001e-06,-4.154614328000001e-07,,-5.191875556017523,-6.381469285476851,2022,Post-fire
2022-07-10,,6.056990362400001e-06,-3.717286504e-07,,-5.217743117365232,-6.429773965051407,2022,Post-fire
2022-07-11,,5.739927690000001e-06,-3.170626724000003e-07,,-5.241093578687705,-6.498854884194706,2022,Post-fire
2022-07-12,,5.4447314088e-06,-2.951962812000011e-07,,-5.2640235393339445,-6.5298891179346725,2022,Post-fire
2022-07-14,,5.116735540800001e-06,-1.858643252e-07,,-5.2910070290195375,-6.730803960715388,2022,Post-fire
2022-07-15,,4.909004824400001e-06,-2.0773071640000006e-07,,-5.309006541090339,-6.682499281140832,2022,Post-fire
2022-07-18,,4.438877413600001e-06,-2.077307163999992e-07,,-5.352726848516467,-6.682499281140834,2022,Post-fire
2022-07-19,,4.2420798928000005e-06,-1.9679752080000046e-07,,-5.372421156499454,-6.705980376990355,2022,Post-fire
2022-07-20,,4.0562155676000005e-06,-1.858643252e-07,,-5.391878972478616,-6.730803960715388,2022,Post-fire
2022-07-21,,3.9031508292e-06,-1.5306473840000035e-07,,-5.4085846659814685,-6.815124846415423,2022,Post-fire
2022-07-24,,3.5751549612000007e-06,-1.8586432519999916e-07,,-5.446705129433376,-6.73080396071539,2022,Post-fire
2022-07-25,,3.3674242448000006e-06,-2.0773071640000006e-07,,-5.472702165593217,-6.682499281140832,2022,Post-fire
2022-07-16,2022-07-17,4.7778064772000005e-06,-2.623966944000006e-07,Aggregated,-5.32077144512324,-6.581041640382055,2022,Post-fire
2022-07-26,2022-07-27,3.2444257943000004e-06,-2.2959710760000053e-07,Aggregated,-5.488862154467033,-6.639033587359742,2022,Post-fire
2022-07-28,2022-07-29,3.0503615724000007e-06,-1.9679752079999919e-07,Aggregated,-5.515648678820064,-6.705980376990357,2022,Post-fire
2022-07-30,2022-07-31,2.861763948300001e-06,-1.6399793400000038e-07,Aggregated,-5.5433661917427814,-6.78516162303798,2022,Post-fire
2022-08-01,2022-08-02,2.6594998297e-06,-2.0773071640000048e-07,Aggregated,-5.575200033153272,-6.6824992811408315,2022,Post-fire
2022-08-10,,3.1050275504000004e-06,-9.730544084000001e-07,,-5.507934542046624,-6.011862875448749,2022,Post-fire
2022-08-11,,2.4927685968000003e-06,-6.122589536000001e-07,,-5.603318035093208,-6.213064855087461,2022,Post-fire
2022-08-12,2022-08-13,2.3998364342000007e-06,-1.7493112959999998e-07,Aggregated,-5.619818357515522,-6.757132899437737,2022,Post-fire
2022-08-14,2022-08-15,2.2358385002000007e-06,-1.7493112959999998e-07,Aggregated,-5.650559569750301,-6.757132899437737,2022,Post-fire
2022-08-19,2022-08-21,2.0062413926000006e-06,-1.1479855379999995e-07,Aggregated,-5.697616813505554,-6.940063583023724,2022,Post-fire
2022-08-26,,1.6181129488e-06,-1.9679752080000003e-07,,-5.790991166698705,-6.705980376990356,2022,Post-fire
2022-08-27,2022-08-30,1.5306473840000002e-06,-8.382116626666658e-08,Aggregated,-5.815124846415424,-7.076646300795732,2022,Post-fire
2023-04-22,,0.0001058770661904,-0.00010945222115159998,,-3.9751981013239663,-3.9607754207192065,2023,Post-fire
2023-04-23,,7.511105377200002e-05,-3.076601241839999e-05,,-4.124296145034111,-4.511928788994935,2023,Post-fire
2023-04-24,,6.041683888560001e-05,-1.4694214886400007e-05,,-4.21884200151317,-4.832853613375855,2023,Post-fire
2023-04-25,,4.8040461466400005e-05,-1.2376377419200003e-05,,-4.31839282950917,-4.907406455241409,2023,Post-fire
2023-04-26,,3.888937674920001e-05,-9.151084717199999e-06,,-4.410169016907881,-5.038527424100402,2023,Post-fire
2023-04-27,,3.2624655670400004e-05,-6.264721078800002e-06,,-4.4864540632930305,-5.203098260126271,2023,Post-fire
2023-04-28,,2.7978047540400008e-05,-4.646608129999997e-06,,-4.553182596206476,-5.3328639520433505,2023,Post-fire
2023-04-29,,2.40748967112e-05,-3.903150829200007e-06,,-4.6184355674579285,-5.408584665981468,2023,Post-fire
2023-04-30,,2.095893596520001e-05,-3.1159607459999915e-06,,-4.678630769215599,-5.506408022085153,2023,Post-fire
2023-05-01,,1.86738980848e-05,-2.2850378804000083e-06,,-4.7287650157406755,-5.641106595982606,2023,Post-fire
2023-05-02,,1.6837121224000003e-05,-1.8367768607999975e-06,,-4.773732161257199,-5.7359436003678,2023,Post-fire
2023-05-03,,1.53174070356e-05,-1.5197141884000022e-06,,-4.814814746807887,-5.818238081839566,2023,Post-fire
2023-05-11,,1.31854338936e-05,-7.653236920000043e-07,,-4.87990557428953,-6.1161548420794025,2023,Post-fire
2023-05-12,,1.2113980724800004e-05,-1.0714531687999949e-06,,-4.9167131217012505,-5.970026806401169,2023,Post-fire
2023-05-13,,1.12721246636e-05,-8.418560612000049e-07,,-4.947994216810145,-6.074762156921177,2023,Post-fire
2023-05-14,,1.065986571e-05,-6.122589535999997e-07,,-4.972248266395125,-6.213064855087461,2023,Post-fire
2023-05-15,,9.8836088224e-06,-7.762568876000005e-07,,-5.005084451618298,-6.109994533374586,2023,Post-fire
2023-05-17,,1.12939910548e-05,-5.357265844000042e-07,,-4.947152560574041,-6.271056802065145,2023,Post-fire
2023-05-18,,9.7742768664e-06,-1.5197141884000006e-06,,-5.009915363297744,-5.818238081839566,2023,Post-fire
2023-05-19,,8.670024110800001e-06,-1.1042527555999987e-06,,-5.061979694776058,-5.95693150831102,2023,Post-fire
2023-05-20,,8.101497939600001e-06,-5.685261711999996e-07,,-5.091434674114334,-6.245249538458863,2023,Post-fire
2023-05-21,,7.511105377200002e-06,-5.903925623999997e-07,,-5.124296145034111,-6.228859122270693,2023,Post-fire
2023-05-22,,7.106577140000002e-06,-4.0452823719999967e-07,,-5.148339525450806,-6.393051158026667,2023,Post-fire
2023-05-23,,6.942579206e-06,-1.6399793400000165e-07,,-5.158479156801686,-6.785161623037976,2023,Post-fire
2023-05-24,,6.789514467600001e-06,-1.530647383999995e-07,,-5.168161281917081,-6.815124846415425,2023,Post-fire
2023-05-25,,6.614583338000001e-06,-1.7493112959999956e-07,,-5.179497507441193,-6.757132899437738,2023,Post-fire
2023-05-26,,6.4068526216e-06,-2.0773071640000175e-07,,-5.193355266075571,-6.682499281140829,2023,Post-fire
2023-05-27,,6.0788567536000005e-06,-3.2799586799999907e-07,,-5.216178090511605,-6.484131627374,2023,Post-fire
2023-05-28,,5.739927690000001e-06,-3.389290635999995e-07,,-5.241093578687705,-6.46989118825939,2023,Post-fire
2023-05-29,,5.575929756000001e-06,-1.6399793399999996e-07,,-5.253682705995725,-6.785161623037981,2023,Post-fire
2023-05-30,,5.411931822e-06,-1.639979340000008e-07,,-5.266647683160093,-6.785161623037978,2023,Post-fire
2023-06-10,,3.640754134800001e-06,-3.170626723999999e-07,,-5.438808648587342,-6.498854884194706,2023,Post-fire
2023-06-15,,3.1268939416000005e-06,-1.7493112959999998e-07,,-5.5048868489646186,-6.757132899437737,2023,Post-fire
2023-06-11,2023-06-12,3.553288570000001e-06,-1.7493112959999998e-07,Aggregated,-5.449369521114788,-6.757132899437737,2023,Post-fire
2023-06-13,2023-06-14,3.3646909459000003e-06,-1.6399793400000038e-07,Aggregated,-5.473054820490308,-6.78516162303798,2023,Post-fire
2023-06-21,,3.1596935284e-06,-8.199896700000006e-07,,-5.500355039337114,-6.086191618701961,2023,Post-fire
2023-06-22,,2.7770316824000005e-06,-3.826618459999996e-07,,-5.556419165473724,-6.417184837743386,2023,Post-fire
2023-07-04,,2.1647727288000004e-06,-1.5306473839999993e-07,,-5.66458769183213,-6.815124846415424,2023,Post-fire
2023-06-30,2023-07-02,2.4982351946000005e-06,-9.83987603999998e-08,Aggregated,-5.602366677687793,-7.007010372654338,2023,Post-fire
2023-07-05,2023-07-08,2.0390409794000003e-06,-5.466597799999999e-08,Aggregated,-5.6905740459489556,-7.262282877757643,2023,Post-fire
2023-07-09,2023-07-10,1.9160425289e-06,-1.6399793400000038e-07,Aggregated,-5.717594855454966,-6.78516162303798,2023,Post-fire
2023-07-11,2023-07-14,1.7684443883000004e-06,-5.1021579466666575e-08,Aggregated,-5.752408592752924,-7.2922461011350865,2023,Post-fire
2023-07-15,2023-07-16,1.5825800631000002e-06,-1.6399793400000038e-07,Aggregated,-5.800634309694188,-6.78516162303798,2023,Post-fire
2023-07-30,2023-08-02,1.1917183204000002e-06,-6.195477506666667e-08,Aggregated,-5.923826384153038,-7.207925215435051,2023,Post-fire
2023-08-06,,1.4541150148000002e-06,-3.061294768000003e-07,,-5.837401241126576,-6.514094850751442,2023,Post-fire
2023-08-07,,1.1917183204000002e-06,-2.6239669439999997e-07,,-5.923826384153038,-6.581041640382056,2023,Post-fire
2024-06-04,,2.73001894132e-05,-3.781792358040002e-05,,-4.563834339742314,-4.4223023200793,2024,Post-fire
2024-06-05,,1.9362689407600003e-05,-7.937500005599996e-06,,-4.713034320903587,-5.100316261393568,2024,Post-fire
2024-06-06,,1.55032713608e-05,-3.859418046800002e-06,,-4.809576651246614,-5.413478176705839,2024,Post-fire
2024-06-07,,1.3535296152800002e-05,-1.9679752079999995e-06,,-4.868532237409562,-5.705980376990356,2024,Post-fire
2024-06-08,,1.1960915986400005e-05,-1.5743801663999969e-06,,-4.92223556009625,-5.802890389998413,2024,Post-fire
2024-06-09,,1.0506800971600002e-05,-1.454115014800003e-06,,-4.978529494425116,-5.837401241126575,2024,Post-fire
2024-06-10,,9.6977444972e-06,-8.090564744000027e-07,,-5.013329262261935,-6.092021162362684,2024,Post-fire
2024-06-11,,8.877754827200002e-06,-8.199896699999972e-07,,-5.051696852852486,-6.086191618701963,2024,Post-fire
2024-06-12,,8.156163917600001e-06,-7.215909096000008e-07,,-5.088514054620993,-6.141708946551793,2024,Post-fire
2024-06-13,,7.5767045508e-06,-5.794593668000009e-07,,-5.120519647481855,-6.236977012492872,2024,Post-fire
2024-06-14,,6.909779619200001e-06,-6.669249315999994e-07,,-5.1605358038112765,-6.175923047082895,2024,Post-fire
2024-06-16,,6.7129820984e-06,-5.575929756000009e-07,,-5.173084510952494,-6.2536827059957245,2024,Post-fire
2024-06-17,,6.527117773200001e-06,-1.8586432519999916e-07,,-5.185278550964292,-6.73080396071539,2024,Post-fire
2024-06-18,,6.056990362400001e-06,-4.701274107999998e-07,,-5.217743117365232,-6.327784426514075,2024,Post-fire
2024-06-19,,5.718061298800001e-06,-3.3892906360000036e-07,,-5.242751193226387,-6.469891188259389,2024,Post-fire
2024-06-20,,5.324466257200001e-06,-3.9359504160000006e-07,,-5.273723920879028,-6.404950381326374,2024,Post-fire
2024-06-22,,4.974603998000001e-06,-2.295971076000001e-07,,-5.3032414854365495,-6.639033587359743,2024,Post-fire
2024-06-24,,4.657541325600001e-06,-2.0773071640000006e-07,,-5.331843282990943,-6.682499281140832,2024,Post-fire
2024-06-28,,4.099948350000001e-06,-2.295971076000001e-07,,-5.387221614365943,-6.639033587359743,2024,Post-fire
2024-06-29,,3.9468836116e-06,-1.5306473840000035e-07,,-5.4037456801880035,-6.815124846415423,2024,Post-fire
2024-07-01,,3.6298209392e-06,-2.0773071640000006e-07,,-5.440114798389626,-6.682499281140832,2024,Post-fire
2024-07-02,,3.4548898096000004e-06,-1.7493112959999956e-07,,-5.461565799475258,-6.757132899437738,2024,Post-fire
2024-07-03,,3.3018250712000004e-06,-1.5306473839999993e-07,,-5.481245939136511,-6.815124846415424,2024,Post-fire
2024-07-05,,2.9300964208000004e-06,-2.4053030320000056e-07,,-5.533118088064873,-6.618830201271455,2024,Post-fire
2024-06-25,2024-06-26,4.537276174000001e-06,-2.1866391199999966e-07,Aggregated,-5.343204785381569,-6.660222886429681,2024,Post-fire
2024-07-06,2024-07-07,2.8207644648000006e-06,-2.4053030320000013e-07,Aggregated,-5.549633176130431,-6.6188302012714555,2024,Post-fire
2024-07-16,,2.0445075772000005e-06,-1.8586432519999958e-07,,-5.689411275557163,-6.730803960715389,2024,Post-fire
2024-07-14,2024-07-15,2.3451704562e-06,-2.405303031999997e-07,Aggregated,-5.6298255855729185,-6.618830201271456,2024,Post-fire
2024-07-17,2024-07-19,1.9734418058e-06,-9.29321626e-08,Aggregated,-5.704775675851985,-7.031833956379369,2024,Post-fire
2024-07-23,,1.7602444916000005e-06,-1.7493112959999935e-07,,-5.754427006061812,-6.757132899437739,2024,Post-fire
2024-07-31,,1.5853133620000005e-06,-1.7493112959999998e-07,,-5.799884879858687,-6.757132899437737,2024,Post-fire
2024-08-18,,2.0445075772000005e-06,-1.2682506895999995e-06,,-5.689411275557163,-5.896794892866743,2024,Post-fire
2024-08-19,,1.5306473840000006e-06,-5.138601931999999e-07,,-5.815124846415424,-6.289155024157944,2024,Post-fire
2024-08-20,,1.3557162544000002e-06,-1.749311296000004e-07,,-5.8678311969314265,-6.757132899437736,2024,Post-fire
2024-08-24,,1.8039772740000004e-06,-5.357265844e-07,,-5.743768937879755,-6.271056802065148,2024,Post-fire
2024-08-25,,1.4978477972000005e-06,-3.0612947679999986e-07,,-5.8245323149372545,-6.514094850751443,2024,Post-fire
2024-08-26,2024-08-27,1.3857825423000004e-06,-2.0773071640000027e-07,Aggregated,-5.858304914088288,-6.682499281140832,2024,Post-fire
2024-08-28,2024-08-29,1.1807851248000002e-06,-1.9679752080000003e-07,Aggregated,-5.927829126606712,-6.705980376990356,2024,Post-fire
2025-04-10,,3.806426027314815e-05,-8.079147241898153e-06,,-4.419482605708092,-5.092634476809889,2025,Post-fire
2025-04-11,,3.0143473260416664e-05,-7.920787012731483e-06,,-4.520806707863237,-5.101231664584061,2025,Post-fire
2025-04-12,,2.5053331815972223e-05,-5.090141444444441e-06,,-4.601134509594324,-5.293270149355142,2025,Post-fire
2025-04-13,,2.161855764351852e-05,-3.4347741724537043e-06,,-4.665173284867299,-5.46410181140829,2025,Post-fire
2025-04-14,,1.9222373394675924e-05,-2.396184248842595e-06,,-4.716192990831115,-5.620479790965885,2025,Post-fire
2025-04-15,,1.7277918305555554e-05,-1.94445508912037e-06,,-4.762508583782499,-5.711202083255759,2025,Post-fire
2025-04-16,,1.5792935251157407e-05,-1.484983054398147e-06,,-4.801537145171533,-5.828278502187421,2025,Post-fire
2025-04-17,,1.4573903565972224e-05,-1.2190316851851827e-06,,-4.836424108483841,-5.91398500601226,2025,Post-fire
2025-04-18,,1.365250144097222e-05,-9.214021250000044e-07,,-4.864787768954202,-6.035550790482827,2025,Post-fire
2025-04-19,,1.293048858912037e-05,-7.220128518518502e-07,,-4.88838506463624,-6.141455071905894,2025,Post-fire
2025-04-20,,1.2316292199074072e-05,-6.141963900462978e-07,,-4.909520016184872,-6.211692740461462,2025,Post-fire
2025-04-21,,1.1839224583333336e-05,-4.770676157407354e-07,,-4.926676741042777,-6.32142006317791,2025,Post-fire
2025-04-22,,1.1244047398148148e-05,-5.95177185185188e-07,,-4.949077332336136,-6.225353724871592,2025,Post-fire
2025-04-23,,1.067365560648148e-05,-5.703917916666683e-07,,-4.971686814144164,-6.243826732909911,2025,Post-fire
2025-04-24,,1.0161499247685185e-05,-5.121563587962951e-07,,-4.993042210658308,-6.290597430829391,2025,Post-fire
2025-04-25,,9.329590828703704e-06,-8.319084189814811e-07,,-5.030137402848658,-6.079924480584434,2025,Post-fire
2025-04-26,,8.818929787037038e-06,-5.106610416666654e-07,,-5.054584115070568,-6.291867273208813,2025,Post-fire
2025-04-27,,8.463771484953704e-06,-3.5515830208333464e-07,,-5.072436070753521,-6.449578028924239,2025,Post-fire
2025-04-28,,8.062770446759259e-06,-4.010010381944447e-07,,-5.093515704720667,-6.396854502986963,2025,Post-fire
2025-04-29,,7.90453312037037e-06,-1.582373263888886e-07,,-5.102123776488866,-6.800691063615714,2025,Post-fire
2025-04-30,,7.569131439814815e-06,-3.3540168055555573e-07,,-5.120953953067606,-6.474434765659045,2025,Post-fire
2025-05-01,,7.197965050925925e-06,-3.711663888888895e-07,,-5.142790266355915,-6.4304313583717905,2025,Post-fire
2025-05-02,,6.971649827546296e-06,-2.2631522337962885e-07,,-5.156664434784016,-6.645286231695291,2025,Post-fire
2025-05-03,,6.780628185185185e-06,-1.9102164236111122e-07,,-5.168730069448322,-6.7189174252887485,2025,Post-fire
2025-05-04,,6.536215527777777e-06,-2.444126574074078e-07,,-5.184673635640065,-6.61187630702256,2025,Post-fire
2025-05-05,,6.234663320601852e-06,-3.015522071759251e-07,,-5.205186993982181,-6.520637488413997,2025,Post-fire
2025-05-06,,5.989789777777778e-06,-2.4487354282407405e-07,,-5.222588419672993,-6.6110581353579905,2025,Post-fire
2025-05-08,,5.756673934027778e-06,-1.7836265624999914e-07,,-5.239828368888248,-6.748696068582314,2025,Post-fire
2025-05-09,,5.590888328703703e-06,-1.6578560532407517e-07,,-5.252519182166673,-6.780453180659786,2025,Post-fire
2025-05-10,,5.42144636574074e-06,-1.6944196296296294e-07,,-5.265884834335793,-6.770979025962718,2025,Post-fire
2025-05-13,,6.343975099537037e-06,-6.25534171296297e-07,,-5.197638530317641,-6.2037489609504695,2025,Post-fire
2025-05-14,,5.797539107638889e-06,-5.464359918981482e-07,,-5.236756313121284,-6.262460702869781,2025,Post-fire
2025-05-15,,5.354300481481481e-06,-4.4323862615740793e-07,,-5.271297260009841,-6.3533623999130615,2025,Post-fire
2025-05-20,,6.016715728009259e-06,-1.0990888159722227e-06,,-5.2206405071510895,-5.958967211372587,2025,Post-fire
2025-05-21,,5.198992337962963e-06,-8.177233900462956e-07,,-5.284080822609286,-6.087393579571173,2025,Post-fire
2025-05-22,,4.471827811342592e-06,-7.27164526620371e-07,,-5.349514927398793,-6.138367315524256,2025,Post-fire
2025-05-23,,4.259359634259259e-06,-2.1246817708333295e-07,,-5.370655689210034,-6.6727061082115755,2025,Post-fire
2025-05-24,,4.09454700925926e-06,-1.648126249999992e-07,,-5.387794138411771,-6.783009523477345,2025,Post-fire
2025-05-27,,3.725418758101852e-06,-1.5050469328703708e-07,,-5.42882490302006,-6.822449956967935,2025,Post-fire
2025-05-28,,3.514353721064815e-06,-2.1106503703703704e-07,,-5.454154528732753,-6.675583701696849,2025,Post-fire
2025-05-25,2025-05-26,3.966763967013889e-06,-2.1862355787037095e-07,Aggregated,-5.401563640431596,-6.660303042286307,2025,Post-fire
2025-05-29,2025-05-31,3.4240816307870368e-06,-1.3145988368055538e-07,Aggregated,-5.465455890204647,-6.881206756331593,2025,Post-fire
2025-06-01,2025-06-02,3.169068608796296e-06,-1.9262962037037103e-07,Aggregated,-5.499068358443306,-6.715276931259682,2025,Post-fire
2025-06-03,2025-06-04,2.9430964890046296e-06,-1.710192152777769e-07,Aggregated,-5.531195499383451,-6.7669550906588825,2025,Post-fire
2025-06-05,2025-06-06,2.779062248263889e-06,-2.2718578472222287e-07,Aggregated,-5.556101725343987,-6.643618846419815,2025,Post-fire
2025-06-07,2025-06-08,2.556761848958334e-06,-1.702203472222211e-07,Aggregated,-5.592309722697177,-6.768988527928477,2025,Post-fire
2025-06-09,2025-06-10,2.399725385127315e-06,-1.4900937615740826e-07,Aggregated,-5.619838454349904,-6.826786403498404,2025,Post-fire
2025-06-15,,2.1386414780092594e-06,-1.6091046180555518e-07,,-5.669862014480652,-6.793415718755419,2025,Post-fire
2025-06-22,,6.508091275462963e-06,-8.463802210648152e-07,,-5.186546364746869,-6.072434494154324,2025,Post-fire
2025-06-23,,3.723442071759259e-06,-2.784649203703704e-06,,-5.429055398396683,-5.555229507309437,2025,Post-fire
2025-06-24,,2.937519775462963e-06,-7.859222962962963e-07,,-5.532019201028111,-6.104620390293831,2025,Post-fire
2025-06-25,,2.63340709375e-06,-3.041126817129628e-07,,-5.579481998887457,-6.516965469092553,2025,Post-fire
2025-06-26,,2.4071123541666668e-06,-2.262947395833333e-07,,-5.618503638160444,-6.645325541478255,2025,Post-fire
2025-06-29,,2.1675031469907407e-06,-1.615659432870371e-07,,-5.664040263300555,-6.791650179460395,2025,Post-fire
2025-06-30,2025-07-02,2.1018781846064817e-06,-1.022602320601853e-07,Aggregated,-5.677392457330716,-6.990293226059476,2025,Post-fire
2025-07-08,2025-07-09,1.7542937662037037e-06,-1.6718874537037088e-07,Aggregated,-5.755897679864752,-6.776792961275332,2025,Post-fire
2025-07-18,,1.0589303333333333e-06,-2.698023229166672e-07,,-5.975132611039016,-6.568954315503449,2025,Post-fire
2025-07-16,2025-07-17,1.438651267650463e-06,-1.7506476504629586e-07,Aggregated,-5.842044467279379,-6.756801254749207,2025,Post-fire
2025-08-11,2025-08-13,8.150297708333333e-07,-7.521649999999991e-08,Aggregated,-6.088826527367386,-7.123686879183381,2025,Post-fire
