START DATE,END DATE,Q,dQdt,Mode,log_Q,log_dQdt,WATERYEAR,Fire
2000-06-13,,4.966950761080001e-05,-1.41366219108e-05,,-4.303910145279036,-4.849654357213268,2000,Pre-fire
2000-06-14,,3.8933109531600005e-05,-1.0736398079200002e-05,,-4.409680908419408,-4.969141394306712,2000,Pre-fire
2000-06-15,,3.1279872611600006e-05,-7.653236919999999e-06,,-4.504735024288399,-5.116154842079405,2000,Pre-fire
2000-06-16,,2.6523932525600006e-05,-4.755940086e-06,,-4.576362085563107,-5.322763625139024,2000,Pre-fire
2000-06-17,,2.1910123982400005e-05,-4.613808543200001e-06,,-4.659355164898454,-5.335940431131988,2000,Pre-fire
2000-06-18,,1.9056559930800004e-05,-2.853564051600001e-06,,-4.719955494983669,-5.54461237475538,2000,Pre-fire
2000-06-19,,1.69136535932e-05,-2.1429063376000033e-06,,-4.771762568394294,-5.668996810737185,2000,Pre-fire
2000-06-20,,1.57000688816e-05,-1.2135847115999998e-06,,-4.80409844218738,-5.9159299033070045,2000,Pre-fire
2000-06-22,,1.5645402903600003e-05,-1.3229166675999993e-06,,-4.805613248333885,-5.878467511777212,2000,Pre-fire
2000-06-23,,1.4672348495200004e-05,-9.730544083999984e-07,,-4.833500366260688,-6.01186287544875,2000,Pre-fire
2000-06-24,,1.3622761717600002e-05,-1.0495867776000024e-06,,-4.865734839770511,-5.978981649054092,2000,Pre-fire
2000-06-25,,1.26606405048e-05,-9.621212128000022e-07,,-4.897544322702244,-6.016770209943492,2000,Pre-fire
2000-06-26,,1.1818784443600002e-05,-8.418560611999981e-07,,-4.927427188140351,-6.074762156921181,2000,Pre-fire
2000-06-27,,1.0922262404400002e-05,-8.965220391999995e-07,,-4.961687393867679,-6.047439029709945,2000,Pre-fire
2000-06-28,,1.0430268602400005e-05,-4.919938019999973e-07,,-4.9817045073895665,-6.308040368318321,2000,Pre-fire
2000-06-29,,1.00366735608e-05,-3.935950416000043e-07,,-4.998410200892419,-6.40495038132637,2000,Pre-fire
2000-06-30,,9.643078519200005e-06,-3.9359504159999583e-07,,-5.015784296961842,-6.404950381326379,2000,Pre-fire
2000-07-01,,9.1948174996e-06,-4.48261019600004e-07,,-5.03645688629575,-6.348469025373922,2000,Pre-fire
2000-07-02,,8.877754827200002e-06,-3.170626723999986e-07,,-5.051696852852486,-6.498854884194707,2000,Pre-fire
2000-07-03,,8.757489675600001e-06,-1.202651516000007e-07,,-5.057620366009424,-6.919860196935434,2000,Pre-fire
2000-07-04,,8.593491741600002e-06,-1.639979339999991e-07,,-5.065830336054254,-6.7851616230379825,2000,Pre-fire
2000-07-05,,8.298295460400001e-06,-2.951962812000011e-07,,-5.081011106198181,-6.5298891179346725,2000,Pre-fire
2000-07-06,,7.9047004188e-06,-3.935950416000009e-07,,-5.102114584799131,-6.4049503813263735,2000,Pre-fire
2000-07-07,,7.5767045508e-06,-3.279958679999999e-07,,-5.120519647481855,-6.4841316273739995,2000,Pre-fire
2000-07-08,,7.336174247600002e-06,-2.40530303199998e-07,,-5.13453036192467,-6.618830201271459,2000,Pre-fire
2000-07-09,,6.9863119884000005e-06,-3.4986225920000166e-07,,-5.155752023935261,-6.456102903773754,2000,Pre-fire
2000-07-10,,6.581783751200001e-06,-4.0452823719999967e-07,,-5.181656390835837,-6.393051158026667,2000,Pre-fire
2000-07-11,,6.210055100800001e-06,-3.717286504e-07,,-5.206904546382643,-6.429773965051407,2000,Pre-fire
2000-07-12,,6.035123971200001e-06,-1.7493112959999956e-07,,-5.219313804364463,-6.757132899437738,2000,Pre-fire
2000-07-13,,5.739927690000001e-06,-2.9519628120000026e-07,,-5.241093578687705,-6.529889117934674,2000,Pre-fire
2000-07-14,,5.597796147200001e-06,-1.421315427999999e-07,,-5.251982921117831,-6.847309529786825,2000,Pre-fire
2000-07-15,,5.390065430800001e-06,-2.0773071640000006e-07,,-5.2684059628164315,-6.682499281140832,2000,Pre-fire
2000-07-16,,5.094869149600002e-06,-2.951962811999994e-07,,-5.292866965403661,-6.529889117934675,2000,Pre-fire
2000-07-18,,4.701274108000001e-06,-3.061294768000007e-07,,-5.327784426514075,-6.514094850751442,2000,Pre-fire
2000-07-19,,4.6028753476e-06,-9.839876040000065e-08,,-5.336970786257994,-7.007010372654334,2000,Pre-fire
2000-07-20,,4.504476587200001e-06,-9.839876039999896e-08,,-5.346355666060527,-7.007010372654341,2000,Pre-fire
2000-07-21,,4.384211435600001e-06,-1.2026515159999986e-07,,-5.358108509473479,-6.919860196935438,2000,Pre-fire
2000-07-22,,4.2639462840000006e-06,-1.202651516000007e-07,,-5.370188275067163,-6.919860196935434,2000,Pre-fire
2000-07-24,,4.001549589600001e-06,-1.858643252e-07,,-5.397771796699251,-6.730803960715388,2000,Pre-fire
2000-07-25,,3.6516873304e-06,-3.498622592000008e-07,,-5.4375064152820975,-6.456102903773755,2000,Pre-fire
2000-07-26,,3.542355374400001e-06,-1.0933195599999898e-07,,-5.450707871887049,-6.961252882093666,2000,Pre-fire
2000-07-27,2000-07-28,3.4794894997000008e-06,-1.2026515160000028e-07,Aggregated,-5.458484469767969,-6.919860196935436,2000,Pre-fire
2000-07-30,,3.2799586800000004e-06,-1.5306473839999993e-07,,-5.4841316273739995,-6.815124846415424,2000,Pre-fire
2000-07-31,,3.1596935284e-06,-1.2026515160000028e-07,,-5.500355039337114,-6.919860196935436,2000,Pre-fire
2000-08-02,,2.9519628120000005e-06,-1.2026515160000028e-07,,-5.529889117934674,-6.919860196935436,2000,Pre-fire
2000-08-04,,2.7223657044e-06,-1.4213154280000033e-07,,-5.565053534997926,-6.847309529786824,2000,Pre-fire
2000-08-07,,2.5037017924000007e-06,-1.3119834719999946e-07,,-5.601417399753774,-6.882071636046039,2000,Pre-fire
2000-08-08,,2.3834366408000004e-06,-1.2026515160000028e-07,,-5.622796388489057,-6.919860196935436,2000,Pre-fire
2000-08-09,,2.252238293600001e-06,-1.3119834719999946e-07,,-5.647385661724508,-6.882071636046039,2000,Pre-fire
2000-08-12,,2.0445075772000005e-06,-9.83987603999998e-08,,-5.689411275557163,-7.007010372654338,2000,Pre-fire
2000-08-15,,1.7055785136000004e-06,-1.8586432519999958e-07,,-5.7681282837392,-6.730803960715389,2000,Pre-fire
2000-08-10,2000-08-11,2.1866391200000004e-06,-1.0933195600000068e-07,Aggregated,-5.660222886429681,-6.9612528820936594,2000,Pre-fire
2000-08-13,2000-08-14,1.9734418058e-06,-1.5306473840000057e-07,Aggregated,-5.704775675851985,-6.815124846415422,2000,Pre-fire
2000-08-20,,1.5197141884e-06,-1.2026515160000028e-07,,-5.818238081839566,-6.919860196935436,2000,Pre-fire
2000-08-21,2000-08-23,1.4486484170000002e-06,-8.199896699999987e-08,Aggregated,-5.8390370038208355,-7.086191618701962,2000,Pre-fire
2000-08-24,2000-08-25,1.3037835753000004e-06,-1.2026515160000028e-07,Aggregated,-5.88479449438151,-6.919860196935436,2000,Pre-fire
2000-08-28,,1.0933195600000002e-06,-1.2026515160000028e-07,,-5.961252882093661,-6.919860196935436,2000,Pre-fire
2001-05-17,,5.018336780400001e-05,-1.0277203864000005e-05,,-4.2994401965564,-4.988125028493963,2001,Pre-fire
2001-05-18,,4.149147730200001e-05,-8.691890502000002e-06,,-4.382041101862162,-5.060885753437192,2001,Pre-fire
2001-05-19,,3.4691029638800004e-05,-6.800447663200003e-06,,-4.459782809993249,-5.167462497402843,2001,Pre-fire
2001-05-20,,2.95086949244e-05,-5.182334714400004e-06,,-4.530049997537145,-5.285474540419576,2001,Pre-fire
2001-05-21,,2.6228736244400007e-05,-3.2799586799999923e-06,,-4.581222634125831,-5.484131627374,2001,Pre-fire
2001-05-22,,2.3079975911600006e-05,-3.1487603328000005e-06,,-4.636764648786005,-5.501860394334431,2001,Pre-fire
2001-05-23,,2.07293388576e-05,-2.350637054000006e-06,,-4.683414549091614,-5.628814422178055,2001,Pre-fire
2001-05-24,,1.8837896018800005e-05,-1.8914428387999955e-06,,-4.7249676046456335,-5.723206778964867,2001,Pre-fire
2001-05-25,,1.7427513786400002e-05,-1.4103822324000028e-06,,-4.758764565033568,-5.8506631717944115,2001,Pre-fire
2001-05-26,,1.6487258964800003e-05,-9.402548215999996e-07,,-4.782851540559906,-6.026754430850094,2001,Pre-fire
2001-05-27,,1.5645402903600003e-05,-8.418560611999998e-07,,-4.805613248333885,-6.07476215692118,2001,Pre-fire
2001-05-28,,1.5000344363200004e-05,-6.450585403999985e-07,,-4.823898770722929,-6.190400870451518,2001,Pre-fire
2001-05-29,,1.41475551064e-05,-8.527892568000045e-07,,-4.84931860576098,-6.069158279403179,2001,Pre-fire
2001-05-30,,1.33603650232e-05,-7.871900832000001e-07,,-4.874181676187126,-6.103920385662393,2001,Pre-fire
2001-05-31,,1.24857093752e-05,-8.746556480000003e-07,,-4.903586778183833,-6.058162895101718,2001,Pre-fire
2001-06-01,,1.2245179072000005e-05,-2.4053030319999463e-07,,-4.91203485942348,-6.618830201271465,2001,Pre-fire
2001-06-07,,1.10862603384e-05,-1.967975208000003e-06,,-4.955214927096344,-5.705980376990355,2001,Pre-fire
2001-06-08,,1.0113205930000004e-05,-9.73054408399995e-07,,-4.995111149354629,-6.0118628754487515,2001,Pre-fire
2001-06-09,,9.4790805852e-06,-6.34125344800004e-07,,-5.023233784617451,-6.197824888530722,2001,Pre-fire
2001-06-10,,8.834022044800002e-06,-6.450585403999985e-07,,-5.053841521319075,-6.190400870451518,2001,Pre-fire
2001-06-13,,9.2494834776e-06,-2.0117079904000013e-06,,-5.033882519054639,-5.696435059084125,2001,Pre-fire
2001-06-14,,8.429493807600001e-06,-8.199896699999989e-07,,-5.0741985040427044,-6.086191618701962,2001,Pre-fire
2001-06-15,,7.828168049600001e-06,-6.013257580000001e-07,,-5.106339859785806,-6.220890192599418,2001,Pre-fire
2001-06-16,,7.390840225600001e-06,-4.3732782400000017e-07,,-5.131306186152026,-6.3591928907657,2001,Pre-fire
2001-06-17,,7.040977966400001e-06,-3.4986225919999996e-07,,-5.15236701473385,-6.456102903773756,2001,Pre-fire
2001-06-18,,6.7567148808e-06,-2.8426308560000066e-07,,-5.170264407004846,-6.546279534122843,2001,Pre-fire
2001-06-19,,6.4396522084e-06,-3.170626724000003e-07,,-5.19113758730656,-6.498854884194706,2001,Pre-fire
2001-06-20,,6.1991219052e-06,-2.405303031999997e-07,,-5.207669823200755,-6.618830201271456,2001,Pre-fire
2001-06-21,,6.013257580000001e-06,-1.8586432519999916e-07,,-5.220890192599418,-6.73080396071539,2001,Pre-fire
2001-06-22,,5.805526863600002e-06,-2.077307163999992e-07,,-5.236158361012192,-6.682499281140834,2001,Pre-fire
2001-06-23,,5.674328516400001e-06,-1.3119834720000115e-07,,-5.246085524245204,-6.8820716360460334,2001,Pre-fire
2001-06-28,,6.133522731600001e-06,-9.839876039999997e-07,,-5.2122900208375,-6.007010372654337,2001,Pre-fire
2001-06-29,,5.674328516400001e-06,-4.591942152000002e-07,,-5.246085524245204,-6.338003591695761,2001,Pre-fire
2001-06-30,,5.3353994528000005e-06,-3.3892906360000036e-07,,-5.272833060090951,-6.469891188259389,2001,Pre-fire
2001-07-01,,5.073002758400001e-06,-2.6239669439999976e-07,,-5.294734901538781,-6.581041640382056,2001,Pre-fire
2001-07-02,,4.8215392596000014e-06,-2.514634987999993e-07,,-5.316814292625823,-6.59952504607607,2001,Pre-fire
2001-07-03,,4.6138085432000005e-06,-2.077307164000009e-07,,-5.335940431131988,-6.682499281140831,2001,Pre-fire
2001-07-04,,4.438877413600001e-06,-1.7493112959999956e-07,,-5.352726848516467,-6.757132899437738,2001,Pre-fire
2001-07-05,,4.340478653200001e-06,-9.83987603999998e-08,,-5.362462375330547,-7.007010372654338,2001,Pre-fire
2001-07-06,,4.1983471104e-06,-1.4213154280000075e-07,,-5.376921657726131,-6.8473095297868225,2001,Pre-fire
2001-07-07,,4.099948350000001e-06,-9.83987603999998e-08,,-5.387221614365943,-7.007010372654338,2001,Pre-fire
2001-07-08,,3.957816807200001e-06,-1.421315427999999e-07,,-5.402544311560496,-6.847309529786825,2001,Pre-fire
2001-07-09,,3.8375516556e-06,-1.202651516000007e-07,,-5.415945765627837,-6.919860196935434,2001,Pre-fire
2001-07-12,,5.138601932e-06,-2.044507577200001e-06,,-5.289155024157944,-5.689411275557163,2001,Pre-fire
2001-07-13,,4.285812675200001e-06,-8.527892567999994e-07,,-5.3679668150732045,-6.069158279403181,2001,Pre-fire
2001-07-14,,3.8922176336000005e-06,-3.9359504160000006e-07,,-5.409802884120786,-6.404950381326374,2001,Pre-fire
2001-07-15,,3.673553721600001e-06,-2.1866391199999966e-07,,-5.434913604703818,-6.660222886429681,2001,Pre-fire
2001-07-16,,3.4767562008000004e-06,-1.9679752080000046e-07,,-5.458825762109229,-6.705980376990355,2001,Pre-fire
2001-07-17,,3.3018250712000004e-06,-1.7493112959999998e-07,,-5.481245939136511,-6.757132899437737,2001,Pre-fire
2001-07-22,,2.919163225200001e-06,-1.2026515159999943e-07,,-5.534741620729086,-6.9198601969354385,2001,Pre-fire
2001-07-18,2001-07-19,3.2389591965e-06,-1.4213154280000033e-07,Aggregated,-5.489594523075501,-6.847309529786824,2001,Pre-fire
2001-07-20,2001-07-21,3.0968276537000003e-06,-1.2026515159999986e-07,Aggregated,-5.509082963558227,-6.919860196935438,2001,Pre-fire
2001-07-23,2001-07-24,2.8590306494000005e-06,-1.311983472000003e-07,Aggregated,-5.543781188890368,-6.882071636046036,2001,Pre-fire
2001-07-31,,2.8863636384000003e-06,-7.215909096000004e-07,,-5.53964895522383,-6.141708946551793,2001,Pre-fire
2001-08-01,,2.6130337484e-06,-2.733298900000002e-07,,-5.582854981145524,-6.563312873421624,2001,Pre-fire
2001-08-02,,2.438102618800001e-06,-1.7493112959999913e-07,,-5.612948019045501,-6.757132899437739,2001,Pre-fire
2001-08-05,,2.1975723156000004e-06,-1.2026515159999986e-07,,-5.658056824673173,-6.919860196935438,2001,Pre-fire
2001-08-06,,2.0882403596e-06,-1.0933195600000025e-07,,-5.680219514845934,-6.96125288209366,2001,Pre-fire
2001-08-09,,1.8258436652e-06,-1.2026515160000028e-07,,-5.738536410946079,-6.919860196935436,2001,Pre-fire
2001-08-03,2001-08-04,2.3861699397000008e-06,-1.202651516000007e-07,Aggregated,-5.622298629716054,-6.919860196935434,2001,Pre-fire
2001-08-07,2001-08-08,2.0199078871000005e-06,-1.421315427999999e-07,Aggregated,-5.694668435026799,-6.847309529786825,2001,Pre-fire
2001-08-10,2001-08-11,1.7793775839000002e-06,-9.83987603999998e-08,Aggregated,-5.749731884853432,-7.007010372654338,2001,Pre-fire
2001-08-12,2001-08-13,1.6563791334000002e-06,-1.3119834719999988e-07,Aggregated,-5.780840249255338,-6.882071636046037,2001,Pre-fire
2001-08-14,2001-08-16,1.5525137752000002e-06,-4.91993801999999e-08,Aggregated,-5.808964537710605,-7.308040368318319,2001,Pre-fire
2001-08-17,2001-08-19,1.4377152214000002e-06,-6.559917360000015e-08,Aggregated,-5.842327129267885,-7.183101631710017,2001,Pre-fire
2001-08-20,2001-08-21,1.3201833687000002e-06,-9.839876040000002e-08,Aggregated,-5.879365742670112,-7.007010372654337,2001,Pre-fire
2001-08-24,,1.6509125356000002e-06,-1.3666494500000004e-06,,-5.782275934800492,-5.864342869085605,2001,Pre-fire
2001-08-25,,1.4759814060000002e-06,-1.7493112959999998e-07,,-5.830919113598656,-6.757132899437737,2001,Pre-fire
2001-08-26,,1.3666494500000002e-06,-1.0933195600000004e-07,,-5.864342869085605,-6.961252882093661,2001,Pre-fire
2001-08-27,2001-08-28,1.3147167709e-06,-1.2026515160000028e-07,Aggregated,-5.881167797047793,-6.919860196935436,2001,Pre-fire
2001-08-29,2001-08-31,1.1862517226000002e-06,-7.106577139999985e-08,Aggregated,-5.925823143909113,-7.148339525450807,2001,Pre-fire
2001-09-01,2001-09-04,1.0577866743e-06,-4.37327824000001e-08,Aggregated,-5.975601908402712,-7.359192890765699,2001,Pre-fire
2002-04-15,,0.000193025568318,-0.0001722306302868,,-3.7143851601945457,-3.7638896090869425,2002,Pre-fire
2002-04-16,,0.0001306188878332,-6.240668048479998e-05,,-3.883994018400714,-4.2047689176510525,2002,Pre-fire
2002-04-17,,9.060339193720002e-05,-4.001549589599999e-05,,-4.042855543249962,-4.397771796699251,2002,Pre-fire
2002-04-18,,6.936019288640001e-05,-2.1243199050800012e-05,,-4.158889707784114,-4.672780081493879,2002,Pre-fire
2002-04-19,,5.8077135027200006e-05,-1.1283057859200002e-05,,-4.235994815733701,-4.947573184802469,2002,Pre-fire
2002-04-20,,5.00084366744e-05,-8.068698352800004e-06,,-4.300956721822932,-5.09319652027062,2002,Pre-fire
2002-04-21,,4.56898244124e-05,-4.3186122619999986e-06,,-4.340180510950036,-5.3646557864672015,2002,Pre-fire
2002-04-22,,4.4137310637200005e-05,-1.5525137751999977e-06,,-4.355194132683347,-5.808964537710606,2002,Pre-fire
2002-04-23,,4.21584022336e-05,-1.9789084036000025e-06,,-4.375115856862869,-5.703574307224477,2002,Pre-fire
2002-04-24,,3.8364583360400005e-05,-3.7938188731999974e-06,,-4.416069513878256,-5.420923407302788,2002,Pre-fire
2002-04-25,,3.7817923580400005e-05,-5.466597800000004e-07,,-4.4223023200793,-6.2622828777576425,2002,Pre-fire
2002-04-26,,3.5773416003200005e-05,-2.0445075772e-06,,-4.4464395870943765,-5.689411275557163,2002,Pre-fire
2002-04-27,,3.38273071864e-05,-1.9461088168000037e-06,,-4.470732572730313,-5.710832879784767,2002,Pre-fire
2002-04-28,,3.02630854208e-05,-3.5642217656000023e-06,,-4.519086796308941,-5.448035282025723,2002,Pre-fire
2002-04-29,,2.8688705254400005e-05,-1.5743801663999935e-06,,-4.542289051390039,-5.802890389998414,2002,Pre-fire
2002-04-30,,2.8426308560000008e-05,-2.623966943999972e-07,,-4.546279534122844,-6.58104164038206,2002,Pre-fire
2002-05-01,,2.5802341616e-05,-2.6239669440000095e-06,,-4.588340879123555,-5.581041640382054,2002,Pre-fire
2002-05-02,,2.3965564755200005e-05,-1.836776860799994e-06,,-4.62041233228133,-5.735943600367801,2002,Pre-fire
2002-05-03,,2.2489583349200004e-05,-1.4759814060000005e-06,,-4.648018590398937,-5.830919113598656,2002,Pre-fire
2002-05-04,,2.0226411860000005e-05,-2.263171489199999e-06,,-4.6940811536906475,-5.645282536636744,2002,Pre-fire
2002-05-05,,1.87394972584e-05,-1.4869146016000068e-06,,-4.727242064506482,-5.8277139737234425,2002,Pre-fire
2002-05-06,,1.7875774806000003e-05,-8.637224523999956e-07,,-4.747735125097357,-6.063625790803223,2002,Pre-fire
2002-05-07,,1.6498192160400002e-05,-1.3775826456000006e-06,,-4.782563642318072,-5.860882336976099,2002,Pre-fire
2002-05-08,,1.4880079211600002e-05,-1.6181129488000004e-06,,-4.827394756890327,-5.790991166698705,2002,Pre-fire
2002-05-09,,1.4169421497600002e-05,-7.106577139999995e-07,,-4.848647880559088,-6.148339525450806,2002,Pre-fire
2002-05-10,,1.3568095739600002e-05,-6.013257580000001e-07,,-4.867481100594932,-6.220890192599418,2002,Pre-fire
2002-05-11,,1.2824638438800004e-05,-7.434573007999983e-07,,-4.891954869978132,-6.128743969387426,2002,Pre-fire
2002-05-12,,1.24419765928e-05,-3.826618460000047e-07,,-4.905110620034609,-6.417184837743381,2002,Pre-fire
2002-05-13,,1.2321711441200002e-05,-1.2026515159999731e-07,,-4.909328966047555,-6.9198601969354465,2002,Pre-fire
2002-05-14,,1.21467803116e-05,-1.749311296000021e-07,,-4.915538823152795,-6.757132899437732,2002,Pre-fire
2002-05-15,,1.1447055793200002e-05,-6.997245183999982e-07,,-4.941306200414819,-6.1550729081097755,2002,Pre-fire
2002-05-16,,1.09113292088e-05,-5.357265844000008e-07,,-4.962122340806291,-6.271056802065147,2002,Pre-fire
2002-05-17,,1.05396005584e-05,-3.717286504e-07,,-4.977175848190831,-6.429773965051407,2002,Pre-fire
2002-05-18,,1.01241391256e-05,-4.154614328000001e-07,,-4.9946418954117275,-6.381469285476851,2002,Pre-fire
2002-05-19,,9.599345736800004e-06,-5.247933887999961e-07,,-5.017758366187559,-6.280011644718078,2002,Pre-fire
2002-05-20,,9.5009469764e-06,-9.839876040000489e-08,,-5.022233105644995,-7.007010372654316,2002,Pre-fire
2002-05-23,,9.861742431200002e-06,-1.0058539952000006e-06,,-5.00604634455172,-5.9974650547481065,2002,Pre-fire
2002-05-24,,9.0636191524e-06,-7.981232788000014e-07,,-5.042698351543388,-6.097930021973205,2002,Pre-fire
2002-05-25,,8.462293394400002e-06,-6.013257579999984e-07,,-5.0725119214107695,-6.220890192599419,2002,Pre-fire
2002-05-26,,7.9484332012e-06,-5.138601932000016e-07,,-5.099718471234624,-6.289155024157943,2002,Pre-fire
2002-05-30,,1.1283057859200002e-05,-2.8644972471999973e-06,,-4.947573184802469,-5.542951590773916,2002,Pre-fire
2002-05-31,,1.0025740365200002e-05,-1.257317494e-06,,-4.998883546423641,-5.90055504174005,2002,Pre-fire
2002-06-01,,8.998019978800001e-06,-1.0277203864000015e-06,,-5.045853046881392,-5.988125028493962,2002,Pre-fire
2002-06-02,,8.221763091200002e-06,-7.762568875999988e-07,,-5.085035041502019,-6.1099945333745875,2002,Pre-fire
2002-06-03,,7.970299592400001e-06,-2.51463498800001e-07,,-5.098525353775687,-6.599525046076067,2002,Pre-fire
2002-06-04,,7.784435267200001e-06,-1.858643252e-07,,-5.108772888456805,-6.730803960715388,2002,Pre-fire
2002-06-05,,7.303374660800001e-06,-4.810606064000003e-07,,-5.136476419618116,-6.317800205607474,2002,Pre-fire
2002-06-06,,6.767648076400001e-06,-5.357265844e-07,,-5.169562233073544,-6.271056802065148,2002,Pre-fire
2002-06-07,,6.527117773200001e-06,-2.405303031999997e-07,,-5.185278550964292,-6.618830201271456,2002,Pre-fire
2002-06-10,,6.1991219052e-06,-1.8586432520000085e-07,,-5.207669823200755,-6.730803960715386,2002,Pre-fire
2002-06-11,,5.903925624000001e-06,-2.951962811999994e-07,,-5.228859122270693,-6.529889117934675,2002,Pre-fire
2002-06-12,,5.663395320800001e-06,-2.405303031999997e-07,,-5.246923122348429,-6.618830201271456,2002,Pre-fire
2002-06-13,,5.4447314088e-06,-2.1866391200000135e-07,,-5.2640235393339445,-6.660222886429678,2002,Pre-fire
2002-06-14,,5.204201105600001e-06,-2.4053030319999886e-07,,-5.283645929373169,-6.618830201271457,2002,Pre-fire
2002-06-16,,5.029269976000001e-06,-1.530647383999995e-07,,-5.298495050412088,-6.815124846415425,2002,Pre-fire
2002-06-08,2002-06-09,6.447852105100001e-06,-1.421315427999999e-07,Aggregated,-5.190584932536028,-6.847309529786825,2002,Pre-fire
2002-06-19,,6.3193870568e-06,-2.208505511200001e-06,,-5.199325043673133,-5.655901512647038,2002,Pre-fire
2002-06-20,,5.882059232800002e-06,-4.3732782399999847e-07,,-5.230470606427272,-6.3591928907657005,2002,Pre-fire
2002-06-21,,5.532196973600002e-06,-3.4986225919999996e-07,,-5.257102365253862,-6.456102903773756,2002,Pre-fire
2002-06-22,,5.1823347144e-06,-3.4986225920000166e-07,,-5.285474540419576,-6.456102903773754,2002,Pre-fire
2002-06-23,,4.865272042000001e-06,-3.1706267239999946e-07,,-5.31289287111273,-6.4988548841947065,2002,Pre-fire
2002-06-24,,4.6247417388e-06,-2.4053030320000056e-07,,-5.33491251471862,-6.618830201271455,2002,Pre-fire
2002-06-25,,4.406077826800001e-06,-2.186639119999988e-07,,-5.355947835952552,-6.660222886429683,2002,Pre-fire
2002-06-26,,4.2420798928000005e-06,-1.639979340000008e-07,,-5.372421156499454,-6.785161623037978,2002,Pre-fire
2002-06-27,,4.110881545600001e-06,-1.3119834719999946e-07,,-5.386065037166,-6.882071636046039,2002,Pre-fire
2002-06-30,,4.9855371936000005e-06,-2.2194387068000013e-06,,-5.302288039429227,-5.653756844180449,2002,Pre-fire
2002-07-01,,4.427944218000001e-06,-5.575929755999992e-07,,-5.353797858878993,-6.253682705995726,2002,Pre-fire
2002-07-02,,4.121814741200001e-06,-3.061294768000007e-07,,-5.384911531887869,-6.514094850751442,2002,Pre-fire
2002-07-03,,3.8594180468e-06,-2.623966944000006e-07,,-5.413478176705839,-6.581041640382055,2002,Pre-fire
2002-07-04,,3.684486917200001e-06,-1.7493112959999913e-07,,-5.433622981222323,-6.757132899437739,2002,Pre-fire
2002-07-05,,3.5204889832000005e-06,-1.6399793400000038e-07,,-5.453397010397831,-6.78516162303798,2002,Pre-fire
2002-07-06,,3.4111570272000007e-06,-1.0933195599999983e-07,,-5.467098288075219,-6.961252882093662,2002,Pre-fire
2002-07-08,,3.2471590932000003e-06,-1.0933195599999983e-07,,-5.488496432776449,-6.961252882093662,2002,Pre-fire
2002-07-09,,3.0940943548000004e-06,-1.5306473839999993e-07,,-5.5094664465693715,-6.815124846415424,2002,Pre-fire
2002-07-10,2002-07-11,3.012095387800001e-06,-1.530647383999995e-07,Aggregated,-5.521131278905858,-6.815124846415425,2002,Pre-fire
2002-07-12,2002-07-13,2.859030649400001e-06,-1.5306473840000035e-07,Aggregated,-5.543781188890368,-6.815124846415423,2002,Pre-fire
2002-07-14,2002-07-15,2.7004993132000003e-06,-1.749311296000004e-07,Aggregated,-5.568555928833996,-6.757132899437736,2002,Pre-fire
2002-07-16,2002-07-17,2.5529011726e-06,-1.311983472000003e-07,Aggregated,-5.592965997191531,-6.882071636046036,2002,Pre-fire
2002-07-18,2002-07-20,2.4053030320000005e-06,-6.013257579999972e-08,Aggregated,-5.6188302012714555,-7.22089019259942,2002,Pre-fire
2002-07-24,,2.3397038584000003e-06,-8.746556480000003e-07,,-5.630839108744471,-6.058162895101718,2002,Pre-fire
2002-07-25,,2.1647727288000004e-06,-1.7493112959999998e-07,,-5.66458769183213,-6.757132899437737,2002,Pre-fire
2002-07-28,,1.91330923e-06,-1.2026515160000028e-07,,-5.718214833407368,-6.919860196935436,2002,Pre-fire
2002-07-26,2002-07-27,2.0991735552e-06,-1.3119834719999988e-07,Aggregated,-5.677951653390112,-6.882071636046037,2002,Pre-fire
2002-07-29,2002-07-30,1.8367768608e-06,-1.3119834719999988e-07,Aggregated,-5.735943600367799,-6.882071636046037,2002,Pre-fire
2002-07-31,2002-08-01,1.7137784103000003e-06,-1.4213154280000012e-07,Aggregated,-5.766045332590908,-6.847309529786824,2002,Pre-fire
2002-08-04,2002-08-07,1.5415805796000002e-06,-5.102157946666685e-08,Aggregated,-5.8120337694382815,-7.292246101135085,2002,Pre-fire
2002-08-08,2002-08-10,1.3721160478000004e-06,-4.91993801999999e-08,Aggregated,-5.862609156276605,-7.308040368318319,2002,Pre-fire
2002-08-11,2002-08-12,1.2682506896000004e-06,-1.0933195599999962e-07,Aggregated,-5.896794892866743,-6.961252882093663,2002,Pre-fire
2002-08-13,2002-08-14,1.1397856413000004e-06,-1.2026515160000028e-07,Aggregated,-5.943176818447866,-6.919860196935436,2002,Pre-fire
2002-08-21,,1.3775826456000002e-06,-9.839876040000002e-08,,-5.860882336976099,-7.007010372654337,2002,Pre-fire
2002-08-22,,1.147985538e-06,-2.2959710760000032e-07,,-5.940063583023724,-6.639033587359742,2002,Pre-fire
2002-08-25,,9.29321626e-07,-1.749311296000002e-07,,-6.031833956379369,-6.757132899437736,2002,Pre-fire
2002-08-26,2002-08-27,8.637224524000001e-07,-1.3119834719999988e-07,Aggregated,-6.06362579080322,-6.882071636046037,2002,Pre-fire
2002-08-28,2002-08-29,7.243242085000001e-07,-1.421315428e-07,Aggregated,-6.140066999484816,-6.847309529786825,2002,Pre-fire
2002-08-30,2002-09-02,5.985924591000001e-07,-3.644398533333335e-08,Aggregated,-6.222868758581506,-7.438374136813324,2002,Pre-fire
2002-09-05,2002-09-06,6.013257580000001e-07,-1.3119834719999999e-07,Aggregated,-6.220890192599418,-6.882071636046037,2002,Pre-fire
2003-04-12,,8.63066460664e-05,-1.2387310614799996e-05,,-4.063955760034165,-4.907022972230265,2003,Pre-fire
2003-04-13,,8.127737609040001e-05,-5.029269975999993e-06,,-4.090030325333955,-5.298495050412089,2003,Pre-fire
2003-04-14,,7.06175103804e-05,-1.0659865710000005e-05,,-4.151087597550512,-4.972248266395125,2003,Pre-fire
2003-04-15,,5.9848312714400016e-05,-1.0769197665999987e-05,,-4.222948089019557,-4.967816651596051,2003,Pre-fire
2003-04-16,,5.537663571400001e-05,-4.4716770004000065e-06,,-4.2566734323973625,-5.349529574086319,2003,Pre-fire
2003-04-19,,5.983737951880001e-05,-6.428719012800003e-06,,-4.223027433951157,-5.191875556017523,2003,Pre-fire
2003-04-20,,5.149535127600001e-05,-8.342028242800001e-06,,-4.2882319749647655,-5.078728344138781,2003,Pre-fire
2003-04-21,,4.556955926080001e-05,-5.925792015200001e-06,,-4.341325171802193,-5.227253595555275,2003,Pre-fire
2003-04-22,,3.992803033120001e-05,-5.641528929599998e-06,,-4.3987221132314005,-5.248603180466451,2003,Pre-fire
2003-04-23,,3.78616563628e-05,-2.066373968400013e-06,,-4.421800390544201,-5.684791077920415,2003,Pre-fire
2003-04-25,,4.257386366640001e-05,-1.3775826455999973e-06,,-4.370856934909649,-5.8608823369761,2003,Pre-fire
2003-04-26,,4.10104166956e-05,-1.5634469708000108e-06,,-4.387105817942939,-5.805916844628597,2003,Pre-fire
2003-04-27,,3.91627066392e-05,-1.8477100564000005e-06,,-4.407127300580649,-5.733366177479988,2003,Pre-fire
2003-04-28,,3.511742426720001e-05,-4.045282371999988e-06,,-4.454477345487018,-5.393051158026668,2003,Pre-fire
2003-04-29,,3.213266186840001e-05,-2.9847623987999997e-06,,-4.493053296021049,-5.525090235052906,2003,Pre-fire
2003-04-30,,2.9683626054e-05,-2.449035814400009e-06,,-4.527483048168796,-5.611004863759497,2003,Pre-fire
2003-05-01,,2.7015926327600005e-05,-2.6676997263999943e-06,,-4.568380136691582,-5.573863055754933,2003,Pre-fire
2003-05-02,,2.4566890513200003e-05,-2.4490358144000023e-06,,-4.609649809674533,-5.611004863759499,2003,Pre-fire
2003-05-03,,2.26426480876e-05,-1.9242424256000045e-06,,-4.645072783200209,-5.715740214279511,2003,Pre-fire
2003-05-06,,3.716193184440001e-05,-2.5911673572000005e-06,,-4.429901717510602,-5.586504536083558,2003,Pre-fire
2003-05-07,,3.3685175643600006e-05,-3.476756200800002e-06,,-4.472561183776721,-5.458825762109229,2003,Pre-fire
2003-05-08,,3.159693528400001e-05,-2.0882403595999985e-06,,-4.500355039337114,-5.680219514845935,2003,Pre-fire
2003-05-09,,2.9016701122400004e-05,-2.5802341616000043e-06,,-4.537351963565245,-5.588340879123554,2003,Pre-fire
2003-05-10,,2.71252582836e-05,-1.8914428388000023e-06,,-4.5666261178214524,-5.723206778964866,2003,Pre-fire
2003-05-11,,2.6491132938800004e-05,-6.341253447999972e-07,,-4.576899467956156,-6.197824888530726,2003,Pre-fire
2003-05-12,,2.6010072332400005e-05,-4.810606063999994e-07,,-4.584858440056395,-6.317800205607475,2003,Pre-fire
2003-05-13,,2.39546315596e-05,-2.055440772800003e-06,,-4.620610504532956,-5.687095032829982,2003,Pre-fire
2003-05-14,,2.1669593679200004e-05,-2.285037880399998e-06,,-4.664149231944405,-5.641106595982608,2003,Pre-fire
2003-05-15,,2.0062413926000005e-05,-1.607179753199999e-06,,-4.697616813505554,-5.793935547345486,2003,Pre-fire
2003-05-16,,1.919869147360001e-05,-8.637224523999956e-07,,-4.716728370523578,-6.063625790803223,2003,Pre-fire
2003-05-17,,1.84661673684e-05,-7.325241052000072e-07,,-4.733623232522653,-6.135178079392831,2003,Pre-fire
2003-05-18,,1.7405647395200003e-05,-1.0605199731999986e-06,,-4.759309818692011,-5.974481147827418,2003,Pre-fire
2003-05-19,,1.6137396705600002e-05,-1.2682506896000012e-06,,-4.792166524606639,-5.896794892866743,2003,Pre-fire
2003-05-20,,1.56126033168e-05,-5.247933888000012e-07,,-4.806524674653506,-6.280011644718074,2003,Pre-fire
2003-05-21,,1.4880079211600002e-05,-7.325241051999987e-07,,-4.827394756890327,-6.135178079392836,2003,Pre-fire
2003-05-22,,1.4442751387600004e-05,-4.373278239999976e-07,,-4.840350064479135,-6.359192890765701,2003,Pre-fire
2003-05-23,,1.4038223150400004e-05,-4.045282372000005e-07,,-4.852687858360827,-6.393051158026666,2003,Pre-fire
2003-05-24,,1.3469696979200002e-05,-5.685261712000013e-07,,-4.870642174265255,-6.245249538458862,2003,Pre-fire
2003-05-26,,1.3196367089200002e-05,-5.685261711999979e-07,,-4.8795456119963125,-6.245249538458864,2003,Pre-fire
2003-05-27,,1.2584108135600002e-05,-6.122589535999997e-07,,-4.90017755846387,-6.213064855087461,2003,Pre-fire
2003-05-28,,1.20374483556e-05,-5.466597800000021e-07,,-4.91946556312191,-6.262282877757642,2003,Pre-fire
2003-05-29,,1.1436122597600002e-05,-6.013257579999984e-07,,-4.941721197562406,-6.220890192599419,2003,Pre-fire
2003-05-30,,1.1217458685600005e-05,-2.1866391199999712e-07,,-4.950105521317864,-6.660222886429686,2003,Pre-fire
2003-05-31,,1.08457300352e-05,-3.717286504000051e-07,,-4.964741209939483,-6.4297739650514005,2003,Pre-fire
2003-06-01,,1.02662706684e-05,-5.794593667999992e-07,,-4.988587289827551,-6.236977012492873,2003,Pre-fire
2003-06-02,,9.719610888400002e-06,-5.466597799999987e-07,,-5.012351121123448,-6.262282877757644,2003,Pre-fire
2003-06-03,,9.4134814116e-06,-3.061294768000024e-07,,-5.026249730640007,-6.514094850751439,2003,Pre-fire
2003-06-04,,8.9542871964e-06,-4.591942151999985e-07,,-5.047968980333243,-6.338003591695763,2003,Pre-fire
2003-06-05,,8.637224524000002e-06,-3.170626723999986e-07,,-5.06362579080322,-6.498854884194707,2003,Pre-fire
2003-06-06,,8.309228656e-06,-3.279958680000016e-07,,-5.080439289812871,-6.484131627373997,2003,Pre-fire
2003-06-07,,7.9047004188e-06,-4.045282372000005e-07,,-5.102114584799131,-6.393051158026666,2003,Pre-fire
2003-06-08,,7.642303724400001e-06,-2.623966943999989e-07,,-5.116775706347981,-6.5810416403820575,2003,Pre-fire
2003-06-09,,7.467372594800002e-06,-1.7493112959999956e-07,,-5.126832178412129,-6.757132899437738,2003,Pre-fire
2003-06-10,,7.314307856400001e-06,-1.5306473840000035e-07,,-5.135826764325839,-6.815124846415423,2003,Pre-fire
2003-06-11,,7.073777553200001e-06,-2.4053030320000056e-07,,-5.1503486014249615,-6.618830201271455,2003,Pre-fire
2003-06-12,,6.822314054400001e-06,-2.514634987999993e-07,,-5.1660682924112376,-6.59952504607607,2003,Pre-fire
2003-06-13,,6.7020489028000015e-06,-1.2026515159999986e-07,,-5.173792407575246,-6.919860196935438,2003,Pre-fire
2003-06-14,,6.5927169468e-06,-1.0933195600000195e-07,,-5.180935569953511,-6.961252882093654,2003,Pre-fire
2003-06-15,,6.374053034800001e-06,-2.186639119999988e-07,,-5.195584327334648,-6.660222886429683,2003,Pre-fire
2003-06-16,,6.111656340400002e-06,-2.623966943999989e-07,,-5.213841074207238,-6.5810416403820575,2003,Pre-fire
2003-06-17,,5.849259646000002e-06,-2.6239669439999976e-07,,-5.232899100072433,-6.581041640382056,2003,Pre-fire
2003-06-18,,5.652462125200001e-06,-1.967975208000013e-07,,-5.247762338999719,-6.705980376990353,2003,Pre-fire
2003-06-19,,5.116735540800001e-06,-5.357265844e-07,,-5.2910070290195375,-6.271056802065148,2003,Pre-fire
2003-06-22,,4.799672868400001e-06,-2.186639119999988e-07,,-5.31878836185154,-6.660222886429683,2003,Pre-fire
2003-06-23,,4.5919421520000005e-06,-2.077307164000009e-07,,-5.338003591695761,-6.682499281140831,2003,Pre-fire
2003-06-24,,4.417011022400001e-06,-1.7493112959999956e-07,,-5.3548715169830565,-6.757132899437738,2003,Pre-fire
2003-06-25,,4.187413914800001e-06,-2.295971076000001e-07,,-5.378054108125039,-6.639033587359743,2003,Pre-fire
2003-06-26,,3.979683198400001e-06,-2.0773071640000006e-07,,-5.400151498444606,-6.682499281140832,2003,Pre-fire
2003-06-27,,3.82661846e-06,-1.5306473840000035e-07,,-5.417184837743386,-6.815124846415423,2003,Pre-fire
2003-06-28,,3.662620526000001e-06,-1.6399793399999953e-07,,-5.4362080750568165,-6.785161623037982,2003,Pre-fire
2003-07-01,,3.4220902228000007e-06,-1.2026515160000028e-07,,-5.465708544547213,-6.919860196935436,2003,Pre-fire
2003-07-02,,3.2471590932000003e-06,-1.749311296000004e-07,,-5.488496432776449,-6.757132899437736,2003,Pre-fire
2003-07-03,,3.1487603328000005e-06,-9.83987603999998e-08,,-5.501860394334431,-7.007010372654338,2003,Pre-fire
2003-07-05,,2.984762398800001e-06,-9.839876039999896e-08,,-5.525090235052906,-7.007010372654341,2003,Pre-fire
2003-07-07,,2.809831269200001e-06,-9.839876039999938e-08,,-5.551319758762367,-7.00701037265434,2003,Pre-fire
2003-07-10,,2.5255681836000008e-06,-1.2026515159999943e-07,,-5.597640902201517,-6.9198601969354385,2003,Pre-fire
2003-07-11,,2.4162362276000005e-06,-1.0933195600000025e-07,,-5.616860608408551,-6.96125288209366,2003,Pre-fire
2003-07-12,,2.2850378804e-06,-1.311983472000003e-07,,-5.641106595982608,-6.882071636046036,2003,Pre-fire
2003-07-17,,1.9570420124000003e-06,-1.0933195599999983e-07,,-5.708399851113769,-6.961252882093662,2003,Pre-fire
2003-07-20,,1.7055785136000004e-06,-9.839876040000002e-08,,-5.7681282837392,-7.007010372654337,2003,Pre-fire
2003-07-22,,1.5743801664000005e-06,-1.0933195599999983e-07,,-5.802890389998412,-6.961252882093662,2003,Pre-fire
2003-06-20,2003-06-21,5.070269459500001e-06,-9.839876040000065e-08,Aggregated,-5.29496895947056,-7.007010372654334,2003,Pre-fire
2003-06-29,2003-06-30,3.599754651300001e-06,-1.2026515159999986e-07,Aggregated,-5.44372709845984,-6.919860196935438,2003,Pre-fire
2003-07-08,2003-07-09,2.7305656011000005e-06,-1.639979340000008e-07,Aggregated,-5.563747385195642,-6.785161623037978,2003,Pre-fire
2003-07-13,2003-07-14,2.2467716958000003e-06,-1.0933195599999983e-07,Aggregated,-5.648441055881574,-6.961252882093662,2003,Pre-fire
2003-07-15,2003-07-16,2.1046401530000004e-06,-1.0933195600000025e-07,Aggregated,-5.676822148249142,-6.96125288209366,2003,Pre-fire
2003-07-18,2003-07-19,1.8750430454000003e-06,-1.5306473839999993e-07,Aggregated,-5.726988757714873,-6.815124846415424,2003,Pre-fire
2003-07-23,2003-07-24,1.5033143950000005e-06,-1.0933195600000025e-07,Aggregated,-5.8229501839273805,-6.96125288209366,2003,Pre-fire
2003-07-25,2003-07-26,1.4131155313000002e-06,-9.839876040000002e-08,Aggregated,-5.849822330327681,-7.007010372654337,2003,Pre-fire
2003-07-27,2003-07-28,1.3174500698e-06,-1.0933195600000004e-07,Aggregated,-5.880265835182774,-6.961252882093661,2003,Pre-fire
2003-07-29,2003-07-30,1.1835184237e-06,-1.4213154280000012e-07,Aggregated,-5.926824977068259,-6.847309529786824,2003,Pre-fire
2003-07-31,2003-08-01,1.0550533754000001e-06,-1.0933195599999983e-07,Aggregated,-5.9767255687498695,-6.961252882093662,2003,Pre-fire
2003-08-08,,1.147985538e-06,-8.090564744000004e-07,,-5.940063583023724,-6.092021162362685,2003,Pre-fire
2003-08-09,,1.0277203864000005e-06,-1.2026515159999943e-07,,-5.988125028493963,-6.9198601969354385,2003,Pre-fire
2003-08-10,2003-08-11,9.621212128000001e-07,-1.0933195600000046e-07,Aggregated,-6.016770209943493,-6.96125288209366,2003,Pre-fire
2003-08-12,2003-08-13,8.691890502000001e-07,-1.0933195599999994e-07,Aggregated,-6.060885753437192,-6.961252882093662,2003,Pre-fire
2003-08-14,2003-08-15,7.379907030000001e-07,-1.3119834719999999e-07,Aggregated,-6.131949109262637,-6.882071636046037,2003,Pre-fire
2003-08-16,2003-08-18,6.341253448000001e-07,-4.919938020000001e-08,Aggregated,-6.197824888530724,-7.308040368318318,2003,Pre-fire
2003-08-19,2003-08-21,5.247933888000002e-07,-5.466597800000005e-08,Aggregated,-6.2800116447180745,-7.2622828777576425,2003,Pre-fire
2004-06-11,,5.140788571120001e-05,-4.329545457599998e-06,,-4.288970257304741,-5.36355769616815,2004,Pre-fire
2004-06-12,,4.512129824120001e-05,-6.2865874700000014e-06,,-4.345618413216246,-5.2015850374040316,2004,Pre-fire
2004-06-13,,3.940323694240001e-05,-5.718061298800002e-06,,-4.404468099786636,-5.242751193226387,2004,Pre-fire
2004-06-14,,3.3368112971200004e-05,-6.035123971200004e-06,,-4.476668352810819,-5.219313804364463,2004,Pre-fire
2004-06-15,,2.9300964208000007e-05,-4.0671487631999976e-06,,-4.533118088064873,-5.390709942211765,2004,Pre-fire
2004-06-16,,2.5463412552400004e-05,-3.8375516556000025e-06,,-4.594083393558981,-5.415945765627837,2004,Pre-fire
2004-06-17,,2.2686380870000004e-05,-2.7770316824000005e-06,,-4.64423478104555,-5.556419165473724,2004,Pre-fire
2004-06-18,,2.01498794908e-05,-2.5365013792000025e-06,,-4.695727546874588,-5.595764897202762,2004,Pre-fire
2004-06-19,,1.7810175632400002e-05,-2.3397038583999995e-06,,-4.749331797785152,-5.630839108744471,2004,Pre-fire
2004-06-20,,1.6017131554000003e-05,-1.793044078399999e-06,,-4.795415257403533,-5.746409034045964,2004,Pre-fire
2004-06-21,,1.4497417365600004e-05,-1.5197141883999989e-06,,-4.838709358024907,-5.818238081839567,2004,Pre-fire
2004-06-22,,1.3382231414400002e-05,-1.1151859512000017e-06,,-4.873471464284119,-5.952652710331743,2004,Pre-fire
2004-06-23,,1.2431043397200005e-05,-9.511880171999975e-07,,-4.9054924174059265,-6.021733629475045,2004,Pre-fire
2004-06-24,,1.1556387749200004e-05,-8.746556480000003e-07,,-4.9371778947862355,-6.058162895101718,2004,Pre-fire
2004-06-25,,1.09003960132e-05,-6.559917360000049e-07,,-4.962557723782006,-6.183101631710015,2004,Pre-fire
2004-06-26,,1.0211604690400002e-05,-6.887913227999969e-07,,-4.990906005863568,-6.161912332640082,2004,Pre-fire
2004-06-27,,9.511880172e-06,-6.997245184000033e-07,,-5.021733629475043,-6.155072908109773,2004,Pre-fire
2004-06-28,,9.0308195656e-06,-4.810606063999994e-07,,-5.044272834773279,-6.317800205607475,2004,Pre-fire
2004-06-29,,8.549758959200002e-06,-4.810606063999977e-07,,-5.068046129033814,-6.317800205607476,2004,Pre-fire
2004-07-01,,9.0636191524e-06,-4.701274108000015e-07,,-5.042698351543388,-6.327784426514074,2004,Pre-fire
2004-07-02,,8.615358132800001e-06,-4.482610195999989e-07,,-5.064726664604106,-6.3484690253739275,2004,Pre-fire
2004-07-03,,8.188963504400002e-06,-4.263946283999997e-07,,-5.0867710643941955,-6.370188275067163,2004,Pre-fire
2004-07-04,,7.762568876e-06,-4.263946284000014e-07,,-5.109994533374587,-6.370188275067161,2004,Pre-fire
2004-07-05,,7.314307856400001e-06,-4.482610195999989e-07,,-5.135826764325839,-6.3484690253739275,2004,Pre-fire
2004-07-06,,6.9863119884000005e-06,-3.2799586800000076e-07,,-5.155752023935261,-6.484131627373999,2004,Pre-fire
2004-07-07,,6.7020489028000015e-06,-2.8426308559999896e-07,,-5.173792407575246,-6.546279534122846,2004,Pre-fire
2004-07-08,,6.4068526216e-06,-2.9519628120000195e-07,,-5.193355266075571,-6.529889117934672,2004,Pre-fire
2004-07-09,,6.1991219052e-06,-2.077307163999992e-07,,-5.207669823200755,-6.682499281140834,2004,Pre-fire
2004-07-10,,6.024190775600002e-06,-1.749311295999987e-07,,-5.220101283241877,-6.75713289943774,2004,Pre-fire
2004-07-11,,5.7945936680000016e-06,-2.295971076000001e-07,,-5.236977012492873,-6.639033587359743,2004,Pre-fire
2004-07-12,,5.532196973600002e-06,-2.6239669439999976e-07,,-5.257102365253862,-6.581041640382056,2004,Pre-fire
2004-07-13,,5.2916666704e-06,-2.405303032000014e-07,,-5.276407520449249,-6.618830201271453,2004,Pre-fire
2004-07-14,,5.1276687364e-06,-1.639979340000008e-07,,-5.290080039378578,-6.785161623037978,2004,Pre-fire
2004-07-15,,4.909004824400001e-06,-2.186639119999988e-07,,-5.309006541090339,-6.660222886429683,2004,Pre-fire
2004-07-16,,4.723140499200001e-06,-1.858643252e-07,,-5.325769135278749,-6.730803960715388,2004,Pre-fire
2004-07-17,,4.559142565200001e-06,-1.6399793399999996e-07,,-5.3411168271199045,-6.785161623037981,2004,Pre-fire
2004-07-18,,4.362345044400001e-06,-1.967975207999996e-07,,-5.360279986406914,-6.7059803769903565,2004,Pre-fire
2004-07-20,,4.099948350000001e-06,-3.3892906360000036e-07,,-5.387221614365943,-6.469891188259389,2004,Pre-fire
2004-07-21,,3.9468836116e-06,-1.5306473840000035e-07,,-5.4037456801880035,-6.815124846415423,2004,Pre-fire
2004-07-22,,3.706353308400001e-06,-2.405303031999993e-07,,-5.43105318389058,-6.618830201271456,2004,Pre-fire
2004-07-23,,3.487689396400001e-06,-2.1866391200000008e-07,,-5.45746219903648,-6.66022288642968,2004,Pre-fire
2004-07-24,,3.3018250712000004e-06,-1.8586432520000043e-07,,-5.481245939136511,-6.730803960715387,2004,Pre-fire
2004-07-25,,3.170626724000001e-06,-1.3119834719999946e-07,,-5.498854884194706,-6.882071636046039,2004,Pre-fire
2004-07-26,,3.0284951812000007e-06,-1.4213154280000033e-07,,-5.518773113029213,-6.847309529786824,2004,Pre-fire
2004-07-27,,2.919163225200001e-06,-1.0933195599999983e-07,,-5.534741620729086,-6.961252882093662,2004,Pre-fire
2004-07-28,,2.798898073600001e-06,-1.2026515159999986e-07,,-5.553012916781812,-6.919860196935438,2004,Pre-fire
2004-07-29,,2.6786329220000003e-06,-1.202651516000007e-07,,-5.5720867977291295,-6.919860196935434,2004,Pre-fire
2004-07-30,,2.5802341616000005e-06,-9.83987603999998e-08,,-5.588340879123555,-7.007010372654338,2004,Pre-fire
2004-08-01,,2.4162362276000005e-06,-9.83987603999998e-08,,-5.616860608408551,-7.007010372654338,2004,Pre-fire
2004-08-02,2004-08-03,2.3506370540000004e-06,-1.311983472000003e-07,Aggregated,-5.628814422178056,-6.882071636046036,2004,Pre-fire
2004-08-07,,2.3397038584000003e-06,-1.7493112959999998e-07,,-5.630839108744471,-6.757132899437737,2004,Pre-fire
2004-08-08,,2.0117079904000004e-06,-3.279958679999999e-07,,-5.696435059084125,-6.4841316273739995,2004,Pre-fire
2004-08-09,,1.8367768608e-06,-1.749311296000004e-07,,-5.735943600367799,-6.757132899437736,2004,Pre-fire
2004-08-10,2004-08-11,1.7821108828000003e-06,-1.3119834719999967e-07,Aggregated,-5.749065277689704,-6.882071636046038,2004,Pre-fire
2004-08-12,2004-08-13,1.6263128455e-06,-1.4213154280000012e-07,Aggregated,-5.788795907693075,-6.847309529786824,2004,Pre-fire
2005-06-08,,3.9479769311600005e-05,-1.4978477971999997e-06,,-4.403625393666835,-5.824532314937255,2005,Pre-fire
2005-06-09,,3.38163739908e-05,-5.663395320800004e-06,,-4.470872962090483,-5.246923122348428,2005,Pre-fire
2005-06-10,,2.9126033078400006e-05,-4.690340912399995e-06,,-4.535718661595398,-5.328795589908938,2005,Pre-fire
2005-06-11,,2.6425533765200003e-05,-2.7004993132000033e-06,,-4.577976231686011,-5.568555928833995,2005,Pre-fire
2005-06-12,,2.4512224535200005e-05,-1.913309229999998e-06,,-4.610617273834707,-5.718214833407368,2005,Pre-fire
2005-06-13,,2.1910123982400005e-05,-2.6021005528e-06,,-4.659355164898454,-5.58467592503715,2005,Pre-fire
2005-06-14,,1.99749483612e-05,-1.935175621200004e-06,,-4.699514334741124,-5.713279615731854,2005,Pre-fire
2005-06-15,,1.80835055224e-05,-1.8914428388000023e-06,,-4.742717376877134,-5.723206778964866,2005,Pre-fire
2005-06-21,,1.81928374784e-05,-1.803977274000002e-06,,-4.740099560138956,-5.743768937879755,2005,Pre-fire
2005-06-22,,1.7340048221600002e-05,-8.527892567999994e-07,,-4.760949699112077,-6.069158279403181,2005,Pre-fire
2005-06-23,,1.6290461444000003e-05,-1.049586777599999e-06,,-4.788066613681387,-5.978981649054094,2005,Pre-fire
2005-06-24,,1.52627410576e-05,-1.0277203864000032e-06,,-4.816367463806519,-5.988125028493962,2005,Pre-fire
2005-06-25,,1.4453684583200002e-05,-8.090564743999976e-07,,-4.84002142694404,-6.092021162362687,2005,Pre-fire
2005-06-26,,1.3633694913200003e-05,-8.199896699999989e-07,,-4.865386428615119,-6.086191618701962,2005,Pre-fire
2005-06-27,,1.3382231414400002e-05,-2.51463498800001e-07,,-4.873471464284119,-6.599525046076067,2005,Pre-fire
2005-06-28,,1.3043302350800004e-05,-3.389290635999978e-07,,-4.88461243842332,-6.469891188259392,2005,Pre-fire
2005-06-29,,1.21467803116e-05,-8.965220392000046e-07,,-4.915538823152795,-6.047439029709943,2005,Pre-fire
2005-06-30,,1.14907885756e-05,-6.559917359999998e-07,,-4.9396501660654195,-6.183101631710018,2005,Pre-fire
2005-07-01,,1.0878529622000002e-05,-6.12258953599998e-07,,-4.963429801347936,-6.213064855087462,2005,Pre-fire
2005-07-02,,1.0320936646400002e-05,-5.575929756e-07,,-4.986280887795592,-6.253682705995725,2005,Pre-fire
2005-07-03,,9.8836088224e-06,-4.373278240000027e-07,,-5.005084451618298,-6.359192890765697,2005,Pre-fire
2005-07-04,,9.446280998400002e-06,-4.373278239999976e-07,,-5.024739139614768,-6.359192890765701,2005,Pre-fire
2005-07-05,,9.0308195656e-06,-4.154614328000018e-07,,-5.044272834773279,-6.381469285476849,2005,Pre-fire
2005-07-07,,8.637224524000002e-06,-3.498622591999991e-07,,-5.06362579080322,-6.456102903773757,2005,Pre-fire
2005-07-08,,8.385761025200001e-06,-2.51463498800001e-07,,-5.0764575181446805,-6.599525046076067,2005,Pre-fire
2005-07-11,,7.8937672232e-06,-5.466597800000004e-07,,-5.102715684524022,-6.2622828777576425,2005,Pre-fire
2005-07-12,,7.434573008000001e-06,-4.5919421519999937e-07,,-5.1287439693874255,-6.338003591695762,2005,Pre-fire
2005-07-13,,7.084710748800001e-06,-3.4986225919999996e-07,,-5.149677876223068,-6.456102903773756,2005,Pre-fire
2005-07-14,,6.778581272000001e-06,-3.0612947679999986e-07,,-5.168861192595408,-6.514094850751443,2005,Pre-fire
2005-07-15,,6.538050968800001e-06,-2.4053030320000056e-07,,-5.184551698105251,-6.618830201271455,2005,Pre-fire
2005-07-16,,6.297520665600001e-06,-2.405303031999997e-07,,-5.200830398670449,-6.618830201271456,2005,Pre-fire
2005-07-17,,5.991391188800001e-06,-3.0612947679999986e-07,,-5.222472323609293,-6.514094850751443,2005,Pre-fire
2005-07-18,,5.739927690000001e-06,-2.5146349880000016e-07,,-5.241093578687705,-6.599525046076068,2005,Pre-fire
2005-07-19,,5.5649965604000015e-06,-1.7493112959999956e-07,,-5.254535099756903,-6.757132899437738,2005,Pre-fire
2005-07-20,,5.379132235200001e-06,-1.8586432520000085e-07,,-5.2692877793263015,-6.730803960715386,2005,Pre-fire
2005-07-21,,5.1823347144e-06,-1.9679752080000046e-07,,-5.285474540419576,-6.705980376990355,2005,Pre-fire
2005-07-23,,4.865272042000001e-06,-2.5146349880000016e-07,,-5.31289287111273,-6.599525046076068,2005,Pre-fire
2005-07-24,,4.723140499200001e-06,-1.421315427999999e-07,,-5.325769135278749,-6.847309529786825,2005,Pre-fire
2005-07-25,,4.5810089564e-06,-1.4213154280000075e-07,,-5.339038859127366,-6.8473095297868225,2005,Pre-fire
2005-07-26,,4.373278240000001e-06,-2.077307163999992e-07,,-5.3591928907657,-6.682499281140834,2005,Pre-fire
2005-07-27,,4.1764807192e-06,-1.9679752080000046e-07,,-5.379189519181953,-6.705980376990355,2005,Pre-fire
2005-07-28,,4.0562155676000005e-06,-1.2026515159999986e-07,,-5.391878972478616,-6.919860196935438,2005,Pre-fire
2005-07-29,,3.9468836116e-06,-1.0933195600000025e-07,,-5.4037456801880035,-6.96125288209366,2005,Pre-fire
2005-07-30,,3.82661846e-06,-1.2026515159999986e-07,,-5.417184837743386,-6.919860196935438,2005,Pre-fire
2005-07-31,,3.695420112800001e-06,-1.3119834719999946e-07,,-5.432336181816007,-6.882071636046039,2005,Pre-fire
2005-08-01,,3.5860881568000007e-06,-1.0933195600000025e-07,,-5.445379038381983,-6.96125288209366,2005,Pre-fire
2005-08-02,,3.4767562008000004e-06,-1.0933195600000025e-07,,-5.458825762109229,-6.96125288209366,2005,Pre-fire
2005-08-03,,3.334624658e-06,-1.4213154280000033e-07,,-5.476953042746876,-6.847309529786824,2005,Pre-fire
2005-08-04,,3.1924931152000006e-06,-1.4213154279999948e-07,,-5.495870030645244,-6.847309529786827,2005,Pre-fire
2005-08-06,,2.984762398800001e-06,-1.2026515159999943e-07,,-5.525090235052906,-6.9198601969354385,2005,Pre-fire
2005-08-10,,2.6458333352e-06,-1.202651516000007e-07,,-5.57743751611323,-6.919860196935434,2005,Pre-fire
2005-08-11,,2.5146349880000003e-06,-1.3119834719999988e-07,,-5.599525046076069,-6.882071636046037,2005,Pre-fire
2005-08-13,,2.2850378804e-06,-1.5306473840000078e-07,,-5.641106595982608,-6.815124846415421,2005,Pre-fire
2005-08-07,2005-08-08,2.905496730700001e-06,-1.4213154280000118e-07,Aggregated,-5.536779608898327,-6.847309529786822,2005,Pre-fire
2005-08-16,,2.1975723156000004e-06,-3.8266184600000004e-07,,-5.658056824673173,-6.417184837743386,2005,Pre-fire
2005-08-17,,1.9242424256e-06,-2.7332989000000063e-07,,-5.715740214279512,-6.563312873421623,2005,Pre-fire
2005-08-18,2005-08-19,1.8641098498e-06,-1.3119834719999946e-07,Aggregated,-5.729528498765145,-6.882071636046039,2005,Pre-fire
2005-08-20,2005-08-21,1.7274449048000002e-06,-1.0933195600000004e-07,Aggregated,-5.762595795139239,-6.961252882093661,2005,Pre-fire
2005-08-22,2005-08-24,1.6290461444000004e-06,-8.199896700000019e-08,Aggregated,-5.788066613681387,-7.086191618701961,2005,Pre-fire
2005-08-25,2005-08-26,1.4459151181000003e-06,-1.421315427999997e-07,Aggregated,-5.8398572013864385,-6.847309529786826,2005,Pre-fire
2005-08-31,,1.3994490368000005e-06,-1.7493112959999998e-07,,-5.854042912445793,-6.757132899437737,2005,Pre-fire
2005-09-01,,1.2791838852000002e-06,-1.2026515160000028e-07,,-5.8930670203475,-6.919860196935436,2005,Pre-fire
2005-09-02,,1.1261191468000005e-06,-1.5306473839999972e-07,,-5.948415657388489,-6.815124846415425,2005,Pre-fire
2005-09-03,2005-09-04,1.0960528589000003e-06,-9.839876040000002e-08,Aggregated,-5.960168500801442,-7.007010372654337,2005,Pre-fire
2006-06-05,,2.31565082808e-05,-1.5087809927999993e-06,,-4.635326926322196,-5.821373795692425,2006,Pre-fire
2006-06-06,,2.0466942163200003e-05,-2.689566117599997e-06,,-4.688947037691575,-5.570317774990283,2006,Pre-fire
2006-06-07,,1.8477100564e-05,-1.989841599200002e-06,,-4.733366177479988,-5.701181494108586,2006,Pre-fire
2006-06-08,,1.6563791334e-05,-1.9133092300000015e-06,,-4.780840249255338,-5.718214833407367,2006,Pre-fire
2006-06-09,,1.54048726004e-05,-1.1589187335999984e-06,,-4.812341888984306,-5.935947016828892,2006,Pre-fire
2006-06-10,,1.4388085409600005e-05,-1.0167871907999968e-06,,-4.841996992815725,-5.992769933539728,2006,Pre-fire
2006-06-11,,1.36992940868e-05,-6.887913228000037e-07,,-4.863301811099512,-6.161912332640077,2006,Pre-fire
2006-06-16,,1.3054235546400002e-05,-1.9679752079999791e-07,,-4.884248555300311,-6.70598037699036,2006,Pre-fire
2006-06-17,,1.26387741136e-05,-4.154614328000018e-07,,-4.898295048009151,-6.381469285476849,2006,Pre-fire
2006-06-18,,1.2113980724800004e-05,-5.247933887999961e-07,,-4.9167131217012505,-6.280011644718078,2006,Pre-fire
2006-06-19,,1.1611053727200004e-05,-5.029269976000003e-07,,-4.935128365348211,-6.298495050412088,2006,Pre-fire
2006-06-20,,1.0714531688e-05,-8.965220392000046e-07,,-4.970026806401167,-6.047439029709943,2006,Pre-fire
2006-06-21,,1.02990702552e-05,-4.154614328000001e-07,,-4.987201979300784,-6.381469285476851,2006,Pre-fire
2006-06-22,,9.850809235600002e-06,-4.4826101959999723e-07,,-5.006528091114599,-6.348469025373929,2006,Pre-fire
2006-06-23,,9.5228133676e-06,-3.279958680000016e-07,,-5.021234727085998,-6.484131627373997,2006,Pre-fire
2006-06-24,,9.183884304e-06,-3.389290636000012e-07,,-5.03697359603178,-6.469891188259387,2006,Pre-fire
2006-06-25,,8.812155653600003e-06,-3.717286503999966e-07,,-5.054917840288571,-6.42977396505141,2006,Pre-fire
2006-06-26,,8.495092981200002e-06,-3.170626724000003e-07,,-5.070831863292748,-6.498854884194706,2006,Pre-fire
2006-06-27,,8.178030308800002e-06,-3.170626724000003e-07,,-5.0873512842292,-6.498854884194706,2006,Pre-fire
2006-06-28,,7.729769289200001e-06,-4.482610196000006e-07,,-5.111833468296762,-6.348469025373926,2006,Pre-fire
2006-06-30,,8.812155653600003e-06,-3.498622591999998e-06,,-5.054917840288571,-5.456102903773756,2006,Pre-fire
2006-07-01,,8.014032374800001e-06,-7.981232788000014e-07,,-5.096148907452534,-6.097930021973205,2006,Pre-fire
2006-07-02,,7.368973834400002e-06,-6.450585403999994e-07,,-5.132592985558341,-6.190400870451518,2006,Pre-fire
2006-07-04,,7.6095041376000015e-06,-3.6079545479999957e-07,,-5.118643642483099,-6.442738942215775,2006,Pre-fire
2006-07-05,,6.953512401600001e-06,-6.559917360000007e-07,,-5.157795766445248,-6.183101631710017,2006,Pre-fire
2006-07-06,,6.723915294000001e-06,-2.295971076000001e-07,,-5.172377766318245,-6.639033587359743,2006,Pre-fire
2006-07-07,,6.3521866436e-06,-3.7172865040000086e-07,,-5.1970767497033314,-6.429773965051406,2006,Pre-fire
2006-07-08,,5.925792015200002e-06,-4.26394628399998e-07,,-5.227253595555275,-6.370188275067164,2006,Pre-fire
2006-07-09,,5.718061298800001e-06,-2.077307164000009e-07,,-5.242751193226387,-6.682499281140831,2006,Pre-fire
2006-07-10,,5.488464191200002e-06,-2.2959710759999926e-07,,-5.260549164948642,-6.6390335873597435,2006,Pre-fire
2006-07-11,,5.3353994528000005e-06,-1.530647384000012e-07,,-5.272833060090951,-6.81512484641542,2006,Pre-fire
2006-07-13,,5.138601932e-06,-1.5306473840000035e-07,,-5.289155024157944,-6.815124846415423,2006,Pre-fire
2006-07-14,,4.91993802e-06,-2.1866391199999966e-07,,-5.308040368318318,-6.660222886429681,2006,Pre-fire
2006-07-15,,4.788739672800001e-06,-1.3119834719999946e-07,,-5.319778771589562,-6.882071636046039,2006,Pre-fire
2006-07-16,,4.6684745212e-06,-1.202651516000007e-07,,-5.330825007068638,-6.919860196935434,2006,Pre-fire
2006-07-17,,4.559142565200001e-06,-1.093319559999994e-07,,-5.3411168271199045,-6.961252882093664,2006,Pre-fire
2006-07-18,,4.362345044400001e-06,-1.967975207999996e-07,,-5.360279986406914,-6.7059803769903565,2006,Pre-fire
2006-07-19,,4.209280306000001e-06,-1.5306473840000035e-07,,-5.375792152585161,-6.815124846415423,2006,Pre-fire
2006-07-20,,4.023415980800001e-06,-1.858643252e-07,,-5.395405063420144,-6.730803960715388,2006,Pre-fire
2006-07-21,,3.8047520688000008e-06,-2.1866391200000008e-07,,-5.4196736381470805,-6.66022288642968,2006,Pre-fire
2006-07-22,,3.684486917200001e-06,-1.2026515159999986e-07,,-5.433622981222323,-6.919860196935438,2006,Pre-fire
2006-07-23,,3.509555787600001e-06,-1.7493112959999998e-07,,-5.45474784968879,-6.757132899437737,2006,Pre-fire
2006-07-24,,3.334624658e-06,-1.7493112960000083e-07,,-5.476953042746876,-6.757132899437735,2006,Pre-fire
2006-07-25,,3.2143595064000007e-06,-1.2026515159999943e-07,,-5.492905551681504,-6.9198601969354385,2006,Pre-fire
2006-07-30,,2.8207644648000006e-06,-9.839876040000023e-08,,-5.549633176130431,-7.007010372654336,2006,Pre-fire
2006-08-01,,2.6349001396e-06,-9.839876040000023e-08,,-5.579235839518794,-7.007010372654336,2006,Pre-fire
2006-08-05,,2.3287706628000003e-06,-9.839876040000023e-08,,-5.632873278654924,-7.007010372654336,2006,Pre-fire
2006-08-06,,2.2303719024e-06,-9.839876040000023e-08,,-5.651622714667763,-7.007010372654336,2006,Pre-fire
2006-07-26,2006-07-27,3.1350938383e-06,-1.6399793399999996e-07,Aggregated,-5.5037494555203565,-6.785161623037981,2006,Pre-fire
2006-07-28,2006-07-29,2.9792958010000008e-06,-1.3119834719999988e-07,Aggregated,-5.525886375481001,-6.882071636046037,2006,Pre-fire
2006-08-02,2006-08-03,2.5802341616e-06,-1.3119834719999946e-07,Aggregated,-5.588340879123555,-6.882071636046039,2006,Pre-fire
2006-08-08,,2.7332989000000004e-06,-3.2799586800000076e-07,,-5.563312873421624,-6.484131627373999,2006,Pre-fire
2006-08-09,,2.3069042716000003e-06,-4.2639462840000014e-07,,-5.636970426795969,-6.370188275067163,2006,Pre-fire
2006-08-10,,2.2085055112000005e-06,-9.83987603999998e-08,,-5.655901512647038,-7.007010372654338,2006,Pre-fire
2006-08-11,,2.0882403596e-06,-1.2026515160000028e-07,,-5.680219514845934,-6.919860196935436,2006,Pre-fire
2006-08-12,,1.9679752080000003e-06,-1.2026515159999986e-07,,-5.705980376990356,-6.919860196935438,2006,Pre-fire
2006-08-13,,1.8477100564000005e-06,-1.2026515159999986e-07,,-5.733366177479988,-6.919860196935438,2006,Pre-fire
2006-08-19,,1.4431818192000002e-06,-1.2026515160000007e-07,,-5.840678950887812,-6.919860196935437,2006,Pre-fire
2006-08-14,2006-08-16,1.7657110894000005e-06,-6.013257580000014e-08,Aggregated,-5.7530803554265395,-7.220890192599417,2006,Pre-fire
2006-08-17,2006-08-18,1.6481792367000003e-06,-1.6399793399999996e-07,Aggregated,-5.7829955612814725,-6.785161623037981,2006,Pre-fire
2006-08-20,2006-08-21,1.3803159445000001e-06,-9.839876040000023e-08,Aggregated,-5.860021495302963,-7.007010372654336,2006,Pre-fire
2006-08-22,2006-08-24,1.2791838852000004e-06,-6.013257579999993e-08,Aggregated,-5.8930670203475,-7.220890192599418,2006,Pre-fire
2006-08-27,,1.0823863644000002e-06,-9.839876040000002e-08,,-5.9656176874961115,-7.007010372654337,2006,Pre-fire
2006-08-29,,9.183884304e-07,-1.0933195600000046e-07,,-6.03697359603178,-6.96125288209366,2006,Pre-fire
2007-04-23,,3.5040891898000004e-05,-1.1479855379999988e-06,,-4.455424848238826,-5.940063583023724,2007,Pre-fire
2007-04-24,,3.2755854017600006e-05,-2.285037880399998e-06,,-4.484711073066233,-5.641106595982608,2007,Pre-fire
2007-04-25,,2.9825757596800008e-05,-2.9300964207999983e-06,,-4.52540851610922,-5.533118088064874,2007,Pre-fire
2007-04-26,,2.64474001564e-05,-3.378357440400009e-06,,-4.577617013731782,-5.471294402668826,2007,Pre-fire
2007-04-27,,2.3079975911600006e-05,-3.3674242447999926e-06,,-4.636764648786005,-5.472702165593218,2007,Pre-fire
2007-04-28,,2.07074724664e-05,-2.372503445200005e-06,,-4.683872907426407,-5.624793148245131,2007,Pre-fire
2007-04-29,,1.8662964889200005e-05,-2.0445075771999967e-06,,-4.729019360978928,-5.6894112755571635,2007,Pre-fire
2007-04-30,,1.7066718331600002e-05,-1.5962465576000028e-06,,-4.7678499790312445,-5.796900026309224,2007,Pre-fire
2007-05-01,,1.5754734859600002e-05,-1.3119834719999997e-06,,-4.802588901279672,-5.882071636046037,2007,Pre-fire
2007-05-05,,2.06965392708e-05,-9.839876040000319e-08,,-4.684102268129865,-7.007010372654323,2007,Pre-fire
2007-05-06,,1.94282885812e-05,-1.2682506895999979e-06,,-4.71156545428836,-5.896794892866744,2007,Pre-fire
2007-05-07,,1.7580578524800003e-05,-1.847710056399997e-06,,-4.754966837681229,-5.733366177479989,2007,Pre-fire
2007-05-08,,1.56782024904e-05,-1.9023760344000019e-06,,-4.80470373076188,-5.720703633811062,2007,Pre-fire
2007-05-09,,1.448648417e-05,-1.1917183204000023e-06,,-4.8390370038208355,-5.923826384153037,2007,Pre-fire
2007-05-10,,1.3797692847200002e-05,-6.887913227999969e-07,,-4.8601935271855465,-6.161912332640082,2007,Pre-fire
2007-05-11,,1.30323691552e-05,-7.653236920000026e-07,,-4.884976626689444,-6.116154842079403,2007,Pre-fire
2007-05-12,,1.2267045463200002e-05,-7.653236919999975e-07,,-4.911260025173519,-6.116154842079406,2007,Pre-fire
2007-05-13,,1.12939910548e-05,-9.730544084000018e-07,,-4.947152560574041,-6.011862875448748,2007,Pre-fire
2007-05-14,,1.0561466949600002e-05,-7.325241051999987e-07,,-4.976275755678168,-6.135178079392836,2007,Pre-fire
2007-05-15,,1.0091339538800002e-05,-4.701274107999998e-07,,-4.99605118106775,-6.327784426514075,2007,Pre-fire
2007-05-22,,9.6102789324e-06,-9.511880172000009e-07,,-5.0172640070198895,-6.021733629475043,2007,Pre-fire
2007-05-23,,8.998019978800001e-06,-6.122589535999997e-07,,-5.045853046881392,-6.213064855087461,2007,Pre-fire
2007-05-24,,8.593491741600002e-06,-4.045282371999988e-07,,-5.065830336054254,-6.393051158026668,2007,Pre-fire
2007-05-25,,8.221763091200002e-06,-3.717286504e-07,,-5.085035041502019,-6.429773965051407,2007,Pre-fire
2007-05-26,,7.882834027600001e-06,-3.389290636000012e-07,,-5.103317617374232,-6.469891188259387,2007,Pre-fire
2007-05-27,,7.6204373332e-06,-2.623966944000006e-07,,-5.1180201039956525,-6.581041640382055,2007,Pre-fire
2007-05-28,,7.423639812400002e-06,-1.9679752079999791e-07,,-5.12938310781316,-6.70598037699036,2007,Pre-fire
2007-05-29,,7.128443531200001e-06,-2.951962812000011e-07,,-5.1470052863617415,-6.5298891179346725,2007,Pre-fire
2007-05-30,,6.778581272000001e-06,-3.4986225919999996e-07,,-5.168861192595408,-6.456102903773756,2007,Pre-fire
2007-05-31,,6.472451795200001e-06,-3.061294768000007e-07,,-5.188931175370742,-6.514094850751442,2007,Pre-fire
2007-06-01,,6.330320252400001e-06,-1.421315427999999e-07,,-5.198574318366226,-6.847309529786825,2007,Pre-fire
2007-06-02,,6.1663223184e-06,-1.639979340000008e-07,,-5.209973778110319,-6.785161623037978,2007,Pre-fire
2007-06-03,,5.925792015200002e-06,-2.40530303199998e-07,,-5.227253595555275,-6.618830201271459,2007,Pre-fire
2007-06-07,,8.637224524000002e-06,-3.607954547999987e-07,,-5.06362579080322,-6.442738942215776,2007,Pre-fire
2007-06-08,,7.368973834400002e-06,-1.2682506896000004e-06,,-5.132592985558341,-5.896794892866743,2007,Pre-fire
2007-06-11,,7.390840225600001e-06,-1.0386535820000003e-06,,-5.131306186152026,-5.983529276804814,2007,Pre-fire
2007-06-12,,6.7129820984e-06,-6.778581272000007e-07,,-5.173084510952494,-6.168861192595408,2007,Pre-fire
2007-06-13,,6.231921492e-06,-4.810606064000003e-07,,-5.205378026421171,-6.317800205607474,2007,Pre-fire
2007-06-14,,5.903925624000001e-06,-3.2799586799999907e-07,,-5.228859122270693,-6.484131627374,2007,Pre-fire
2007-06-15,,5.6852617120000005e-06,-2.186639120000005e-07,,-5.245249538458863,-6.66022288642968,2007,Pre-fire
2007-06-16,,5.433798213200001e-06,-2.514634987999993e-07,,-5.26489649336033,-6.59952504607607,2007,Pre-fire
2007-06-17,,5.2151343012000015e-06,-2.1866391199999966e-07,,-5.282734503053548,-6.660222886429681,2007,Pre-fire
2007-06-18,,5.029269976000001e-06,-1.8586432520000085e-07,,-5.298495050412088,-6.730803960715386,2007,Pre-fire
2007-06-19,,4.8215392596000014e-06,-2.077307163999992e-07,,-5.316814292625823,-6.682499281140834,2007,Pre-fire
2007-06-20,,4.5810089564e-06,-2.405303032000014e-07,,-5.339038859127366,-6.618830201271453,2007,Pre-fire
2007-06-21,,4.482610196000001e-06,-9.839876039999896e-08,,-5.348469025373926,-7.007010372654341,2007,Pre-fire
2007-06-25,,4.089015154400001e-06,-1.967975207999996e-07,,-5.388381279893181,-6.7059803769903565,2007,Pre-fire
2007-06-26,,3.8922176336000005e-06,-1.9679752080000046e-07,,-5.409802884120786,-6.705980376990355,2007,Pre-fire
2007-06-27,,3.7938188732e-06,-9.839876040000065e-08,,-5.420923407302788,-7.007010372654334,2007,Pre-fire
2007-06-22,2007-06-23,4.433410815800001e-06,-1.0933195600000025e-07,Aggregated,-5.3532620235464865,-6.96125288209366,2007,Pre-fire
2007-06-30,,4.285812675200001e-06,-1.1370523424e-06,,-5.3679668150732045,-5.944219542794881,2007,Pre-fire
2007-07-01,,3.8375516556e-06,-4.482610196000006e-07,,-5.415945765627837,-6.348469025373926,2007,Pre-fire
2007-07-02,,3.542355374400001e-06,-2.95196281199999e-07,,-5.450707871887049,-6.529889117934676,2007,Pre-fire
2007-07-03,,3.3455578536000005e-06,-1.9679752080000046e-07,,-5.4755314556120815,-6.705980376990355,2007,Pre-fire
2007-07-04,,3.2362258976000003e-06,-1.0933195600000025e-07,,-5.489961171034723,-6.96125288209366,2007,Pre-fire
2007-07-06,,3.0284951812000007e-06,-1.3119834719999946e-07,,-5.518773113029213,-6.882071636046039,2007,Pre-fire
2007-07-08,,2.8316976604000006e-06,-1.2026515159999986e-07,,-5.54795311801241,-6.919860196935438,2007,Pre-fire
2007-07-10,,2.6349001396e-06,-1.4213154280000033e-07,,-5.579235839518794,-6.847309529786824,2007,Pre-fire
2007-07-11,,2.5146349880000003e-06,-1.2026515159999986e-07,,-5.599525046076069,-6.919860196935438,2007,Pre-fire
2007-07-13,2007-07-15,2.4545024122000004e-06,-7.653236919999997e-08,Aggregated,-5.61003653675432,-7.116154842079405,2007,Pre-fire
2007-07-19,,3.2471590932000003e-06,-1.9679752080000046e-07,,-5.488496432776449,-6.705980376990355,2007,Pre-fire
2007-07-20,,2.5583677704000004e-06,-6.887913227999999e-07,,-5.592037024683519,-6.16191233264008,2007,Pre-fire
2007-07-22,,2.3287706628000003e-06,-2.0773071640000006e-07,,-5.632873278654924,-6.682499281140832,2007,Pre-fire
2007-07-23,,2.2303719024e-06,-9.839876040000023e-08,,-5.651622714667763,-7.007010372654336,2007,Pre-fire
2007-07-24,,2.1319731420000003e-06,-9.83987603999998e-08,,-5.671218270731144,-7.007010372654338,2007,Pre-fire
2007-08-02,,1.5087809928000003e-06,-1.0933195599999962e-07,,-5.821373795692425,-6.961252882093663,2007,Pre-fire
2007-07-25,2007-07-26,2.0499741750000003e-06,-1.5306473839999993e-07,Aggregated,-5.688251610029924,-6.815124846415424,2007,Pre-fire
2007-07-27,2007-07-28,1.9187758278000004e-06,-1.0933195600000004e-07,Aggregated,-5.716975761291819,-6.961252882093661,2007,Pre-fire
2007-07-29,2007-07-30,1.8094438718000002e-06,-1.311983472000001e-07,Aggregated,-5.7424548839819245,-6.882071636046037,2007,Pre-fire
2007-07-31,2007-08-01,1.6700456279000002e-06,-1.2026515160000028e-07,Aggregated,-5.77727166317907,-6.919860196935436,2007,Pre-fire
2007-08-03,2007-08-05,1.4595816126000002e-06,-5.4665977999999915e-08,Aggregated,-5.8357716163930675,-7.262282877757643,2007,Pre-fire
2007-08-06,2007-08-08,1.3229166676e-06,-6.559917360000015e-08,Aggregated,-5.878467511777211,-7.183101631710017,2007,Pre-fire
2007-08-09,2007-08-11,1.2081181138e-06,-5.4665978000000127e-08,Aggregated,-5.917890604072532,-7.262282877757642,2007,Pre-fire
2007-08-12,2007-08-14,1.0987861578000002e-06,-6.013257579999993e-08,Aggregated,-5.959086820337154,-7.220890192599418,2007,Pre-fire
2007-08-21,,2.1538395332000003e-06,-2.1319731420000003e-06,,-5.666786655932069,-5.671218270731144,2007,Pre-fire
2007-08-22,,1.5743801664000005e-06,-5.794593667999999e-07,,-5.802890389998412,-6.236977012492873,2007,Pre-fire
2007-08-23,,1.3666494500000002e-06,-2.0773071640000027e-07,,-5.864342869085605,-6.682499281140832,2007,Pre-fire
2007-08-24,,1.2245179072e-06,-1.4213154280000012e-07,,-5.91203485942348,-6.847309529786824,2007,Pre-fire
2007-08-25,,1.1042527556000002e-06,-1.2026515159999986e-07,,-5.956931508311019,-6.919860196935438,2007,Pre-fire
2007-08-26,2007-08-27,1.0550533754000001e-06,-1.0933195600000004e-07,Aggregated,-5.9767255687498695,-6.961252882093661,2007,Pre-fire
2007-08-28,2007-08-29,9.375215227000001e-07,-1.2026515160000007e-07,Aggregated,-6.028018753378854,-6.919860196935437,2007,Pre-fire
2007-09-05,,1.4978477972000005e-06,-2.1866391199999966e-07,,-5.8245323149372545,-6.660222886429681,2007,Pre-fire
2007-09-06,,1.0933195600000002e-06,-4.045282372000003e-07,,-5.961252882093661,-6.393051158026666,2007,Pre-fire
2007-09-07,,6.997245184000001e-07,-3.9359504160000006e-07,,-6.155072908109775,-6.404950381326374,2007,Pre-fire
2007-09-08,,6.013257580000001e-07,-9.839876040000002e-08,,-6.220890192599418,-7.007010372654337,2007,Pre-fire
2008-05-18,,0.0002952400139824,-6.814660817480001e-05,,-3.529824782776879,-4.166555755201663,2008,Pre-fire
2008-05-19,,0.000230034435424,-6.520557855839998e-05,,-3.6382071466119603,-4.185715247312705,2008,Pre-fire
2008-05-20,,0.0001990716254848,-3.096280993920001e-05,,-3.7009906373786845,-4.50915963307593,2008,Pre-fire
2008-05-21,,0.0001724820937856,-2.658953169919998e-05,,-3.7632559844965257,-4.5752893114929645,2008,Pre-fire
2008-05-22,,0.000137047606846,-3.543448693960001e-05,,-3.8631285437994265,-4.450573851061452,2008,Pre-fire
2008-05-23,,0.000109331956,-2.7715650845999993e-05,,-3.9612528820936617,-4.557274918424307,2008,Pre-fire
2008-05-24,,0.0001001371385004,-9.194817499600004e-06,,-3.9994048230753374,-5.036456886295749,2008,Pre-fire
2008-05-30,,9.5610795522e-05,-9.227617086400003e-06,,-4.019493068278966,-5.0349104354680065,2008,Pre-fire
2008-05-31,,8.545385680960002e-05,-1.0156938712399982e-05,,-4.068268331382945,-4.993237168100021,2008,Pre-fire
2008-06-01,,7.31540117596e-05,-1.2299845050000013e-05,,-4.135761852214231,-4.91010035964628,2008,Pre-fire
2008-06-02,,6.0154442191200005e-05,-1.2999569568400001e-05,,-4.220732296039997,-4.88607102747497,2008,Pre-fire
2008-06-08,,5.281826794360001e-05,-2.492768596800004e-06,,-4.2772158446071415,-5.603318035093207,2008,Pre-fire
2008-06-09,,4.956017565480001e-05,-3.2580922887999965e-06,,-4.304867163034974,-5.487036618017407,2008,Pre-fire
2008-06-10,,4.8204459400400006e-05,-1.3557162544000048e-06,,-4.316912783267339,-5.867831196931425,2008,Pre-fire
2008-06-11,,4.77452651852e-05,-4.591942152000036e-07,,-4.321069690172322,-6.338003591695758,2008,Pre-fire
2008-06-12,,4.32517217936e-05,-4.493543391600006e-06,,-4.36399659916852,-5.347411060217592,2008,Pre-fire
2008-06-13,,3.921737261720001e-05,-4.034349176399989e-06,,-4.406521505417695,-5.394226515934602,2008,Pre-fire
2008-06-14,,3.476756200800001e-05,-4.4498106092000006e-06,,-4.458825762109229,-5.351658472868442,2008,Pre-fire
2008-06-15,,3.102840911280001e-05,-3.7391528951999993e-06,,-4.508240490972207,-5.427226776037527,2008,Pre-fire
2008-06-16,,2.756258610760001e-05,-3.465823005199999e-06,,-4.559680036417216,-5.46019361987591,2008,Pre-fire
2008-06-17,,2.4217028254e-05,-3.3455578536000103e-06,,-4.615879151534573,-5.475531455612081,2008,Pre-fire
2008-06-18,,2.1844524808800004e-05,-2.372503445199995e-06,,-4.660657398203698,-5.624793148245133,2008,Pre-fire
2008-06-19,,1.95813533196e-05,-2.2631714892000057e-06,,-4.7081572962446305,-5.645282536636743,2008,Pre-fire
2008-06-20,,1.80069731532e-05,-1.5743801663999969e-06,,-4.744559282923907,-5.802890389998413,2008,Pre-fire
2008-06-21,,1.6673123290000003e-05,-1.3338498631999989e-06,,-4.7779830384108575,-5.874893051418914,2008,Pre-fire
2008-06-22,,1.5415805796e-05,-1.2573174940000016e-06,,-4.8120337694382815,-5.900555041740049,2008,Pre-fire
2008-06-23,,1.4453684583200002e-05,-9.621212127999988e-07,,-4.84002142694404,-6.016770209943494,2008,Pre-fire
2008-06-24,,1.3983557172400002e-05,-4.701274107999998e-07,,-4.854382337615008,-6.327784426514075,2008,Pre-fire
2008-06-25,,1.3382231414400002e-05,-6.013257580000001e-07,,-4.873471464284119,-6.220890192599418,2008,Pre-fire
2008-06-26,,1.2649707309200003e-05,-7.325241051999987e-07,,-4.897919523141912,-6.135178079392836,2008,Pre-fire
2008-06-27,,1.21577135072e-05,-4.919938020000041e-07,,-4.915148094847623,-6.308040368318315,2008,Pre-fire
2008-06-28,,1.14033230108e-05,-7.543904963999996e-07,,-4.942968573667131,-6.122403791356406,2008,Pre-fire
2008-06-29,,1.1239325076800002e-05,-1.6399793399999742e-07,,-4.9492597674344045,-6.785161623037987,2008,Pre-fire
2008-06-30,,1.0714531688e-05,-5.247933888000029e-07,,-4.970026806401167,-6.280011644718072,2008,Pre-fire
2008-07-01,,1.03537362332e-05,-3.607954547999987e-07,,-4.984902903090388,-6.442738942215776,2008,Pre-fire
2008-07-02,,9.861742431200002e-06,-4.91993801999999e-07,,-5.00604634455172,-6.308040368318319,2008,Pre-fire
2008-07-03,,9.3369490424e-06,-5.247933888000012e-07,,-5.029795011404657,-6.280011644718074,2008,Pre-fire
2008-07-04,,9.1401515216e-06,-1.967975207999996e-07,,-5.039046604654645,-6.7059803769903565,2008,Pre-fire
2008-07-05,,8.844955240400001e-06,-2.951962811999994e-07,,-5.053304360481389,-6.529889117934675,2008,Pre-fire
2008-07-06,,8.287362264800001e-06,-5.575929756e-07,,-5.081583676461608,-6.253682705995725,2008,Pre-fire
2008-07-07,,7.871900832000001e-06,-4.154614328000001e-07,,-5.103920385662393,-6.381469285476851,2008,Pre-fire
2008-07-08,,7.467372594800002e-06,-4.0452823719999967e-07,,-5.126832178412129,-6.393051158026667,2008,Pre-fire
2008-07-09,,6.516184577600001e-06,-9.511880172000009e-07,,-5.186006622353426,-6.021733629475043,2008,Pre-fire
2008-07-10,,6.1444559272000015e-06,-3.7172865039999917e-07,,-5.2115165665246,-6.429773965051408,2008,Pre-fire
2008-07-11,,5.9367252108000015e-06,-2.0773071640000006e-07,,-5.226453052504815,-6.682499281140832,2008,Pre-fire
2008-07-12,,5.6087293428000016e-06,-3.279958679999999e-07,,-5.251135516981845,-6.4841316273739995,2008,Pre-fire
2008-07-13,,5.379132235200001e-06,-2.2959710760000096e-07,,-5.2692877793263015,-6.639033587359741,2008,Pre-fire
2008-07-14,,5.247933888000001e-06,-1.3119834719999946e-07,,-5.2800116447180745,-6.882071636046039,2008,Pre-fire
2008-07-15,,5.029269976000001e-06,-2.186639120000005e-07,,-5.298495050412088,-6.66022288642968,2008,Pre-fire
2008-07-16,,4.865272042000001e-06,-1.6399793399999996e-07,,-5.31289287111273,-6.785161623037981,2008,Pre-fire
2008-07-17,,4.6356749344000006e-06,-2.295971076000001e-07,,-5.333887025500929,-6.639033587359743,2008,Pre-fire
2008-07-18,,4.537276174000001e-06,-9.83987603999998e-08,,-5.343204785381569,-7.007010372654338,2008,Pre-fire
2008-07-19,,4.362345044400001e-06,-1.7493112959999956e-07,,-5.360279986406914,-6.757132899437738,2008,Pre-fire
2008-07-20,,4.253013088400001e-06,-1.0933195600000025e-07,,-5.371303280767954,-6.96125288209366,2008,Pre-fire
2008-07-21,,4.001549589600001e-06,-2.5146349880000016e-07,,-5.397771796699251,-6.599525046076068,2008,Pre-fire
2008-07-23,,3.8594180468e-06,-1.5306473840000035e-07,,-5.413478176705839,-6.815124846415423,2008,Pre-fire
2008-07-24,,3.6079545480000007e-06,-2.514634987999993e-07,,-5.442738942215774,-6.59952504607607,2008,Pre-fire
2008-07-25,,3.4330234184000003e-06,-1.749311296000004e-07,,-5.464323234020447,-6.757132899437736,2008,Pre-fire
2008-07-26,,3.2908918756000004e-06,-1.421315427999999e-07,,-5.482686386499818,-6.847309529786825,2008,Pre-fire
2008-07-31,,2.8863636384000003e-06,-2.5146349879999974e-07,,-5.53964895522383,-6.599525046076069,2008,Pre-fire
2008-08-01,,2.766098486800001e-06,-1.2026515159999943e-07,,-5.558132360917844,-6.9198601969354385,2008,Pre-fire
2008-08-03,,2.6130337484e-06,-1.0933195599999983e-07,,-5.582854981145524,-6.961252882093662,2008,Pre-fire
2008-08-04,,2.45996901e-06,-1.5306473839999993e-07,,-5.609070363982299,-6.815124846415424,2008,Pre-fire
2008-08-11,,2.1538395332000003e-06,-1.3119834719999988e-07,,-5.666786655932069,-6.882071636046037,2008,Pre-fire
2008-08-13,,1.9789084036000003e-06,-9.83987603999998e-08,,-5.703574307224478,-7.007010372654338,2008,Pre-fire
2008-08-14,,1.8586432520000005e-06,-1.2026515159999986e-07,,-5.730803960715388,-6.919860196935438,2008,Pre-fire
2008-08-15,,1.7165117092000002e-06,-1.4213154280000033e-07,,-5.765353229684428,-6.847309529786824,2008,Pre-fire
2008-08-16,,1.6071797532000003e-06,-1.0933195599999983e-07,,-5.793935547345486,-6.961252882093662,2008,Pre-fire
2008-08-08,2008-08-10,2.3779700430000006e-06,-6.013257580000014e-08,Aggregated,-5.6237936208030055,-7.220890192599417,2008,Pre-fire
2008-08-21,,5.663395320800001e-06,-8.407627416400002e-06,,-5.246923122348429,-5.07532654229223,2008,Pre-fire
2008-08-22,,3.662620526000001e-06,-2.0007747948000004e-06,,-5.4362080750568165,-5.698801792363232,2008,Pre-fire
2008-08-23,,3.0284951812000007e-06,-6.341253448000002e-07,,-5.518773113029213,-6.197824888530724,2008,Pre-fire
2008-08-24,,2.6676997264e-06,-3.6079545480000084e-07,,-5.5738630557549325,-6.442738942215773,2008,Pre-fire
2008-08-26,,2.4818354012e-06,-2.514634988000006e-07,,-5.605227024900539,-6.599525046076068,2008,Pre-fire
2008-08-27,,2.1975723156000004e-06,-2.842630855999994e-07,,-5.658056824673173,-6.546279534122845,2008,Pre-fire
2008-08-28,,2.077307164e-06,-1.2026515160000028e-07,,-5.682499281140832,-6.919860196935436,2008,Pre-fire
2008-08-29,,1.91330923e-06,-1.6399793399999996e-07,,-5.718214833407368,-6.785161623037981,2008,Pre-fire
2008-08-30,,1.8039772740000004e-06,-1.0933195599999983e-07,,-5.743768937879755,-6.961252882093662,2008,Pre-fire
2008-09-04,,1.3775826456000002e-06,-1.2026515160000028e-07,,-5.860882336976099,-6.919860196935436,2008,Pre-fire
2008-08-31,2008-09-01,1.7247116059000003e-06,-1.4213154280000012e-07,Aggregated,-5.763283514177489,-6.847309529786824,2008,Pre-fire
2008-09-02,2008-09-03,1.5771134653000004e-06,-1.6399793399999974e-07,Aggregated,-5.802137060265893,-6.785161623037981,2008,Pre-fire
2008-09-05,2008-09-07,1.3174500698000003e-06,-6.559917360000015e-08,Aggregated,-5.880265835182774,-7.183101631710017,2008,Pre-fire
2008-09-08,2008-09-09,1.1780518259000003e-06,-1.421315427999997e-07,Aggregated,-5.928835603260892,-6.847309529786826,2008,Pre-fire
2008-09-10,2008-09-11,1.0495867776e-06,-1.0933195600000004e-07,Aggregated,-5.978981649054093,-6.961252882093661,2008,Pre-fire
2009-05-08,,0.0001037122934616,-3.2220127433200006e-05,,-3.984169761777809,-4.491872746243737,2009,Pre-fire
2009-05-09,,8.373734510040001e-05,-1.997494836119999e-05,,-4.077080812569749,-4.699514334741124,2009,Pre-fire
2009-05-10,,6.49541150596e-05,-1.8783230040800007e-05,,-4.187393329716975,-4.726229722598438,2009,Pre-fire
2009-05-11,,5.113455582120001e-05,-1.3819559238399998e-05,,-4.291285512185158,-4.859505808147295,2009,Pre-fire
2009-05-12,,4.385304755160001e-05,-7.281508269599999e-06,,-4.3580002201120145,-5.137778652923361,2009,Pre-fire
2009-05-13,,4.027789259040001e-05,-3.5751549611999985e-06,,-4.39493326056885,-5.446705129433376,2009,Pre-fire
2009-05-15,,5.6502754860800016e-05,-9.019886369999997e-06,,-4.247930377106634,-5.044798933543737,2009,Pre-fire
2009-05-16,,4.750473488200001e-05,-8.998019978800004e-06,,-4.323263101308976,-5.045853046881391,2009,Pre-fire
2009-05-17,,4.0594955262800006e-05,-6.909779619200006e-06,,-4.391527932867503,-5.1605358038112765,2009,Pre-fire
2009-05-18,,3.4122503467600004e-05,-6.4724517952000014e-06,,-4.466959113428329,-5.188931175370742,2009,Pre-fire
2009-05-19,,3.0536415310800006e-05,-3.586088156799998e-06,,-4.515181946392657,-5.445379038381983,2009,Pre-fire
2009-05-20,,2.63708677872e-05,-4.1655475236000075e-06,,-4.578875578625548,-5.380327906418041,2009,Pre-fire
2009-05-21,,2.3276773432400003e-05,-3.0940943547999957e-06,,-4.6330772206553394,-5.509466446569372,2009,Pre-fire
2009-05-22,,2.05325413368e-05,-2.7442320956000017e-06,,-4.68755729416357,-5.561579160612624,2009,Pre-fire
2009-05-23,,1.8236570260800003e-05,-2.2959710759999977e-06,,-4.739056835791942,-5.639033587359743,2009,Pre-fire
2009-05-24,,1.6268595052800004e-05,-1.9679752079999995e-06,,-4.788649950883801,-5.705980376990356,2009,Pre-fire
2009-05-25,,1.4683281690800002e-05,-1.5853133620000016e-06,,-4.833176869424946,-5.799884879858687,2009,Pre-fire
2009-05-26,,1.3546229348400005e-05,-1.1370523423999976e-06,,-4.868181575717598,-5.944219542794882,2009,Pre-fire
2009-05-27,,1.26606405048e-05,-8.85588843600005e-07,,-4.897544322702244,-6.05276786321501,2009,Pre-fire
2009-05-28,,1.17750516612e-05,-8.855888435999999e-07,,-4.929037178795681,-6.052767863215012,2009,Pre-fire
2009-05-29,,1.0933195600000002e-05,-8.418560611999981e-07,,-4.961252882093662,-6.074762156921181,2009,Pre-fire
2009-05-30,,1.02444042772e-05,-6.88791322800002e-07,,-4.989513291205884,-6.161912332640079,2009,Pre-fire
2009-05-31,,9.938274800400002e-06,-3.061294767999973e-07,,-5.002688998871694,-6.514094850751446,2009,Pre-fire
2009-06-05,,9.8836088224e-06,-1.5853133620000032e-06,,-5.005084451618298,-5.799884879858686,2009,Pre-fire
2009-06-06,,9.2057506952e-06,-6.77858127199999e-07,,-5.035940790594013,-6.168861192595409,2009,Pre-fire
2009-06-07,,8.998019978800001e-06,-2.077307163999992e-07,,-5.045853046881392,-6.682499281140834,2009,Pre-fire
2009-06-08,,8.648157719600002e-06,-3.498622591999991e-07,,-5.063076398595985,-6.456102903773757,2009,Pre-fire
2009-06-09,,8.199896700000001e-06,-4.482610196000006e-07,,-5.086191618701962,-6.348469025373926,2009,Pre-fire
2009-06-12,,1.0987861578e-05,-1.8258436651999996e-06,,-4.959086820337154,-5.738536410946079,2009,Pre-fire
2009-06-13,,1.0375602624400002e-05,-6.12258953599998e-07,,-4.983986669666369,-6.213064855087462,2009,Pre-fire
2009-06-14,,9.56654615e-06,-8.09056474400001e-07,,-5.019244829071348,-6.092021162362685,2009,Pre-fire
2009-06-15,,9.008953174400002e-06,-5.575929755999983e-07,,-5.0453256703965454,-6.253682705995726,2009,Pre-fire
2009-06-16,,8.495092981200002e-06,-5.138601931999999e-07,,-5.070831863292748,-6.289155024157944,2009,Pre-fire
2009-06-17,,8.243629482400001e-06,-2.51463498800001e-07,,-5.083881536223887,-6.599525046076067,2009,Pre-fire
2009-06-18,,7.959366396800001e-06,-2.842630855999998e-07,,-5.0991215027806245,-6.546279534122844,2009,Pre-fire
2009-06-20,,8.3529614384e-06,-5.02926997600002e-07,,-5.0781595235179715,-6.298495050412086,2009,Pre-fire
2009-06-21,,7.871900832000001e-06,-4.810606063999994e-07,,-5.103920385662393,-6.317800205607475,2009,Pre-fire
2009-06-22,,7.204975900400002e-06,-6.669249315999994e-07,,-5.142367467499652,-6.175923047082895,2009,Pre-fire
2009-06-23,,6.723915294000001e-06,-4.810606064000011e-07,,-5.172377766318245,-6.317800205607473,2009,Pre-fire
2009-06-24,,6.4068526216e-06,-3.1706267240000116e-07,,-5.193355266075571,-6.498854884194704,2009,Pre-fire
2009-06-25,,6.1663223184e-06,-2.405303031999997e-07,,-5.209973778110319,-6.618830201271456,2009,Pre-fire
2009-06-26,,5.5649965604000015e-06,-6.013257579999984e-07,,-5.254535099756903,-6.220890192599419,2009,Pre-fire
2009-06-27,,5.422865017600001e-06,-1.4213154280000075e-07,,-5.265771205603464,-6.8473095297868225,2009,Pre-fire
2009-06-28,,5.280733474800001e-06,-1.421315427999999e-07,,-5.2773057513421495,-6.847309529786825,2009,Pre-fire
2009-06-29,,5.1276687364e-06,-1.530647384000012e-07,,-5.290080039378578,-6.81512484641542,2009,Pre-fire
2009-06-30,,4.9418044112e-06,-1.858643252e-07,,-5.30611444728228,-6.730803960715388,2009,Pre-fire
2009-07-01,,4.766873281600001e-06,-1.749311295999987e-07,,-5.321766392825076,-6.75713289943774,2009,Pre-fire
2009-07-02,,4.6028753476e-06,-1.639979340000008e-07,,-5.336970786257994,-6.785161623037978,2009,Pre-fire
2009-07-03,,4.427944218000001e-06,-1.749311295999987e-07,,-5.353797858878993,-6.75713289943774,2009,Pre-fire
2009-07-04,,4.2202135016000005e-06,-2.077307164000009e-07,,-5.374665577421907,-6.682499281140831,2009,Pre-fire
2009-07-05,,4.099948350000001e-06,-1.2026515159999986e-07,,-5.387221614365943,-6.919860196935438,2009,Pre-fire
2009-07-09,,3.8594180468e-06,-1.0933195600000025e-07,,-5.413478176705839,-6.96125288209366,2009,Pre-fire
2009-07-06,2009-07-08,4.017949383000001e-06,-6.559917360000015e-08,Aggregated,-5.395995538673448,-7.183101631710017,2009,Pre-fire
2009-07-14,,3.509555787600001e-06,-4.701274107999998e-07,,-5.45474784968879,-6.327784426514075,2009,Pre-fire
2009-07-15,,3.2471590932000003e-06,-2.623966944000006e-07,,-5.488496432776449,-6.581041640382055,2009,Pre-fire
2009-07-16,,3.1050275504000004e-06,-1.421315427999999e-07,,-5.507934542046624,-6.847309529786825,2009,Pre-fire
2009-07-17,,2.984762398800001e-06,-1.2026515159999943e-07,,-5.525090235052906,-6.9198601969354385,2009,Pre-fire
2009-07-26,,2.3506370540000004e-06,-1.0933195599999983e-07,,-5.628814422178056,-6.961252882093662,2009,Pre-fire
2009-07-28,,2.1757059244000004e-06,-1.2026515159999943e-07,,-5.662399805683955,-6.9198601969354385,2009,Pre-fire
2009-07-29,,2.0445075772000005e-06,-1.3119834719999988e-07,,-5.689411275557163,-6.882071636046037,2009,Pre-fire
2009-07-30,,1.9461088168000003e-06,-9.839876040000023e-08,,-5.710832879784768,-7.007010372654336,2009,Pre-fire
2009-07-18,2009-07-19,2.897296834000001e-06,-1.7493112959999998e-07,Aggregated,-5.538007008156853,-6.757132899437737,2009,Pre-fire
2009-07-20,2009-07-21,2.7223657044e-06,-1.7493112960000083e-07,Aggregated,-5.565053534997926,-6.757132899437735,2009,Pre-fire
2009-07-22,2009-07-24,2.5638343682000006e-06,-8.199896700000019e-08,Aggregated,-5.5911100350425595,-7.086191618701961,2009,Pre-fire
2009-07-31,2009-08-01,1.9105759311e-06,-9.83987603999998e-08,Aggregated,-5.718835697675943,-7.007010372654338,2009,Pre-fire
2009-08-02,2009-08-03,1.7875774806000003e-06,-1.311983472000003e-07,Aggregated,-5.747735125097357,-6.882071636046036,2009,Pre-fire
2009-08-04,2009-08-05,1.6509125356000002e-06,-1.3119834719999967e-07,Aggregated,-5.782275934800492,-6.882071636046038,2009,Pre-fire
2009-08-08,,2.1210399464000003e-06,-4.154614328000001e-07,,-5.673451152163436,-6.381469285476851,2009,Pre-fire
2009-08-09,,1.8258436652e-06,-2.9519628120000026e-07,,-5.738536410946079,-6.529889117934674,2009,Pre-fire
2009-08-10,,1.6399793400000002e-06,-1.858643251999998e-07,,-5.785161623037981,-6.730803960715388,2009,Pre-fire
2009-08-11,,1.5415805796e-06,-9.839876040000023e-08,,-5.8120337694382815,-7.007010372654336,2009,Pre-fire
2009-08-17,,1.1261191468000005e-06,-1.093319559999994e-07,,-5.948415657388489,-6.961252882093664,2009,Pre-fire
2009-08-12,2009-08-13,1.4814480038e-06,-1.0933195600000004e-07,Aggregated,-5.829313586883237,-6.961252882093661,2009,Pre-fire
2009-08-14,2009-08-15,1.3775826456000004e-06,-1.3119834719999946e-07,Aggregated,-5.860882336976099,-6.882071636046039,2009,Pre-fire
2009-08-18,2009-08-20,1.0605199732000001e-06,-6.559917360000015e-08,Aggregated,-5.974481147827417,-7.183101631710017,2009,Pre-fire
2009-08-23,2009-08-25,9.675878106000001e-07,-5.4665978000000127e-08,Aggregated,-6.014309611395836,-7.262282877757642,2009,Pre-fire
2009-08-26,2009-08-27,8.527892568000001e-07,-1.3119834719999988e-07,Aggregated,-6.069158279403181,-6.882071636046037,2009,Pre-fire
2009-08-30,2009-08-31,7.379907030000001e-07,-1.0933195600000004e-07,Aggregated,-6.131949109262637,-6.961252882093661,2009,Pre-fire
2010-06-05,,0.0001867171144568,-9.528279965399997e-05,,-3.728815872873107,-4.02098549064765,2010,Pre-fire
2010-06-06,,0.0001271858644148,-5.9531250042e-05,,-3.895561154000391,-4.225254998001868,2010,Pre-fire
2010-06-07,,9.177324386640002e-05,-3.5412620548399984e-05,,-4.037283917218191,-4.450841934083485,2010,Pre-fire
2010-06-08,,6.95460572116e-05,-2.2227186654800017e-05,,-4.157727486517129,-4.653115503455623,2010,Pre-fire
2010-06-09,,6.31720041768e-05,-6.374053034799998e-06,,-4.199475344585483,-5.195584327334648,2010,Pre-fire
2010-06-10,,6.269094357040001e-05,-4.81060606399996e-07,,-4.202795193483196,-6.317800205607478,2010,Pre-fire
2010-06-11,,5.70494146408e-05,-5.641528929600005e-06,,-4.243748807329459,-5.24860318046645,2010,Pre-fire
2010-06-12,,5.004123626120001e-05,-7.0081783795999955e-06,,-4.300671969666362,-5.154394852574844,2010,Pre-fire
2010-06-13,,4.314238983760001e-05,-6.8988464235999995e-06,,-4.365095801177489,-5.161223522849528,2010,Pre-fire
2010-06-14,,3.652780649960001e-05,-6.614583337999996e-06,,-4.43737640645553,-5.1794975074411935,2010,Pre-fire
2010-06-15,,3.19139979564e-05,-4.613808543200008e-06,,-4.496018787105648,-5.335940431131987,2010,Pre-fire
2010-06-16,,2.9191632252000004e-05,-2.722365704399999e-06,,-4.534741620729086,-5.565053534997926,2010,Pre-fire
2010-06-17,,2.6086604701600005e-05,-3.1050275503999987e-06,,-4.583582442759338,-5.507934542046624,2010,Pre-fire
2010-06-18,,2.30471763248e-05,-3.0394283768000045e-06,,-4.637382275553152,-5.517208086175585,2010,Pre-fire
2010-06-19,,2.0609073706000005e-05,-2.438102618799996e-06,,-4.68594152755185,-5.6129480190455014,2010,Pre-fire
2010-06-20,,1.8783230040800004e-05,-1.8258436652000013e-06,,-4.726229722598438,-5.738536410946078,2010,Pre-fire
2010-06-21,,1.7143250700800002e-05,-1.6399793400000013e-06,,-4.765906823745242,-5.78516162303798,2010,Pre-fire
2010-06-22,,1.53502066224e-05,-1.7930440784000025e-06,,-4.813885774299875,-5.746409034045963,2010,Pre-fire
2010-06-23,,1.40928891284e-05,-1.257317494e-06,,-4.850999964740259,-5.90055504174005,2010,Pre-fire
2010-06-24,,1.3174500698000005e-05,-9.183884303999954e-07,,-4.880265835182774,-6.036973596031782,2010,Pre-fire
2010-06-25,,1.2190513094000003e-05,-9.839876040000014e-07,,-4.913978014709482,-6.007010372654336,2010,Pre-fire
2010-06-26,,1.1676652900800003e-05,-5.138601931999999e-07,,-4.932681629401124,-6.289155024157944,2010,Pre-fire
2010-06-27,,1.1239325076800002e-05,-4.37327824000001e-07,,-4.9492597674344045,-6.359192890765699,2010,Pre-fire
2010-06-28,,1.06161329276e-05,-6.231921492000027e-07,,-4.974033652185657,-6.205378026421169,2010,Pre-fire
2010-06-29,,9.938274800400002e-06,-6.778581271999973e-07,,-5.002688998871694,-6.1688611925954095,2010,Pre-fire
2010-07-03,,9.818009648800002e-06,-6.013257580000001e-07,,-5.007976545426358,-6.220890192599418,2010,Pre-fire
2010-07-04,,9.2057506952e-06,-6.122589536000014e-07,,-5.035940790594013,-6.2130648550874605,2010,Pre-fire
2010-07-05,,8.8886880228e-06,-3.170626724000003e-07,,-5.051162336499593,-6.498854884194706,2010,Pre-fire
2010-07-06,,8.407627416400002e-06,-4.810606063999977e-07,,-5.07532654229223,-6.317800205607476,2010,Pre-fire
2010-07-07,,8.035898766e-06,-3.717286504000017e-07,,-5.094965543009467,-6.429773965051405,2010,Pre-fire
2010-07-08,,7.6751033112e-06,-3.607954548000004e-07,,-5.114915769963856,-6.442738942215774,2010,Pre-fire
2010-07-09,,7.314307856400001e-06,-3.607954547999987e-07,,-5.135826764325839,-6.442738942215776,2010,Pre-fire
2010-07-10,,6.953512401600001e-06,-3.607954548000004e-07,,-5.157795766445248,-6.442738942215774,2010,Pre-fire
2010-07-11,,6.745781685200002e-06,-2.077307163999992e-07,,-5.17096771806042,-6.682499281140834,2010,Pre-fire
2010-07-12,,6.4833849908e-06,-2.6239669440000145e-07,,-5.188198188729399,-6.581041640382053,2010,Pre-fire
2010-07-13,,6.286587470000001e-06,-1.967975207999996e-07,,-5.2015850374040316,-6.7059803769903565,2010,Pre-fire
2010-07-14,,5.9804579932000016e-06,-3.06129476799999e-07,,-5.223265555760231,-6.514094850751444,2010,Pre-fire
2010-07-15,,5.7617940812e-06,-2.1866391200000135e-07,,-5.239442266881115,-6.660222886429678,2010,Pre-fire
2010-07-16,,5.510330582400001e-06,-2.514634987999993e-07,,-5.258822345648136,-6.59952504607607,2010,Pre-fire
2010-07-18,,5.2151343012000015e-06,-2.2959710759999841e-07,,-5.282734503053548,-6.639033587359745,2010,Pre-fire
2010-07-19,,5.0511363672000015e-06,-1.6399793399999996e-07,,-5.296610906537536,-6.785161623037981,2010,Pre-fire
2010-07-20,,4.876205237600001e-06,-1.749311296000004e-07,,-5.31191802338152,-6.757132899437736,2010,Pre-fire
2010-07-21,,4.766873281600001e-06,-1.0933195600000025e-07,,-5.321766392825076,-6.96125288209366,2010,Pre-fire
2010-07-22,,4.6138085432000005e-06,-1.5306473840000035e-07,,-5.335940431131988,-6.815124846415423,2010,Pre-fire
2010-07-23,,4.438877413600001e-06,-1.7493112959999956e-07,,-5.352726848516467,-6.757132899437738,2010,Pre-fire
2010-07-24,,4.143681132400001e-06,-2.9519628120000026e-07,,-5.382613672125589,-6.529889117934674,2010,Pre-fire
2010-07-25,,4.0124827852e-06,-1.311983472000003e-07,,-5.396586817841572,-6.882071636046036,2010,Pre-fire
2010-07-26,,3.8484848512e-06,-1.639979340000008e-07,,-5.4147102186155305,-6.785161623037978,2010,Pre-fire
2010-07-27,,3.717286504000001e-06,-1.311983471999986e-07,,-5.429773965051407,-6.882071636046041,2010,Pre-fire
2010-07-28,,3.5860881568000007e-06,-1.311983472000003e-07,,-5.445379038381983,-6.882071636046036,2010,Pre-fire
2010-07-29,,3.465823005200001e-06,-1.2026515159999986e-07,,-5.46019361987591,-6.919860196935438,2010,Pre-fire
2010-07-30,,3.2799586800000004e-06,-1.8586432520000043e-07,,-5.4841316273739995,-6.730803960715387,2010,Pre-fire
2010-08-01,,3.0831611592e-06,-1.0933195600000068e-07,,-5.5110037737743,-6.9612528820936594,2010,Pre-fire
2010-08-02,,2.984762398800001e-06,-9.839876039999896e-08,,-5.525090235052906,-7.007010372654341,2010,Pre-fire
2010-08-03,,2.8754304428000007e-06,-1.0933195600000025e-07,,-5.541297133603904,-6.96125288209366,2010,Pre-fire
2010-08-05,,2.7332989000000004e-06,-1.093319559999994e-07,,-5.563312873421624,-6.961252882093664,2010,Pre-fire
2010-08-12,,2.2085055112000005e-06,-1.3119834719999988e-07,,-5.655901512647038,-6.882071636046037,2010,Pre-fire
2010-08-13,,2.0663739684e-06,-1.4213154280000033e-07,,-5.684791077920417,-6.847309529786824,2010,Pre-fire
2010-08-14,,1.9242424256e-06,-1.4213154280000033e-07,,-5.715740214279512,-6.847309529786824,2010,Pre-fire
2010-08-16,,1.7274449048000002e-06,-1.311983472000003e-07,,-5.762595795139239,-6.882071636046036,2010,Pre-fire
2010-08-06,2010-08-07,2.6868328187000004e-06,-9.839876040000023e-08,Aggregated,-5.570759355589488,-7.007010372654336,2010,Pre-fire
2010-08-08,2010-08-09,2.5638343682000006e-06,-1.3119834719999946e-07,Aggregated,-5.5911100350425595,-6.882071636046039,2010,Pre-fire
2010-08-10,2010-08-11,2.4244361243000006e-06,-1.6399793400000038e-07,Aggregated,-5.615389253589898,-6.78516162303798,2010,Pre-fire
2010-08-19,,1.6837121224000003e-06,-9.839876040000002e-08,,-5.773732161257199,-7.007010372654337,2010,Pre-fire
2010-08-20,2010-08-21,1.6263128455000003e-06,-1.2026515160000007e-07,Aggregated,-5.788795907693075,-6.919860196935437,2010,Pre-fire
2011-05-29,,6.43090565192e-05,-8.451360198800017e-06,,-4.191727861922611,-5.073073388175336,2011,Pre-fire
2011-05-30,,5.71915461836e-05,-7.117510335600005e-06,,-4.242668162066225,-5.1476718935254695,2011,Pre-fire
2011-05-31,,5.501584025920001e-05,-2.1757059243999885e-06,,-4.259512249656449,-5.6623998056839575,2011,Pre-fire
2011-06-01,,5.1582816840800005e-05,-3.4330234184000037e-06,,-4.287494945544085,-5.464323234020446,2011,Pre-fire
2011-06-03,,4.830285816080001e-05,-4.690340912400005e-06,,-4.316027170558246,-5.328795589908937,2011,Pre-fire
2011-06-04,,4.21365358424e-05,-6.166322318400013e-06,,-4.375341171774227,-5.209973778110318,2011,Pre-fire
2011-06-05,,3.7664858842e-05,-4.4716770004e-06,,-4.424063655850017,-5.34952957408632,2011,Pre-fire
2011-06-06,,3.5183023440800006e-05,-2.481835401199991e-06,,-4.453666842330651,-5.6052270249005405,2011,Pre-fire
2011-06-07,,3.101747591720001e-05,-4.165547523599997e-06,,-4.5083935462978095,-5.380327906418043,2011,Pre-fire
2011-06-08,,2.7245523435200004e-05,-3.771952482000005e-06,,-4.564704844106529,-5.423433787020387,2011,Pre-fire
2011-06-09,,2.4238894645200005e-05,-3.006628789999999e-06,,-4.6154871889791735,-5.521920188263399,2011,Pre-fire
2011-06-10,,2.1669593679200004e-05,-2.5693009660000013e-06,,-4.664149231944405,-5.590185019821925,2011,Pre-fire
2011-06-11,,1.97672176448e-05,-1.9023760344000053e-06,,-4.704054455954317,-5.720703633811061,2011,Pre-fire
2011-06-12,,1.8138171500400003e-05,-1.6290461443999949e-06,,-4.741406496069301,-5.788066613681389,2011,Pre-fire
2011-06-13,,1.7547778938e-05,-5.903925624000022e-07,,-4.755777845352771,-6.228859122270691,2011,Pre-fire
2011-06-14,,1.50987431236e-05,-2.4490358144000006e-06,,-4.821059203515031,-5.611004863759499,2011,Pre-fire
2011-06-15,,1.36008953264e-05,-1.4978477972000014e-06,,-4.866432501738862,-5.8245323149372545,2011,Pre-fire
2011-06-16,,1.2649707309200003e-05,-9.511880171999959e-07,,-4.897919523141912,-6.021733629475045,2011,Pre-fire
2011-06-17,,1.1785984856800004e-05,-8.63722452399999e-07,,-4.928634121242942,-6.063625790803221,2011,Pre-fire
2011-06-20,,1.1818784443600002e-05,-1.126119146799998e-06,,-4.927427188140351,-5.94841565738849,2011,Pre-fire
2011-06-21,,1.0987861578e-05,-8.309228656000019e-07,,-4.959086820337154,-6.080439289812869,2011,Pre-fire
2011-06-22,,1.0605199732000002e-05,-3.826618459999979e-07,,-4.974481147827417,-6.417184837743388,2011,Pre-fire
2011-06-23,,1.0441201798e-05,-1.639979340000025e-07,,-4.981249510509915,-6.785161623037974,2011,Pre-fire
2011-06-24,,9.807076453200002e-06,-6.341253447999972e-07,,-5.0084604390495695,-6.197824888530726,2011,Pre-fire
2011-06-25,,8.866821631600002e-06,-9.402548215999996e-07,,-5.052232027882505,-6.026754430850094,2011,Pre-fire
2011-06-26,,8.473226590000001e-06,-3.935950416000009e-07,,-5.0719511795873515,-6.4049503813263735,2011,Pre-fire
2011-06-30,,8.735623284400002e-06,-3.389290635999995e-07,,-5.05870610277967,-6.46989118825939,2011,Pre-fire
2011-07-01,,8.331095047200002e-06,-4.045282372000005e-07,,-5.079297910754061,-6.393051158026666,2011,Pre-fire
2011-07-02,,7.970299592400001e-06,-3.607954548000004e-07,,-5.098525353775687,-6.442738942215774,2011,Pre-fire
2011-07-03,,7.598570942000001e-06,-3.717286504e-07,,-5.1192680775035475,-6.429773965051407,2011,Pre-fire
2011-07-04,,7.358040638800001e-06,-2.405303031999997e-07,,-5.133237817869685,-6.618830201271456,2011,Pre-fire
2011-07-05,,7.106577140000002e-06,-2.514634987999993e-07,,-5.148339525450806,-6.59952504607607,2011,Pre-fire
2011-07-06,,6.833247250000001e-06,-2.7332989000000106e-07,,-5.165372864749586,-6.563312873421623,2011,Pre-fire
2011-07-07,,6.505251382000001e-06,-3.279958679999999e-07,,-5.186735916365112,-6.4841316273739995,2011,Pre-fire
2011-07-08,,6.297520665600001e-06,-2.0773071640000006e-07,,-5.200830398670449,-6.682499281140832,2011,Pre-fire
2011-07-09,,6.122589536000002e-06,-1.749311295999987e-07,,-5.213064855087461,-6.75713289943774,2011,Pre-fire
2011-07-10,,5.871126037200001e-06,-2.51463498800001e-07,,-5.231278596394106,-6.599525046076067,2011,Pre-fire
2011-07-11,,5.619662538400001e-06,-2.5146349880000016e-07,,-5.250289763098386,-6.599525046076068,2011,Pre-fire
2011-07-20,,8.178030308800002e-06,-4.2748794796e-06,,-5.0873512842292,-5.369076124697795,2011,Pre-fire
2011-07-21,,6.822314054400001e-06,-1.3557162544000006e-06,,-5.1660682924112376,-5.8678311969314265,2011,Pre-fire
2011-07-22,,6.046057166800001e-06,-7.762568876000005e-07,,-5.218527750788963,-6.109994533374586,2011,Pre-fire
2011-07-23,,5.554063364800001e-06,-4.919938019999999e-07,,-5.255389169809742,-6.308040368318318,2011,Pre-fire
2011-07-24,,5.138601932e-06,-4.1546143280000096e-07,,-5.289155024157944,-6.38146928547685,2011,Pre-fire
2011-07-25,,4.876205237600001e-06,-2.623966943999989e-07,,-5.31191802338152,-6.5810416403820575,2011,Pre-fire
2011-07-26,,4.6903409124e-06,-1.8586432520000085e-07,,-5.328795589908937,-6.730803960715386,2011,Pre-fire
2011-07-27,,4.471677000400001e-06,-2.1866391199999966e-07,,-5.34952957408632,-6.660222886429681,2011,Pre-fire
2011-07-28,,4.274879479600001e-06,-1.967975207999996e-07,,-5.369076124697795,-6.7059803769903565,2011,Pre-fire
2011-07-30,,4.067148763200001e-06,-1.2026515159999986e-07,,-5.390709942211764,-6.919860196935438,2011,Pre-fire
2011-07-31,,3.9687500028e-06,-9.839876040000065e-08,,-5.401346257057549,-7.007010372654334,2011,Pre-fire
2011-08-01,,3.82661846e-06,-1.421315427999999e-07,,-5.417184837743386,-6.847309529786825,2011,Pre-fire
2011-08-03,,3.6079545480000007e-06,-1.311983472000003e-07,,-5.442738942215774,-6.882071636046036,2011,Pre-fire
2011-08-04,,3.4439566140000008e-06,-1.6399793399999996e-07,,-5.462942328304061,-6.785161623037981,2011,Pre-fire
2011-08-05,,3.334624658e-06,-1.0933195600000068e-07,,-5.476953042746876,-6.9612528820936594,2011,Pre-fire
2011-08-07,,3.0831611592e-06,-1.749311296000004e-07,,-5.5110037737743,-6.757132899437736,2011,Pre-fire
2011-08-17,,2.4162362276000005e-06,-9.83987603999998e-08,,-5.616860608408551,-7.007010372654338,2011,Pre-fire
2011-08-18,,2.295971076e-06,-1.202651516000007e-07,,-5.639033587359743,-6.919860196935434,2011,Pre-fire
2011-08-20,,2.1647727288000004e-06,-1.0933195599999983e-07,,-5.66458769183213,-6.961252882093662,2011,Pre-fire
2011-09-03,,1.3447830588e-06,-1.2026515160000028e-07,,-5.871347770654264,-6.919860196935436,2011,Pre-fire
2011-08-08,2011-08-09,3.0202952845000005e-06,-1.20265151599999e-07,Aggregated,-5.519950595400495,-6.91986019693544,2011,Pre-fire
2011-08-10,2011-08-11,2.8863636384000008e-06,-1.5306473839999993e-07,Aggregated,-5.53964895522383,-6.815124846415424,2011,Pre-fire
2011-08-12,2011-08-13,2.7606318890000007e-06,-1.0933195600000068e-07,Aggregated,-5.5589914996389815,-6.9612528820936594,2011,Pre-fire
2011-08-14,2011-08-15,2.6403667374000004e-06,-1.0933195600000025e-07,Aggregated,-5.578335747006131,-6.96125288209366,2011,Pre-fire
2011-08-21,2011-08-22,2.0773071640000006e-06,-1.7493112959999998e-07,Aggregated,-5.682499281140832,-6.757132899437737,2011,Pre-fire
2011-08-23,2011-08-25,1.9351756212000002e-06,-6.559917359999994e-08,Aggregated,-5.713279615731855,-7.183101631710018,2011,Pre-fire
2011-08-26,2011-08-27,1.7821108828000003e-06,-1.5306473840000014e-07,Aggregated,-5.749065277689704,-6.815124846415423,2011,Pre-fire
2011-08-28,2011-08-30,1.6345127422000002e-06,-4.919938020000001e-08,Aggregated,-5.786611689433213,-7.308040368318318,2011,Pre-fire
2011-08-31,2011-09-02,1.5415805796000002e-06,-7.106577140000006e-08,Aggregated,-5.8120337694382815,-7.1483395254508055,2011,Pre-fire
2011-09-04,2011-09-06,1.2846504830000002e-06,-6.013257579999993e-08,Aggregated,-5.891215015485907,-7.220890192599418,2011,Pre-fire
2011-09-07,2011-09-08,1.1561854347e-06,-1.2026515159999986e-07,Aggregated,-5.936972506046581,-6.919860196935438,2011,Pre-fire
2012-04-21,,0.0001559839016252,-4.2814393969599986e-05,,-3.8069202208513566,-4.368410198962562,2012,Pre-fire
2012-04-22,,0.0001226267218496,-3.3357179775600005e-05,,-3.911414881471078,-4.476810674451254,2012,Pre-fire
2012-04-23,,0.0001000824725224,-2.2544249327200006e-05,,-3.999641974002381,-4.646964221146164,2012,Pre-fire
2012-04-24,,8.158350556720001e-05,-1.849896695519999e-05,,-4.0883976373888515,-4.732852523390657,2012,Pre-fire
2012-04-25,,6.554450762200001e-05,-1.60389979452e-05,,-4.183463694658794,-4.794822768250379,2012,Pre-fire
2012-04-28,,7.986699385800002e-05,-1.8586432519999865e-06,,-4.097632661823346,-5.730803960715391,2012,Pre-fire
2012-04-29,,6.587250349000001e-05,-1.3994490368000005e-05,,-4.181295830846755,-4.854042912445793,2012,Pre-fire
2012-04-30,,6.304080582960001e-05,-2.8316976604000053e-06,,-4.200378244041473,-5.547953118012409,2012,Pre-fire
2012-05-01,,5.5835829929200006e-05,-7.204975900400002e-06,,-4.253087024238122,-5.142367467499652,2012,Pre-fire
2012-05-02,,5.057696284560001e-05,-5.258867083599998e-06,,-4.2960472536590615,-5.27910780571983,2012,Pre-fire
2012-05-05,,6.657222800840001e-05,-6.406852621599997e-06,,-4.176706908039139,-5.193355266075571,2012,Pre-fire
2012-05-06,,5.692914948920001e-05,-9.643078519200008e-06,,-4.244665304417969,-5.015784296961842,2012,Pre-fire
2012-05-07,,4.8893250723200015e-05,-8.035898765999992e-06,,-4.310751087215294,-5.094965543009467,2012,Pre-fire
2012-05-08,,4.1360278954800005e-05,-7.53297176840001e-06,,-4.383416540800917,-5.123033660186035,2012,Pre-fire
2012-05-09,,3.5226756223200005e-05,-6.1335227316e-06,,-4.453127346010462,-5.2122900208375,2012,Pre-fire
2012-05-10,,3.0744146027200005e-05,-4.482610195999999e-06,,-4.512237565745876,-5.348469025373927,2012,Pre-fire
2012-05-11,,2.6764462828800004e-05,-3.979683198400001e-06,,-4.572441468620138,-5.400151498444606,2012,Pre-fire
2012-05-12,,2.3550103322400003e-05,-3.2143595064000015e-06,,-4.628007183131699,-5.492905551681504,2012,Pre-fire
2012-05-13,,2.0816804422400004e-05,-2.7332988999999987e-06,,-4.681585938045206,-5.563312873421625,2012,Pre-fire
2012-05-14,,1.8367768608e-05,-2.4490358144000057e-06,,-4.735943600367799,-5.611004863759498,2012,Pre-fire
2012-05-15,,1.65200585516e-05,-1.847710056399997e-06,,-4.781988417754636,-5.733366177479989,2012,Pre-fire
2012-05-16,,1.4847279624800005e-05,-1.6727789267999967e-06,,-4.828353112149179,-5.776561451276064,2012,Pre-fire
2012-05-17,,1.3622761717600002e-05,-1.2245179072000028e-06,,-4.865734839770511,-5.912034859423479,2012,Pre-fire
2012-05-18,,1.2835571634400002e-05,-7.871900832000001e-07,,-4.891584785182066,-6.103920385662393,2012,Pre-fire
2012-05-19,,1.2256112267600004e-05,-5.794593667999975e-07,,-4.911647269498689,-6.236977012492875,2012,Pre-fire
2012-05-20,,1.11737259032e-05,-1.0823863644000046e-06,,-4.951801986294968,-5.96561768749611,2012,Pre-fire
2012-05-26,,2.1210399464000003e-05,-3.6626205259999954e-06,,-4.673451152163436,-5.436208075056817,2012,Pre-fire
2012-05-27,,1.7996039957600002e-05,-3.2143595064000015e-06,,-4.744823051217411,-5.492905551681504,2012,Pre-fire
2012-05-28,,1.5820334033200003e-05,-2.1757059243999987e-06,,-4.800784350974624,-5.662399805683956,2012,Pre-fire
2012-05-29,,1.4267820258000002e-05,-1.552513775200001e-06,,-4.845642370419362,-5.808964537710605,2012,Pre-fire
2012-05-30,,1.3054235546400002e-05,-1.2135847115999998e-06,,-4.884248555300311,-5.9159299033070045,2012,Pre-fire
2012-05-31,,1.2135847116000004e-05,-9.183884303999987e-07,,-4.9159299033070045,-6.036973596031781,2012,Pre-fire
2012-06-01,,1.1392389815200002e-05,-7.434573008000017e-07,,-4.943385163130156,-6.128743969387425,2012,Pre-fire
2012-06-10,,4.5700757608e-05,-4.220213501600009e-06,,-4.340076600318627,-5.374665577421906,2012,Pre-fire
2012-06-11,,3.915177344360001e-05,-6.548984164399992e-06,,-4.407248561081759,-5.183826059704351,2012,Pre-fire
2012-06-12,,3.3936639142400004e-05,-5.2151343012000066e-06,,-4.469331169507511,-5.282734503053547,2012,Pre-fire
2012-06-13,,3.043801655040001e-05,-3.4986225919999946e-06,,-4.516583651155137,-5.456102903773757,2012,Pre-fire
2012-06-14,,2.6064738310400003e-05,-4.373278240000007e-06,,-4.583946631025463,-5.359192890765699,2012,Pre-fire
2012-06-15,,2.3222107454400008e-05,-2.8426308559999947e-06,,-4.63409836968423,-5.546279534122845,2012,Pre-fire
2012-06-16,,2.07293388576e-05,-2.4927685968000075e-06,,-4.683414549091614,-5.603318035093206,2012,Pre-fire
2012-06-17,,1.85426997376e-05,-2.1866391200000017e-06,,-4.731827034172967,-5.66022288642968,2012,Pre-fire
2012-06-19,,1.7241649461200002e-05,-1.782110882799996e-06,,-4.763421188764759,-5.749065277689705,2012,Pre-fire
2012-06-20,,1.5219008275200005e-05,-2.0226411859999975e-06,,-4.817613646819118,-5.694081153690648,2012,Pre-fire
2012-06-21,,1.3797692847200002e-05,-1.4213154280000024e-06,,-4.8601935271855465,-5.847309529786824,2012,Pre-fire
2012-06-22,,1.3666494500000002e-05,-1.311983472000003e-07,,-4.864342869085605,-6.882071636046036,2012,Pre-fire
2012-06-28,,2.5966339550000003e-05,-2.2413050980000065e-06,,-4.585589268132776,-5.649499021037906,2012,Pre-fire
2012-06-29,,2.37359676476e-05,-2.2303719024000035e-06,,-4.624593058639242,-5.651622714667762,2012,Pre-fire
2012-06-30,,2.24021177844e-05,-1.3338498631999989e-06,,-4.649710923692466,-5.874893051418914,2012,Pre-fire
2012-07-01,,2.170239326600001e-05,-6.997245183999915e-07,,-4.663492370994527,-6.15507290810978,2012,Pre-fire
2012-07-02,,1.9504820950400005e-05,-2.1975723156000047e-06,,-4.709858032053558,-5.658056824673172,2012,Pre-fire
2012-07-03,,1.8422434586000003e-05,-1.0823863644000012e-06,,-4.734652976886304,-5.9656176874961115,2012,Pre-fire
2012-07-04,,1.67933884416e-05,-1.6290461444000017e-06,,-4.774861666398168,-5.788066613681387,2012,Pre-fire
2012-07-05,,1.54923381652e-05,-1.3010502764e-06,,-4.809883031846201,-5.885705920701131,2012,Pre-fire
2012-07-06,,1.4475550974400005e-05,-1.0167871907999968e-06,,-4.839364896989981,-5.992769933539728,2012,Pre-fire
2012-07-07,,1.3546229348400005e-05,-9.29321626e-07,,-4.868181575717598,-6.031833956379369,2012,Pre-fire
2012-07-08,,1.2682506896000002e-05,-8.637224524000024e-07,,-4.896794892866743,-6.063625790803219,2012,Pre-fire
2012-07-09,,1.1895316812800002e-05,-7.871900832000001e-07,,-4.9246239867315005,-6.103920385662393,2012,Pre-fire
2012-07-10,,1.1304924250400002e-05,-5.903925624000005e-07,,-4.946732343335738,-6.228859122270693,2012,Pre-fire
2012-07-11,,1.07363980792e-05,-5.685261712000013e-07,,-4.969141394306712,-6.245249538458862,2012,Pre-fire
2012-07-12,,1.0189738299200003e-05,-5.46659779999997e-07,,-4.99183696973968,-6.262282877757645,2012,Pre-fire
2012-07-13,,9.8289428444e-06,-3.607954548000038e-07,,-5.007493190360433,-6.44273894221577,2012,Pre-fire
2012-07-14,,9.4790805852e-06,-3.498622591999991e-07,,-5.023233784617451,-6.456102903773757,2012,Pre-fire
2012-07-15,,9.1510847172e-06,-3.279958679999999e-07,,-5.038527424100402,-6.4841316273739995,2012,Pre-fire
2012-07-16,,8.877754827200002e-06,-2.733298899999985e-07,,-5.051696852852486,-6.563312873421626,2012,Pre-fire
2012-07-17,,8.3966942208e-06,-4.810606064000011e-07,,-5.0758916620621495,-6.317800205607473,2012,Pre-fire
2012-07-18,,8.101497939600001e-06,-2.951962811999994e-07,,-5.091434674114334,-6.529889117934675,2012,Pre-fire
2012-07-19,,7.871900832000001e-06,-2.295971076000001e-07,,-5.103920385662393,-6.639033587359743,2012,Pre-fire
2012-07-20,,7.6313705288e-06,-2.405303032000014e-07,,-5.1173974594705,-6.618830201271453,2012,Pre-fire
2012-07-21,,7.270575074000001e-06,-3.607954547999987e-07,,-5.138431236790557,-6.442738942215776,2012,Pre-fire
2012-07-22,,7.030044770800001e-06,-2.4053030320000056e-07,,-5.153041909169439,-6.618830201271455,2012,Pre-fire
2012-07-23,,6.811380858800001e-06,-2.1866391199999966e-07,,-5.166764835434492,-6.660222886429681,2012,Pre-fire
2012-07-24,,6.5927169468e-06,-2.1866391200000135e-07,,-5.180935569953511,-6.660222886429678,2012,Pre-fire
2012-07-25,,6.341253448000001e-06,-2.5146349879999846e-07,,-5.197824888530724,-6.599525046076072,2012,Pre-fire
2012-07-26,,6.133522731600001e-06,-2.0773071640000006e-07,,-5.2122900208375,-6.682499281140832,2012,Pre-fire
2012-07-27,,5.925792015200002e-06,-2.077307163999992e-07,,-5.227253595555275,-6.682499281140834,2012,Pre-fire
2012-07-28,,5.597796147200001e-06,-3.2799586800000076e-07,,-5.251982921117831,-6.484131627373999,2012,Pre-fire
2012-07-29,,5.4993973868000005e-06,-9.839876040000065e-08,,-5.259684897037734,-7.007010372654334,2012,Pre-fire
2012-07-30,,5.258867083600001e-06,-2.405303031999997e-07,,-5.27910780571983,-6.618830201271456,2012,Pre-fire
2012-07-31,,5.0620695628e-06,-1.9679752080000046e-07,,-5.295671891075709,-6.705980376990355,2012,Pre-fire
2012-08-01,,4.843405650800001e-06,-2.1866391199999966e-07,,-5.314849155870592,-6.660222886429681,2012,Pre-fire
2012-08-02,,4.6138085432000005e-06,-2.295971076000001e-07,,-5.335940431131988,-6.639033587359743,2012,Pre-fire
2012-08-03,,4.406077826800001e-06,-2.077307163999992e-07,,-5.355947835952552,-6.682499281140834,2012,Pre-fire
2012-08-04,,4.143681132400001e-06,-2.623966944000006e-07,,-5.382613672125589,-6.581041640382055,2012,Pre-fire
2012-08-05,,3.8922176336000005e-06,-2.5146349880000016e-07,,-5.409802884120786,-6.599525046076068,2012,Pre-fire
2012-08-06,,3.739152895200001e-06,-1.530647383999995e-07,,-5.427226776037527,-6.815124846415425,2012,Pre-fire
2012-08-07,,3.5860881568000007e-06,-1.5306473840000035e-07,,-5.445379038381983,-6.815124846415423,2012,Pre-fire
2012-08-11,,3.2799586800000004e-06,-9.83987603999998e-08,,-5.4841316273739995,-7.007010372654338,2012,Pre-fire
2012-08-12,,3.1487603328000005e-06,-1.3119834719999988e-07,,-5.501860394334431,-6.882071636046037,2012,Pre-fire
2012-08-15,,2.8863636384000003e-06,-1.0933195600000068e-07,,-5.53964895522383,-6.9612528820936594,2012,Pre-fire
2012-08-16,,2.7223657044e-06,-1.6399793400000038e-07,,-5.565053534997926,-6.78516162303798,2012,Pre-fire
2012-08-17,,2.623966944000001e-06,-9.839876039999896e-08,,-5.581041640382056,-7.007010372654341,2012,Pre-fire
2012-08-08,2012-08-09,3.512289086500001e-06,-1.421315427999999e-07,Aggregated,-5.454409745754311,-6.847309529786825,2012,Pre-fire
2012-08-13,2012-08-14,3.0776945614e-06,-1.530647383999995e-07,Aggregated,-5.511774482906297,-6.815124846415425,2012,Pre-fire
2012-08-19,,2.5146349880000003e-06,-1.2026515159999986e-07,,-5.599525046076069,-6.919860196935438,2012,Pre-fire
2012-08-20,,2.3943698364000005e-06,-1.2026515159999986e-07,,-5.620808767253544,-6.919860196935438,2012,Pre-fire
2012-08-25,,1.9789084036000003e-06,-9.83987603999998e-08,,-5.703574307224478,-7.007010372654338,2012,Pre-fire
2012-09-07,,1.2135847116000005e-06,-9.839876040000002e-08,,-5.9159299033070045,-7.007010372654337,2012,Pre-fire
2012-08-21,2012-08-22,2.3233040650000005e-06,-1.5306473839999993e-07,Aggregated,-5.633893947707331,-6.815124846415424,2012,Pre-fire
2012-08-23,2012-08-24,2.1565728321000002e-06,-1.6399793400000038e-07,Aggregated,-5.666235870212204,-6.78516162303798,2012,Pre-fire
2012-08-26,2012-08-27,1.9023760344000004e-06,-1.5306473840000035e-07,Aggregated,-5.720703633811062,-6.815124846415423,2012,Pre-fire
2012-08-28,2012-08-30,1.7711776872000003e-06,-6.559917359999983e-08,Aggregated,-5.7517378675510304,-7.183101631710019,2012,Pre-fire
2012-08-31,2012-09-01,1.6345127422000002e-06,-1.0933195599999983e-07,Aggregated,-5.786611689433213,-6.961252882093662,2012,Pre-fire
2012-09-02,2012-09-03,1.5333806829000005e-06,-9.839876040000002e-08,Aggregated,-5.8143500121654625,-7.007010372654337,2012,Pre-fire
2012-09-04,2012-09-05,1.4377152214000004e-06,-1.0933195600000025e-07,Aggregated,-5.842327129267885,-6.96125288209366,2012,Pre-fire
2012-09-12,,1.038653582e-06,-1.2026515159999986e-07,,-5.983529276804814,-6.919860196935438,2012,Pre-fire
2012-09-13,2012-09-14,9.593879139000002e-07,-1.421315427999999e-07,Aggregated,-6.0180057569558,-6.847309529786825,2012,Pre-fire
2013-05-30,,4.915564741760001e-05,-3.028495181199998e-06,,-4.308426579532657,-5.518773113029213,2013,Pre-fire
2013-05-31,,4.183040636560001e-05,-7.325241052000004e-06,,-4.378507916402385,-5.135178079392835,2013,Pre-fire
2013-06-01,,3.47019628344e-05,-7.128443531200005e-06,,-4.459645959674832,-5.1470052863617415,2013,Pre-fire
2013-06-02,,2.9268164621200005e-05,-5.433798213199999e-06,,-4.533604510906729,-5.26489649336033,2013,Pre-fire
2013-06-03,,2.45231577308e-05,-4.745006890400003e-06,,-4.610423608510694,-5.323763152581151,2013,Pre-fire
2013-06-04,,2.1101067508e-05,-3.4220902228000007e-06,,-4.675695573085888,-5.465708544547213,2013,Pre-fire
2013-06-05,,1.81819042828e-05,-2.919163225200002e-06,,-4.740360632874142,-5.534741620729086,2013,Pre-fire
2013-06-06,,1.6126463510000002e-05,-2.0554407727999963e-06,,-4.79246086177948,-5.6870950328299825,2013,Pre-fire
2013-06-07,,1.4541150148000002e-05,-1.5853133619999999e-06,,-4.837401241126576,-5.799884879858687,2013,Pre-fire
2013-06-08,,1.3218233480400005e-05,-1.3229166675999976e-06,,-4.8788265812328895,-5.878467511777212,2013,Pre-fire
2013-06-09,,1.2267045463200002e-05,-9.511880172000026e-07,,-4.911260025173519,-6.021733629475042,2013,Pre-fire
2013-06-10,,1.14907885756e-05,-7.762568876000022e-07,,-4.9396501660654195,-6.109994533374585,2013,Pre-fire
2013-06-11,,1.09987947736e-05,-4.919938020000007e-07,,-4.9586549013737535,-6.308040368318317,2013,Pre-fire
2013-06-12,,1.0692665296800002e-05,-3.061294767999973e-07,,-4.97091402730606,-6.514094850751446,2013,Pre-fire
2013-06-14,,1.03646694288e-05,-3.17062672400002e-07,,-4.984444544755595,-6.498854884194703,2013,Pre-fire
2013-06-15,,9.752410475200002e-06,-6.12258953599998e-07,,-5.010888027717539,-6.213064855087462,2013,Pre-fire
2013-06-16,,9.3150826512e-06,-4.373278240000027e-07,,-5.0308132873269615,-6.359192890765697,2013,Pre-fire
2013-06-17,,8.9324208052e-06,-3.826618459999996e-07,,-5.049030825561246,-6.417184837743386,2013,Pre-fire
2013-06-20,,9.960141191600003e-06,-3.826618460000013e-07,,-5.001734505120663,-6.417184837743385,2013,Pre-fire
2013-06-21,,8.998019978800001e-06,-9.621212128000022e-07,,-5.045853046881392,-6.016770209943492,2013,Pre-fire
2013-06-22,,8.363894634000002e-06,-6.341253447999989e-07,,-5.077591446940044,-6.197824888530725,2013,Pre-fire
2013-06-28,,1.1075327142800002e-05,-1.9351756212000007e-06,,-4.955643436733381,-5.713279615731855,2013,Pre-fire
2013-06-29,,9.7961432576e-06,-1.2791838852000008e-06,,-5.008944872431536,-5.8930670203475,2013,Pre-fire
2013-06-30,,8.910554414e-06,-8.855888435999999e-07,,-5.050095273353685,-6.052767863215012,2013,Pre-fire
2013-07-01,,8.331095047200002e-06,-5.794593667999992e-07,,-5.079297910754061,-6.236977012492873,2013,Pre-fire
2013-07-02,,7.762568876e-06,-5.685261712000013e-07,,-5.109994533374587,-6.245249538458862,2013,Pre-fire
2013-07-03,,7.336174247600002e-06,-4.26394628399998e-07,,-5.13453036192467,-6.370188275067164,2013,Pre-fire
2013-07-04,,6.909779619200001e-06,-4.263946284000014e-07,,-5.1605358038112765,-6.370188275067161,2013,Pre-fire
2013-07-05,,6.5927169468e-06,-3.1706267240000116e-07,,-5.180935569953511,-6.498854884194704,2013,Pre-fire
2013-07-06,,6.428719012800001e-06,-1.6399793399999826e-07,,-5.191875556017523,-6.785161623037985,2013,Pre-fire
2013-07-07,,6.188188709600001e-06,-2.4053030320000056e-07,,-5.20843645090539,-6.618830201271455,2013,Pre-fire
2013-07-08,,5.9367252108000015e-06,-2.514634987999993e-07,,-5.226453052504815,-6.59952504607607,2013,Pre-fire
2013-07-09,,5.718061298800001e-06,-2.186639120000005e-07,,-5.242751193226387,-6.66022288642968,2013,Pre-fire
2013-07-10,,5.488464191200002e-06,-2.2959710759999926e-07,,-5.260549164948642,-6.6390335873597435,2013,Pre-fire
2013-07-11,,5.346332648400001e-06,-1.4213154280000075e-07,,-5.271944022970041,-6.8473095297868225,2013,Pre-fire
2013-07-12,,5.160468323200001e-06,-1.858643252e-07,,-5.287310883459574,-6.730803960715388,2013,Pre-fire
2013-07-13,,5.0183367804e-06,-1.4213154280000075e-07,,-5.2994401965564,-6.8473095297868225,2013,Pre-fire
2013-07-14,,4.766873281600001e-06,-2.514634987999993e-07,,-5.321766392825076,-6.59952504607607,2013,Pre-fire
2013-07-15,,4.5810089564e-06,-1.8586432520000085e-07,,-5.339038859127366,-6.730803960715386,2013,Pre-fire
2013-07-16,,4.417011022400001e-06,-1.639979339999991e-07,,-5.3548715169830565,-6.7851616230379825,2013,Pre-fire
2013-07-17,,4.253013088400001e-06,-1.6399793399999996e-07,,-5.371303280767954,-6.785161623037981,2013,Pre-fire
2013-07-18,,4.121814741200001e-06,-1.311983472000003e-07,,-5.384911531887869,-6.882071636046036,2013,Pre-fire
2013-07-19,,3.9687500028e-06,-1.5306473840000035e-07,,-5.401346257057549,-6.815124846415423,2013,Pre-fire
2013-07-22,,3.5970213524000007e-06,-2.6239669439999934e-07,,-5.444056984143687,-6.581041640382057,2013,Pre-fire
2013-07-23,,3.4002238316000003e-06,-1.9679752080000046e-07,,-5.468492493066824,-6.705980376990355,2013,Pre-fire
2013-07-24,,3.2143595064000007e-06,-1.8586432519999958e-07,,-5.492905551681504,-6.730803960715389,2013,Pre-fire
2013-07-25,,3.0394283768000003e-06,-1.749311296000004e-07,,-5.517208086175585,-6.757132899437736,2013,Pre-fire
2013-07-26,,2.8863636384000003e-06,-1.5306473839999993e-07,,-5.53964895522383,-6.815124846415424,2013,Pre-fire
2013-07-27,,2.7551652912000005e-06,-1.3119834719999988e-07,,-5.5598523413121175,-6.882071636046037,2013,Pre-fire
2013-07-28,,2.6567665308e-06,-9.839876040000065e-08,,-5.57564660849535,-7.007010372654334,2013,Pre-fire
2013-07-20,2013-07-21,3.9250172204e-06,-1.0933195600000025e-07,Aggregated,-5.406158433515342,-6.96125288209366,2013,Pre-fire
2013-08-03,,2.4927685968000003e-06,-2.1866391200000008e-07,,-5.603318035093208,-6.66022288642968,2013,Pre-fire
2013-08-04,,2.3506370540000004e-06,-1.421315427999999e-07,,-5.628814422178056,-6.847309529786825,2013,Pre-fire
2013-08-05,,2.2303719024e-06,-1.2026515160000028e-07,,-5.651622714667763,-6.919860196935436,2013,Pre-fire
2013-08-06,2013-08-07,2.1483729354e-06,-1.5306473839999993e-07,Aggregated,-5.667890327382216,-6.815124846415424,2013,Pre-fire
2013-08-10,,2.984762398800001e-06,-4.263946283999997e-07,,-5.525090235052906,-6.370188275067163,2013,Pre-fire
2013-08-11,,2.5365013792000004e-06,-4.482610196000006e-07,,-5.595764897202762,-6.348469025373926,2013,Pre-fire
2013-08-12,,2.1757059244000004e-06,-3.607954548e-07,,-5.662399805683955,-6.442738942215774,2013,Pre-fire
2013-08-13,,2.0117079904000004e-06,-1.6399793399999996e-07,,-5.696435059084125,-6.785161623037981,2013,Pre-fire
2013-08-14,,1.8914428388e-06,-1.202651516000005e-07,,-5.723206778964866,-6.919860196935435,2013,Pre-fire
2013-08-15,,1.7493112960000002e-06,-1.421315427999997e-07,,-5.757132899437737,-6.847309529786826,2013,Pre-fire
2013-08-16,2013-08-17,1.6809788235000002e-06,-1.421315427999999e-07,Aggregated,-5.774437757646207,-6.847309529786825,2013,Pre-fire
2013-08-18,2013-08-19,1.5279140851000005e-06,-1.6399793400000017e-07,Aggregated,-5.815901065535201,-6.78516162303798,2013,Pre-fire
2013-08-20,2013-08-21,1.3830492434000005e-06,-1.3119834719999967e-07,Aggregated,-5.859162356581825,-6.882071636046038,2013,Pre-fire
2013-08-26,,2.0335743816000005e-06,-6.450585403999998e-07,,-5.691739937875745,-6.190400870451517,2013,Pre-fire
2013-08-27,,1.4759814060000002e-06,-5.575929756000002e-07,,-5.830919113598656,-6.253682705995725,2013,Pre-fire
2013-08-28,,1.2791838852000002e-06,-1.9679752080000003e-07,,-5.8930670203475,-6.705980376990356,2013,Pre-fire
2013-08-29,2013-08-30,1.2245179072e-06,-1.0933195600000004e-07,Aggregated,-5.91203485942348,-6.961252882093661,2013,Pre-fire
2014-05-11,,9.9710743872e-05,-1.70885847228e-05,,-4.001258043765246,-4.767293904074474,2014,Pre-fire
2014-05-12,,7.915633614400002e-05,-2.0554407727999983e-05,,-4.101514315896515,-4.6870950328299825,2014,Pre-fire
2014-05-13,,6.24176136804e-05,-1.6738722463600014e-05,,-4.204692839086979,-4.7762776913954,2014,Pre-fire
2014-05-14,,4.847778929040001e-05,-1.3939824389999994e-05,,-4.314457193315192,-4.855742697323688,2014,Pre-fire
2014-05-15,,4.04418905244e-05,-8.035898766000012e-06,,-4.393168550778268,-5.094965543009466,2014,Pre-fire
2014-05-16,,3.32150482328e-05,-7.226842291599994e-06,,-4.478665112566894,-5.1410514226080215,2014,Pre-fire
2014-05-17,,2.8382575777600006e-05,-4.832472455199997e-06,,-4.5469481939653305,-5.31583061274457,2014,Pre-fire
2014-05-20,,2.4359159796800004e-05,-4.493543391599999e-06,,-4.61333769559197,-5.347411060217593,2014,Pre-fire
2014-05-21,,2.0991735552000005e-05,-3.3674242447999993e-06,,-4.677951653390112,-5.472702165593217,2014,Pre-fire
2014-05-22,,1.9187758278000003e-05,-1.803977274000002e-06,,-4.716975761291819,-5.743768937879755,2014,Pre-fire
2014-05-23,,1.7799242436800002e-05,-1.3885158412000003e-06,,-4.749598481540479,-5.857449161137705,2014,Pre-fire
2014-05-24,,1.6410726595600002e-05,-1.3885158412000003e-06,,-4.784872189850391,-5.857449161137705,2014,Pre-fire
2014-05-25,,1.5481404969600002e-05,-9.29321626e-07,,-4.810189628739911,-6.031833956379369,2014,Pre-fire
2014-05-26,,1.503314395e-05,-4.482610196000023e-07,,-4.8229501839273805,-6.348469025373924,2014,Pre-fire
2014-05-27,,1.4584882930400004e-05,-4.4826101959999553e-07,,-4.836097052513131,-6.34846902537393,2014,Pre-fire
2014-05-28,,1.4388085409600005e-05,-1.967975207999996e-07,,-4.841996992815725,-6.7059803769903565,2014,Pre-fire
2014-05-29,,1.3797692847200002e-05,-5.903925624000022e-07,,-4.8601935271855465,-6.228859122270691,2014,Pre-fire
2014-05-30,,1.2912104003600004e-05,-8.855888435999982e-07,,-4.889002984480147,-6.052767863215013,2014,Pre-fire
2014-05-31,,1.2135847116000004e-05,-7.762568876000005e-07,,-4.9159299033070045,-6.109994533374586,2014,Pre-fire
2014-06-01,,1.1392389815200002e-05,-7.434573008000017e-07,,-4.943385163130156,-6.128743969387425,2014,Pre-fire
2014-06-02,,1.0922262404400002e-05,-4.701274107999998e-07,,-4.961687393867679,-6.327784426514075,2014,Pre-fire
2014-06-03,,1.0495867776000002e-05,-4.263946283999997e-07,,-4.978981649054093,-6.370188275067163,2014,Pre-fire
2014-06-04,,1.00366735608e-05,-4.591942152000019e-07,,-4.998410200892419,-6.3380035916957596,2014,Pre-fire
2014-06-05,,9.7742768664e-06,-2.623966944000006e-07,,-5.009915363297744,-6.581041640382055,2014,Pre-fire
2014-06-06,,9.511880172e-06,-2.623966944000006e-07,,-5.021733629475043,-6.581041640382055,2014,Pre-fire
2014-06-07,,9.129218326e-06,-3.826618459999996e-07,,-5.03956640661006,-6.417184837743386,2014,Pre-fire
2014-06-08,,8.877754827200002e-06,-2.514634987999976e-07,,-5.051696852852486,-6.599525046076073,2014,Pre-fire
2014-06-09,,8.593491741600002e-06,-2.842630855999998e-07,,-5.065830336054254,-6.546279534122844,2014,Pre-fire
2014-06-10,,8.3529614384e-06,-2.405303032000014e-07,,-5.0781595235179715,-6.618830201271453,2014,Pre-fire
2014-06-11,,7.817234854000002e-06,-5.357265843999991e-07,,-5.106946840292581,-6.271056802065149,2014,Pre-fire
2014-06-12,,7.314307856400001e-06,-5.029269976000003e-07,,-5.135826764325839,-6.298495050412088,2014,Pre-fire
2014-06-18,,8.014032374800001e-06,-1.727444904799998e-06,,-5.096148907452534,-5.76259579513924,2014,Pre-fire
2014-06-19,,7.030044770800001e-06,-9.839876040000006e-07,,-5.153041909169439,-6.007010372654337,2014,Pre-fire
2014-06-20,,6.472451795200001e-06,-5.575929756e-07,,-5.188931175370742,-6.253682705995725,2014,Pre-fire
2014-06-21,,6.1007231448000014e-06,-3.7172865039999917e-07,,-5.214618683156083,-6.429773965051408,2014,Pre-fire
2014-06-22,,5.772727276800001e-06,-3.2799586800000076e-07,,-5.238618959559849,-6.484131627373999,2014,Pre-fire
2014-06-23,,5.4993973868000005e-06,-2.733298900000002e-07,,-5.259684897037734,-6.563312873421624,2014,Pre-fire
2014-06-24,,5.3572658440000005e-06,-1.421315427999999e-07,,-5.271056802065148,-6.847309529786825,2014,Pre-fire
2014-06-28,,9.1729511084e-06,-6.88791322800002e-07,,-5.037490921264961,-6.161912332640079,2014,Pre-fire
2014-06-29,,7.8500344408e-06,-1.3229166675999993e-06,,-5.105128437851361,-5.878467511777212,2014,Pre-fire
2014-06-30,,6.9863119884000005e-06,-8.637224523999999e-07,,-5.155752023935261,-6.06362579080322,2014,Pre-fire
2014-07-01,,6.3084538612e-06,-6.778581272000007e-07,,-5.20007706893793,-6.168861192595408,2014,Pre-fire
2014-07-02,,6.013257580000001e-06,-2.9519628119999857e-07,,-5.220890192599418,-6.529889117934677,2014,Pre-fire
2014-07-04,,5.575929756000001e-06,-3.498622592000008e-07,,-5.253682705995725,-6.456102903773755,2014,Pre-fire
2014-07-05,,5.2151343012000015e-06,-3.6079545479999957e-07,,-5.282734503053548,-6.442738942215775,2014,Pre-fire
2014-07-06,,5.0074035848000014e-06,-2.0773071640000006e-07,,-5.3003874040897925,-6.682499281140832,2014,Pre-fire
2014-07-07,,4.832472455200001e-06,-1.749311296000004e-07,,-5.31583061274457,-6.757132899437736,2014,Pre-fire
2014-07-08,,4.64660813e-06,-1.8586432520000085e-07,,-5.3328639520433505,-6.730803960715386,2014,Pre-fire
2014-07-09,,4.482610196000001e-06,-1.639979339999991e-07,,-5.348469025373926,-6.7851616230379825,2014,Pre-fire
2014-07-10,,4.362345044400001e-06,-1.2026515159999986e-07,,-5.360279986406914,-6.919860196935438,2014,Pre-fire
2014-07-11,,4.1983471104e-06,-1.639979340000008e-07,,-5.376921657726131,-6.785161623037978,2014,Pre-fire
2014-07-12,,4.0562155676000005e-06,-1.421315427999999e-07,,-5.391878972478616,-6.847309529786825,2014,Pre-fire
2014-07-14,,3.9250172204e-06,-9.839876040000065e-08,,-5.406158433515342,-7.007010372654334,2014,Pre-fire
2014-07-15,,3.728219699600001e-06,-1.9679752079999919e-07,,-5.428498503101164,-6.705980376990357,2014,Pre-fire
2014-07-16,,3.6298209392e-06,-9.839876040000107e-08,,-5.440114798389626,-7.0070103726543325,2014,Pre-fire
2014-07-17,,3.5204889832000005e-06,-1.093319559999994e-07,,-5.453397010397831,-6.961252882093664,2014,Pre-fire
2014-07-18,,3.3783574404e-06,-1.4213154280000033e-07,,-5.4712944026688275,-6.847309529786824,2014,Pre-fire
2014-07-19,,3.2799586800000004e-06,-9.83987603999998e-08,,-5.4841316273739995,-7.007010372654338,2014,Pre-fire
2014-07-20,2014-07-21,3.2116262075000003e-06,-1.4213154280000033e-07,Aggregated,-5.493275006813869,-6.847309529786824,2014,Pre-fire
2014-07-24,,4.504476587200001e-06,-1.978908403599999e-06,,-5.346355666060527,-5.703574307224478,2014,Pre-fire
2014-07-25,,3.706353308400001e-06,-7.981232788000002e-07,,-5.43105318389058,-6.097930021973205,2014,Pre-fire
2014-07-26,,3.3892906360000006e-06,-3.170626724000003e-07,,-5.469891188259389,-6.498854884194706,2014,Pre-fire
2014-07-27,,3.1815599196e-06,-2.0773071640000048e-07,,-5.497359893107754,-6.6824992811408315,2014,Pre-fire
2014-07-28,,3.0394283768000003e-06,-1.421315427999999e-07,,-5.517208086175585,-6.847309529786825,2014,Pre-fire
2014-07-29,,2.9082300296000004e-06,-1.3119834719999988e-07,,-5.536371245462595,-6.882071636046037,2014,Pre-fire
2014-07-30,,2.7551652912000005e-06,-1.5306473839999993e-07,,-5.5598523413121175,-6.815124846415424,2014,Pre-fire
2014-07-31,,2.6567665308e-06,-9.839876040000065e-08,,-5.57564660849535,-7.007010372654334,2014,Pre-fire
2014-08-01,,2.4927685968000003e-06,-1.6399793399999953e-07,,-5.603318035093208,-6.785161623037982,2014,Pre-fire
2014-08-05,,2.1647727288000004e-06,-1.2026515159999986e-07,,-5.66458769183213,-6.919860196935438,2014,Pre-fire
2014-08-06,,2.0663739684e-06,-9.839876040000023e-08,,-5.684791077920417,-7.007010372654336,2014,Pre-fire
2014-08-08,,1.9242424256e-06,-9.839876040000065e-08,,-5.715740214279512,-7.007010372654334,2014,Pre-fire
2014-08-10,,1.7711776872000005e-06,-1.093319559999994e-07,,-5.7517378675510304,-6.961252882093664,2014,Pre-fire
2014-08-02,2014-08-03,2.4107696298000003e-06,-1.5306473839999993e-07,Aggregated,-5.617844288289804,-6.815124846415424,2014,Pre-fire
2014-08-21,,1.5306473840000006e-06,-1.6399793399999974e-07,,-5.815124846415424,-6.785161623037981,2014,Pre-fire
2014-08-18,2014-08-20,1.7602444916000003e-06,-4.919938020000001e-08,Aggregated,-5.754427006061812,-7.308040368318318,2014,Pre-fire
2014-08-25,,1.1917183204000002e-06,-1.7493112959999998e-07,,-5.923826384153038,-6.757132899437737,2014,Pre-fire
2014-08-26,,1.0167871908000002e-06,-1.7493112959999998e-07,,-5.992769933539726,-6.757132899437737,2014,Pre-fire
2014-09-01,,9.839876040000002e-07,-1.9679752080000003e-07,,-6.007010372654337,-6.705980376990356,2014,Pre-fire
2014-09-02,2014-09-03,9.129218326000001e-07,-1.3119834719999999e-07,Aggregated,-6.039566406610059,-6.882071636046037,2014,Pre-fire
2014-09-04,2014-09-05,7.981232788000002e-07,-1.0933195600000004e-07,Aggregated,-6.097930021973205,-6.961252882093661,2014,Pre-fire
2015-05-22,,1.1195592294400002e-05,-1.0167871907999985e-06,,-4.95095292545385,-5.992769933539727,2015,Pre-fire
2015-05-23,,9.894542018000002e-06,-1.3010502764e-06,,-5.004604302888458,-5.885705920701131,2015,Pre-fire
2015-05-24,,8.866821631600002e-06,-1.0277203863999998e-06,,-5.052232027882505,-5.988125028493963,2015,Pre-fire
2015-05-25,,8.101497939600001e-06,-7.653236920000009e-07,,-5.091434674114334,-6.116154842079404,2015,Pre-fire
2015-05-26,,7.554838159600001e-06,-5.466597800000004e-07,,-5.121774834719464,-6.2622828777576425,2015,Pre-fire
2015-05-27,,7.073777553200001e-06,-4.810606064000003e-07,,-5.1503486014249615,-6.317800205607474,2015,Pre-fire
2015-05-28,,6.6583161204000014e-06,-4.1546143279999927e-07,,-5.176635589460786,-6.381469285476852,2015,Pre-fire
2015-05-29,,6.395919426e-06,-2.6239669440000145e-07,,-5.194097016011481,-6.581041640382053,2015,Pre-fire
2015-05-30,,6.2209882964e-06,-1.749311296000004e-07,,-5.20614061569859,-6.757132899437736,2015,Pre-fire
2015-05-31,,6.1007231448000014e-06,-1.2026515159999816e-07,,-5.214618683156083,-6.919860196935443,2015,Pre-fire
2015-06-03,,6.253787883200001e-06,-1.311983472000003e-07,,-5.203856853300637,-6.882071636046036,2015,Pre-fire
2015-06-04,,5.7945936680000016e-06,-4.5919421519999937e-07,,-5.236977012492873,-6.338003591695762,2015,Pre-fire
2015-06-05,,5.6087293428000016e-06,-1.858643252e-07,,-5.251135516981845,-6.730803960715388,2015,Pre-fire
2015-06-06,,5.324466257200001e-06,-2.8426308560000066e-07,,-5.273723920879028,-6.546279534122843,2015,Pre-fire
2015-06-07,,5.105802345200001e-06,-2.1866391199999966e-07,,-5.291936001527549,-6.660222886429681,2015,Pre-fire
2015-06-08,,4.887138433200001e-06,-2.186639120000005e-07,,-5.3109453589617255,-6.66022288642968,2015,Pre-fire
2015-06-09,,4.6903409124e-06,-1.9679752080000046e-07,,-5.328795589908937,-6.705980376990355,2015,Pre-fire
2015-06-10,,4.5263429784e-06,-1.6399793399999996e-07,,-5.344252540972763,-6.785161623037981,2015,Pre-fire
2015-06-11,,4.395144631200001e-06,-1.3119834719999946e-07,,-5.357026829009191,-6.882071636046039,2015,Pre-fire
2015-06-12,,4.296745870800001e-06,-9.83987603999998e-08,,-5.366860331718235,-7.007010372654338,2015,Pre-fire
2015-06-13,,4.187413914800001e-06,-1.0933195600000025e-07,,-5.378054108125039,-6.96125288209366,2015,Pre-fire
2015-06-15,,4.0562155676000005e-06,-1.0933195600000025e-07,,-5.391878972478616,-6.96125288209366,2015,Pre-fire
2015-06-19,,4.023415980800001e-06,-1.858643252e-07,,-5.395405063420144,-6.730803960715388,2015,Pre-fire
2015-06-20,,3.8156852644e-06,-2.077307164000009e-07,,-5.4184274551344815,-6.682499281140831,2015,Pre-fire
2015-06-21,,3.640754134800001e-06,-1.7493112959999913e-07,,-5.438808648587342,-6.757132899437739,2015,Pre-fire
2015-06-22,,3.4330234184000003e-06,-2.0773071640000048e-07,,-5.464323234020447,-6.6824992811408315,2015,Pre-fire
2015-06-28,,3.0503615724000007e-06,-1.3119834719999946e-07,,-5.515648678820064,-6.882071636046039,2015,Pre-fire
2015-06-29,,2.919163225200001e-06,-1.3119834719999988e-07,,-5.534741620729086,-6.882071636046037,2015,Pre-fire
2015-06-30,,2.7551652912000005e-06,-1.6399793400000038e-07,,-5.5598523413121175,-6.78516162303798,2015,Pre-fire
2015-07-01,,2.5911673572e-06,-1.6399793400000038e-07,,-5.586504536083558,-6.78516162303798,2015,Pre-fire
2015-07-02,,2.4927685968000003e-06,-9.83987603999998e-08,,-5.603318035093208,-7.007010372654338,2015,Pre-fire
2015-07-03,,2.3834366408000004e-06,-1.0933195599999983e-07,,-5.622796388489057,-6.961252882093662,2015,Pre-fire
2015-06-24,2015-06-25,3.3756241415000003e-06,-1.4213154280000033e-07,Aggregated,-5.471645915825939,-6.847309529786824,2015,Pre-fire
2015-06-26,2015-06-27,3.2334925987000004e-06,-1.2026515160000028e-07,Aggregated,-5.490328128793694,-6.919860196935436,2015,Pre-fire
2015-07-04,2015-07-05,2.3123708694000005e-06,-1.5306473840000035e-07,Aggregated,-5.6359425103826,-6.815124846415423,2015,Pre-fire
2015-07-06,2015-07-07,2.1511062343e-06,-1.421315427999999e-07,Aggregated,-5.66733814106256,-6.847309529786825,2015,Pre-fire
2015-07-11,,2.1319731420000003e-06,-1.858643252e-07,,-5.671218270731144,-6.730803960715388,2015,Pre-fire
2015-07-12,,1.9898415992000004e-06,-1.421315427999999e-07,,-5.701181494108587,-6.847309529786825,2015,Pre-fire
2015-07-13,,1.8914428388e-06,-9.839876040000044e-08,,-5.723206778964866,-7.007010372654335,2015,Pre-fire
2015-07-18,,1.5197141884e-06,-9.839876040000002e-08,,-5.818238081839566,-7.007010372654337,2015,Pre-fire
2015-07-14,2015-07-15,1.8094438718000002e-06,-1.5306473839999972e-07,Aggregated,-5.7424548839819245,-6.815124846415425,2015,Pre-fire
2015-07-16,2015-07-17,1.6755122257000004e-06,-1.2026515160000028e-07,Aggregated,-5.775852398903209,-6.919860196935436,2015,Pre-fire
2015-07-19,2015-07-20,1.4513817159e-06,-1.2026515159999943e-07,Aggregated,-5.838218352340155,-6.9198601969354385,2015,Pre-fire
2015-07-21,2015-07-23,1.3557162544000002e-06,-7.106577140000016e-08,Aggregated,-5.8678311969314265,-7.1483395254508055,2015,Pre-fire
2015-07-26,2015-07-27,1.1862517226000002e-06,-1.0933195600000004e-07,Aggregated,-5.925823143909113,-6.961252882093661,2015,Pre-fire
2015-07-28,2015-07-29,1.0523200764999998e-06,-1.4213154280000012e-07,Aggregated,-5.977852143913124,-6.847309529786824,2015,Pre-fire
2015-07-30,2015-07-31,8.910554414e-07,-1.5306473839999983e-07,Aggregated,-6.050095273353685,-6.815124846415424,2015,Pre-fire
2015-08-04,2015-08-05,7.407240019000001e-07,-1.2026515160000007e-07,Aggregated,-6.130343582547218,-6.919860196935437,2015,Pre-fire
2015-08-06,2015-08-10,6.450585404000001e-07,-2.4599690100000004e-08,Aggregated,-6.190400870451517,-7.609070363982299,2015,Pre-fire
2016-04-17,,2.9115099882800003e-05,-6.559917359999998e-07,,-4.53588171565472,-6.183101631710018,2016,Pre-fire
2016-04-18,,2.4927685968e-05,-4.187413914800003e-06,,-4.603318035093208,-5.378054108125038,2016,Pre-fire
2016-04-19,,2.1669593679200004e-05,-3.2580922887999965e-06,,-4.664149231944405,-5.487036618017407,2016,Pre-fire
2016-04-20,,1.9559486928400003e-05,-2.110106750800001e-06,,-4.708642541526289,-5.675695573085887,2016,Pre-fire
2016-04-21,,1.7219783070000003e-05,-2.3397038583999995e-06,,-4.7639723239680425,-5.630839108744471,2016,Pre-fire
2016-04-22,,1.58750000112e-05,-1.3447830588000018e-06,,-4.799286265729587,-5.871347770654263,2016,Pre-fire
2016-04-23,,1.4989411167600005e-05,-8.855888435999965e-07,,-4.824215427304149,-6.0527678632150135,2016,Pre-fire
2016-04-25,,2.08933367916e-05,-8.74655648000002e-07,,-4.679992195038649,-6.0581628951017175,2016,Pre-fire
2016-04-26,,1.8094438718e-05,-2.7988980735999997e-06,,-4.7424548839819245,-5.553012916781812,2016,Pre-fire
2016-04-27,,1.6498192160400002e-05,-1.5962465575999995e-06,,-4.782563642318072,-5.796900026309225,2016,Pre-fire
2016-04-28,,1.5229941470800004e-05,-1.2682506895999979e-06,,-4.817301765669698,-5.896794892866744,2016,Pre-fire
2016-04-29,,1.4235020671200002e-05,-9.949207996000027e-07,,-4.846641897861488,-6.002211489772567,2016,Pre-fire
2016-04-30,,1.33603650232e-05,-8.74655648000002e-07,,-4.874181676187126,-6.0581628951017175,2016,Pre-fire
2016-05-01,,1.23982438104e-05,-9.621212127999988e-07,,-4.9066398275367735,-6.016770209943494,2016,Pre-fire
2016-05-02,,1.1611053727200004e-05,-7.871900831999967e-07,,-4.935128365348211,-6.103920385662395,2016,Pre-fire
2016-05-03,,1.1108126729600002e-05,-5.02926997600002e-07,,-4.954359174145761,-6.298495050412086,2016,Pre-fire
2016-05-04,,1.0867596426400002e-05,-2.405303031999997e-07,,-4.9638664976963485,-6.618830201271456,2016,Pre-fire
2016-05-05,,1.03646694288e-05,-5.02926997600002e-07,,-4.984444544755595,-6.298495050412086,2016,Pre-fire
2016-05-06,,9.850809235600002e-06,-5.138601931999982e-07,,-5.006528091114599,-6.289155024157946,2016,Pre-fire
2016-05-07,,9.282283064400002e-06,-5.685261711999996e-07,,-5.032345191849709,-6.245249538458863,2016,Pre-fire
2016-05-08,,8.965220392000002e-06,-3.170626724000003e-07,,-5.0474390297099445,-6.498854884194706,2016,Pre-fire
2016-05-09,,8.670024110800001e-06,-2.951962812000011e-07,,-5.061979694776058,-6.5298891179346725,2016,Pre-fire
2016-05-10,,8.254562678000001e-06,-4.154614328000001e-07,,-5.083305930464474,-6.381469285476851,2016,Pre-fire
2016-05-11,,7.860967636400002e-06,-3.935950415999992e-07,,-5.104523991710779,-6.404950381326375,2016,Pre-fire
2016-05-12,,7.6204373332e-06,-2.405303032000014e-07,,-5.1180201039956525,-6.618830201271453,2016,Pre-fire
2016-05-13,,7.412706616800002e-06,-2.0773071639999836e-07,,-5.130023188226598,-6.682499281140836,2016,Pre-fire
2016-05-14,,7.281508269600002e-06,-1.311983472000003e-07,,-5.137778652923361,-6.882071636046036,2016,Pre-fire
2016-05-17,,7.084710748800001e-06,-5.357265843999991e-07,,-5.149677876223068,-6.271056802065149,2016,Pre-fire
2016-05-18,,6.680182511600001e-06,-4.045282372000005e-07,,-5.175211671851107,-6.393051158026666,2016,Pre-fire
2016-05-24,,8.331095047200002e-06,-9.402548215999979e-07,,-5.079297910754061,-6.026754430850095,2016,Pre-fire
2016-05-25,,7.7188360936e-06,-6.122589536000014e-07,,-5.112448181041858,-6.2130648550874605,2016,Pre-fire
2016-05-26,,7.270575074000001e-06,-4.482610195999989e-07,,-5.138431236790557,-6.3484690253739275,2016,Pre-fire
2016-05-27,,6.942579206e-06,-3.2799586800000076e-07,,-5.158479156801686,-6.484131627373999,2016,Pre-fire
2016-05-28,,6.494318186400001e-06,-4.4826101959999977e-07,,-5.187466437112469,-6.348469025373927,2016,Pre-fire
2016-05-29,,6.297520665600001e-06,-1.967975207999996e-07,,-5.200830398670449,-6.7059803769903565,2016,Pre-fire
2016-05-30,,5.925792015200002e-06,-3.7172865039999917e-07,,-5.227253595555275,-6.429773965051408,2016,Pre-fire
2016-05-31,,5.619662538400001e-06,-3.061294768000007e-07,,-5.250289763098386,-6.514094850751442,2016,Pre-fire
2016-06-01,,5.379132235200001e-06,-2.4053030320000056e-07,,-5.2692877793263015,-6.618830201271455,2016,Pre-fire
2016-06-02,,5.171401518800001e-06,-2.077307163999992e-07,,-5.28639174135585,-6.682499281140834,2016,Pre-fire
2016-06-03,,5.0511363672000015e-06,-1.2026515159999986e-07,,-5.296610906537536,-6.919860196935438,2016,Pre-fire
2016-06-04,,4.887138433200001e-06,-1.639979340000008e-07,,-5.3109453589617255,-6.785161623037978,2016,Pre-fire
2016-06-05,,4.6138085432000005e-06,-2.733298900000002e-07,,-5.335940431131988,-6.563312873421624,2016,Pre-fire
2016-06-06,,4.406077826800001e-06,-2.077307163999992e-07,,-5.355947835952552,-6.682499281140834,2016,Pre-fire
2016-06-07,,4.296745870800001e-06,-1.0933195600000025e-07,,-5.366860331718235,-6.96125288209366,2016,Pre-fire
2016-06-08,2016-06-09,4.236613295000001e-06,-1.0933195600000025e-07,Aggregated,-5.372981175251333,-6.96125288209366,2016,Pre-fire
2016-06-11,,4.417011022400001e-06,-1.3119834719999946e-07,,-5.3548715169830565,-6.882071636046039,2016,Pre-fire
2016-06-12,,4.0562155676000005e-06,-3.607954548000004e-07,,-5.391878972478616,-6.442738942215774,2016,Pre-fire
2016-06-16,,5.0074035848000014e-06,-5.685261711999996e-07,,-5.3003874040897925,-6.245249538458863,2016,Pre-fire
2016-06-17,,4.64660813e-06,-3.6079545480000126e-07,,-5.3328639520433505,-6.442738942215772,2016,Pre-fire
2016-06-18,,4.504476587200001e-06,-1.4213154279999906e-07,,-5.346355666060527,-6.847309529786828,2016,Pre-fire
2016-06-19,,4.1983471104e-06,-3.061294768000007e-07,,-5.376921657726131,-6.514094850751442,2016,Pre-fire
2016-06-20,,3.9031508292e-06,-2.9519628120000026e-07,,-5.4085846659814685,-6.529889117934674,2016,Pre-fire
2016-06-21,,3.6188877436000008e-06,-2.842630855999994e-07,,-5.441424888317943,-6.546279534122845,2016,Pre-fire
2016-06-22,,3.4111570272000007e-06,-2.0773071640000006e-07,,-5.467098288075219,-6.682499281140832,2016,Pre-fire
2016-06-25,,3.3127582668e-06,-1.9679752080000088e-07,,-5.479810253591356,-6.705980376990354,2016,Pre-fire
2016-06-27,,3.061294768000001e-06,-1.7493112959999913e-07,,-5.514094850751443,-6.757132899437739,2016,Pre-fire
2016-06-29,,2.8316976604000006e-06,-1.421315427999999e-07,,-5.54795311801241,-6.847309529786825,2016,Pre-fire
2016-07-03,,2.547434574800001e-06,-1.20265151599999e-07,,-5.593896961067642,-6.91986019693544,2016,Pre-fire
2016-06-30,2016-07-02,2.7606318890000007e-06,-8.19989670000004e-08,Aggregated,-5.5589914996389815,-7.086191618701959,2016,Pre-fire
2016-07-04,2016-07-05,2.4955018957000006e-06,-9.839876040000065e-08,Aggregated,-5.6028420958873255,-7.007010372654334,2016,Pre-fire
2016-07-06,2016-07-07,2.3916365375e-06,-1.2026515159999986e-07,Aggregated,-5.621304820399311,-6.919860196935438,2016,Pre-fire
2016-07-10,,5.379132235200001e-06,-2.4490358144000006e-06,,-5.2692877793263015,-5.611004863759499,2016,Pre-fire
2016-07-12,,4.165547523600001e-06,-1.1261191467999996e-06,,-5.380327906418042,-5.94841565738849,2016,Pre-fire
2016-07-13,,3.6079545480000007e-06,-5.575929756e-07,,-5.442738942215774,-6.253682705995725,2016,Pre-fire
2016-07-14,,3.2034263108e-06,-4.0452823720000094e-07,,-5.494385261739552,-6.393051158026665,2016,Pre-fire
2016-07-15,,2.9082300296000004e-06,-2.951962811999994e-07,,-5.536371245462595,-6.529889117934675,2016,Pre-fire
2016-07-16,,2.7223657044e-06,-1.8586432520000043e-07,,-5.565053534997926,-6.730803960715387,2016,Pre-fire
2016-07-17,,2.5583677704000004e-06,-1.6399793399999953e-07,,-5.592037024683519,-6.785161623037982,2016,Pre-fire
2016-07-19,,2.3615702496000004e-06,-1.093319559999994e-07,,-5.6267991309427305,-6.961252882093664,2016,Pre-fire
2016-07-20,,2.2413050980000005e-06,-1.2026515159999986e-07,,-5.649499021037907,-6.919860196935438,2016,Pre-fire
2016-07-21,,2.0991735552e-06,-1.4213154280000033e-07,,-5.677951653390112,-6.847309529786824,2016,Pre-fire
2016-07-27,,1.6727789268000005e-06,-9.839876040000002e-08,,-5.776561451276063,-7.007010372654337,2016,Pre-fire
2016-07-22,2016-07-23,2.0335743816000005e-06,-1.3119834719999988e-07,Aggregated,-5.691739937875745,-6.882071636046037,2016,Pre-fire
2016-07-24,2016-07-25,1.9187758278000004e-06,-1.0933195599999983e-07,Aggregated,-5.716975761291819,-6.961252882093662,2016,Pre-fire
2016-07-28,2016-07-29,1.6290461444000002e-06,-1.0933195600000025e-07,Aggregated,-5.788066613681388,-6.96125288209366,2016,Pre-fire
2016-07-30,2016-07-31,1.4951144983000002e-06,-1.4213154280000033e-07,Aggregated,-5.825325547088194,-6.847309529786824,2016,Pre-fire
2016-08-01,2016-08-03,1.3557162544000002e-06,-6.559917359999983e-08,Aggregated,-5.8678311969314265,-7.183101631710019,2016,Pre-fire
2016-08-04,2016-08-06,1.2409177006000001e-06,-4.919938020000001e-08,Aggregated,-5.90625702056452,-7.308040368318318,2016,Pre-fire
2016-08-19,,6.887913228000001e-07,-9.839876040000002e-08,,-6.16191233264008,-7.007010372654337,2016,Pre-fire
2016-08-10,2016-08-11,1.1889850215000003e-06,-1.4213154280000012e-07,Aggregated,-5.924823616466987,-6.847309529786824,2016,Pre-fire
2016-08-12,2016-08-13,1.0413868809000002e-06,-1.4213154280000012e-07,Aggregated,-5.982387897746005,-6.847309529786824,2016,Pre-fire
2016-08-14,2016-08-16,9.019886370000001e-07,-5.4665977999999915e-08,Aggregated,-6.044798933543737,-7.262282877757643,2016,Pre-fire
2016-08-22,2016-08-25,6.395919426000001e-07,-3.644398533333335e-08,Aggregated,-6.194097016011481,-7.438374136813324,2016,Pre-fire
2017-05-18,,4.7679666011600005e-05,-4.023415980800009e-06,,-4.321666795420235,-5.395405063420143,2017,Pre-fire
2017-05-19,,4.186320595240001e-05,-5.816460059199998e-06,,-4.378167515745974,-5.235341249798614,2017,Pre-fire
2017-05-20,,3.57296832208e-05,-6.133522731600007e-06,,-4.446970834233284,-5.2122900208375,2017,Pre-fire
2017-05-21,,3.0755079222800005e-05,-4.974603997999995e-06,,-4.51208314992846,-5.3032414854365495,2017,Pre-fire
2017-05-22,,2.74313877604e-05,-3.3236914624000043e-06,,-4.561752220779051,-5.478379298484907,2017,Pre-fire
2017-05-23,,2.3878099190400004e-05,-3.553288569999996e-06,,-4.622000248060962,-5.449369521114788,2017,Pre-fire
2017-05-24,,2.1560261723200004e-05,-2.3178374672000003e-06,,-4.666345971488469,-5.6349170211649104,2017,Pre-fire
2017-05-25,,1.9843750014e-05,-1.7165117092000052e-06,,-4.70237625272153,-5.765353229684426,2017,Pre-fire
2017-05-26,,1.7580578524800003e-05,-2.2631714891999955e-06,,-4.754966837681229,-5.645282536636745,2017,Pre-fire
2017-05-27,,1.5743801664000003e-05,-1.8367768608000009e-06,,-4.802890389998412,-5.735943600367799,2017,Pre-fire
2017-05-28,,1.4377152214000002e-05,-1.366649450000001e-06,,-4.842327129267885,-5.864342869085605,2017,Pre-fire
2017-05-29,,1.3349431827600003e-05,-1.0277203863999981e-06,,-4.874537218148779,-5.988125028493964,2017,Pre-fire
2017-05-30,,1.2627840918000004e-05,-7.215909095999991e-07,,-4.8986708978654985,-6.141708946551794,2017,Pre-fire
2017-05-31,,1.1862517226000002e-05,-7.653236920000026e-07,,-4.925823143909113,-6.116154842079403,2017,Pre-fire
2017-06-01,,1.14033230108e-05,-4.591942152000019e-07,,-4.942968573667131,-6.3380035916957596,2017,Pre-fire
2017-06-02,,1.1042527556000004e-05,-3.6079545479999533e-07,,-4.956931508311019,-6.4427389422157795,2017,Pre-fire
2017-06-03,,1.0714531688e-05,-3.27995868000005e-07,,-4.970026806401167,-6.484131627373992,2017,Pre-fire
2017-06-04,,1.03646694288e-05,-3.498622591999991e-07,,-4.984444544755595,-6.456102903773757,2017,Pre-fire
2017-06-05,,9.8836088224e-06,-4.810606064000011e-07,,-5.005084451618298,-6.317800205607473,2017,Pre-fire
2017-06-06,,9.435347802800002e-06,-4.4826101959999723e-07,,-5.025242086378452,-6.348469025373929,2017,Pre-fire
2017-06-07,,9.0854855436e-06,-3.498622592000025e-07,,-5.04165185830955,-6.456102903773752,2017,Pre-fire
2017-06-11,,9.982007582800002e-06,-5.685261711999979e-07,,-5.000782104559363,-6.245249538458864,2017,Pre-fire
2017-06-12,,9.074552348000002e-06,-9.074552348000008e-07,,-5.0421747897175875,-6.0421747897175875,2017,Pre-fire
2017-06-13,,8.648157719600002e-06,-4.263946283999997e-07,,-5.063076398595985,-6.370188275067163,2017,Pre-fire
2017-06-14,,8.2108298956e-06,-4.37327824000001e-07,,-5.085612945089493,-6.359192890765699,2017,Pre-fire
2017-06-17,,9.2276170864e-06,-1.2463842984000003e-06,,-5.0349104354680065,-5.904348030757189,2017,Pre-fire
2017-06-18,,8.363894634000002e-06,-8.637224523999973e-07,,-5.077591446940044,-6.063625790803222,2017,Pre-fire
2017-06-19,,7.817234854000002e-06,-5.466597800000004e-07,,-5.106946840292581,-6.2622828777576425,2017,Pre-fire
2017-06-20,,7.259641878400001e-06,-5.575929756000009e-07,,-5.139084802725645,-6.2536827059957245,2017,Pre-fire
2017-06-21,,6.898846423600001e-06,-3.6079545479999957e-07,,-5.161223522849528,-6.442738942215775,2017,Pre-fire
2017-06-22,,6.614583338000001e-06,-2.842630855999998e-07,,-5.179497507441193,-6.546279534122844,2017,Pre-fire
2017-06-23,,6.3084538612e-06,-3.0612947680000156e-07,,-5.20007706893793,-6.51409485075144,2017,Pre-fire
2017-06-24,,6.013257580000001e-06,-2.9519628119999857e-07,,-5.220890192599418,-6.529889117934677,2017,Pre-fire
2017-06-25,,5.772727276800001e-06,-2.4053030320000056e-07,,-5.238618959559849,-6.618830201271455,2017,Pre-fire
2017-06-26,,5.619662538400001e-06,-1.530647383999995e-07,,-5.250289763098386,-6.815124846415425,2017,Pre-fire
2017-06-27,,5.4993973868000005e-06,-1.202651516000007e-07,,-5.259684897037734,-6.919860196935434,2017,Pre-fire
2017-06-28,,5.324466257200001e-06,-1.7493112959999956e-07,,-5.273723920879028,-6.757132899437738,2017,Pre-fire
2017-06-29,,5.1276687364e-06,-1.967975208000013e-07,,-5.290080039378578,-6.705980376990353,2017,Pre-fire
2017-06-30,,4.974603998000001e-06,-1.5306473839999866e-07,,-5.3032414854365495,-6.8151248464154275,2017,Pre-fire
2017-07-01,,4.8215392596000014e-06,-1.530647383999995e-07,,-5.316814292625823,-6.815124846415425,2017,Pre-fire
2017-07-02,,4.64660813e-06,-1.7493112960000125e-07,,-5.3328639520433505,-6.7571328994377335,2017,Pre-fire
2017-07-03,,4.4607438048e-06,-1.858643252e-07,,-5.350592719003782,-6.730803960715388,2017,Pre-fire
2017-07-04,,4.307679066400001e-06,-1.530647383999995e-07,,-5.3657566602680875,-6.815124846415425,2017,Pre-fire
2017-07-05,,4.121814741200001e-06,-1.858643252e-07,,-5.384911531887869,-6.730803960715388,2017,Pre-fire
2017-07-06,,3.9468836116e-06,-1.749311296000004e-07,,-5.4037456801880035,-6.757132899437736,2017,Pre-fire
2017-07-07,,3.8484848512e-06,-9.839876040000065e-08,,-5.4147102186155305,-7.007010372654334,2017,Pre-fire
2017-07-08,,3.717286504000001e-06,-1.311983471999986e-07,,-5.429773965051407,-6.882071636046041,2017,Pre-fire
2017-07-09,,3.5860881568000007e-06,-1.311983472000003e-07,,-5.445379038381983,-6.882071636046036,2017,Pre-fire
2017-07-11,,3.4111570272000007e-06,-1.2026515160000028e-07,,-5.467098288075219,-6.919860196935436,2017,Pre-fire
2017-07-12,,3.3127582668e-06,-9.839876040000065e-08,,-5.479810253591356,-7.007010372654334,2017,Pre-fire
2017-07-14,,3.1268939416000005e-06,-9.83987603999998e-08,,-5.5048868489646186,-7.007010372654338,2017,Pre-fire
2017-07-15,,3.0066287900000006e-06,-1.2026515159999986e-07,,-5.521920188263399,-6.919860196935438,2017,Pre-fire
2017-07-18,,2.7551652912000005e-06,-4.810606063999998e-07,,-5.5598523413121175,-6.317800205607474,2017,Pre-fire
2017-07-20,,2.569300966e-06,-1.0933195600000025e-07,,-5.590185019821925,-6.96125288209366,2017,Pre-fire
2017-07-22,,2.4053030320000005e-06,-1.0933195599999983e-07,,-5.6188302012714555,-6.961252882093662,2017,Pre-fire
2017-07-30,,1.7930440784000003e-06,-9.839876039999959e-08,,-5.746409034045964,-7.007010372654339,2017,Pre-fire
2017-08-02,,1.5415805796e-06,-1.0933195600000025e-07,,-5.8120337694382815,-6.96125288209366,2017,Pre-fire
2017-08-03,,1.3885158412000005e-06,-1.530647383999995e-07,,-5.857449161137705,-6.815124846415425,2017,Pre-fire
2017-07-23,2017-07-24,2.3260373639000004e-06,-1.4213154280000033e-07,Aggregated,-5.633383313337037,-6.847309529786824,2017,Pre-fire
2017-07-25,2017-07-26,2.1784392233000003e-06,-1.6399793399999996e-07,Aggregated,-5.6618545520255115,-6.785161623037981,2017,Pre-fire
2017-07-27,2017-07-28,2.0308410827000006e-06,-1.2026515159999986e-07,Aggregated,-5.692324059661049,-6.919860196935438,2017,Pre-fire
2017-07-31,2017-08-01,1.7247116059000003e-06,-1.4213154280000012e-07,Aggregated,-5.763283514177489,-6.847309529786824,2017,Pre-fire
2017-08-04,2017-08-06,1.3229166676e-06,-6.559917360000015e-08,Aggregated,-5.878467511777211,-7.183101631710017,2017,Pre-fire
2017-08-07,2017-08-08,1.2108514127000004e-06,-9.839876040000023e-08,Aggregated,-5.916909147198554,-7.007010372654336,2017,Pre-fire
2017-08-09,2017-08-10,1.1069860545e-06,-9.839876040000002e-08,Aggregated,-5.9558578502069555,-7.007010372654337,2017,Pre-fire
2017-08-15,,9.621212128e-07,-1.0933195600000025e-07,,-6.016770209943493,-6.96125288209366,2017,Pre-fire
2017-08-16,2017-08-18,8.910554414e-07,-6.559917359999989e-08,Aggregated,-6.050095273353685,-7.183101631710019,2017,Pre-fire
2017-08-19,2017-08-21,7.707902898000001e-07,-5.466597800000002e-08,Aggregated,-6.113063765102263,-7.2622828777576425,2017,Pre-fire
2017-08-25,2017-08-27,6.231921492000002e-07,-6.013257580000003e-08,Aggregated,-6.205378026421171,-7.220890192599418,2017,Pre-fire
2018-04-17,,8.246909441080002e-05,-7.653236919999979e-06,,-4.083708774377717,-5.116154842079406,2018,Pre-fire
2018-04-18,,7.678383269880001e-05,-5.68526171200001e-06,,-4.114730213677375,-5.245249538458862,2018,Pre-fire
2018-04-19,,6.831060610880002e-05,-8.47322658999999e-06,,-4.1655118612244175,-5.071951179587352,2018,Pre-fire
2018-04-20,,6.20677514212e-05,-6.2428546876000166e-06,,-4.207133987868249,-5.204616773847812,2018,Pre-fire
2018-04-21,,6.030750692960001e-05,-1.76024449159999e-06,,-4.219628624589849,-5.754427006061815,2018,Pre-fire
2018-04-22,,5.439264811e-05,-5.914858819600015e-06,,-4.264459797011917,-5.228055616987091,2018,Pre-fire
2018-04-23,,4.846685609480001e-05,-5.9257920151999875e-06,,-4.314555150794327,-5.2272535955552755,2018,Pre-fire
2018-04-24,,4.3732782400000006e-05,-4.734073694800004e-06,,-4.3591928907657,-5.324764985740296,2018,Pre-fire
2018-04-25,,3.83317837736e-05,-5.400998626400007e-06,,-4.416440970335886,-5.267525933170014,2018,Pre-fire
2018-04-26,,3.273398762640001e-05,-5.597796147199993e-06,,-4.485001086086628,-5.251982921117832,2018,Pre-fire
2018-04-27,,2.9082300296000005e-05,-3.6516873304000025e-06,,-4.536371245462595,-5.437506415282097,2018,Pre-fire
2018-04-28,,2.5714876051200005e-05,-3.3674242447999993e-06,,-4.589815564689561,-5.472702165593217,2018,Pre-fire
2018-04-29,,2.5026084728400007e-05,-6.887913227999986e-07,,-4.601607089419119,-6.161912332640081,2018,Pre-fire
2018-04-30,,2.3703168060800007e-05,-1.3229166675999993e-06,,-4.625193604227312,-5.878467511777212,2018,Pre-fire
2018-05-01,,2.1363464202400005e-05,-2.339703858400003e-06,,-4.670328322710907,-5.63083910874447,2018,Pre-fire
2018-05-02,,1.89581611704e-05,-2.405303032000004e-06,,-4.72220378895347,-5.618830201271455,2018,Pre-fire
2018-05-03,,1.68043216372e-05,-2.1538395331999995e-06,,-4.774579014593916,-5.666786655932069,2018,Pre-fire
2018-05-04,,1.5415805796e-05,-1.3885158412000003e-06,,-4.8120337694382815,-5.857449161137705,2018,Pre-fire
2018-05-05,,1.4158488302000004e-05,-1.2573174939999966e-06,,-4.848983113676391,-5.900555041740051,2018,Pre-fire
2018-05-06,,1.32728994584e-05,-8.85588843600005e-07,,-4.877034195354423,-6.05276786321501,2018,Pre-fire
2018-05-07,,1.2452909788400002e-05,-8.199896699999972e-07,,-4.904729158014561,-6.086191618701963,2018,Pre-fire
2018-05-08,,1.1829717639200005e-05,-6.231921491999976e-07,,-4.927025621323111,-6.205378026421172,2018,Pre-fire
2018-05-09,,1.1414256206400004e-05,-4.154614328000001e-07,,-4.942552383427418,-6.381469285476851,2018,Pre-fire
2018-05-10,,1.11409263164e-05,-2.733298900000036e-07,,-4.953078698087236,-6.563312873421618,2018,Pre-fire
2018-05-11,,1.1009727969200002e-05,-1.311983471999986e-07,,-4.958223411540044,-6.882071636046041,2018,Pre-fire
2018-05-12,,1.04849345804e-05,-5.247933888000029e-07,,-4.9794342749229985,-6.280011644718072,2018,Pre-fire
2018-05-13,,1.0014807169600005e-05,-4.7012741079999474e-07,,-4.999357408425811,-6.32778442651408,2018,Pre-fire
2018-05-14,,9.56654615e-06,-4.48261019600004e-07,,-5.019244829071348,-6.348469025373922,2018,Pre-fire
2018-05-15,,9.1729511084e-06,-3.935950416000009e-07,,-5.037490921264961,-6.4049503813263735,2018,Pre-fire
2018-05-16,,8.943354000800001e-06,-2.2959710759999841e-07,,-5.048499578422339,-6.639033587359745,2018,Pre-fire
2018-05-18,,8.495092981200002e-06,-3.826618459999996e-07,,-5.070831863292748,-6.417184837743386,2018,Pre-fire
2018-05-19,,8.003099179200002e-06,-4.919938020000007e-07,,-5.09674180103527,-6.308040368318317,2018,Pre-fire
2018-05-20,,7.7516356804e-06,-2.51463498800001e-07,,-5.110606646910595,-6.599525046076067,2018,Pre-fire
2018-05-21,,7.5657713552e-06,-1.8586432520000085e-07,,-5.121146787636904,-6.730803960715386,2018,Pre-fire
2018-05-22,,7.248708682800002e-06,-3.1706267239999777e-07,,-5.1397393536888885,-6.498854884194709,2018,Pre-fire
2018-05-23,,6.909779619200001e-06,-3.389290636000012e-07,,-5.1605358038112765,-6.469891188259387,2018,Pre-fire
2018-05-24,,6.614583338000001e-06,-2.951962811999994e-07,,-5.179497507441193,-6.529889117934675,2018,Pre-fire
2018-05-25,,6.384986230400001e-06,-2.295971076000001e-07,,-5.1948400349812625,-6.639033587359743,2018,Pre-fire
2018-05-27,,6.253787883200001e-06,-9.839876039999896e-08,,-5.203856853300637,-7.007010372654341,2018,Pre-fire
2018-05-28,,6.1007231448000014e-06,-1.530647383999995e-07,,-5.214618683156083,-6.815124846415425,2018,Pre-fire
2018-05-29,,5.9804579932000016e-06,-1.2026515159999986e-07,,-5.223265555760231,-6.919860196935438,2018,Pre-fire
2018-05-30,,5.816460059200001e-06,-1.639979340000008e-07,,-5.235341249798614,-6.785161623037978,2018,Pre-fire
2018-05-31,,5.674328516400001e-06,-1.421315427999999e-07,,-5.246085524245204,-6.847309529786825,2018,Pre-fire
2018-06-02,,5.521263778000001e-06,-1.858643252e-07,,-5.257961503975,-6.730803960715388,2018,Pre-fire
2018-06-03,,5.346332648400001e-06,-1.749311296000004e-07,,-5.271944022970041,-6.757132899437736,2018,Pre-fire
2018-06-04,,5.237000692400001e-06,-1.0933195600000025e-07,,-5.2809173686790984,-6.96125288209366,2018,Pre-fire
2018-06-05,,5.105802345200001e-06,-1.3119834719999946e-07,,-5.291936001527549,-6.882071636046039,2018,Pre-fire
2018-06-06,,4.854338846400001e-06,-2.5146349880000016e-07,,-5.313869911979042,-6.599525046076068,2018,Pre-fire
2018-06-07,,4.6247417388e-06,-2.2959710760000096e-07,,-5.33491251471862,-6.639033587359741,2018,Pre-fire
2018-06-10,,9.763343670800002e-06,-4.919938019999973e-07,,-5.010401423205115,-6.308040368318321,2018,Pre-fire
2018-06-11,,7.5329717684e-06,-2.2303719024000018e-06,,-5.123033660186036,-5.651622714667763,2018,Pre-fire
2018-06-12,,6.1553891228e-06,-1.3775826455999998e-06,,-5.210744487242316,-5.860882336976099,2018,Pre-fire
2018-06-13,,5.3572658440000005e-06,-7.981232787999997e-07,,-5.271056802065148,-6.097930021973206,2018,Pre-fire
2018-06-14,,4.9418044112e-06,-4.1546143280000096e-07,,-5.30611444728228,-6.38146928547685,2018,Pre-fire
2018-06-15,,4.701274108000001e-06,-2.4053030319999886e-07,,-5.327784426514075,-6.618830201271457,2018,Pre-fire
2018-06-16,,4.5919421520000005e-06,-1.0933195600000025e-07,,-5.338003591695761,-6.96125288209366,2018,Pre-fire
2018-06-18,,4.438877413600001e-06,-9.83987603999998e-08,,-5.352726848516467,-7.007010372654338,2018,Pre-fire
2018-06-19,,4.1983471104e-06,-2.4053030320000056e-07,,-5.376921657726131,-6.618830201271455,2018,Pre-fire
2018-06-21,,4.0124827852e-06,-2.295971076000001e-07,,-5.396586817841572,-6.639033587359743,2018,Pre-fire
2018-06-22,,3.684486917200001e-06,-3.279958679999995e-07,,-5.433622981222323,-6.484131627374,2018,Pre-fire
2018-06-23,,3.542355374400001e-06,-1.421315427999999e-07,,-5.450707871887049,-6.847309529786825,2018,Pre-fire
2018-06-24,,3.3783574404e-06,-1.639979340000008e-07,,-5.4712944026688275,-6.785161623037978,2018,Pre-fire
2018-06-25,,3.2580922888000003e-06,-1.2026515159999986e-07,,-5.487036618017407,-6.919860196935438,2018,Pre-fire
2018-06-27,,3.0722279636000008e-06,-1.421315427999999e-07,,-5.512546562188581,-6.847309529786825,2018,Pre-fire
2018-06-28,,2.941029616400001e-06,-1.3119834719999988e-07,,-5.531500602091254,-6.882071636046037,2018,Pre-fire
2018-06-29,,2.842630856e-06,-9.839876040000107e-08,,-5.546279534122844,-7.0070103726543325,2018,Pre-fire
2018-07-02,,2.5802341616000005e-06,-9.83987603999998e-08,,-5.588340879123555,-7.007010372654338,2018,Pre-fire
2018-07-03,,2.4818354012e-06,-9.839876040000065e-08,,-5.605227024900539,-7.007010372654334,2018,Pre-fire
2018-07-04,,2.3615702496000004e-06,-1.2026515159999943e-07,,-5.6267991309427305,-6.9198601969354385,2018,Pre-fire
2018-07-12,,1.9242424256e-06,-1.0933195600000068e-07,,-5.715740214279512,-6.9612528820936594,2018,Pre-fire
2018-06-30,2018-07-01,2.7578985901000004e-06,-1.6399793399999953e-07,Aggregated,-5.559421707184714,-6.785161623037982,2018,Pre-fire
2018-07-05,2018-07-07,2.3014376738e-06,-7.106577139999995e-08,Aggregated,-5.638000781921975,-7.148339525450806,2018,Pre-fire
2018-07-08,2018-07-10,2.1483729354000005e-06,-7.106577140000016e-08,Aggregated,-5.667890327382216,-7.1483395254508055,2018,Pre-fire
2018-07-13,2018-07-14,1.8504433553000004e-06,-1.4213154279999948e-07,Aggregated,-5.7327242047364795,-6.847309529786827,2018,Pre-fire
2018-07-15,2018-07-16,1.7329115026000004e-06,-1.0933195599999983e-07,Aggregated,-5.761223615539891,-6.961252882093662,2018,Pre-fire
2018-07-17,2018-07-19,1.5907799598000005e-06,-4.919938020000001e-08,Aggregated,-5.798389888771736,-7.308040368318318,2018,Pre-fire
2018-07-20,2018-07-21,1.5142475906000001e-06,-1.311983472000003e-07,Aggregated,-5.819803108693194,-6.882071636046036,2018,Pre-fire
2018-07-22,2018-07-23,1.3693827489e-06,-1.421315427999997e-07,Aggregated,-5.863475147554379,-6.847309529786826,2018,Pre-fire
2018-07-24,2018-07-25,1.2381844017e-06,-1.4213154280000054e-07,Aggregated,-5.907214671408792,-6.847309529786823,2018,Pre-fire
2018-07-26,2018-07-27,1.1124526523000001e-06,-9.839876040000002e-08,Aggregated,-5.953718464196404,-7.007010372654337,2018,Pre-fire
2018-07-28,2018-07-29,1.011320593e-06,-1.0933195599999972e-07,Aggregated,-5.995111149354629,-6.961252882093663,2018,Pre-fire
2018-07-30,2018-08-01,8.746556480000001e-07,-6.559917360000005e-08,Aggregated,-6.058162895101718,-7.183101631710017,2018,Pre-fire
2018-08-04,2018-08-06,7.653236920000001e-07,-4.919938020000001e-08,Aggregated,-6.116154842079405,-7.308040368318318,2018,Pre-fire
2018-08-08,2018-08-09,6.505251382000001e-07,-1.0933195600000004e-07,Aggregated,-6.186735916365112,-6.961252882093661,2018,Pre-fire
2018-08-12,2018-08-14,5.575929756e-07,-6.559917359999999e-08,Aggregated,-6.253682705995725,-7.183101631710018,2018,Pre-fire
2018-08-18,2018-08-20,4.045282372000001e-07,-4.919938019999993e-08,Aggregated,-6.393051158026666,-7.308040368318319,2018,Pre-fire
2019-04-12,,0.0002099829546936,-6.190375348720002e-05,,-3.677815957565886,-4.208283017064577,2019,Pre-fire
2019-04-13,,0.000165145919538,-4.483703515559999e-05,,-3.7821321524843623,-4.348363112806177,2019,Pre-fire
2019-04-14,,0.0001276778582168,-3.746806132119999e-05,,-3.893884411178393,-4.426338777663795,2019,Pre-fire
2019-04-15,,9.80598313364e-05,-2.9618026880400005e-05,,-4.008508858078764,-4.528443877060494,2019,Pre-fire
2019-04-16,,8.594585061160001e-05,-1.2113980724799992e-05,,-4.065775085817947,-4.916713121701251,2019,Pre-fire
2019-04-17,,7.80411501928e-05,-7.90470041880001e-06,,-4.10767633847402,-5.10211458479913,2019,Pre-fire
2019-04-20,,7.376627071320001e-05,-6.516184577600007e-06,,-4.132142171938367,-5.186006622353425,2019,Pre-fire
2019-04-21,,6.218801657280001e-05,-1.1578254140399998e-05,,-4.206293294371952,-4.936356921986177,2019,Pre-fire
2019-04-22,,5.053323006320001e-05,-1.1654786509600002e-05,,-4.296422940950571,-4.9334956774031085,2019,Pre-fire
2019-04-23,,4.465117083040001e-05,-5.882059232800003e-06,,-4.350167148678789,-5.230470606427272,2019,Pre-fire
2019-04-24,,3.963283405000001e-05,-5.0183367804e-06,,-4.401944871186649,-5.2994401965564,2019,Pre-fire
2019-04-25,,3.3510244514000006e-05,-6.122589536000001e-06,,-4.474822403239227,-5.213064855087461,2019,Pre-fire
2019-04-26,,2.8579373298400003e-05,-4.930871215600003e-06,,-4.543947298849136,-5.307076340215701,2019,Pre-fire
2019-04-27,,2.4927685968e-05,-3.6516873304000025e-06,,-4.603318035093208,-5.437506415282097,2019,Pre-fire
2019-04-28,,2.1691460070400003e-05,-3.2362258975999973e-06,,-4.6637112142755015,-5.489961171034723,2019,Pre-fire
2019-04-29,,1.9154958691200004e-05,-2.536501379199999e-06,,-4.7177187802616,-5.595764897202762,2019,Pre-fire
2019-04-30,,1.69792527668e-05,-2.175705924400002e-06,,-4.7700814263651035,-5.662399805683955,2019,Pre-fire
2019-05-01,,1.5109676319200002e-05,-1.8695764475999997e-06,,-4.820744839055482,-5.728256771701508,2019,Pre-fire
2019-05-02,,1.37430268692e-05,-1.3666494500000027e-06,,-4.861917604407704,-5.864342869085604,2019,Pre-fire
2019-05-03,,1.26606405048e-05,-1.0823863643999995e-06,,-4.897544322702244,-5.965617687496112,2019,Pre-fire
2019-05-04,,1.1917183204000005e-05,-7.434573007999949e-07,,-4.923826384153038,-6.128743969387428,2019,Pre-fire
2019-05-05,,1.1392389815200002e-05,-5.247933888000029e-07,,-4.943385163130156,-6.280011644718072,2019,Pre-fire
2019-05-06,,1.09003960132e-05,-4.919938020000024e-07,,-4.962557723782006,-6.3080403683183155,2019,Pre-fire
2019-05-07,,1.03974690156e-05,-5.029269975999986e-07,,-4.983072365156247,-6.298495050412089,2019,Pre-fire
2019-05-08,,9.960141191600003e-06,-4.373278239999976e-07,,-5.001734505120663,-6.359192890765701,2019,Pre-fire
2019-05-09,,9.490013780800002e-06,-4.701274108000015e-07,,-5.02273315691717,-6.327784426514074,2019,Pre-fire
2019-05-10,,9.0417527612e-06,-4.482610196000023e-07,,-5.043747372541115,-6.348469025373924,2019,Pre-fire
2019-05-11,,8.746556480000002e-06,-2.951962811999977e-07,,-5.058162895101718,-6.529889117934678,2019,Pre-fire
2019-05-12,,8.363894634000002e-06,-3.826618459999996e-07,,-5.077591446940044,-6.417184837743386,2019,Pre-fire
2019-05-13,,8.014032374800001e-06,-3.498622592000008e-07,,-5.096148907452534,-6.456102903773755,2019,Pre-fire
2019-05-14,,7.9047004188e-06,-1.093319560000011e-07,,-5.102114584799131,-6.961252882093658,2019,Pre-fire
2019-05-16,,7.587637746400001e-06,-2.9519628120000026e-07,,-5.119893411638807,-6.529889117934674,2019,Pre-fire
2019-05-20,,7.2159090960000015e-06,-2.623966944000006e-07,,-5.141708946551793,-6.581041640382055,2019,Pre-fire
2019-05-21,,7.040977966400001e-06,-1.749311296000004e-07,,-5.15236701473385,-6.757132899437736,2019,Pre-fire
2019-05-22,,6.734848489600001e-06,-3.0612947679999986e-07,,-5.171672169929236,-6.514094850751443,2019,Pre-fire
2019-05-23,,6.516184577600001e-06,-2.186639120000005e-07,,-5.186006622353426,-6.66022288642968,2019,Pre-fire
2019-05-24,,6.1553891228e-06,-3.607954548000004e-07,,-5.210744487242316,-6.442738942215774,2019,Pre-fire
2019-05-28,,8.276429069200002e-06,-1.5525137751999977e-06,,-5.082157002593589,-5.808964537710606,2019,Pre-fire
2019-05-29,,7.0519111620000015e-06,-1.2245179072000003e-06,,-5.151693167458394,-5.91203485942348,2019,Pre-fire
2019-05-30,,6.341253448000001e-06,-7.106577140000004e-07,,-5.197824888530724,-6.1483395254508055,2019,Pre-fire
2019-05-31,,5.7945936680000016e-06,-5.466597799999996e-07,,-5.236977012492873,-6.262282877757643,2019,Pre-fire
2019-06-01,,5.2916666704e-06,-5.029269976000012e-07,,-5.276407520449249,-6.298495050412087,2019,Pre-fire
2019-06-02,,4.9636708024000005e-06,-3.279958679999999e-07,,-5.3041970292365574,-6.4841316273739995,2019,Pre-fire
2019-06-03,,4.679407716800001e-06,-2.842630855999998e-07,,-5.32980911308049,-6.546279534122844,2019,Pre-fire
2019-06-04,,4.471677000400001e-06,-2.0773071640000006e-07,,-5.34952957408632,-6.682499281140832,2019,Pre-fire
2019-06-05,,4.307679066400001e-06,-1.6399793399999996e-07,,-5.3657566602680875,-6.785161623037981,2019,Pre-fire
2019-06-08,,4.5919421520000005e-06,-1.749311296000004e-07,,-5.338003591695761,-6.757132899437736,2019,Pre-fire
2019-06-09,,4.165547523600001e-06,-4.263946283999997e-07,,-5.380327906418042,-6.370188275067163,2019,Pre-fire
2019-06-10,,3.8703512424000005e-06,-2.9519628120000026e-07,,-5.412249620067874,-6.529889117934674,2019,Pre-fire
2019-06-11,,3.706353308400001e-06,-1.6399793399999953e-07,,-5.43105318389058,-6.785161623037982,2019,Pre-fire
2019-06-12,,3.5642217656000006e-06,-1.4213154280000033e-07,,-5.448035282025723,-6.847309529786824,2019,Pre-fire
2019-06-14,,3.334624658e-06,-1.4213154280000033e-07,,-5.476953042746876,-6.847309529786824,2019,Pre-fire
2019-06-15,,3.1596935284e-06,-1.7493112959999998e-07,,-5.500355039337114,-6.757132899437737,2019,Pre-fire
2019-06-17,,2.9738292032000005e-06,-9.839876040000023e-08,,-5.526683978059463,-7.007010372654336,2019,Pre-fire
2019-06-22,,2.7551652912000005e-06,-1.7493112959999998e-07,,-5.5598523413121175,-6.757132899437737,2019,Pre-fire
2019-06-24,,2.5911673572e-06,-9.839876040000023e-08,,-5.586504536083558,-7.007010372654336,2019,Pre-fire
2019-06-25,,2.45996901e-06,-1.3119834719999988e-07,,-5.609070363982299,-6.882071636046037,2019,Pre-fire
2019-06-28,,2.9738292032000005e-06,-4.3732782400000017e-07,,-5.526683978059463,-6.3591928907657,2019,Pre-fire
2019-06-29,,2.547434574800001e-06,-4.263946283999997e-07,,-5.593896961067642,-6.370188275067163,2019,Pre-fire
2019-06-30,,2.4162362276000005e-06,-1.311983472000003e-07,,-5.616860608408551,-6.882071636046036,2019,Pre-fire
2019-07-03,,2.4490358144e-06,-2.951962812000007e-07,,-5.611004863759499,-6.529889117934673,2019,Pre-fire
2019-07-04,,2.252238293600001e-06,-1.9679752079999919e-07,,-5.647385661724508,-6.705980376990357,2019,Pre-fire
2019-07-05,,2.1210399464000003e-06,-1.3119834720000073e-07,,-5.673451152163436,-6.882071636046034,2019,Pre-fire
2019-07-08,,1.9023760344000004e-06,-9.839876040000002e-08,,-5.720703633811062,-7.007010372654337,2019,Pre-fire
2019-07-06,2019-07-07,2.0691072673e-06,-1.2026515159999986e-07,Aggregated,-5.684216993921551,-6.919860196935438,2019,Pre-fire
2019-07-10,2019-07-11,1.8641098498e-06,-1.3119834719999946e-07,Aggregated,-5.729528498765145,-6.882071636046039,2019,Pre-fire
2019-07-12,2019-07-14,1.7329115026000002e-06,-7.653236920000007e-08,Aggregated,-5.761223615539891,-7.116154842079404,2019,Pre-fire
2019-07-15,2019-07-17,1.5798467642000005e-06,-5.466597799999981e-08,Aggregated,-5.801385035001095,-7.262282877757644,2019,Pre-fire
2019-07-19,,1.5087809928000003e-06,-1.3119834719999988e-07,,-5.821373795692425,-6.882071636046037,2019,Pre-fire
2019-07-20,,1.3885158412000005e-06,-1.2026515159999986e-07,,-5.857449161137705,-6.919860196935438,2019,Pre-fire
2019-07-21,2019-07-23,1.3283832654000003e-06,-6.013257580000014e-08,Aggregated,-5.87667660415933,-7.220890192599417,2019,Pre-fire
2019-07-24,2019-07-25,1.2081181138000003e-06,-1.0933195600000025e-07,Aggregated,-5.917890604072532,-6.96125288209366,2019,Pre-fire
2019-07-26,2019-07-29,1.0905862611000003e-06,-4.373278239999982e-08,Aggregated,-5.962339977734876,-7.359192890765701,2019,Pre-fire
2019-07-30,2019-08-02,9.730544084e-07,-4.37327824000001e-08,Aggregated,-6.011862875448749,-7.359192890765699,2019,Pre-fire
2019-08-03,2019-08-05,8.363894634e-07,-7.10657714e-08,Aggregated,-6.077591446940044,-7.148339525450806,2019,Pre-fire
2019-08-11,,8.199896700000001e-07,-1.5306473839999983e-07,,-6.086191618701962,-6.815124846415424,2019,Pre-fire
2019-08-12,,6.887913228000001e-07,-1.3119834719999999e-07,,-6.16191233264008,-6.882071636046037,2019,Pre-fire
2019-08-13,2019-08-14,6.259254481000001e-07,-9.839876040000002e-08,Aggregated,-6.203477391081736,-7.007010372654337,2019,Pre-fire
2019-08-15,2019-08-19,5.4665978e-07,-2.4599690100000004e-08,Aggregated,-6.262282877757643,-7.609070363982299,2019,Pre-fire
2020-06-18,,3.8747245206400005e-05,-6.986311988400003e-06,,-4.411759168878649,-5.155752023935261,2020,Pre-fire
2020-06-19,,3.2985451125200005e-05,-5.7617940812e-06,,-4.481677571918674,-5.239442266881115,2020,Pre-fire
2020-06-20,,2.8142045474400005e-05,-4.8434056508e-06,,-4.550644339525293,-5.314849155870593,2020,Pre-fire
2020-06-21,,2.4785554425200005e-05,-3.3564910491999997e-06,,-4.605801361967144,-5.474114506616475,2020,Pre-fire
2020-06-22,,2.1789858830800003e-05,-2.9956955944000027e-06,,-4.6617455833931745,-5.523502319273273,2020,Pre-fire
2020-06-23,,1.9461088168000003e-05,-2.3287706628e-06,,-4.710832879784768,-5.632873278654924,2020,Pre-fire
2020-06-24,,1.7711776872000005e-05,-1.7493112959999973e-06,,-4.7517378675510304,-5.757132899437738,2020,Pre-fire
2020-06-25,,1.6279528248400003e-05,-1.432248623600002e-06,,-4.788358184341486,-5.843981586437897,2020,Pre-fire
2020-06-26,,1.5076876732400003e-05,-1.2026515160000002e-06,,-4.821688615917812,-5.919860196935437,2020,Pre-fire
2020-06-27,,1.4169421497600002e-05,-9.074552348000008e-07,,-4.848647880559088,-6.0421747897175875,2020,Pre-fire
2020-06-28,,1.3797692847200002e-05,-3.717286504e-07,,-4.8601935271855465,-6.429773965051407,2020,Pre-fire
2020-06-29,,1.3316632240800005e-05,-4.810606063999977e-07,,-4.875605593796805,-6.317800205607476,2020,Pre-fire
2020-06-30,,1.24419765928e-05,-8.746556480000054e-07,,-4.905110620034609,-6.058162895101716,2020,Pre-fire
2020-07-01,,1.16001205316e-05,-8.418560611999998e-07,,-4.935537498192321,-6.07476215692118,2020,Pre-fire
2020-07-02,,1.0878529622000002e-05,-7.215909095999974e-07,,-4.963429801347936,-6.141708946551795,2020,Pre-fire
2020-07-03,,1.0277203864e-05,-6.013257580000018e-07,,-4.988125028493963,-6.220890192599416,2020,Pre-fire
2020-07-04,,9.7414772796e-06,-5.357265844000008e-07,,-5.011375178056787,-6.271056802065147,2020,Pre-fire
2020-07-05,,9.260416673200002e-06,-4.810606063999977e-07,,-5.0333694717629545,-6.317800205607476,2020,Pre-fire
2020-07-06,,8.877754827200002e-06,-3.826618459999996e-07,,-5.051696852852486,-6.417184837743386,2020,Pre-fire
2020-07-07,,8.670024110800001e-06,-2.077307164000009e-07,,-5.061979694776058,-6.682499281140831,2020,Pre-fire
2020-07-08,,8.178030308800002e-06,-4.91993801999999e-07,,-5.0873512842292,-6.308040368318319,2020,Pre-fire
2020-07-09,,7.817234854000002e-06,-3.607954548000004e-07,,-5.106946840292581,-6.442738942215774,2020,Pre-fire
2020-07-10,,7.434573008000001e-06,-3.8266184600000046e-07,,-5.1287439693874255,-6.4171848377433856,2020,Pre-fire
2020-07-11,,7.062844357600002e-06,-3.7172865039999917e-07,,-5.151020364098578,-6.429773965051408,2020,Pre-fire
2020-07-12,,6.8004476632000005e-06,-2.6239669440000145e-07,,-5.167462497402843,-6.581041640382053,2020,Pre-fire
2020-07-13,,6.5489841644e-06,-2.5146349880000016e-07,,-5.183826059704351,-6.599525046076068,2020,Pre-fire
2020-07-14,,6.2428546876000005e-06,-3.0612947679999986e-07,,-5.204616773847814,-6.514094850751443,2020,Pre-fire
2020-07-15,,5.9585916020000015e-06,-2.8426308559999896e-07,,-5.22485637981702,-6.546279534122846,2020,Pre-fire
2020-07-16,,5.7289944944000006e-06,-2.2959710760000096e-07,,-5.241921595109935,-6.639033587359741,2020,Pre-fire
2020-07-17,,5.5649965604000015e-06,-1.639979339999991e-07,,-5.254535099756903,-6.7851616230379825,2020,Pre-fire
2020-07-18,,5.3353994528000005e-06,-2.2959710760000096e-07,,-5.272833060090951,-6.639033587359741,2020,Pre-fire
2020-07-19,,5.094869149600002e-06,-2.4053030319999886e-07,,-5.292866965403661,-6.618830201271457,2020,Pre-fire
2020-07-20,,4.91993802e-06,-1.7493112960000125e-07,,-5.308040368318318,-6.7571328994377335,2020,Pre-fire
2020-07-21,,4.788739672800001e-06,-1.3119834719999946e-07,,-5.319778771589562,-6.882071636046039,2020,Pre-fire
2020-07-22,,4.6138085432000005e-06,-1.749311296000004e-07,,-5.335940431131988,-6.757132899437736,2020,Pre-fire
2020-07-23,,4.427944218000001e-06,-1.8586432519999916e-07,,-5.353797858878993,-6.73080396071539,2020,Pre-fire
2020-07-24,,4.253013088400001e-06,-1.749311296000004e-07,,-5.371303280767954,-6.757132899437736,2020,Pre-fire
2020-07-25,,4.099948350000001e-06,-1.5306473840000035e-07,,-5.387221614365943,-6.815124846415423,2020,Pre-fire
2020-07-26,,3.82661846e-06,-2.733298900000002e-07,,-5.417184837743386,-6.563312873421624,2020,Pre-fire
2020-07-27,,3.640754134800001e-06,-1.8586432519999958e-07,,-5.438808648587342,-6.730803960715389,2020,Pre-fire
2020-07-28,,3.5204889832000005e-06,-1.2026515160000028e-07,,-5.453397010397831,-6.919860196935436,2020,Pre-fire
2020-07-29,,3.3892906360000006e-06,-1.3119834719999988e-07,,-5.469891188259389,-6.882071636046037,2020,Pre-fire
2020-07-30,,3.2252927020000003e-06,-1.6399793400000038e-07,,-5.491430866115499,-6.78516162303798,2020,Pre-fire
2020-08-02,,2.9519628120000005e-06,-1.0933195600000068e-07,,-5.529889117934674,-6.9612528820936594,2020,Pre-fire
2020-08-03,,2.842630856e-06,-1.0933195600000068e-07,,-5.546279534122844,-6.9612528820936594,2020,Pre-fire
2020-07-31,2020-08-01,3.1405604361000004e-06,-1.639979339999991e-07,Aggregated,-5.502992844733339,-6.7851616230379825,2020,Pre-fire
2020-08-04,2020-08-05,2.7578985901000004e-06,-1.6399793399999953e-07,Aggregated,-5.559421707184714,-6.785161623037982,2020,Pre-fire
2020-08-08,,2.4162362276000005e-06,-2.6239669439999976e-07,,-5.616860608408551,-6.581041640382056,2020,Pre-fire
2020-08-09,,2.3178374672000003e-06,-9.839876040000023e-08,,-5.6349170211649104,-7.007010372654336,2020,Pre-fire
2020-08-10,,2.1757059244000004e-06,-1.421315427999999e-07,,-5.662399805683955,-6.847309529786825,2020,Pre-fire
2020-08-11,,2.0226411860000004e-06,-1.5306473839999993e-07,,-5.6940811536906475,-6.815124846415424,2020,Pre-fire
2020-08-12,2020-08-13,1.9351756212e-06,-1.7493112959999998e-07,Aggregated,-5.713279615731855,-6.757132899437737,2020,Pre-fire
2020-08-14,2020-08-15,1.8094438718000002e-06,-1.0933195600000025e-07,Aggregated,-5.7424548839819245,-6.96125288209366,2020,Pre-fire
2020-08-16,2020-08-17,1.6755122257000004e-06,-9.839876040000002e-08,Aggregated,-5.775852398903209,-7.007010372654337,2020,Pre-fire
2020-08-18,2020-08-19,1.5661802697000001e-06,-1.421315427999997e-07,Aggregated,-5.805158251454234,-6.847309529786826,2020,Pre-fire
2020-08-22,2020-08-23,1.4513817159000005e-06,-9.839876040000002e-08,Aggregated,-5.838218352340155,-7.007010372654337,2020,Pre-fire
2020-08-24,2020-08-25,1.3174500698000003e-06,-1.311983472000003e-07,Aggregated,-5.880265835182774,-6.882071636046036,2020,Pre-fire
2020-08-26,2020-08-27,1.1862517226000002e-06,-1.0933195600000025e-07,Aggregated,-5.925823143909113,-6.96125288209366,2020,Pre-fire
2020-08-28,2020-08-29,1.0987861578000002e-06,-1.0933195599999983e-07,Aggregated,-5.959086820337154,-6.961252882093662,2020,Pre-fire
2020-09-01,2020-09-02,9.511880172e-07,-1.0933195600000004e-07,Aggregated,-6.021733629475043,-6.961252882093661,2020,Pre-fire
2020-09-03,2020-09-04,8.281895667000001e-07,-9.839876040000002e-08,Aggregated,-6.081870244919319,-7.007010372654337,2020,Pre-fire
2021-04-03,,3.87691115976e-05,-1.1917183204000108e-06,,-4.411514150828763,-5.923826384153034,2021,Pre-fire
2021-04-04,,3.67792699984e-05,-1.9898415991999953e-06,,-4.434396894967787,-5.701181494108588,2021,Pre-fire
2021-04-05,,3.2569989692400006e-05,-4.209280305999996e-06,,-4.487182378878618,-5.375792152585161,2021,Pre-fire
2021-04-06,,2.9027634318000003e-05,-3.542355374400003e-06,,-4.5371883566761735,-5.450707871887049,2021,Pre-fire
2021-04-07,,2.6687930459600004e-05,-2.3397038583999995e-06,,-4.573685102676473,-5.630839108744471,2021,Pre-fire
2021-04-08,,2.5015151532800004e-05,-1.6727789268e-06,,-4.601796861972675,-5.776561451276063,2021,Pre-fire
2021-04-09,,2.273011365240001e-05,-2.2850378803999947e-06,,-4.643398392762192,-5.641106595982609,2021,Pre-fire
2021-04-10,,2.095893596520001e-05,-1.7711776871999999e-06,,-4.678630769215599,-5.7517378675510304,2021,Pre-fire
2021-04-11,,1.91658918868e-05,-1.7930440784000092e-06,,-4.717470965999866,-5.7464090340459615,2021,Pre-fire
2021-04-12,,1.7186983483200004e-05,-1.9789084035999957e-06,,-4.764800340390273,-5.7035743072244784,2021,Pre-fire
2021-04-13,,1.5721935272800003e-05,-1.4650482104000009e-06,,-4.8034939960467975,-5.834148083728854,2021,Pre-fire
2021-04-14,,1.4508350561200002e-05,-1.2135847116000015e-06,,-4.838381959229226,-5.915929903307004,2021,Pre-fire
2021-04-15,,1.3535296152800002e-05,-9.730544084000001e-07,,-4.868532237409562,-6.011862875448749,2021,Pre-fire
2021-04-16,,1.2802772047600005e-05,-7.32524105199997e-07,,-4.892695987021298,-6.135178079392837,2021,Pre-fire
2021-04-17,,1.2168646702800002e-05,-6.341253448000023e-07,,-4.914757717758953,-6.1978248885307226,2021,Pre-fire
2021-04-18,,1.16875860964e-05,-4.810606064000028e-07,,-4.932275176884883,-6.317800205607472,2021,Pre-fire
2021-04-19,,1.11846590988e-05,-5.029269976000003e-07,,-4.951377248381502,-6.298495050412088,2021,Pre-fire
2021-04-20,,1.0605199732000002e-05,-5.794593667999975e-07,,-4.974481147827417,-6.236977012492875,2021,Pre-fire
2021-04-21,,1.01241391256e-05,-4.810606064000011e-07,,-4.9946418954117275,-6.317800205607473,2021,Pre-fire
2021-04-22,,9.675878106000002e-06,-4.482610195999989e-07,,-5.014309611395836,-6.3484690253739275,2021,Pre-fire
2021-04-23,,9.29321626e-06,-3.826618460000013e-07,,-5.031833956379369,-6.417184837743385,2021,Pre-fire
2021-04-27,,1.0003873974000002e-05,-8.418560611999981e-07,,-4.999831788027214,-6.074762156921181,2021,Pre-fire
2021-04-28,,8.9542871964e-06,-1.0495867776000007e-06,,-5.047968980333243,-5.978981649054093,2021,Pre-fire
2021-04-29,,8.407627416400002e-06,-5.466597799999987e-07,,-5.07532654229223,-6.262282877757644,2021,Pre-fire
2021-04-30,,8.035898766e-06,-3.717286504000017e-07,,-5.094965543009467,-6.429773965051405,2021,Pre-fire
2021-05-02,,1.0167871908000002e-05,-1.8367768608000009e-06,,-4.992769933539726,-5.735943600367799,2021,Pre-fire
2021-05-03,,9.0526859568e-06,-1.1151859512000017e-06,,-5.043222545308781,-5.952652710331743,2021,Pre-fire
2021-05-04,,8.363894634000002e-06,-6.887913227999986e-07,,-5.077591446940044,-6.161912332640081,2021,Pre-fire
2021-05-05,,7.729769289200001e-06,-6.341253448000006e-07,,-5.111833468296762,-6.197824888530724,2021,Pre-fire
2021-05-06,,7.226842291600001e-06,-5.029269976000003e-07,,-5.1410514226080215,-6.298495050412088,2021,Pre-fire
2021-05-08,,6.898846423600001e-06,-2.5146349880000016e-07,,-5.161223522849528,-6.599525046076068,2021,Pre-fire
2021-05-09,,6.603650142400001e-06,-2.9519628120000026e-07,,-5.18021594347253,-6.529889117934674,2021,Pre-fire
2021-05-10,,6.3521866436e-06,-2.51463498800001e-07,,-5.1970767497033314,-6.599525046076067,2021,Pre-fire
2021-05-11,,5.871126037200001e-06,-4.810606063999986e-07,,-5.231278596394106,-6.317800205607476,2021,Pre-fire
2021-05-12,,5.5431301692000006e-06,-3.2799586800000076e-07,,-5.256244922760326,-6.484131627373999,2021,Pre-fire
2021-05-13,,5.2916666704e-06,-2.5146349880000016e-07,,-5.276407520449249,-6.599525046076068,2021,Pre-fire
2021-05-14,,5.0511363672000015e-06,-2.4053030319999886e-07,,-5.296610906537536,-6.618830201271457,2021,Pre-fire
2021-05-15,,4.930871215600001e-06,-1.202651516000007e-07,,-5.307076340215701,-6.919860196935434,2021,Pre-fire
2021-05-16,,4.7340736948e-06,-1.9679752080000046e-07,,-5.3247649857402966,-6.705980376990355,2021,Pre-fire
2021-05-17,,4.504476587200001e-06,-2.2959710759999926e-07,,-5.346355666060527,-6.6390335873597435,2021,Pre-fire
2021-05-26,,9.719610888400002e-06,-2.503701792400002e-06,,-5.012351121123448,-5.601417399753774,2021,Pre-fire
2021-05-27,,9.0308195656e-06,-6.88791322800002e-07,,-5.044272834773279,-6.161912332640079,2021,Pre-fire
2021-05-28,,8.057765157200001e-06,-9.730544083999984e-07,,-5.09378539423461,-6.01186287544875,2021,Pre-fire
2021-05-29,,7.161243118000002e-06,-8.965220391999995e-07,,-5.145011582101879,-6.047439029709945,2021,Pre-fire
2021-05-30,,6.691115707200001e-06,-4.7012741080000067e-07,,-5.1745014599481,-6.327784426514075,2021,Pre-fire
2021-05-31,,6.1663223184e-06,-5.247933888000012e-07,,-5.209973778110319,-6.280011644718074,2021,Pre-fire
2021-06-01,,5.641528929600001e-06,-5.247933887999987e-07,,-5.24860318046645,-6.280011644718075,2021,Pre-fire
2021-06-02,,5.247933888000001e-06,-3.9359504160000006e-07,,-5.2800116447180745,-6.404950381326374,2021,Pre-fire
2021-06-03,,5.040203171600001e-06,-2.0773071640000006e-07,,-5.297551956704013,-6.682499281140832,2021,Pre-fire
2021-06-04,,4.799672868400001e-06,-2.405303031999997e-07,,-5.31878836185154,-6.618830201271456,2021,Pre-fire
2021-06-05,,4.64660813e-06,-1.530647384000012e-07,,-5.3328639520433505,-6.81512484641542,2021,Pre-fire
2021-06-06,,4.515409782800001e-06,-1.3119834719999946e-07,,-5.3453028304372605,-6.882071636046039,2021,Pre-fire
2021-06-07,,4.373278240000001e-06,-1.421315427999999e-07,,-5.3591928907657,-6.847309529786825,2021,Pre-fire
2021-06-08,,4.1764807192e-06,-1.9679752080000046e-07,,-5.379189519181953,-6.705980376990355,2021,Pre-fire
2021-06-09,2021-06-10,4.0972150511e-06,-1.4213154280000075e-07,Aggregated,-5.387511240573344,-6.8473095297868225,2021,Pre-fire
2021-06-15,,4.5263429784e-06,-5.466597800000004e-07,,-5.344252540972763,-6.2622828777576425,2021,Pre-fire
2021-06-16,,4.0124827852e-06,-5.138601931999999e-07,,-5.396586817841572,-6.289155024157944,2021,Pre-fire
2021-06-17,,3.7610192864e-06,-2.514634988000006e-07,,-5.424694439522131,-6.599525046076068,2021,Pre-fire
2021-06-18,,3.5642217656000006e-06,-1.9679752079999919e-07,,-5.448035282025723,-6.705980376990357,2021,Pre-fire
2021-06-19,,3.3783574404e-06,-1.8586432520000043e-07,,-5.4712944026688275,-6.730803960715387,2021,Pre-fire
2021-06-20,,3.2034263108e-06,-1.749311296000004e-07,,-5.494385261739552,-6.757132899437736,2021,Pre-fire
2021-06-21,,2.995695594400001e-06,-2.077307163999988e-07,,-5.523502319273273,-6.682499281140835,2021,Pre-fire
2021-06-25,,2.809831269200001e-06,-9.839876039999938e-08,,-5.551319758762367,-7.00701037265434,2021,Pre-fire
2021-06-26,,2.6676997264e-06,-1.4213154280000118e-07,,-5.5738630557549325,-6.847309529786822,2021,Pre-fire
2021-06-27,,2.5255681836000008e-06,-1.4213154279999906e-07,,-5.597640902201517,-6.847309529786828,2021,Pre-fire
2021-06-28,,2.4271694232000005e-06,-9.839876040000023e-08,,-5.614899907643023,-7.007010372654336,2021,Pre-fire
2021-07-02,,2.1101067508e-06,-1.2026515160000028e-07,,-5.675695573085888,-6.919860196935436,2021,Pre-fire
2021-06-29,2021-06-30,2.3725034452000004e-06,-1.3119834720000073e-07,Aggregated,-5.624793148245132,-6.882071636046034,2021,Pre-fire
2021-07-05,,1.9789084036000003e-06,-1.2026515159999986e-07,,-5.703574307224478,-6.919860196935438,2021,Pre-fire
2021-07-07,,1.8477100564000005e-06,-1.0933195599999983e-07,,-5.733366177479988,-6.961252882093662,2021,Pre-fire
2021-07-08,2021-07-09,1.7657110894000005e-06,-1.5306473840000014e-07,Aggregated,-5.7530803554265395,-6.815124846415423,2021,Pre-fire
2021-07-10,2021-07-11,1.6126463510000003e-06,-1.5306473840000035e-07,Aggregated,-5.79246086177948,-6.815124846415423,2021,Pre-fire
2021-07-12,2021-07-13,1.4896479005000004e-06,-9.83987603999998e-08,Aggregated,-5.826916371144981,-7.007010372654338,2021,Pre-fire
2021-07-14,2021-07-16,1.3830492434000005e-06,-7.106577139999985e-08,Aggregated,-5.859162356581825,-7.148339525450807,2021,Pre-fire
2021-07-17,2021-07-18,1.2436509995e-06,-9.839876040000023e-08,Aggregated,-5.905301476764512,-7.007010372654336,2021,Pre-fire
2021-07-22,2021-07-24,1.0714531688000002e-06,-6.559917360000015e-08,Aggregated,-5.970026806401167,-7.183101631710017,2021,Pre-fire
2021-07-28,,8.855888436000001e-07,-9.839876040000002e-08,,-6.052767863215012,-7.007010372654337,2021,Pre-fire
2021-07-29,2021-07-30,8.199896700000001e-07,-1.0933195600000004e-07,Aggregated,-6.086191618701962,-6.961252882093661,2021,Pre-fire
2021-08-01,2021-08-02,7.516571975000002e-07,-1.2026515160000007e-07,Aggregated,-6.123980179591362,-6.919860196935437,2021,Pre-fire
2021-08-06,2021-08-09,5.903925624000001e-07,-3.644398533333335e-08,Aggregated,-6.228859122270693,-7.438374136813324,2021,Pre-fire
2021-08-10,2021-08-12,4.974603998000001e-07,-4.919938019999998e-08,Aggregated,-6.3032414854365495,-7.308040368318318,2021,Pre-fire
2021-08-22,2021-08-24,3.27995868e-07,-5.466597800000005e-08,Aggregated,-6.4841316273739995,-7.2622828777576425,2021,Pre-fire
2022-06-13,,9.649638436560002e-05,-1.3863292020799983e-05,,-4.015488958982488,-4.858133628547948,2022,Pre-fire
2022-06-14,,8.65581095652e-05,-9.938274800400018e-06,,-4.06269223715395,-5.002688998871694,2022,Pre-fire
2022-06-15,,7.362413917040002e-05,-1.293397039479999e-05,,-4.132979770041592,-4.888268137465731,2022,Pre-fire
2022-06-16,,5.976084714960001e-05,-1.3863292020800003e-05,,-4.22358325473702,-4.8581336285479475,2022,Pre-fire
2022-06-17,,5.2534004858e-05,-7.226842291600015e-06,,-4.279559490089097,-5.141051422608021,2022,Pre-fire
2022-06-18,,4.556955926080001e-05,-6.96444559719999e-06,,-4.341325171802193,-5.157113449758312,2022,Pre-fire
2022-06-19,,4.13056129768e-05,-4.263946284000007e-06,,-4.383990928507847,-5.370188275067162,2022,Pre-fire
2022-06-20,,3.6669938042400006e-05,-4.635674934399994e-06,,-4.435689823823595,-5.33388702550093,2022,Pre-fire
2022-06-21,,3.1509469719200004e-05,-5.160468323200002e-06,,-4.501558905615691,-5.287310883459574,2022,Pre-fire
2022-06-22,,2.802178032280001e-05,-3.487689396399995e-06,,-4.552504275909418,-5.457462199036481,2022,Pre-fire
2022-06-23,,2.4905819576800004e-05,-3.115960746000005e-06,,-4.60369916235058,-5.506408022085151,2022,Pre-fire
2022-06-24,,2.22818526328e-05,-2.6239669440000027e-06,,-4.652048702423254,-5.581041640382055,2022,Pre-fire
2022-06-25,,1.9723484862400003e-05,-2.5583677703999983e-06,,-4.705016348887739,-5.59203702468352,2022,Pre-fire
2022-06-26,,1.7897641197200002e-05,-1.8258436652000013e-06,,-4.74720420268172,-5.738536410946078,2022,Pre-fire
2022-06-27,,1.5951532380400002e-05,-1.9461088168000003e-06,,-4.79719759020021,-5.710832879784768,2022,Pre-fire
2022-06-28,,1.5295540644400002e-05,-6.559917359999998e-07,,-4.815435167601834,-6.183101631710018,2022,Pre-fire
2022-06-30,,1.4694214886400002e-05,-1.0495867776000007e-06,,-4.832853613375855,-5.978981649054093,2022,Pre-fire
2022-07-01,,1.37430268692e-05,-9.511880172000026e-07,,-4.861917604407704,-6.021733629475042,2022,Pre-fire
2022-07-02,,1.2977703177200003e-05,-7.653236919999958e-07,,-4.886802163139071,-6.116154842079407,2022,Pre-fire
2022-07-03,,1.2277978658800003e-05,-6.997245183999999e-07,,-4.910873125832204,-6.155072908109775,2022,Pre-fire
2022-07-04,,1.1534521358000002e-05,-7.434573008000017e-07,,-4.93800042245995,-6.128743969387425,2022,Pre-fire
2022-07-07,,1.09659951868e-05,-1.6290461444000017e-06,,-4.959951949073243,-5.788066613681387,2022,Pre-fire
2022-07-08,,1.0014807169600005e-05,-9.511880171999959e-07,,-4.999357408425811,-6.021733629475045,2022,Pre-fire
2022-07-09,,9.3369490424e-06,-6.778581272000041e-07,,-5.029795011404657,-6.168861192595405,2022,Pre-fire
2022-07-10,,8.866821631600002e-06,-4.701274107999981e-07,,-5.052232027882505,-6.327784426514077,2022,Pre-fire
2022-07-11,,8.407627416400002e-06,-4.591942152000002e-07,,-5.07532654229223,-6.338003591695761,2022,Pre-fire
2022-07-12,,7.9484332012e-06,-4.591942152000019e-07,,-5.099718471234624,-6.3380035916957596,2022,Pre-fire
2022-07-13,,7.6204373332e-06,-3.279958679999999e-07,,-5.1180201039956525,-6.4841316273739995,2022,Pre-fire
2022-07-14,,7.292441465200002e-06,-3.279958679999982e-07,,-5.1371270481771125,-6.484131627374001,2022,Pre-fire
2022-07-15,,6.898846423600001e-06,-3.935950416000009e-07,,-5.161223522849528,-6.4049503813263735,2022,Pre-fire
2022-07-16,,6.614583338000001e-06,-2.842630855999998e-07,,-5.179497507441193,-6.546279534122844,2022,Pre-fire
2022-07-17,,6.341253448000001e-06,-2.733298900000002e-07,,-5.197824888530724,-6.563312873421624,2022,Pre-fire
2022-07-18,,6.035123971200001e-06,-3.0612947679999986e-07,,-5.219313804364463,-6.514094850751443,2022,Pre-fire
2022-07-19,,5.707128103200001e-06,-3.279958679999999e-07,,-5.243582379091399,-6.4841316273739995,2022,Pre-fire
2022-07-20,,5.532196973600002e-06,-1.7493112959999956e-07,,-5.257102365253862,-6.757132899437738,2022,Pre-fire
2022-07-21,,5.3572658440000005e-06,-1.7493112960000125e-07,,-5.271056802065148,-6.7571328994377335,2022,Pre-fire
2022-07-22,,5.1276687364e-06,-2.2959710760000096e-07,,-5.290080039378578,-6.639033587359741,2022,Pre-fire
2022-07-23,,4.974603998000001e-06,-1.5306473839999866e-07,,-5.3032414854365495,-6.8151248464154275,2022,Pre-fire
2022-07-24,,4.766873281600001e-06,-2.0773071640000006e-07,,-5.321766392825076,-6.682499281140832,2022,Pre-fire
2022-07-25,,4.4607438048e-06,-3.061294768000007e-07,,-5.350592719003782,-6.514094850751442,2022,Pre-fire
2022-07-26,,4.318612262000001e-06,-1.4213154279999906e-07,,-5.3646557864672015,-6.847309529786828,2022,Pre-fire
2022-07-27,,4.154614328e-06,-1.639979340000008e-07,,-5.381469285476852,-6.785161623037978,2022,Pre-fire
2022-07-28,,3.9468836116e-06,-2.0773071640000006e-07,,-5.4037456801880035,-6.682499281140832,2022,Pre-fire
2022-07-29,,3.739152895200001e-06,-2.077307163999992e-07,,-5.427226776037527,-6.682499281140834,2022,Pre-fire
2022-07-30,,3.5860881568000007e-06,-1.5306473840000035e-07,,-5.445379038381983,-6.815124846415423,2022,Pre-fire
2022-07-31,,3.3783574404e-06,-2.0773071640000048e-07,,-5.4712944026688275,-6.6824992811408315,2022,Pre-fire
2022-08-01,,3.2580922888000003e-06,-1.2026515159999986e-07,,-5.487036618017407,-6.919860196935438,2022,Pre-fire
2022-08-02,,3.1487603328000005e-06,-1.0933195599999983e-07,,-5.501860394334431,-6.961252882093662,2022,Pre-fire
2022-08-03,,3.0284951812000007e-06,-1.2026515159999986e-07,,-5.518773113029213,-6.919860196935438,2022,Pre-fire
2022-08-04,,2.919163225200001e-06,-1.0933195599999983e-07,,-5.534741620729086,-6.961252882093662,2022,Pre-fire
2022-08-05,,2.8207644648000006e-06,-9.839876040000023e-08,,-5.549633176130431,-7.007010372654336,2022,Pre-fire
2022-08-06,,2.7223657044e-06,-9.839876040000065e-08,,-5.565053534997926,-7.007010372654334,2022,Pre-fire
2022-08-07,,2.5802341616000005e-06,-1.4213154279999948e-07,,-5.588340879123555,-6.847309529786827,2022,Pre-fire
2022-08-11,,2.3287706628000003e-06,-1.9679752080000046e-07,,-5.632873278654924,-6.705980376990355,2022,Pre-fire
2022-08-12,,2.2303719024e-06,-9.839876040000023e-08,,-5.651622714667763,-7.007010372654336,2022,Pre-fire
2022-08-14,,2.0226411860000004e-06,-1.2026515159999986e-07,,-5.6940811536906475,-6.919860196935438,2022,Pre-fire
2022-08-17,,1.7821108828000003e-06,-1.0933195599999962e-07,,-5.749065277689704,-6.961252882093663,2022,Pre-fire
2022-08-15,2022-08-16,1.9570420124000003e-06,-1.3119834720000052e-07,Aggregated,-5.708399851113769,-6.882071636046035,2022,Pre-fire
2022-08-21,,1.5743801664000005e-06,-1.0933195599999983e-07,,-5.802890389998412,-6.961252882093662,2022,Pre-fire
2022-08-19,2022-08-20,1.7247116059000003e-06,-9.839876040000002e-08,Aggregated,-5.763283514177489,-7.007010372654337,2022,Pre-fire
2022-08-22,2022-08-24,1.4923811994000005e-06,-8.199896700000008e-08,Aggregated,-5.826120230716887,-7.086191618701961,2022,Pre-fire
2022-08-25,2022-08-26,1.3256499665e-06,-1.6399793400000038e-07,Aggregated,-5.877571134819361,-6.78516162303798,2022,Pre-fire
2022-08-27,2022-08-28,1.1917183204000002e-06,-1.0933195599999983e-07,Aggregated,-5.923826384153038,-6.961252882093662,2022,Pre-fire
2022-08-29,2022-08-30,1.0523200765e-06,-1.6399793400000017e-07,Aggregated,-5.977852143913124,-6.78516162303798,2022,Pre-fire
2022-08-31,2022-09-01,9.156551315e-07,-9.83987603999998e-08,Aggregated,-6.038268066384779,-7.007010372654338,2022,Pre-fire
2023-04-29,,0.0002246006372108,-6.669249316000028e-07,,-3.6485890159430308,-6.175923047082893,2023,Pre-fire
2023-04-30,,0.0001802993286396,-4.430130857120001e-05,,-3.744005890408269,-4.353583445405419,2023,Pre-fire
2023-05-01,,0.0001282682507792,-5.20310778604e-05,,-3.891880827785147,-4.283737177294904,2023,Pre-fire
2023-05-02,,9.6813447038e-05,-3.145480374119999e-05,,-4.014064316567568,-4.502313020203336,2023,Pre-fire
2023-05-03,,8.253469358440002e-05,-1.4278753453599981e-05,,-4.083363456722178,-4.845309705154607,2023,Pre-fire
2023-05-08,,6.650662883480002e-05,-1.1884383617199987e-05,,-4.177135065630738,-4.925023338007367,2023,Pre-fire
2023-05-09,,5.781473833280001e-05,-8.691890502000009e-06,,-4.237961435616078,-5.060885753437191,2023,Pre-fire
2023-05-10,,4.7810864358800014e-05,-1.0003873973999995e-05,,-4.320473404748805,-4.999831788027214,2023,Pre-fire
2023-05-11,,4.10650826736e-05,-6.745781685200012e-06,,-4.386527298499589,-5.170967718060419,2023,Pre-fire
2023-05-12,,3.6331008978800005e-05,-4.734073694799997e-06,,-4.439722540814951,-5.3247649857402966,2023,Pre-fire
2023-05-13,,3.13892045676e-05,-4.941804411200003e-06,,-4.503219689597156,-5.30611444728228,2023,Pre-fire
2023-05-14,,2.7420454564800004e-05,-3.968750002799998e-06,,-4.561925349934983,-5.40134625705755,2023,Pre-fire
2023-05-15,,2.33205062148e-05,-4.099948350000003e-06,,-4.632262026644233,-5.387221614365942,2023,Pre-fire
2023-05-16,,2.1757059244000004e-05,-1.5634469707999973e-06,,-4.662399805683955,-5.805916844628601,2023,Pre-fire
2023-05-17,,1.92533574516e-05,-2.5037017924000037e-06,,-4.715493526126385,-5.601417399753773,2023,Pre-fire
2023-05-18,,1.6279528248400003e-05,-2.9738292031999967e-06,,-4.788358184341486,-5.526683978059464,2023,Pre-fire
2023-05-19,,1.43990186052e-05,-1.8805096432000027e-06,,-4.841667107131878,-5.7257244351861125,2023,Pre-fire
2023-05-20,,1.3021435959600002e-05,-1.377582645599999e-06,,-4.885341120610884,-5.8608823369761,2023,Pre-fire
2023-05-21,,1.1982782377600002e-05,-1.0386535819999994e-06,,-4.921442327945312,-5.9835292768048145,2023,Pre-fire
2023-05-22,,1.1162792707600002e-05,-8.199896700000006e-07,,-4.952227140006752,-6.086191618701961,2023,Pre-fire
2023-05-23,,1.0714531688e-05,-4.482610196000023e-07,,-4.970026806401167,-6.348469025373924,2023,Pre-fire
2023-05-24,,1.0233471081600002e-05,-4.810606063999977e-07,,-4.989977033355556,-6.317800205607476,2023,Pre-fire
2023-05-25,,9.664944910400002e-06,-5.685261711999996e-07,,-5.0148006170805886,-6.245249538458863,2023,Pre-fire
2023-05-26,,9.1073519348e-06,-5.575929756000017e-07,,-5.040607880686874,-6.253682705995724,2023,Pre-fire
2023-05-27,,8.331095047200002e-06,-7.762568875999988e-07,,-5.079297910754061,-6.1099945333745875,2023,Pre-fire
2023-05-28,,8.046831961600002e-06,-2.842630855999998e-07,,-5.094375067756163,-6.546279534122844,2023,Pre-fire
2023-05-29,,7.686036506800001e-06,-3.607954548000004e-07,,-5.114297557073837,-6.442738942215774,2023,Pre-fire
2023-05-30,,7.489238986000002e-06,-1.967975207999996e-07,,-5.125562310601236,-6.7059803769903565,2023,Pre-fire
2023-06-01,,7.2159090960000015e-06,-2.733298900000002e-07,,-5.141708946551793,-6.563312873421624,2023,Pre-fire
2023-06-02,,6.909779619200001e-06,-3.061294768000007e-07,,-5.1605358038112765,-6.514094850751442,2023,Pre-fire
2023-06-03,,6.723915294000001e-06,-1.858643252e-07,,-5.172377766318245,-6.730803960715388,2023,Pre-fire
2023-06-04,,6.384986230400001e-06,-3.389290635999995e-07,,-5.1948400349812625,-6.46989118825939,2023,Pre-fire
2023-06-05,,6.122589536000002e-06,-2.623966943999989e-07,,-5.213064855087461,-6.5810416403820575,2023,Pre-fire
2023-06-06,,5.816460059200001e-06,-3.0612947680000156e-07,,-5.235341249798614,-6.51409485075144,2023,Pre-fire
2023-06-07,,5.6087293428000016e-06,-2.077307163999992e-07,,-5.251135516981845,-6.682499281140834,2023,Pre-fire
2023-06-09,,5.466597800000001e-06,-1.0933195600000025e-07,,-5.2622828777576425,-6.96125288209366,2023,Pre-fire
2023-06-10,,5.258867083600001e-06,-2.0773071640000006e-07,,-5.27910780571983,-6.682499281140832,2023,Pre-fire
2023-06-11,,4.996470389200001e-06,-2.6239669439999976e-07,,-5.301336682023812,-6.581041640382056,2023,Pre-fire
2023-06-12,,4.843405650800001e-06,-1.5306473840000035e-07,,-5.314849155870592,-6.815124846415423,2023,Pre-fire
2023-06-13,,4.679407716800001e-06,-1.6399793399999996e-07,,-5.32980911308049,-6.785161623037981,2023,Pre-fire
2023-06-14,,4.504476587200001e-06,-1.7493112959999956e-07,,-5.346355666060527,-6.757132899437738,2023,Pre-fire
2023-06-15,,4.351411848800001e-06,-1.5306473840000035e-07,,-5.361369810019974,-6.815124846415423,2023,Pre-fire
2023-06-16,,4.045282372000001e-06,-3.0612947679999986e-07,,-5.393051158026666,-6.514094850751443,2023,Pre-fire
2023-06-21,,4.253013088400001e-06,-7.653236919999992e-07,,-5.371303280767954,-6.116154842079405,2023,Pre-fire
2023-06-22,,3.82661846e-06,-4.2639462840000056e-07,,-5.417184837743386,-6.370188275067162,2023,Pre-fire
2023-06-23,,3.6079545480000007e-06,-2.1866391199999966e-07,,-5.442738942215774,-6.660222886429681,2023,Pre-fire
2023-06-24,,3.3892906360000006e-06,-2.1866391200000008e-07,,-5.469891188259389,-6.66022288642968,2023,Pre-fire
2023-06-25,,3.1487603328000005e-06,-2.4053030320000013e-07,,-5.501860394334431,-6.6188302012714555,2023,Pre-fire
2023-06-27,,2.941029616400001e-06,-1.9679752079999919e-07,,-5.531500602091254,-6.705980376990357,2023,Pre-fire
2023-07-01,,2.623966944000001e-06,-1.530647383999995e-07,,-5.581041640382056,-6.815124846415425,2023,Pre-fire
2023-07-02,,2.4271694232000005e-06,-1.9679752080000046e-07,,-5.614899907643023,-6.705980376990355,2023,Pre-fire
2023-07-03,,2.3069042716000003e-06,-1.2026515160000028e-07,,-5.636970426795969,-6.919860196935436,2023,Pre-fire
2023-06-28,2023-06-29,2.880897040600001e-06,-1.0933195600000025e-07,Aggregated,-5.540472262545096,-6.96125288209366,2023,Pre-fire
2023-07-05,,2.2303719024e-06,-9.839876040000023e-08,,-5.651622714667763,-7.007010372654336,2023,Pre-fire
2023-07-09,,1.9570420124000003e-06,-1.421315427999999e-07,,-5.708399851113769,-6.847309529786825,2023,Pre-fire
2023-07-11,,1.8039772740000004e-06,-1.0933195599999983e-07,,-5.743768937879755,-6.961252882093662,2023,Pre-fire
2023-07-06,2023-07-07,2.1784392233000003e-06,-9.83987603999998e-08,Aggregated,-5.6618545520255115,-7.007010372654338,2023,Pre-fire
2023-07-16,,1.5306473840000006e-06,-1.0933195599999962e-07,,-5.815124846415424,-6.961252882093663,2023,Pre-fire
2023-07-14,2023-07-15,1.7083118125000005e-06,-1.4213154280000012e-07,Aggregated,-5.767432856077549,-6.847309529786824,2023,Pre-fire
2023-07-17,2023-07-19,1.4923811994000003e-06,-5.466597800000034e-08,Aggregated,-5.826120230716887,-7.26228287775764,2023,Pre-fire
2023-07-20,2023-07-21,1.3557162544000002e-06,-1.3119834719999967e-07,Aggregated,-5.8678311969314265,-6.882071636046038,2023,Pre-fire
2023-07-22,2023-07-23,1.2491175973000002e-06,-9.839876040000002e-08,Aggregated,-5.903396673351774,-7.007010372654337,2023,Pre-fire
2023-07-24,2023-07-26,1.1425189402000003e-06,-6.559917360000015e-08,Aggregated,-5.942136591646589,-7.183101631710017,2023,Pre-fire
2023-07-27,2023-07-28,9.921875006999999e-07,-9.839876040000002e-08,Aggregated,-6.003406248385511,-7.007010372654337,2023,Pre-fire
2023-07-29,2023-07-30,8.992553381000001e-07,-9.83987603999998e-08,Aggregated,-6.04611697547165,-7.007010372654338,2023,Pre-fire
2023-08-06,,8.199896700000001e-07,-1.311983472000001e-07,,-6.086191618701962,-6.882071636046037,2023,Pre-fire
2023-08-07,,6.669249316000001e-07,-1.5306473840000004e-07,,-6.175923047082895,-6.815124846415424,2023,Pre-fire
2023-08-08,2023-08-11,5.958591602000001e-07,-5.102157946666664e-08,Aggregated,-6.22485637981702,-7.2922461011350865,2023,Pre-fire
2023-08-13,2023-08-14,4.728607097000001e-07,-9.839876040000002e-08,Aggregated,-6.325266770292829,-7.007010372654337,2023,Pre-fire
2024-06-04,,3.234039258480001e-05,-1.72963154392e-05,,-4.490254712432788,-4.762046402932004,2024,Post-fire
2024-06-05,,2.51791494668e-05,-7.161243118000007e-06,,-4.59895894412943,-5.145011582101878,2024,Post-fire
2024-06-06,,2.0751205248800003e-05,-4.427944217999998e-06,,-4.682956674002388,-5.353797858878993,2024,Post-fire
2024-06-07,,1.7569645329200004e-05,-3.1815599195999993e-06,,-4.755237005330317,-5.497359893107754,2024,Post-fire
2024-06-08,,1.5459538578400003e-05,-2.110106750800001e-06,,-4.810803472632781,-5.675695573085887,2024,Post-fire
2024-06-09,,1.3950757585600004e-05,-1.5087809927999993e-06,,-4.855402207708518,-5.821373795692425,2024,Post-fire
2024-06-10,,1.2791838852e-05,-1.1589187336000035e-06,,-4.8930670203475,-5.93594701682889,2024,Post-fire
2024-06-11,,1.17750516612e-05,-1.0167871908000002e-06,,-4.929037178795681,-5.992769933539726,2024,Post-fire
2024-06-12,,1.0987861578e-05,-7.871900832000001e-07,,-4.959086820337154,-6.103920385662393,2024,Post-fire
2024-06-13,,1.0375602624400002e-05,-6.12258953599998e-07,,-4.983986669666369,-6.213064855087462,2024,Post-fire
2024-06-14,,9.7742768664e-06,-6.013257580000018e-07,,-5.009915363297744,-6.220890192599416,2024,Post-fire
2024-06-16,,9.326015846800004e-06,-4.7012741079999643e-07,,-5.030303850926138,-6.327784426514079,2024,Post-fire
2024-06-17,,8.998019978800001e-06,-3.279958680000033e-07,,-5.045853046881392,-6.484131627373995,2024,Post-fire
2024-06-18,,8.516959372400002e-06,-4.810606063999994e-07,,-5.069715424421097,-6.317800205607475,2024,Post-fire
2024-06-19,,7.970299592400001e-06,-5.466597800000004e-07,,-5.098525353775687,-6.2622828777576425,2024,Post-fire
2024-06-20,,7.500172181600002e-06,-4.7012741079999897e-07,,-5.12492876638691,-6.327784426514076,2024,Post-fire
2024-06-21,,7.172176313600001e-06,-3.2799586800000076e-07,,-5.144349042718002,-6.484131627373999,2024,Post-fire
2024-06-22,,6.909779619200001e-06,-2.623966944000006e-07,,-5.1605358038112765,-6.581041640382055,2024,Post-fire
2024-06-23,,6.7129820984e-06,-1.9679752080000046e-07,,-5.173084510952494,-6.705980376990355,2024,Post-fire
2024-06-24,,6.472451795200001e-06,-2.405303031999997e-07,,-5.188931175370742,-6.618830201271456,2024,Post-fire
2024-06-25,,6.177255514e-06,-2.9519628120000026e-07,,-5.209204434274223,-6.529889117934674,2024,Post-fire
2024-06-26,,6.024190775600002e-06,-1.5306473839999866e-07,,-5.220101283241877,-6.8151248464154275,2024,Post-fire
2024-06-28,,5.947658406400001e-06,-1.0933195600000025e-07,,-5.225653982395482,-6.96125288209366,2024,Post-fire
2024-06-29,,5.7508608856000015e-06,-1.967975207999996e-07,,-5.240267137939923,-6.7059803769903565,2024,Post-fire
2024-06-30,,5.4556646044e-06,-2.951962812000011e-07,,-5.263152336470272,-6.5298891179346725,2024,Post-fire
2024-07-01,,5.324466257200001e-06,-1.3119834719999946e-07,,-5.273723920879028,-6.882071636046039,2024,Post-fire
2024-07-02,,5.160468323200001e-06,-1.6399793399999996e-07,,-5.287310883459574,-6.785161623037981,2024,Post-fire
2024-07-03,,4.9855371936000005e-06,-1.749311296000004e-07,,-5.302288039429227,-6.757132899437736,2024,Post-fire
2024-07-04,,4.6684745212e-06,-3.170626724000003e-07,,-5.330825007068638,-6.498854884194706,2024,Post-fire
2024-07-05,,4.471677000400001e-06,-1.967975207999996e-07,,-5.34952957408632,-6.7059803769903565,2024,Post-fire
2024-07-06,,4.274879479600001e-06,-1.967975207999996e-07,,-5.369076124697795,-6.7059803769903565,2024,Post-fire
2024-07-07,,4.001549589600001e-06,-2.733298900000002e-07,,-5.397771796699251,-6.563312873421624,2024,Post-fire
2024-07-08,,3.8484848512e-06,-1.530647384000012e-07,,-5.4147102186155305,-6.81512484641542,2024,Post-fire
2024-07-09,,3.6298209392e-06,-2.1866391199999966e-07,,-5.440114798389626,-6.660222886429681,2024,Post-fire
2024-07-10,,3.4548898096000004e-06,-1.7493112959999956e-07,,-5.461565799475258,-6.757132899437738,2024,Post-fire
2024-07-14,,3.0722279636000008e-06,-1.967975207999996e-07,,-5.512546562188581,-6.7059803769903565,2024,Post-fire
2024-07-16,,2.842630856e-06,-1.4213154280000118e-07,,-5.546279534122844,-6.847309529786822,2024,Post-fire
2024-07-18,,2.6676997264e-06,-9.839876040000107e-08,,-5.5738630557549325,-7.0070103726543325,2024,Post-fire
2024-07-19,,2.569300966e-06,-9.83987603999998e-08,,-5.590185019821925,-7.007010372654338,2024,Post-fire
2024-07-11,2024-07-12,3.3810907393000005e-06,-1.2026515160000028e-07,Aggregated,-5.470943173792503,-6.919860196935436,2024,Post-fire
2024-07-20,2024-07-21,2.5091683902e-06,-1.0933195599999983e-07,Aggregated,-5.6004701922203814,-6.961252882093662,2024,Post-fire
2024-07-23,,2.3069042716000003e-06,-1.5306473839999993e-07,,-5.636970426795969,-6.815124846415424,2024,Post-fire
2024-07-25,,2.1538395332000003e-06,-9.839876040000065e-08,,-5.666786655932069,-7.007010372654334,2024,Post-fire
2024-07-26,,2.0226411860000004e-06,-1.3119834719999988e-07,,-5.6940811536906475,-6.882071636046037,2024,Post-fire
2024-07-31,,1.7602444916000005e-06,-2.295971075999999e-07,,-5.754427006061812,-6.639033587359743,2024,Post-fire
2024-08-01,,1.6071797532000003e-06,-1.5306473840000014e-07,,-5.793935547345486,-6.815124846415423,2024,Post-fire
2024-08-05,,1.3447830588e-06,-1.4213154280000054e-07,,-5.871347770654264,-6.847309529786823,2024,Post-fire
2024-08-06,2024-08-07,1.2791838852e-06,-1.0933195600000004e-07,Aggregated,-5.8930670203475,-6.961252882093661,2024,Post-fire
2024-08-08,2024-08-09,1.1725852281e-06,-1.2026515159999986e-07,Aggregated,-5.9308555812369,-6.919860196935438,2024,Post-fire
2024-08-10,2024-08-12,1.0441201798e-06,-4.91993801999999e-08,Aggregated,-5.981249510509915,-7.308040368318319,2024,Post-fire
2024-08-18,,2.0226411860000004e-06,-1.7602444915999994e-06,,-5.6940811536906475,-5.754427006061812,2024,Post-fire
2024-08-19,,1.4431818192000002e-06,-5.794593668000003e-07,,-5.840678950887812,-6.236977012492872,2024,Post-fire
2024-08-20,,1.1807851248000002e-06,-2.6239669439999997e-07,,-5.927829126606712,-6.581041640382056,2024,Post-fire
2024-08-21,,1.0605199732e-06,-1.2026515160000028e-07,,-5.974481147827417,-6.919860196935436,2024,Post-fire
2024-08-24,,1.6946453180000003e-06,-1.0167871908e-06,,-5.77092118392337,-5.992769933539726,2024,Post-fire
2024-08-25,,1.3229166676e-06,-3.717286504000002e-07,,-5.878467511777211,-6.429773965051407,2024,Post-fire
2024-08-26,,1.1151859512e-06,-2.0773071640000006e-07,,-5.952652710331744,-6.682499281140832,2024,Post-fire
2024-08-31,,7.215909096000001e-07,-9.839876040000002e-08,,-6.141708946551793,-7.007010372654337,2024,Post-fire
2024-08-27,2024-08-28,1.0495867776e-06,-1.3119834719999988e-07,Aggregated,-5.978981649054093,-6.882071636046037,2024,Post-fire
2024-08-29,2024-08-30,9.047219359000001e-07,-1.6399793400000006e-07,Aggregated,-6.043484879645906,-6.785161623037981,2024,Post-fire
2025-04-10,,7.837108120456906e-05,-9.953792596053993e-06,,-4.105844161679965,-5.002011412750896,2025,Post-fire
2025-04-11,,6.591370159397715e-05,-1.2457379610591909e-05,,-4.1810242984842665,-4.904573301203524,2025,Post-fire
2025-04-12,,5.40940840238837e-05,-1.181961757009345e-05,,-4.26685022872469,-4.927396575052481,2025,Post-fire
2025-04-13,,4.29539924662513e-05,-1.1140091557632398e-05,,-4.36699646336991,-4.953111239789657,2025,Post-fire
2025-04-14,,3.578616463136033e-05,-7.16782783489097e-06,,-4.446284844462535,-5.144612434603574,2025,Post-fire
2025-04-15,,3.045227596573209e-05,-5.333888665628238e-06,,-4.516380243181511,-5.27295605358951,2025,Post-fire
2025-04-16,,2.5886633037383176e-05,-4.565642928348914e-06,,-4.586924432700533,-5.340498056996377,2025,Post-fire
2025-04-17,,2.2484730093457943e-05,-3.4019029439252333e-06,,-4.6481123213326585,-5.46827808094067,2025,Post-fire
2025-04-18,,1.977673393561786e-05,-2.7079961578400844e-06,,-4.703845429162356,-5.567351956172282,2025,Post-fire
2025-04-19,,1.74470026635514e-05,-2.329731272066458e-06,,-4.758279172629717,-5.6326941707290565,2025,Post-fire
2025-04-20,,1.5752414569055037e-05,-1.694588094496364e-06,,-4.802652867039837,-5.7709358490991445,2025,Post-fire
2025-04-21,,1.4442247985462096e-05,-1.310166583592941e-06,,-4.840365202078265,-5.882673481645236,2025,Post-fire
2025-04-22,,1.3289672627206646e-05,-1.1525753582554494e-06,,-4.8764857171723035,-5.938330669752132,2025,Post-fire
2025-04-23,,1.2230089875389408e-05,-1.0595827518172383e-06,,-4.912570351447585,-5.974865119883645,2025,Post-fire
2025-04-24,,1.131936880581516e-05,-9.107210695742482e-07,,-4.9461777897373445,-6.04061461588492,2025,Post-fire
2025-04-25,,1.0756313276220146e-05,-5.630555295950141e-07,,-4.968336557494439,-6.249448772098093,2025,Post-fire
2025-04-26,,1.0369272902388367e-05,-3.870403738317784e-07,,-4.9842516954481235,-6.412243729508756,2025,Post-fire
2025-04-27,,9.830384423676012e-06,-5.388884787123555e-07,,-5.0074294984632095,-6.268501101401444,2025,Post-fire
2025-04-28,,9.200800586708205e-06,-6.295838369678072e-07,,-5.036174381865045,-6.200946429959341,2025,Post-fire
2025-04-29,,8.872202206645898e-06,-3.285983800623062e-07,,-5.051968568726594,-6.483334581898326,2025,Post-fire
2025-04-30,,8.456354340602284e-06,-4.158478660436147e-07,,-5.072816827386521,-6.381065522791537,2025,Post-fire
2025-05-01,,7.970716074766353e-06,-4.856382658359303e-07,,-5.098502660617694,-6.313687100378762,2025,Post-fire
2025-05-02,,7.598194309449636e-06,-3.7252176531671695e-07,,-5.119289604379255,-6.42884834766522,2025,Post-fire
2025-05-03,,7.436468037383178e-06,-1.617262720664583e-07,,-5.128633284357897,-6.79121942420806,2025,Post-fire
2025-05-04,,7.263714974039461e-06,-1.7275306334371745e-07,,-5.13884120573566,-6.762574242758528,2025,Post-fire
2025-05-05,,6.919587196261683e-06,-3.4412777777777793e-07,,-5.1599198135971704,-6.463280269986722,2025,Post-fire
2025-05-06,,6.609872196261683e-06,-3.0971499999999996e-07,,-5.179806937639158,-6.509037760547398,2025,Post-fire
2025-05-07,,6.30355712357217e-06,-3.0631507268951316e-07,,-5.200414307184951,-6.513831632560623,2025,Post-fire
2025-05-08,,6.102088457943925e-06,-2.0146866562824417e-07,,-5.21452150096787,-6.6957924899841315,2025,Post-fire
2025-05-09,,5.931311028037383e-06,-1.707774299065424e-07,,-5.226849301692738,-6.767569526590462,2025,Post-fire
2025-05-10,,5.703883457943926e-06,-2.2742757009345695e-07,,-5.243829356593941,-6.643156888752622,2025,Post-fire
2025-05-11,,5.557502803738319e-06,-1.463806542056074e-07,,-5.255120309529057,-6.834516316221077,2025,Post-fire
2025-05-13,,6.67520593457944e-06,-1.205136396677042e-07,,-5.175535331480708,-6.918963797095839,2025,Post-fire
2025-05-14,,6.306589491173416e-06,-3.686164434060242e-07,,-5.200205437203984,-6.433425295483692,2025,Post-fire
2025-05-15,,5.928002990654206e-06,-3.785865005192098e-07,,-5.2270915859288145,-6.421834875989075,2025,Post-fire
2025-05-16,,5.579050991692628e-06,-3.4895199896157817e-07,,-5.253439669184804,-6.457234309487384,2025,Post-fire
2025-05-20,,8.112640067497403e-06,-4.5035253374870305e-07,,-5.090837791884507,-6.346447389509577,2025,Post-fire
2025-05-21,,7.135298800623053e-06,-9.7734126687435e-07,,-5.146587835479306,-6.009953763362678,2025,Post-fire
2025-05-22,,6.408127860851505e-06,-7.271709397715481e-07,,-5.193268831395063,-6.138363485326572,2025,Post-fire
2025-05-23,,5.862669252336449e-06,-5.454586085150561e-07,,-5.231904606230851,-6.263238199751238,2025,Post-fire
2025-05-24,,5.401887211838007e-06,-4.607820404984416e-07,,-5.2674544878619605,-6.336504456373959,2025,Post-fire
2025-05-25,,5.1054962512980266e-06,-2.963909605399806e-07,,-5.291962038351633,-6.528135045792137,2025,Post-fire
2025-05-26,,4.797113655244029e-06,-3.083825960539978e-07,,-5.319019991923807,-6.510910139865545,2025,Post-fire
2025-05-27,,4.5376165005192106e-06,-2.5949715472481823e-07,,-5.343172211568366,-6.585867399642441,2025,Post-fire
2025-05-28,,4.279130134994808e-06,-2.584863655244029e-07,,-5.368644505745384,-6.5875623598570066,2025,Post-fire
2025-05-29,,4.1416628037383175e-06,-1.3746733125649018e-07,,-5.38282526238051,-6.861800498493765,2025,Post-fire
2025-05-30,,4.051013390446521e-06,-9.06494132917961e-08,,-5.392436321272738,-7.042635002433999,2025,Post-fire
2025-05-31,,3.856436469366563e-06,-1.9457692107995847e-07,,-5.413813818775929,-6.710908673019463,2025,Post-fire
2025-06-01,,3.7106071547248175e-06,-1.4582931464174538e-07,,-5.430555022359996,-6.836155165267357,2025,Post-fire
2025-06-02,,3.5800315680166143e-06,-1.305755867082032e-07,,-5.44611314381563,-6.884138014094739,2025,Post-fire
2025-06-03,,3.466823177570093e-06,-1.1320839044652123e-07,,-5.460068308607212,-6.946121384193801,2025,Post-fire
2025-06-06,,3.2108178400830738e-06,-1.6820451194184843e-07,,-5.493384332643031,-6.774162358804658,2025,Post-fire
2025-06-08,,3.033516225337488e-06,-1.432104517133945e-07,,-5.518053677807227,-6.844025285409352,2025,Post-fire
2025-06-11,,2.737906329179647e-06,-1.1913529075804807e-07,,-5.562581414279561,-6.9239595709168364,2025,Post-fire
2025-06-09,2025-06-10,2.9451755464693674e-06,-1.7647460539979322e-07,Aggregated,-5.530888814088826,-6.7533177805210105,2025,Post-fire
2025-06-14,,2.613625202492212e-06,-9.634658878504607e-08,,-5.582756690726327,-7.016163657220848,2025,Post-fire
2025-06-15,,2.5113517133956388e-06,-1.0227348909657333e-07,,-5.600092460329547,-6.990236927687499,2025,Post-fire
2025-06-16,,2.3966730841121493e-06,-1.1467862928348946e-07,,-5.6203912014477275,-6.940517506675802,2025,Post-fire
2025-06-17,2025-06-19,2.3453985046728966e-06,-6.809043613707139e-08,Aggregated,-5.629783356071854,-7.166913884042882,2025,Post-fire
2025-06-23,,4.060523997923157e-06,-2.0340754309449632e-06,,-5.391417918461633,-5.691632945889312,2025,Post-fire
2025-06-24,,3.41054059709242e-06,-6.499834008307365e-07,,-5.467176776513046,-6.1870977341566284,2025,Post-fire
2025-06-25,,2.926602294911734e-06,-4.839383021806861e-07,,-5.533636291184429,-6.315210003501175,2025,Post-fire
2025-06-26,,2.600393052959501e-06,-3.2620924195223307e-07,,-5.584961002863824,-6.486503738967113,2025,Post-fire
2025-06-27,,2.385094953271028e-06,-2.152980996884729e-07,,-5.622494326535492,-6.666959803425247,2025,Post-fire
2025-06-28,,2.222357892004154e-06,-1.6273706126687405e-07,,-5.653186000297733,-6.788513530832134,2025,Post-fire
2025-06-29,,2.07565562305296e-06,-1.4670226895119426e-07,,-5.682844699674312,-6.8335631691467436,2025,Post-fire
2025-06-30,,1.955647377985462e-06,-1.200082450674978e-07,,-5.708709449957799,-6.920788915083151,2025,Post-fire
2025-07-01,,1.8359148026998963e-06,-1.1973257528556572e-07,,-5.736147476498513,-6.9217876763096235,2025,Post-fire
2025-07-07,,1.51186497403946e-06,-9.124669781931481e-08,,-5.8204869943163855,-7.039782843526826,2025,Post-fire
2025-07-12,,1.229119667705088e-06,-1.0434101246105963e-07,,-5.9104058319272665,-6.981544953466452,2025,Post-fire
2025-07-02,2025-07-04,1.7811943509865006e-06,-7.172008826583601e-08,Aggregated,-5.749288690892758,-7.144359184623771,2025,Post-fire
2025-07-05,2025-07-06,1.6406142484423676e-06,-8.936295430944953e-08,Aggregated,-5.784993520998491,-7.048842482024463,2025,Post-fire
2025-07-08,2025-07-09,1.4558465771028037e-06,-1.08659839044652e-07,Aggregated,-5.836884390289762,-6.963930942612359,2025,Post-fire
2025-07-13,2025-07-14,1.1616954335410174e-06,-1.2570542056074734e-07,Aggregated,-5.934907717789129,-6.900645994638111,2025,Post-fire
2025-07-15,2025-07-17,1.0714595249221186e-06,-6.08770768431983e-08,Aggregated,-5.970024230067777,-7.215546209413363,2025,Post-fire
2025-07-22,,2.1082306022845275e-06,-1.1729749221183778e-07,,-5.676081886902459,-6.93071127288194,2025,Post-fire
2025-07-24,,1.528956500519211e-06,-5.378776895119417e-07,,-5.8156048702797705,-6.269316469331837,2025,Post-fire
2025-07-25,,7.690268016614746e-07,-7.599296988577363e-07,,-6.114058524163654,-6.119226582469661,2025,Post-fire
2025-07-26,2025-07-28,7.290087383177571e-07,-4.826518431983392e-08,Aggregated,-6.137267265947542,-7.316366030944217,2025,Post-fire
2025-07-29,2025-08-01,6.209691562824505e-07,-3.909916407061263e-08,Aggregated,-6.206929970820201,-7.4078325276016015,2025,Post-fire
2025-08-08,,5.967331879543094e-07,-2.999746677050883e-07,,-6.224219807732225,-6.522915419081725,2025,Post-fire
2025-08-09,,4.732790706126689e-07,-1.2345411734164048e-07,,-6.324882700514899,-6.908494421253021,2025,Post-fire
2025-08-10,2025-08-11,4.0415487279335416e-07,-1.3112692627206667e-07,Aggregated,-6.393452180654846,-6.88230811890756,2025,Post-fire
2025-08-17,,7.333275649013501e-07,-3.150446157840081e-07,,-6.134701990090228,-6.501627938220814,2025,Post-fire
2025-08-18,,6.004087850467289e-07,-1.3291877985462116e-07,,-6.221552961882789,-6.876413654038205,2025,Post-fire
2025-08-19,,5.0833507788162e-07,-9.207370716510891e-08,,-6.293849920584934,-7.035864370490981,2025,Post-fire
2025-08-20,,4.1373439771547253e-07,-9.460068016614746e-08,,-6.383278370530637,-7.0241057410681575,2025,Post-fire
2025-08-21,2025-08-22,3.41382566199377e-07,-1.2363789719626172e-07,Aggregated,-6.466758661301938,-6.907848389922434,2025,Post-fire
