START DATE,END DATE,Q,dQdt,Mode,log_Q,log_dQdt,WATERYEAR,Fire
2000-06-13,,3.8353650164800006e-05,-5.9476584063999995e-05,,-4.4161932973996585,-4.225653982395482,2000,Pre-fire
2000-06-14,,2.1319731420000003e-05,-1.7033918744800003e-05,,-4.671218270731144,-4.768685428757116,2000,Pre-fire
2000-06-15,,1.5656336099200002e-05,-5.6633953208e-06,,-4.805309864121825,-5.246923122348429,2000,Pre-fire
2000-06-16,,1.2431043397200005e-05,-3.2252927019999977e-06,,-4.9054924174059265,-5.491430866115499,2000,Pre-fire
2000-06-17,,1.02553374728e-05,-2.1757059244000055e-06,,-4.989050043714597,-5.662399805683954,2000,Pre-fire
2000-06-18,,9.3150826512e-06,-9.402548215999996e-07,,-5.0308132873269615,-6.026754430850094,2000,Pre-fire
2000-06-19,,8.342028242800001e-06,-9.730544083999984e-07,,-5.078728344138781,-6.01186287544875,2000,Pre-fire
2000-06-20,,7.434573008000001e-06,-9.074552348e-07,,-5.1287439693874255,-6.0421747897175875,2000,Pre-fire
2000-06-21,,6.767648076400001e-06,-6.669249316000003e-07,,-5.169562233073544,-6.175923047082895,2000,Pre-fire
2000-06-26,,5.4993973868000005e-06,-8.527892567999994e-07,,-5.259684897037734,-6.069158279403181,2000,Pre-fire
2000-06-27,,4.9636708024000005e-06,-5.357265844e-07,,-5.3041970292365574,-6.271056802065148,2000,Pre-fire
2000-06-28,,4.6028753476e-06,-3.607954548000004e-07,,-5.336970786257994,-6.442738942215774,2000,Pre-fire
2000-06-30,,4.0780819588000006e-06,-3.717286504e-07,,-5.389544050284974,-6.429773965051407,2000,Pre-fire
2000-07-06,,3.9031508292e-06,-5.138601932000008e-07,,-5.4085846659814685,-6.289155024157943,2000,Pre-fire
2000-07-07,,3.4111570272000007e-06,-4.919938019999994e-07,,-5.467098288075219,-6.308040368318318,2000,Pre-fire
2000-08-02,2000-08-03,2.774298383500001e-06,-4.263946283999997e-07,Aggregated,-5.556846831172392,-6.370188275067163,2000,Pre-fire
2000-08-04,2000-08-06,2.3287706628000003e-06,-1.9679752080000024e-07,Aggregated,-5.632873278654924,-6.705980376990355,2000,Pre-fire
2001-05-16,,0.0001307391529848,-8.659090915199983e-06,,-3.8835943330095306,-5.062527700504169,2001,Pre-fire
2001-05-17,,6.780767911120001e-05,-6.29314738736e-05,,-4.168721120192354,-4.201132096829094,2001,Pre-fire
2001-05-18,,4.32298554024e-05,-2.4577823708800013e-05,,-4.364216217116009,-4.609456575196638,2001,Pre-fire
2001-05-19,,3.2220127433200006e-05,-1.1009727969199992e-05,,-4.491872746243737,-4.958223411540044,2001,Pre-fire
2001-05-20,,2.643646696080001e-05,-5.783660472399996e-06,,-4.577796585568908,-5.237797210058476,2001,Pre-fire
2001-05-21,,2.3725034452000003e-05,-2.7114325088000063e-06,,-4.624793148245132,-5.566801201267444,2001,Pre-fire
2001-05-22,,2.1035468334400003e-05,-2.6895661176000003e-06,,-4.677047814391868,-5.570317774990283,2001,Pre-fire
2001-05-23,,1.83787018036e-05,-2.6567665308000015e-06,,-4.73568516865419,-5.575646608495349,2001,Pre-fire
2001-05-24,,1.64763257692e-05,-1.9023760344000019e-06,,-4.78313962977903,-5.720703633811062,2001,Pre-fire
2001-05-25,,1.5776601250800005e-05,-6.997245183999948e-07,,-4.801986551000168,-6.155072908109778,2001,Pre-fire
2001-05-26,,1.50440771456e-05,-7.325241052000055e-07,,-4.82263444819417,-6.135178079392832,2001,Pre-fire
2001-05-27,,1.4563016539200003e-05,-4.81060606399996e-07,,-4.836748657259379,-6.317800205607478,2001,Pre-fire
2001-05-29,,1.3283832654000004e-05,-1.0386535819999994e-06,,-4.87667660415933,-5.9835292768048145,2001,Pre-fire
2001-05-30,,1.2234245876400002e-05,-1.0495867776000024e-06,,-4.912422795565312,-5.978981649054092,2001,Pre-fire
2001-05-31,,1.0878529622000002e-05,-1.3557162543999998e-06,,-4.963429801347936,-5.8678311969314265,2001,Pre-fire
2001-06-01,,1.0320936646400002e-05,-5.575929756e-07,,-4.986280887795592,-6.253682705995725,2001,Pre-fire
2001-06-06,,1.12502582724e-05,-1.2245179071999994e-06,,-4.948837507331229,-5.91203485942348,2001,Pre-fire
2001-06-07,,8.593491741600002e-06,-2.656766530799998e-06,,-5.065830336054254,-5.57564660849535,2001,Pre-fire
2001-06-08,,8.2108298956e-06,-3.826618460000013e-07,,-5.085612945089493,-6.417184837743385,2001,Pre-fire
2001-06-09,,7.882834027600001e-06,-3.279958679999999e-07,,-5.103317617374232,-6.4841316273739995,2001,Pre-fire
2001-06-13,,7.117510335600001e-06,-2.645833335200001e-06,,-5.1476718935254695,-5.57743751611323,2001,Pre-fire
2001-06-14,,6.505251382000001e-06,-6.122589535999997e-07,,-5.186735916365112,-6.213064855087461,2001,Pre-fire
2001-06-15,,6.089789949200001e-06,-4.154614328000001e-07,,-5.215397686919933,-6.381469285476851,2001,Pre-fire
2001-06-18,,5.2698002792e-06,-3.389290636000012e-07,,-5.2782058438548125,-6.469891188259387,2001,Pre-fire
2001-06-20,,4.876205237600001e-06,-2.9519628120000026e-07,,-5.31191802338152,-6.529889117934674,2001,Pre-fire
2001-06-21,,4.5700757608e-06,-3.061294768000007e-07,,-5.340076600318627,-6.514094850751442,2001,Pre-fire
2001-06-16,2001-06-17,5.838326450400002e-06,-4.810606063999994e-07,Aggregated,-5.233711625065105,-6.317800205607475,2001,Pre-fire
2001-06-28,,4.799672868400001e-06,-2.1319731420000003e-06,,-5.31878836185154,-5.671218270731144,2001,Pre-fire
2001-06-29,,3.9250172204e-06,-8.746556480000012e-07,,-5.406158433515342,-6.0581628951017175,2001,Pre-fire
2001-07-03,,3.0175619856000006e-06,-3.826618459999996e-07,,-5.520343800028444,-6.417184837743386,2001,Pre-fire
2001-07-04,,2.569300966e-06,-4.482610196000006e-07,,-5.590185019821925,-6.348469025373926,2001,Pre-fire
2001-06-30,2001-07-01,3.7719524820000003e-06,-3.0612947679999944e-07,Aggregated,-5.423433787020388,-6.514094850751444,2001,Pre-fire
2001-07-17,2001-07-20,2.9874956977000005e-06,-9.83987603999998e-08,Aggregated,-5.524692711471921,-7.007010372654338,2001,Pre-fire
2001-07-24,,2.4818354012e-06,-3.061294768000007e-07,,-5.605227024900539,-6.514094850751442,2001,Pre-fire
2001-07-27,,1.6946453180000003e-06,-4.3732782399999995e-07,,-5.77092118392337,-6.3591928907657,2001,Pre-fire
2001-07-28,,1.3775826456000002e-06,-3.170626724000001e-07,,-5.860882336976099,-6.498854884194706,2001,Pre-fire
2001-07-25,2001-07-26,2.2850378804e-06,-3.4986225919999954e-07,Aggregated,-5.641106595982608,-6.456102903773757,2001,Pre-fire
2001-08-02,,1.6618457312000002e-06,-5.029269976000001e-07,,-5.7794092941488895,-6.298495050412088,2001,Pre-fire
2001-07-31,2001-08-01,2.2713713859000003e-06,-3.1706267239999946e-07,Aggregated,-5.643711849637513,-6.4988548841947065,2001,Pre-fire
2001-08-24,,1.2026515160000002e-06,-1.0386535820000003e-06,,-5.919860196935437,-5.983529276804814,2001,Pre-fire
2001-08-25,2001-08-27,9.621212128000001e-07,-1.6399793400000006e-07,Aggregated,-6.016770209943493,-6.785161623037981,2001,Pre-fire
2002-04-15,,0.0001036138947012,-0.000236211690938,,-3.9845820014688504,-3.626698611446413,2002,Pre-fire
2002-04-16,,7.036604688160001e-05,-3.324784781959998e-05,,-4.152636846666669,-4.47823646194953,2002,Pre-fire
2002-04-17,,6.871513434600002e-05,-1.650912535599994e-06,,-4.162947600071685,-5.782275934800494,2002,Pre-fire
2002-04-18,,6.0340306516400005e-05,-8.374827829600013e-06,,-4.219392488028398,-5.077024112461057,2002,Pre-fire
2002-04-19,,4.902444907040001e-05,-1.1315857445999994e-05,,-4.309587278170726,-4.946312532300725,2002,Pre-fire
2002-04-20,,4.0780819588000006e-05,-8.243629482400005e-06,,-4.389544050284974,-5.083881536223887,2002,Pre-fire
2002-04-21,,3.3138515863600006e-05,-7.6423037244e-06,,-4.47966694572604,-5.116775706347981,2002,Pre-fire
2002-04-22,,2.7070592305600003e-05,-6.067923558000003e-06,,-4.567502241745581,-5.216959898970985,2002,Pre-fire
2002-04-23,,2.22818526328e-05,-4.788739672800002e-06,,-4.652048702423254,-5.319778771589562,2002,Pre-fire
2002-04-24,,1.95376205372e-05,-2.7442320956000017e-06,,-4.709128329588017,-5.561579160612624,2002,Pre-fire
2002-04-25,,1.7689910480800003e-05,-1.847710056399997e-06,,-4.752274364817408,-5.733366177479989,2002,Pre-fire
2002-04-27,,1.7066718331600002e-05,-4.919938020000024e-07,,-4.7678499790312445,-6.3080403683183155,2002,Pre-fire
2002-04-28,,1.5055010341200002e-05,-2.0117079903999996e-06,,-4.822318941836738,-5.696435059084125,2002,Pre-fire
2002-04-29,,1.4224087475600002e-05,-8.309228656000002e-07,,-4.846975585532076,-6.08043928981287,2002,Pre-fire
2002-04-30,,1.3568095739600002e-05,-6.559917359999998e-07,,-4.867481100594932,-6.183101631710018,2002,Pre-fire
2002-05-01,,1.284650483e-05,-7.215909096000025e-07,,-4.891215015485907,-6.141708946551791,2002,Pre-fire
2002-05-02,,1.2365444223600002e-05,-4.810606063999977e-07,,-4.907790277168206,-6.317800205607476,2002,Pre-fire
2002-05-03,,1.1764118465600004e-05,-6.013257579999984e-07,,-4.929440610763291,-6.220890192599419,2002,Pre-fire
2002-05-04,,1.11409263164e-05,-6.231921492000027e-07,,-4.953078698087236,-6.205378026421169,2002,Pre-fire
2002-05-05,,1.08457300352e-05,-2.951962812000011e-07,,-4.964741209939483,-6.5298891179346725,2002,Pre-fire
2002-05-14,,8.331095047200002e-06,-4.919938020000007e-07,,-5.079297910754061,-6.308040368318317,2002,Pre-fire
2002-05-15,,7.882834027600001e-06,-4.482610196000006e-07,,-5.103317617374232,-6.348469025373926,2002,Pre-fire
2002-05-18,,7.204975900400002e-06,-4.810606063999994e-07,,-5.142367467499652,-6.317800205607475,2002,Pre-fire
2002-05-19,2002-05-20,6.9863119884000005e-06,-4.37327824000001e-07,Aggregated,-5.155752023935261,-6.359192890765699,2002,Pre-fire
2002-05-23,,6.723915294000001e-06,-1.0277203863999998e-06,,-5.172377766318245,-5.988125028493963,2002,Pre-fire
2002-05-24,,6.1444559272000015e-06,-5.794593667999992e-07,,-5.2115165665246,-6.236977012492873,2002,Pre-fire
2002-05-30,,6.614583338000001e-06,-2.667699726400001e-06,,-5.179497507441193,-5.5738630557549325,2002,Pre-fire
2002-05-31,,5.521263778000001e-06,-1.09331956e-06,,-5.257961503975,-5.961252882093662,2002,Pre-fire
2002-06-01,,4.7778064772000005e-06,-7.434573008000009e-07,,-5.32077144512324,-6.128743969387425,2002,Pre-fire
2002-06-02,,4.253013088400001e-06,-5.247933887999995e-07,,-5.371303280767954,-6.2800116447180745,2002,Pre-fire
2002-06-03,,3.739152895200001e-06,-5.138601931999999e-07,,-5.427226776037527,-6.289155024157944,2002,Pre-fire
2002-06-04,,3.061294768000001e-06,-6.778581271999999e-07,,-5.514094850751443,-6.168861192595408,2002,Pre-fire
2002-06-21,2002-06-22,3.3400912558000007e-06,-3.279958679999995e-07,Aggregated,-5.4762416675150885,-6.484131627374,2002,Pre-fire
2002-06-23,2002-06-24,2.987495697700001e-06,-3.8266184600000046e-07,Aggregated,-5.524692711471921,-6.4171848377433856,2002,Pre-fire
2002-06-25,2002-06-26,2.6649664275000003e-06,-3.3892906360000036e-07,Aggregated,-5.574308257723088,-6.469891188259389,2002,Pre-fire
2002-06-30,,2.9300964208000004e-06,-2.175705924400001e-06,,-5.533118088064873,-5.662399805683955,2002,Pre-fire
2002-07-01,,2.45996901e-06,-4.7012741080000024e-07,,-5.609070363982299,-6.327784426514075,2002,Pre-fire
2002-07-02,2002-07-04,2.2686380870000004e-06,-1.6399793399999996e-07,Aggregated,-5.64423478104555,-6.785161623037981,2002,Pre-fire
2002-07-08,2002-07-09,1.940642219e-06,-3.279958679999999e-07,Aggregated,-5.712054524702549,-6.4841316273739995,2002,Pre-fire
2002-08-21,,1.1151859512e-06,-4.5919421520000043e-07,,-5.952652710331744,-6.33800359169576,2002,Pre-fire
2002-08-22,2002-08-23,9.211217293000001e-07,-3.3892906359999994e-07,Aggregated,-6.035682972550285,-6.469891188259389,2002,Pre-fire
2003-05-06,,6.10509642304e-05,-2.0029614339200016e-05,,-4.214307472478557,-4.69832741276183,2003,Pre-fire
2003-05-07,,4.45418388744e-05,-1.6509125356000002e-05,,-4.351231857429516,-4.782275934800492,2003,Pre-fire
2003-05-08,,3.5806215590000004e-05,-8.735623284399994e-06,,-4.44604157776586,-5.058706102779671,2003,Pre-fire
2003-05-09,,2.8808970406e-05,-6.997245184000003e-06,,-4.540472262545096,-5.155072908109775,2003,Pre-fire
2003-05-10,,2.4741821642800004e-05,-4.0671487631999976e-06,,-4.606568328138933,-5.390709942211765,2003,Pre-fire
2003-05-11,,2.3233040650000004e-05,-1.5087809927999993e-06,,-4.633893947707332,-5.821373795692425,2003,Pre-fire
2003-05-12,,2.1265065442000005e-05,-1.9679752079999995e-06,,-4.672333276431935,-5.705980376990356,2003,Pre-fire
2003-05-13,,1.9351756212000003e-05,-1.9133092300000015e-06,,-4.713279615731855,-5.718214833407367,2003,Pre-fire
2003-05-14,,1.7547778938e-05,-1.803977274000002e-06,,-4.755777845352771,-5.743768937879755,2003,Pre-fire
2003-05-15,,1.6552858138400004e-05,-9.949207995999976e-07,,-4.781127006929608,-6.002211489772569,2003,Pre-fire
2003-05-16,,1.6104597118800003e-05,-4.482610196000006e-07,,-4.793050135251031,-6.348469025373926,2003,Pre-fire
2003-05-17,,1.5656336099200002e-05,-4.482610196000006e-07,,-4.805309864121825,-6.348469025373926,2003,Pre-fire
2003-05-18,,1.4956611580800004e-05,-6.997245183999982e-07,,-4.825166784709564,-6.1550729081097755,2003,Pre-fire
2003-05-19,,1.40054235636e-05,-9.511880172000043e-07,,-4.853703752348975,-6.021733629475041,2003,Pre-fire
2003-05-20,,1.3130767915600005e-05,-8.746556479999952e-07,,-4.881709874690755,-6.05816289510172,2003,Pre-fire
2003-05-21,,1.2693440091600002e-05,-4.373278240000027e-07,,-4.896420662355088,-6.359192890765697,2003,Pre-fire
2003-05-22,,1.2201446289600005e-05,-4.919938019999973e-07,,-4.913588687492101,-6.308040368318321,2003,Pre-fire
2003-05-23,,1.1304924250400002e-05,-8.965220392000029e-07,,-4.946732343335738,-6.047439029709944,2003,Pre-fire
2003-05-26,,1.04521349936e-05,-1.2682506896000012e-06,,-4.980794989817562,-5.896794892866743,2003,Pre-fire
2003-05-27,,9.4134814116e-06,-1.0386535820000011e-06,,-5.026249730640007,-5.983529276804814,2003,Pre-fire
2003-05-28,,9.1073519348e-06,-3.06129476799999e-07,,-5.040607880686874,-6.514094850751444,2003,Pre-fire
2003-06-10,,6.898846423600001e-06,-3.061294768000007e-07,,-5.161223522849528,-6.514094850751442,2003,Pre-fire
2003-06-11,,5.9367252108000015e-06,-9.621212127999997e-07,,-5.226453052504815,-6.016770209943493,2003,Pre-fire
2003-06-06,2003-06-08,7.500172181600001e-06,-1.475981405999997e-07,Aggregated,-5.12492876638691,-6.8309191135986564,2003,Pre-fire
2003-06-22,,4.6138085432000005e-06,-4.4826101959999977e-07,,-5.335940431131988,-6.348469025373927,2003,Pre-fire
2003-06-24,,3.9250172204e-06,-4.5919421520000106e-07,,-5.406158433515342,-6.33800359169576,2003,Pre-fire
2003-06-25,,3.6298209392e-06,-2.9519628120000026e-07,,-5.440114798389626,-6.529889117934674,2003,Pre-fire
2003-06-26,2003-06-27,3.4220902228e-06,-3.717286503999996e-07,Aggregated,-5.465708544547213,-6.429773965051407,2003,Pre-fire
2003-07-02,,3.0394283768000003e-06,-3.170626723999999e-07,,-5.517208086175585,-6.498854884194706,2003,Pre-fire
2003-07-03,2003-07-04,2.8043646714000004e-06,-4.1546143279999927e-07,Aggregated,-5.552165512645827,-6.381469285476852,2003,Pre-fire
2003-07-08,2003-07-10,2.3123708694e-06,-1.6946453179999976e-07,Aggregated,-5.6359425103826,-6.770921183923371,2003,Pre-fire
2003-07-15,2003-07-18,1.9215091267000003e-06,-1.2755394866666676e-07,Aggregated,-5.7163575484018,-6.894306092463048,2003,Pre-fire
2003-07-19,2003-07-21,1.4541150148000004e-06,-1.6399793400000006e-07,Aggregated,-5.837401241126575,-6.785161623037981,2003,Pre-fire
2003-08-07,2003-08-08,1.2053848149000001e-06,-2.9519628120000005e-07,Aggregated,-5.918874283953786,-6.529889117934674,2003,Pre-fire
2003-08-09,2003-08-18,8.527892568000001e-07,-3.401438631111112e-08,Aggregated,-6.069158279403181,-7.468337360190767,2003,Pre-fire
2004-06-11,,3.55000861132e-05,-1.5426738991600007e-05,,-4.44977059346766,-4.811725868339313,2004,Pre-fire
2004-06-12,,2.5857007594000007e-05,-9.643078519199994e-06,,-4.587421737019831,-5.015784296961843,2004,Pre-fire
2004-06-13,,1.983281681840001e-05,-6.0241907755999974e-06,,-4.702615599369585,-5.220101283241877,2004,Pre-fire
2004-06-14,,1.6202995879200003e-05,-3.6298209392000067e-06,,-4.7904046784503524,-5.440114798389625,2004,Pre-fire
2004-06-15,,1.3983557172400002e-05,-2.2194387068000005e-06,,-4.854382337615008,-5.653756844180449,2004,Pre-fire
2004-06-16,,1.2354511028e-05,-1.6290461444000017e-06,,-4.908174438610242,-5.788066613681387,2004,Pre-fire
2004-06-17,,1.1129993120800005e-05,-1.224517907199996e-06,,-4.953505104092922,-5.912034859423482,2004,Pre-fire
2004-06-18,,9.752410475200002e-06,-1.3775826456000023e-06,,-5.010888027717539,-5.860882336976098,2004,Pre-fire
2004-06-19,,8.735623284400002e-06,-1.0167871908000002e-06,,-5.05870610277967,-5.992769933539726,2004,Pre-fire
2004-06-20,,8.287362264800001e-06,-4.482610196000006e-07,,-5.081583676461608,-6.348469025373926,2004,Pre-fire
2004-06-21,,7.6641701156e-06,-6.23192149200001e-07,,-5.115534864127003,-6.20537802642117,2004,Pre-fire
2004-07-01,,5.816460059200001e-06,-1.6071797532000016e-06,,-5.235341249798614,-5.793935547345485,2004,Pre-fire
2004-07-02,2004-07-04,5.630595734000001e-06,-2.733298900000002e-07,Aggregated,-5.2494456530524705,-6.563312873421624,2004,Pre-fire
2004-07-05,2004-07-06,5.004670285900001e-06,-4.919938019999999e-07,Aggregated,-5.300624529119927,-6.308040368318318,2004,Pre-fire
2004-07-07,2004-07-10,4.561875864100001e-06,-1.2755394866666655e-07,Aggregated,-5.340856536742377,-6.894306092463049,2004,Pre-fire
2004-07-11,2004-07-12,4.1874139148e-06,-3.4986225919999996e-07,Aggregated,-5.378054108125039,-6.456102903773756,2004,Pre-fire
2004-07-13,2004-07-15,3.8922176336000005e-06,-2.295971076000001e-07,Aggregated,-5.409802884120786,-6.639033587359743,2004,Pre-fire
2004-07-20,,3.115960746e-06,-4.37327824000001e-07,,-5.506408022085152,-6.359192890765699,2004,Pre-fire
2004-07-21,2004-07-23,2.9246298230000006e-06,-2.1319731419999986e-07,Aggregated,-5.533929095736414,-6.671218270731144,2004,Pre-fire
2004-08-01,,2.1866391200000004e-06,-5.138601931999999e-07,,-5.660222886429681,-6.289155024157944,2004,Pre-fire
2004-08-02,2004-08-03,2.0253744849000008e-06,-3.8266184600000004e-07,Aggregated,-5.693494665442296,-6.417184837743386,2004,Pre-fire
2004-08-07,,2.0554407728000005e-06,-4.0452823719999967e-07,,-5.687095032829982,-6.393051158026667,2004,Pre-fire
2004-08-08,,1.6399793400000002e-06,-4.1546143280000033e-07,,-5.785161623037981,-6.381469285476851,2004,Pre-fire
2005-06-08,,5.844886367760001e-05,-3.543448693960001e-05,,-4.233223927673143,-4.450573851061452,2005,Pre-fire
2005-06-09,,3.5795282394400004e-05,-2.265358128320001e-05,,-4.446174207017739,-4.644863131020466,2005,Pre-fire
2005-06-10,,2.5649276877600008e-05,-1.0146005516799996e-05,,-4.590924874314151,-4.9937049058748,2005,Pre-fire
2005-06-11,,2.0816804422400004e-05,-4.8324724552000036e-06,,-4.681585938045206,-5.31583061274457,2005,Pre-fire
2005-06-12,,1.7853908414800004e-05,-2.9628960076000005e-06,,-4.748266697356994,-5.528283591219256,2005,Pre-fire
2005-06-13,,1.64325929868e-05,-1.4213154280000024e-06,,-4.784293901506754,-5.847309529786824,2005,Pre-fire
2005-06-14,,1.5208075079600002e-05,-1.2245179071999994e-06,,-4.8179257521016154,-5.91203485942348,2005,Pre-fire
2005-06-15,,1.38742252164e-05,-1.3338498632000022e-06,,-4.857791259998957,-5.874893051418913,2005,Pre-fire
2005-06-18,,1.69136535932e-05,-1.5306473839999985e-06,,-4.771762568394294,-5.815124846415424,2005,Pre-fire
2005-06-19,,1.4989411167600005e-05,-1.924242425599996e-06,,-4.824215427304149,-5.715740214279513,2005,Pre-fire
2005-06-20,,1.34259641968e-05,-1.563446970800004e-06,,-4.872054515288513,-5.805916844628599,2005,Pre-fire
2005-06-21,,1.2113980724800004e-05,-1.3119834719999963e-06,,-4.9167131217012505,-5.882071636046038,2005,Pre-fire
2005-06-22,,1.1643853314000005e-05,-4.701274107999998e-07,,-4.933903274318905,-6.327784426514075,2005,Pre-fire
2005-06-23,,1.08129304484e-05,-8.309228656000053e-07,,-4.966056590496482,-6.080439289812867,2005,Pre-fire
2005-06-24,,1.0178805103600002e-05,-6.341253447999972e-07,,-4.992303201112319,-6.197824888530726,2005,Pre-fire
2005-06-25,,9.7414772796e-06,-4.373278240000027e-07,,-5.011375178056787,-6.359192890765697,2005,Pre-fire
2005-06-26,,9.326015846800004e-06,-4.1546143279999503e-07,,-5.030303850926138,-6.381469285476856,2005,Pre-fire
2005-06-28,,9.1729511084e-06,-2.951962812000011e-07,,-5.037490921264961,-6.5298891179346725,2005,Pre-fire
2005-06-29,,8.374827829600002e-06,-7.98123278799998e-07,,-5.077024112461058,-6.097930021973207,2005,Pre-fire
2005-06-30,,7.926566810000001e-06,-4.482610196000006e-07,,-5.100914875522668,-6.348469025373926,2005,Pre-fire
2005-07-01,,7.6095041376000015e-06,-3.1706267239999946e-07,,-5.118643642483099,-6.4988548841947065,2005,Pre-fire
2005-07-02,,7.183109509200001e-06,-4.2639462840000056e-07,,-5.143687512533881,-6.370188275067162,2005,Pre-fire
2005-07-04,,6.559917360000001e-06,-3.3892906360000036e-07,,-5.183101631710018,-6.469891188259389,2005,Pre-fire
2005-07-11,,6.0788567536000005e-06,-1.1042527556000004e-06,,-5.216178090511605,-5.956931508311019,2005,Pre-fire
2005-07-12,,5.641528929600001e-06,-4.373278239999993e-07,,-5.24860318046645,-6.3591928907657,2005,Pre-fire
2005-07-13,2005-07-14,5.458397903300001e-06,-3.170626724000003e-07,Aggregated,-5.262934808550922,-6.498854884194706,2005,Pre-fire
2005-07-15,2005-07-16,5.1304020353e-06,-4.045282372000005e-07,Aggregated,-5.289848600800278,-6.393051158026666,2005,Pre-fire
2005-07-17,2005-07-18,4.6958075102e-06,-4.1546143279999927e-07,Aggregated,-5.3282897139264005,-6.381469285476852,2005,Pre-fire
2005-07-19,2005-07-20,4.3678116422e-06,-3.2799586800000076e-07,Aggregated,-5.359736098443651,-6.484131627373999,2005,Pre-fire
2005-07-23,,3.6298209392e-06,-7.215909096000008e-07,,-5.440114798389626,-6.141708946551793,2005,Pre-fire
2005-07-24,2005-07-25,3.3810907393e-06,-4.2639462840000014e-07,Aggregated,-5.470943173792503,-6.370188275067163,2005,Pre-fire
2005-07-26,2005-07-27,2.9683626054000003e-06,-3.935950415999988e-07,Aggregated,-5.527483048168796,-6.404950381326376,2005,Pre-fire
2005-08-02,2005-08-03,3.3537577503000002e-06,-3.3892906360000036e-07,Aggregated,-5.47446831069462,-6.469891188259389,2005,Pre-fire
2005-08-04,2005-08-05,2.9492295131e-06,-2.9519628120000026e-07,Aggregated,-5.530291428738713,-6.529889117934674,2005,Pre-fire
2005-08-12,2005-08-14,2.487301999000001e-06,-1.7493112959999998e-07,Aggregated,-5.604271481100531,-6.757132899437737,2005,Pre-fire
2005-08-21,,1.6290461444000002e-06,-6.669249315999996e-07,,-5.788066613681388,-6.175923047082895,2005,Pre-fire
2005-08-19,2005-08-20,2.4791021023000003e-06,-3.170626724000003e-07,Aggregated,-5.605705586361529,-6.498854884194706,2005,Pre-fire
2005-08-23,2005-08-25,1.5142475906000003e-06,-1.749311296000002e-07,Aggregated,-5.819803108693194,-6.757132899437736,2005,Pre-fire
2006-04-17,,5.3397727310400014e-05,-2.69940599364e-05,,-4.272477226820817,-4.56873179216173,2006,Pre-fire
2006-04-18,,4.307679066400001e-05,-1.0320936646400004e-05,,-4.3657566602680875,-4.986280887795592,2006,Pre-fire
2006-04-19,,3.56750172428e-05,-7.401773421200008e-06,,-4.447635808305787,-5.130664213408517,2006,Pre-fire
2006-04-20,,2.82295110392e-05,-7.445506203600003e-06,,-4.5492966441632605,-5.128105770180876,2006,Pre-fire
2006-04-21,,2.29269111732e-05,-5.302599866e-06,,-4.639654451628318,-5.275511143491398,2006,Pre-fire
2006-04-22,,2.0445075772000004e-05,-2.4818354011999943e-06,,-4.689411275557163,-5.60522702490054,2006,Pre-fire
2006-04-23,,1.7788309241200003e-05,-2.6567665308000015e-06,,-4.749865329156803,-5.575646608495349,2006,Pre-fire
2006-04-24,,1.6640323703200004e-05,-1.1479855379999988e-06,,-4.778838229659107,-5.940063583023724,2006,Pre-fire
2006-04-25,,1.6071797532e-05,-5.68526171200003e-07,,-4.793935547345486,-6.24524953845886,2006,Pre-fire
2006-04-26,,1.4923811994000002e-05,-1.1479855379999988e-06,,-4.826120230716887,-5.940063583023724,2006,Pre-fire
2006-04-27,,1.4322486236000004e-05,-6.013257579999984e-07,,-4.843981586437898,-6.220890192599419,2006,Pre-fire
2006-04-28,,1.3436897392400004e-05,-8.855888435999999e-07,,-4.871700999207207,-6.052767863215012,2006,Pre-fire
2006-04-29,,1.2343577832400004e-05,-1.0933195599999991e-06,,-4.908558940168693,-5.961252882093662,2006,Pre-fire
2006-04-30,,1.1501721771200005e-05,-8.418560611999998e-07,,-4.939237142275942,-6.07476215692118,2006,Pre-fire
2006-05-01,,1.0550533754e-05,-9.511880172000043e-07,,-4.9767255687498695,-6.021733629475041,2006,Pre-fire
2006-05-02,,1.0069473147600004e-05,-4.81060606399996e-07,,-4.9969932518968125,-6.317800205607478,2006,Pre-fire
2006-05-04,,9.074552348000002e-06,-7.434573008e-07,,-5.0421747897175875,-6.1287439693874255,2006,Pre-fire
2006-05-05,2006-05-06,8.872288229400002e-06,-3.06129476799999e-07,Aggregated,-5.051964357931411,-6.514094850751444,2006,Pre-fire
2006-05-08,,8.866821631600002e-06,-6.559917359999981e-07,,-5.052232027882505,-6.183101631710019,2006,Pre-fire
2006-05-09,,7.7516356804e-06,-1.1151859512000017e-06,,-5.110606646910595,-5.952652710331743,2006,Pre-fire
2006-05-10,,7.2159090960000015e-06,-5.357265843999991e-07,,-5.141708946551793,-6.271056802065149,2006,Pre-fire
2006-05-11,,6.789514467600001e-06,-4.2639462840000056e-07,,-5.168161281917081,-6.370188275067162,2006,Pre-fire
2006-05-29,,1.5721935272800003e-05,-8.090564744e-06,,-4.8034939960467975,-5.092021162362686,2006,Pre-fire
2006-05-30,,1.07363980792e-05,-4.985537193600003e-06,,-4.969141394306712,-5.302288039429227,2006,Pre-fire
2006-05-31,,8.899621218400001e-06,-1.8367768607999992e-06,,-5.0506284772044605,-5.735943600367799,2006,Pre-fire
2006-06-05,,1.5907799598000003e-05,-3.1378271371999975e-06,,-4.798389888771736,-5.50337098535967,2006,Pre-fire
2006-06-06,,1.1589187336000005e-05,-4.3186122619999986e-06,,-4.935947016828892,-5.3646557864672015,2006,Pre-fire
2006-06-07,,8.560692154800002e-06,-3.028495181200003e-06,,-5.067491120035719,-5.518773113029213,2006,Pre-fire
2006-06-08,,7.019111575200002e-06,-1.5415805795999998e-06,,-5.1537178540248085,-5.8120337694382815,2006,Pre-fire
2006-06-09,,6.461518599600001e-06,-5.575929756000009e-07,,-5.189665401212406,-6.2536827059957245,2006,Pre-fire
2006-06-10,,5.9804579932000016e-06,-4.810606063999994e-07,,-5.223265555760231,-6.317800205607475,2006,Pre-fire
2006-06-11,,5.521263778000001e-06,-4.591942152000002e-07,,-5.257961503975,-6.338003591695761,2006,Pre-fire
2006-06-13,,6.581783751200001e-06,-3.8266184600000046e-07,,-5.181656390835837,-6.4171848377433856,2006,Pre-fire
2006-06-14,,5.696194907600001e-06,-8.855888435999999e-07,,-5.244415158794137,-6.052767863215012,2006,Pre-fire
2006-06-15,,5.040203171600001e-06,-6.559917359999998e-07,,-5.297551956704013,-6.183101631710018,2006,Pre-fire
2006-06-17,,5.586862951600001e-06,-3.170626724000003e-07,,-5.252831981958949,-6.498854884194706,2006,Pre-fire
2006-06-18,,4.909004824400001e-06,-6.778581271999999e-07,,-5.309006541090339,-6.168861192595408,2006,Pre-fire
2006-06-19,,4.5810089564e-06,-3.2799586800000076e-07,,-5.339038859127366,-6.484131627373999,2006,Pre-fire
2006-06-23,,3.9031508292e-06,-3.935950416000009e-07,,-5.4085846659814685,-6.4049503813263735,2006,Pre-fire
2006-06-24,,3.5204889832000005e-06,-3.826618459999996e-07,,-5.453397010397831,-6.417184837743386,2006,Pre-fire
2006-06-26,,2.9300964208000004e-06,-3.9359504160000006e-07,,-5.533118088064873,-6.404950381326374,2006,Pre-fire
2006-06-30,,4.5700757608e-06,-3.990616394000001e-06,,-5.340076600318627,-5.398960017637187,2006,Pre-fire
2006-07-01,,3.8375516556e-06,-7.325241052000004e-07,,-5.415945765627837,-6.135178079392835,2006,Pre-fire
2006-07-02,,3.3564910492e-06,-4.810606063999998e-07,,-5.474114506616475,-6.317800205607474,2006,Pre-fire
2006-07-03,2006-07-04,3.1624268273000004e-06,-3.170626723999999e-07,Aggregated,-5.499979514469874,-6.498854884194706,2006,Pre-fire
2006-07-07,,2.941029616400001e-06,-3.6079545479999957e-07,,-5.531500602091254,-6.442738942215775,2006,Pre-fire
2006-07-08,,2.623966944000001e-06,-3.170626723999999e-07,,-5.581041640382056,-6.498854884194706,2006,Pre-fire
2006-07-13,,2.569300966e-06,-3.061294768000007e-07,,-5.590185019821925,-6.514094850751442,2006,Pre-fire
2006-07-14,,2.2741046848e-06,-2.9519628119999984e-07,,-5.6431895471309,-6.529889117934674,2006,Pre-fire
2006-07-19,2006-07-21,2.0007747948000004e-06,-1.9679752080000003e-07,Aggregated,-5.698801792363232,-6.705980376990356,2006,Pre-fire
2006-07-23,2006-07-24,1.5907799598000003e-06,-3.935950416000003e-07,Aggregated,-5.798389888771736,-6.404950381326374,2006,Pre-fire
2006-08-09,,1.2245179072e-06,-2.9519628119999984e-07,,-5.91203485942348,-6.529889117934674,2006,Pre-fire
2006-08-10,2006-08-14,1.0769197666000002e-06,-8.473226589999998e-08,Aggregated,-5.96781665159605,-7.0719511795873515,2006,Pre-fire
2007-04-13,,4.5952221106800014e-05,-9.183884303999937e-07,,-4.337693492088224,-6.036973596031783,2007,Pre-fire
2007-04-14,,3.812405305720001e-05,-7.828168049600006e-06,,-4.4188009347176855,-5.106339859785805,2007,Pre-fire
2007-04-15,,3.36523760568e-05,-4.4716770004000065e-06,,-4.472984266598202,-5.349529574086319,2007,Pre-fire
2007-04-16,,2.65457989168e-05,-7.106577140000002e-06,,-4.576004199690442,-5.148339525450806,2007,Pre-fire
2007-04-23,,3.74024621476e-05,-5.925792015200008e-06,,-4.427099807908599,-5.227253595555275,2007,Pre-fire
2007-04-24,,2.997882233520001e-05,-7.4236398123999905e-06,,-4.523185431640168,-5.129383107813161,2007,Pre-fire
2007-04-25,,2.4534090926400004e-05,-5.444731408800005e-06,,-4.6102300295095375,-5.264023539333944,2007,Pre-fire
2007-04-26,,2.1090134312400004e-05,-3.443956614e-06,,-4.675920654449778,-5.462942328304061,2007,Pre-fire
2007-04-27,,1.8903495192400003e-05,-2.1866391200000017e-06,,-4.723457888819739,-5.66022288642968,2007,Pre-fire
2007-04-28,,1.7547778938e-05,-1.3557162544000014e-06,,-4.755777845352771,-5.8678311969314265,2007,Pre-fire
2007-04-29,,1.6596590920800002e-05,-9.511880171999992e-07,,-4.7799811105342,-6.021733629475044,2007,Pre-fire
2007-04-30,,1.5568870534400002e-05,-1.0277203863999998e-06,,-4.807742892792824,-5.988125028493963,2007,Pre-fire
2007-05-01,,1.4584882930400004e-05,-9.83987603999998e-07,,-4.836097052513131,-6.007010372654338,2007,Pre-fire
2007-05-04,,2.1483729354000004e-05,-3.3346246580000005e-06,,-4.667890327382216,-5.476953042746876,2007,Pre-fire
2007-05-05,,1.86738980848e-05,-2.8098312692000027e-06,,-4.7287650157406755,-5.551319758762367,2007,Pre-fire
2007-05-06,,1.6848054419600003e-05,-1.8258436651999979e-06,,-4.773450243375242,-5.738536410946079,2007,Pre-fire
2007-05-07,,1.5525137752e-05,-1.3229166676000026e-06,,-4.808964537710605,-5.8784675117772105,2007,Pre-fire
2007-05-08,,1.46395489084e-05,-8.855888435999999e-07,,-4.834472305081653,-6.052767863215012,2007,Pre-fire
2007-05-09,,1.3327565436400002e-05,-1.311983471999998e-06,,-4.87524917647528,-5.882071636046038,2007,Pre-fire
2007-05-10,,1.2518508962e-05,-8.090564744000027e-07,,-4.902447395417755,-6.092021162362684,2007,Pre-fire
2007-05-11,,1.1873450421600005e-05,-6.450585403999951e-07,,-4.925423056840834,-6.190400870451521,2007,Pre-fire
2007-05-12,,1.13595902284e-05,-5.13860193200005e-07,,-4.944637334536484,-6.28915502415794,2007,Pre-fire
2007-05-13,,1.09659951868e-05,-3.935950415999992e-07,,-4.959951949073243,-6.404950381326375,2007,Pre-fire
2007-05-14,,1.0320936646400002e-05,-6.450585403999985e-07,,-4.986280887795592,-6.190400870451518,2007,Pre-fire
2007-05-15,,9.326015846800004e-06,-9.949207995999976e-07,,-5.030303850926138,-6.002211489772569,2007,Pre-fire
2007-05-16,,8.145230722000002e-06,-1.1807851248000027e-06,,-5.0890966093453684,-5.927829126606711,2007,Pre-fire
2007-05-17,,7.65323692e-06,-4.919938020000007e-07,,-5.116154842079405,-6.308040368318317,2007,Pre-fire
2007-05-18,2007-05-19,7.429106410200002e-06,-4.373278239999993e-07,Aggregated,-5.1290634210251485,-6.3591928907657,2007,Pre-fire
2007-05-22,,7.5329717684e-06,-1.5853133620000016e-06,,-5.123033660186036,-5.799884879858687,2007,Pre-fire
2007-05-23,,6.516184577600001e-06,-1.0167871907999994e-06,,-5.186006622353426,-5.992769933539727,2007,Pre-fire
2007-05-24,,6.1444559272000015e-06,-3.7172865039999917e-07,,-5.2115165665246,-6.429773965051408,2007,Pre-fire
2007-05-28,,5.2698002792e-06,-4.7012741080000067e-07,,-5.2782058438548125,-6.327784426514075,2007,Pre-fire
2007-05-25,2007-05-26,5.964058199800001e-06,-3.0612947679999986e-07,Aggregated,-5.224458127169301,-6.514094850751443,2007,Pre-fire
2007-05-30,,4.909004824400001e-06,-4.3732782400000017e-07,,-5.309006541090339,-6.3591928907657,2007,Pre-fire
2007-05-31,,4.6028753476e-06,-3.061294768000007e-07,,-5.336970786257994,-6.514094850751442,2007,Pre-fire
2007-06-02,,4.0343491764e-06,-5.138601932000008e-07,,-5.3942265159346015,-6.289155024157943,2007,Pre-fire
2007-06-11,,4.64660813e-06,-1.5306473840000002e-06,,-5.3328639520433505,-5.815124846415424,2007,Pre-fire
2007-06-12,,3.728219699600001e-06,-9.183884303999992e-07,,-5.428498503101164,-6.03697359603178,2007,Pre-fire
2007-06-13,,3.2580922888000003e-06,-4.7012741080000067e-07,,-5.487036618017407,-6.327784426514075,2007,Pre-fire
2007-06-20,,2.7223657044e-06,-3.8266184600000046e-07,,-5.565053534997926,-6.4171848377433856,2007,Pre-fire
2007-06-25,,2.0007747948000004e-06,-3.9359504160000006e-07,,-5.698801792363232,-6.404950381326374,2007,Pre-fire
2007-06-30,,3.3018250712000004e-06,-1.2791838851999996e-06,,-5.481245939136511,-5.8930670203475,2007,Pre-fire
2007-07-01,,2.8207644648000006e-06,-4.810606063999998e-07,,-5.549633176130431,-6.317800205607474,2007,Pre-fire
2007-07-02,2007-07-03,2.582967460500001e-06,-3.826618459999996e-07,Aggregated,-5.587881064912361,-6.417184837743386,2007,Pre-fire
2007-07-04,2007-07-07,2.2440383969000004e-06,-1.129763545333336e-07,Aggregated,-5.648969716302183,-6.947012442979051,2007,Pre-fire
2007-07-08,2007-07-11,1.9652419091000004e-06,-9.839876039999995e-08,Aggregated,-5.706583983038741,-7.007010372654337,2007,Pre-fire
2007-07-22,,1.6509125356000002e-06,-3.607954548000002e-07,,-5.782275934800492,-6.442738942215774,2007,Pre-fire
2007-07-23,2007-07-24,1.4322486236e-06,-4.1546143280000033e-07,Aggregated,-5.843981586437898,-6.381469285476851,2007,Pre-fire
2007-07-25,2007-08-01,1.0741864677e-06,-4.9980322742857105e-08,Aggregated,-5.968920323046198,-7.301200943788013,2007,Pre-fire
2007-08-21,,1.2682506896000002e-06,-1.5197141884000003e-06,,-5.896794892866743,-5.818238081839566,2007,Pre-fire
2007-08-22,,9.183884304e-07,-3.498622592000002e-07,,-6.03697359603178,-6.456102903773756,2007,Pre-fire
2007-08-23,2007-08-29,7.161243118000002e-07,-5.6488177266666654e-08,Aggregated,-6.145011582101879,-7.248042438643033,2007,Pre-fire
2008-06-12,,2.2883178390800003e-05,-7.0628443576e-06,,-4.640483653754975,-5.151020364098578,2008,Pre-fire
2008-06-13,,1.8160037891600003e-05,-4.723140499200001e-06,,-4.740883249642267,-5.325769135278749,2008,Pre-fire
2008-06-14,,1.5273674253200003e-05,-2.8863636384e-06,,-4.8160564759794795,-5.53964895522383,2008,Pre-fire
2008-06-15,,1.29449035904e-05,-2.3287706628000033e-06,,-4.887901179706761,-5.632873278654923,2008,Pre-fire
2008-06-16,,1.0419335406800002e-05,-2.525568183599998e-06,,-4.982159981455335,-5.597640902201518,2008,Pre-fire
2008-06-17,,8.287362264800001e-06,-2.1319731420000003e-06,,-5.081583676461608,-5.671218270731144,2008,Pre-fire
2008-06-18,,7.882834027600001e-06,-4.045282372000005e-07,,-5.103317617374232,-6.393051158026666,2008,Pre-fire
2008-06-19,,7.5767045508e-06,-3.061294768000007e-07,,-5.120519647481855,-6.514094850751442,2008,Pre-fire
2008-06-20,,7.204975900400002e-06,-3.717286503999983e-07,,-5.142367467499652,-6.4297739650514085,2008,Pre-fire
2008-06-22,,6.341253448000001e-06,-8.965220392000004e-07,,-5.197824888530724,-6.0474390297099445,2008,Pre-fire
2008-06-23,,5.739927690000001e-06,-6.013257580000001e-07,,-5.241093578687705,-6.220890192599418,2008,Pre-fire
2008-06-24,,5.433798213200001e-06,-3.0612947679999986e-07,,-5.26489649336033,-6.514094850751443,2008,Pre-fire
2008-06-25,,4.9636708024000005e-06,-4.7012741080000067e-07,,-5.3041970292365574,-6.327784426514075,2008,Pre-fire
2008-06-28,,3.957816807200001e-06,-7.434573008e-07,,-5.402544311560496,-6.1287439693874255,2008,Pre-fire
2008-07-08,,2.8644972472000003e-06,-2.9519628119999984e-07,,-5.542951590773916,-6.529889117934674,2008,Pre-fire
2008-07-03,2008-07-05,3.7555526886000004e-06,-2.1866391199999987e-07,Aggregated,-5.425326140698092,-6.660222886429681,2008,Pre-fire
2008-07-06,2008-07-07,3.3291580602000003e-06,-4.1546143280000054e-07,Aggregated,-5.477665585124767,-6.381469285476851,2008,Pre-fire
2008-07-10,2008-07-11,3.673553721600001e-06,-4.1546143279999927e-07,Aggregated,-5.434913604703818,-6.381469285476852,2008,Pre-fire
2008-07-15,2008-07-17,3.001162192200001e-06,-1.530647383999995e-07,Aggregated,-5.522710533307551,-6.815124846415425,2008,Pre-fire
2008-07-23,2008-07-24,2.7360321989000007e-06,-3.6079545479999957e-07,Aggregated,-5.562878795942305,-6.442738942215775,2008,Pre-fire
2008-07-25,2008-07-26,2.3807033419000005e-06,-2.9519628119999984e-07,Aggregated,-5.623294718413961,-6.529889117934674,2008,Pre-fire
2008-07-31,,1.8805096432e-06,-3.2799586800000055e-07,,-5.7257244351861125,-6.484131627373999,2008,Pre-fire
2008-08-12,2008-08-14,1.229984505e-06,-1.5853133620000016e-07,Aggregated,-5.910100359646281,-6.799884879858687,2008,Pre-fire
2008-08-21,,2.6786329220000003e-06,-3.4876893963999996e-06,,-5.5720867977291295,-5.45746219903648,2008,Pre-fire
2008-08-22,,1.8258436652e-06,-8.527892568000003e-07,,-5.738536410946079,-6.069158279403181,2008,Pre-fire
2008-08-23,,1.5197141884e-06,-3.061294768000001e-07,,-5.818238081839566,-6.514094850751443,2008,Pre-fire
2008-08-28,2008-08-29,1.4568483137000003e-06,-2.9519628119999984e-07,Aggregated,-5.836585664395052,-6.529889117934674,2008,Pre-fire
2008-09-02,2008-09-06,1.0605199732000001e-06,-9.566546150000001e-08,Aggregated,-5.974481147827417,-7.019244829071348,2008,Pre-fire
2009-05-15,,5.281826794360001e-05,-2.6141270679600003e-05,,-4.2772158446071415,-4.582673305977887,2009,Pre-fire
2009-05-16,,3.90205750964e-05,-1.3797692847200006e-05,,-4.408706334138001,-4.860193527185546,2009,Pre-fire
2009-05-17,,3.0022555117600004e-05,-8.998019978799998e-06,,-4.522552349192925,-5.045853046881392,2009,Pre-fire
2009-05-18,,2.4741821642800004e-05,-5.280733474800001e-06,,-4.606568328138933,-5.2773057513421495,2009,Pre-fire
2009-05-19,,2.1177599877200005e-05,-3.564221765599999e-06,,-4.674123261374551,-5.448035282025723,2009,Pre-fire
2009-05-20,,1.85426997376e-05,-2.6349001396000057e-06,,-4.731827034172967,-5.579235839518792,2009,Pre-fire
2009-05-21,,1.7318181830400003e-05,-1.224517907199996e-06,,-4.761497704840187,-5.912034859423482,2009,Pre-fire
2009-05-22,,1.6148329901200005e-05,-1.169851929199998e-06,,-4.791872386781712,-5.931869104408452,2009,Pre-fire
2009-05-23,,1.5339273426800004e-05,-8.09056474400001e-07,,-4.814195211065302,-6.092021162362685,2009,Pre-fire
2009-05-25,,1.4563016539200003e-05,-5.575929755999983e-07,,-4.836748657259379,-6.253682705995726,2009,Pre-fire
2009-05-26,,1.42459538668e-05,-3.170626724000037e-07,,-4.846308466381077,-6.4988548841947,2009,Pre-fire
2009-05-27,,1.3622761717600002e-05,-6.231921491999976e-07,,-4.865734839770511,-6.205378026421172,2009,Pre-fire
2009-05-28,,1.3229166676000004e-05,-3.935950415999975e-07,,-4.878467511777211,-6.404950381326377,2009,Pre-fire
2009-05-29,,1.2748106069600002e-05,-4.810606064000028e-07,,-4.894554331670666,-6.317800205607472,2009,Pre-fire
2009-05-30,,1.14907885756e-05,-1.2573174940000016e-06,,-4.9396501660654195,-5.900555041740049,2009,Pre-fire
2009-06-05,,9.9710743872e-06,-2.044507577200005e-06,,-5.001258043765246,-5.689411275557162,2009,Pre-fire
2009-06-06,,9.2057506952e-06,-7.653236919999992e-07,,-5.035940790594013,-6.116154842079405,2009,Pre-fire
2009-06-07,,8.254562678000001e-06,-9.511880171999992e-07,,-5.083305930464474,-6.021733629475044,2009,Pre-fire
2009-06-08,,7.106577140000002e-06,-1.1479855379999988e-06,,-5.148339525450806,-5.940063583023724,2009,Pre-fire
2009-06-14,,8.385761025200001e-06,-1.8258436652000013e-06,,-5.0764575181446805,-5.738536410946078,2009,Pre-fire
2009-06-15,,6.975378792800002e-06,-1.4103822323999995e-06,,-5.156432203372499,-5.850663171794413,2009,Pre-fire
2009-06-16,,6.3521866436e-06,-6.231921492000019e-07,,-5.1970767497033314,-6.205378026421169,2009,Pre-fire
2009-06-22,,5.0620695628e-06,-8.09056474400001e-07,,-5.295671891075709,-6.092021162362685,2009,Pre-fire
2009-06-23,,4.723140499200001e-06,-3.389290635999995e-07,,-5.325769135278749,-6.46989118825939,2009,Pre-fire
2009-06-27,,3.9250172204e-06,-2.9519628120000026e-07,,-5.406158433515342,-6.529889117934674,2009,Pre-fire
2009-06-24,2009-06-25,4.482610196e-06,-4.591942152000002e-07,Aggregated,-5.348469025373927,-6.338003591695761,2009,Pre-fire
2009-06-28,2009-06-30,3.7008867106000003e-06,-1.6946453179999976e-07,Aggregated,-5.431694209072498,-6.770921183923371,2009,Pre-fire
2009-07-06,,2.962896007600001e-06,-4.0452823719999967e-07,,-5.528283591219256,-6.393051158026667,2009,Pre-fire
2009-07-04,2009-07-05,3.5614884667000007e-06,-3.170626724000003e-07,Aggregated,-5.448368457709039,-6.498854884194706,2009,Pre-fire
2009-07-07,2009-07-11,2.8644972472e-06,-1.0113205930000013e-07,Aggregated,-5.542951590773916,-6.995111149354629,2009,Pre-fire
2009-07-14,,2.4490358144e-06,-4.7012741080000067e-07,,-5.611004863759499,-6.327784426514075,2009,Pre-fire
2009-07-15,2009-07-16,2.2604381903000007e-06,-3.607954548e-07,Aggregated,-5.6458073638690776,-6.442738942215774,2009,Pre-fire
2009-07-17,2009-07-20,1.8805096432000001e-06,-1.1662075306666665e-07,Aggregated,-5.7257244351861125,-6.933224158493418,2009,Pre-fire
2009-07-21,2009-07-24,1.5251807862000004e-06,-1.0204315893333343e-07,Aggregated,-5.816678674484045,-6.991216105471104,2009,Pre-fire
2009-07-25,2009-07-28,1.2709839885000003e-06,-9.839876039999995e-08,Aggregated,-5.89585992053167,-7.007010372654337,2009,Pre-fire
2009-08-08,,1.7602444916000005e-06,-5.903925623999999e-07,,-5.754427006061812,-6.228859122270693,2009,Pre-fire
2009-08-09,,1.4103822324000003e-06,-3.498622592000002e-07,,-5.850663171794412,-6.456102903773756,2009,Pre-fire
2009-08-10,2009-08-11,1.2272512061000002e-06,-3.607954548000002e-07,Aggregated,-5.9110665324183005,-6.442738942215774,2009,Pre-fire
2009-08-15,2009-08-19,9.457214194000002e-07,-7.653236919999994e-08,Aggregated,-6.024236774628847,-7.116154842079405,2009,Pre-fire
2010-06-05,,0.0001581158747672,-0.00018057265852960004,,-3.8010245248958032,-3.7433480078909973,2010,Pre-fire
2010-06-06,,8.113524454760001e-05,-7.698063021959997e-05,,-4.090790450504742,-4.113618537775407,2010,Pre-fire
2010-06-07,,6.044963847240001e-05,-2.0685606075200006e-05,,-4.218606292154925,-4.684331750027888,2010,Pre-fire
2010-06-08,,4.6925275515200005e-05,-1.3524362957200002e-05,,-4.328593168799748,-4.868883182464541,2010,Pre-fire
2010-06-11,,5.871126037200001e-05,-3.9468836115999986e-06,,-4.231278596394106,-5.403745680188004,2010,Pre-fire
2010-06-12,,4.656448006040001e-05,-1.2146780311599998e-05,,-4.331945242019913,-4.915538823152795,2010,Pre-fire
2010-06-13,,3.672460402040001e-05,-9.83987604e-06,,-4.4350428782519975,-5.007010372654337,2010,Pre-fire
2010-06-14,,3.0241219029600003e-05,-6.483384990800008e-06,,-4.51940070632037,-5.188198188729398,2010,Pre-fire
2010-06-15,,2.6600464894800004e-05,-3.6407541347999995e-06,,-4.5751107731628435,-5.438808648587342,2010,Pre-fire
2010-06-16,,2.4184228667200003e-05,-2.4162362276e-06,,-4.616467759461001,-5.616860608408551,2010,Pre-fire
2010-06-17,,2.1658660483600004e-05,-2.5255681835999995e-06,,-4.6643684065551145,-5.597640902201517,2010,Pre-fire
2010-06-18,,1.940642219e-05,-2.2522382936000027e-06,,-4.712054524702549,-5.647385661724508,2010,Pre-fire
2010-06-19,,1.78648416104e-05,-1.5415805796000015e-06,,-4.748000829897265,-5.8120337694382815,2010,Pre-fire
2010-06-20,,1.6694989681200002e-05,-1.169851929199998e-06,,-4.77741384503724,-5.931869104408452,2010,Pre-fire
2010-06-21,,1.5197141884000002e-05,-1.4978477971999997e-06,,-4.818238081839566,-5.824532314937255,2010,Pre-fire
2010-06-22,,1.3885158412e-05,-1.3119834720000013e-06,,-4.857449161137705,-5.882071636046036,2010,Pre-fire
2010-06-23,,1.3010502764000002e-05,-8.746556479999986e-07,,-4.885705920701131,-6.058162895101719,2010,Pre-fire
2010-06-24,,1.2321711441200002e-05,-6.887913228000003e-07,,-4.909328966047555,-6.16191233264008,2010,Pre-fire
2010-06-25,,1.1829717639200005e-05,-4.919938019999973e-07,,-4.927025621323111,-6.308040368318321,2010,Pre-fire
2010-06-26,,1.12283918812e-05,-6.013257580000052e-07,,-4.949682438496383,-6.2208901925994144,2010,Pre-fire
2010-06-27,,1.0780130861600002e-05,-4.4826101959999723e-07,,-4.96737596715245,-6.348469025373929,2010,Pre-fire
2010-06-28,,1.0222537886000002e-05,-5.575929756e-07,,-4.990441271221144,-6.253682705995725,2010,Pre-fire
2010-06-30,,9.282283064400002e-06,-6.997245183999999e-07,,-5.032345191849709,-6.155072908109775,2010,Pre-fire
2010-07-03,,8.899621218400001e-06,-9.402548215999996e-07,,-5.0506284772044605,-6.026754430850094,2010,Pre-fire
2010-07-04,,8.243629482400001e-06,-6.559917359999998e-07,,-5.083881536223887,-6.183101631710018,2010,Pre-fire
2010-07-05,,7.9484332012e-06,-2.951962812000011e-07,,-5.099718471234624,-6.5298891179346725,2010,Pre-fire
2010-07-06,,7.6313705288e-06,-3.170626724000003e-07,,-5.1173974594705,-6.498854884194706,2010,Pre-fire
2010-07-07,,7.194042704800001e-06,-4.3732782399999847e-07,,-5.143026988479706,-6.3591928907657005,2010,Pre-fire
2010-07-09,,6.581783751200001e-06,-3.279958679999999e-07,,-5.181656390835837,-6.4841316273739995,2010,Pre-fire
2010-07-10,,6.253787883200001e-06,-3.279958679999999e-07,,-5.203856853300637,-6.4841316273739995,2010,Pre-fire
2010-07-11,2010-07-12,6.076123454700001e-06,-3.6079545479999957e-07,Aggregated,-5.216373410722634,-6.442738942215775,2010,Pre-fire
2010-07-13,2010-07-14,5.685261712000001e-06,-4.591942152000002e-07,Aggregated,-5.245249538458863,-6.338003591695761,2010,Pre-fire
2010-07-15,2010-07-16,5.185068013300001e-06,-4.7012741080000067e-07,Aggregated,-5.285245542532961,-6.327784426514075,2010,Pre-fire
2010-07-17,2010-07-18,4.7422735915e-06,-3.8266184600000046e-07,Aggregated,-5.324013394294732,-6.4171848377433856,2010,Pre-fire
2010-07-19,2010-07-21,4.4115444246e-06,-1.7493112959999956e-07,Aggregated,-5.355409343035572,-6.757132899437738,2010,Pre-fire
2010-07-22,2010-07-23,4.020682681900001e-06,-4.2639462840000014e-07,Aggregated,-5.395700200694094,-6.370188275067163,2010,Pre-fire
2010-07-24,2010-07-25,3.5888214557000006e-06,-3.607954548e-07,Aggregated,-5.445048147332145,-6.442738942215774,2010,Pre-fire
2010-08-01,2010-08-03,2.8043646714000004e-06,-1.9679752080000003e-07,Aggregated,-5.552165512645827,-6.705980376990356,2010,Pre-fire
2010-08-07,2010-08-11,2.1647727288000004e-06,-9.01988637e-08,Aggregated,-5.66458769183213,-7.044798933543737,2010,Pre-fire
2010-08-12,2010-08-14,1.8367768608000004e-06,-2.1319731420000007e-07,Aggregated,-5.735943600367799,-6.671218270731144,2010,Pre-fire
2010-08-19,2010-08-20,1.5470471774e-06,-3.061294768000003e-07,Aggregated,-5.810496442233353,-6.514094850751442,2010,Pre-fire
2010-08-21,2010-08-24,1.2573174940000002e-06,-1.1662075306666659e-07,Aggregated,-5.90055504174005,-6.933224158493418,2010,Pre-fire
2011-06-03,,4.418104341960001e-05,-4.438877413600001e-06,,-4.354764031651014,-5.352726848516467,2011,Pre-fire
2011-06-04,,3.39913051204e-05,-1.0189738299200008e-05,,-4.46863216005047,-4.99183696973968,2011,Pre-fire
2011-06-05,,2.67753960244e-05,-7.2159090960000015e-06,,-4.572264096968947,-5.141708946551793,2011,Pre-fire
2011-06-06,,2.235838500200001e-05,-4.417011022399992e-06,,-4.650559569750301,-5.354871516983057,2011,Pre-fire
2011-06-07,,1.8706697671600006e-05,-3.6516873304000025e-06,,-4.728002872552561,-5.437506415282097,2011,Pre-fire
2011-06-08,,1.69136535932e-05,-1.7930440784000058e-06,,-4.771762568394294,-5.746409034045962,2011,Pre-fire
2011-06-09,,1.5798467642000004e-05,-1.1151859511999967e-06,,-4.801385035001095,-5.952652710331746,2011,Pre-fire
2011-06-10,,1.4825413233600004e-05,-9.730544084000001e-07,,-4.828993192562617,-6.011862875448749,2011,Pre-fire
2011-06-11,,1.4125688715200004e-05,-6.997245183999999e-07,,-4.849990368434597,-6.155072908109775,2011,Pre-fire
2011-06-14,,1.2693440091600002e-05,-1.3557162543999998e-06,,-4.896420662355088,-5.8678311969314265,2011,Pre-fire
2011-06-15,,1.2234245876400002e-05,-4.591942152000002e-07,,-4.912422795565312,-6.338003591695761,2011,Pre-fire
2011-06-20,,1.1589187336000005e-05,-1.0277203863999948e-06,,-4.935947016828892,-5.9881250284939656,2011,Pre-fire
2011-06-21,,1.0769197666000002e-05,-8.199896700000023e-07,,-4.96781665159605,-6.08619161870196,2011,Pre-fire
2011-06-22,,1.0320936646400002e-05,-4.482610196000006e-07,,-4.986280887795592,-6.348469025373926,2011,Pre-fire
2011-06-25,,9.3150826512e-06,-5.466597800000021e-07,,-5.0308132873269615,-6.262282877757642,2011,Pre-fire
2011-06-27,,8.768422871200003e-06,-5.357265843999991e-07,,-5.057078513809498,-6.271056802065149,2011,Pre-fire
2011-06-23,2011-06-24,1.00749397454e-05,-4.591942152000002e-07,Aggregated,-4.996757542538569,-6.338003591695761,2011,Pre-fire
2011-06-29,,9.632145323600002e-06,-1.9242424256000028e-06,,-5.016276973681614,-5.715740214279512,2011,Pre-fire
2011-06-30,,6.559917360000001e-06,-3.0722279636000008e-06,,-5.183101631710018,-5.512546562188581,2011,Pre-fire
2011-07-05,,5.193267910000001e-06,-3.0612947679999986e-07,,-5.284559272468795,-6.514094850751443,2011,Pre-fire
2011-07-01,2011-07-02,6.300253964500001e-06,-5.138601931999999e-07,Aggregated,-5.200641943695957,-6.289155024157944,2011,Pre-fire
2011-07-03,2011-07-04,5.772727276800001e-06,-5.466597800000004e-07,Aggregated,-5.238618959559849,-6.2622828777576425,2011,Pre-fire
2011-07-06,2011-07-08,5.040203171600001e-06,-1.7493112959999998e-07,Aggregated,-5.297551956704013,-6.757132899437737,2011,Pre-fire
2011-07-09,2011-07-10,4.7149406025e-06,-2.9519628120000026e-07,Aggregated,-5.3265237740123315,-6.529889117934674,2011,Pre-fire
2011-07-13,,4.7340736948e-06,-3.1706267240000116e-07,,-5.3247649857402966,-6.498854884194704,2011,Pre-fire
2011-07-14,,4.307679066400001e-06,-4.263946283999997e-07,,-5.3657566602680875,-6.370188275067163,2011,Pre-fire
2011-07-20,,4.701274108000001e-06,-4.919938020000001e-06,,-5.327784426514075,-5.308040368318318,2011,Pre-fire
2011-07-21,,4.187413914800001e-06,-5.138601931999999e-07,,-5.378054108125039,-6.289155024157944,2011,Pre-fire
2011-07-22,,3.8703512424000005e-06,-3.170626724000003e-07,,-5.412249620067874,-6.498854884194706,2011,Pre-fire
2011-07-23,,3.465823005200001e-06,-4.0452823719999967e-07,,-5.46019361987591,-6.393051158026667,2011,Pre-fire
2011-07-24,2011-07-25,3.2854252778000006e-06,-3.2799586800000076e-07,Aggregated,-5.483408405754903,-6.484131627373999,2011,Pre-fire
2011-07-26,2011-07-28,3.0284951812000007e-06,-1.6399793399999953e-07,Aggregated,-5.518773113029213,-6.785161623037982,2011,Pre-fire
2011-07-29,2011-07-31,2.629433541800001e-06,-1.858643252e-07,Aggregated,-5.580137801383811,-6.730803960715388,2011,Pre-fire
2011-08-04,2011-08-06,2.6185003462000003e-06,-1.5853133619999973e-07,Aggregated,-5.58194736434308,-6.799884879858688,2011,Pre-fire
2011-08-08,,2.1757059244000004e-06,-3.0612947679999944e-07,,-5.662399805683955,-6.514094850751444,2011,Pre-fire
2011-08-16,2011-08-18,1.8641098498e-06,-1.6399793400000006e-07,Aggregated,-5.729528498765145,-6.785161623037981,2011,Pre-fire
2011-08-19,2011-08-21,1.5798467642000005e-06,-1.4759814059999992e-07,Aggregated,-5.801385035001095,-6.830919113598656,2011,Pre-fire
2011-08-31,2011-09-05,1.0085872941000001e-06,-5.903925624000003e-08,Aggregated,-5.996286507262564,-7.228859122270693,2011,Pre-fire
2012-06-27,,1.6880854006400002e-05,-7.161243117999997e-06,,-4.7726055860939445,-5.145011582101879,2012,Pre-fire
2012-06-28,,1.24747761796e-05,-4.406077826800002e-06,,-4.903967237675447,-5.355947835952552,2012,Pre-fire
2012-06-29,,1.0823863644e-05,-1.6509125355999992e-06,,-4.9656176874961115,-5.782275934800492,2012,Pre-fire
2012-06-30,,1.02444042772e-05,-5.794593668000009e-07,,-4.989513291205884,-6.236977012492872,2012,Pre-fire
2012-07-01,,9.3588154336e-06,-8.855888435999999e-07,,-5.028779117416509,-6.052767863215012,2012,Pre-fire
2012-07-02,,8.462293394400002e-06,-8.965220391999978e-07,,-5.0725119214107695,-6.047439029709946,2012,Pre-fire
2012-07-04,,7.543904964e-06,-7.543904964000013e-07,,-5.122403791356406,-6.1224037913564056,2012,Pre-fire
2012-07-05,,7.040977966400001e-06,-5.029269975999986e-07,,-5.15236701473385,-6.298495050412089,2012,Pre-fire
2012-07-06,,6.669249316e-06,-3.7172865040000086e-07,,-5.175923047082895,-6.429773965051406,2012,Pre-fire
2012-07-07,,6.341253448000001e-06,-3.2799586799999907e-07,,-5.197824888530724,-6.484131627374,2012,Pre-fire
2012-07-08,,5.969524797600001e-06,-3.717286504e-07,,-5.224060239388924,-6.429773965051407,2012,Pre-fire
2012-07-09,2012-07-10,5.731727793300001e-06,-4.919938019999999e-07,Aggregated,-5.2417144429562805,-6.308040368318318,2012,Pre-fire
2012-07-11,2012-07-12,5.321732958300001e-06,-3.170626724000003e-07,Aggregated,-5.273946921901592,-6.498854884194706,2012,Pre-fire
2012-07-13,2012-07-15,4.930871215600001e-06,-1.7493112959999998e-07,Aggregated,-5.307076340215701,-6.757132899437737,2012,Pre-fire
2012-07-19,,4.438877413600001e-06,-5.685261712000005e-07,,-5.352726848516467,-6.245249538458863,2012,Pre-fire
2012-07-20,2012-07-21,4.162814224700001e-06,-5.357265844000008e-07,Aggregated,-5.380612970085582,-6.271056802065147,2012,Pre-fire
2012-07-23,2012-07-24,3.7582859875000008e-06,-3.3892906359999994e-07,Aggregated,-5.425010175255343,-6.469891188259389,2012,Pre-fire
2012-07-25,2012-07-26,3.4439566140000008e-06,-3.7172865040000044e-07,Aggregated,-5.462942328304061,-6.429773965051406,2012,Pre-fire
2012-07-27,2012-07-29,3.083161159200001e-06,-1.6946453179999997e-07,Aggregated,-5.5110037737743,-6.77092118392337,2012,Pre-fire
2012-07-30,2012-08-01,2.7114325088000004e-06,-1.858643252e-07,Aggregated,-5.566801201267445,-6.730803960715388,2012,Pre-fire
2012-08-02,2012-08-04,2.4435692166e-06,-1.5853133619999994e-07,Aggregated,-5.611975354625707,-6.799884879858687,2012,Pre-fire
2012-08-10,2012-08-13,1.8859762410000001e-06,-1.1297635453333339e-07,Aggregated,-5.724463782684369,-6.947012442979052,2012,Pre-fire
2012-08-19,2012-08-20,1.5197141884000006e-06,-3.279958680000001e-07,Aggregated,-5.818238081839566,-6.4841316273739995,2012,Pre-fire
2012-08-29,2012-09-03,1.0003873974e-06,-6.122589536000001e-08,Aggregated,-5.999831788027214,-7.213064855087461,2012,Pre-fire
2013-05-28,,6.415599178080001e-05,-1.4169421497599999e-05,,-4.192762776922416,-4.848647880559088,2013,Pre-fire
2013-05-29,,5.496117428120001e-05,-9.194817499599997e-06,,-4.259943996865586,-5.03645688629575,2013,Pre-fire
2013-05-30,,5.089402551800002e-05,-4.067148763199994e-06,,-4.2933331967763,-5.390709942211765,2013,Pre-fire
2013-05-31,,3.34227789492e-05,-1.7471246568800014e-05,,-4.475957443367573,-4.757676107115689,2013,Pre-fire
2013-06-01,,2.29815771512e-05,-1.0441201798000003e-05,,-4.638620170401438,-4.981249510509915,2013,Pre-fire
2013-06-02,,1.81272383048e-05,-4.854338846399999e-06,,-4.741668355879407,-5.313869911979042,2013,Pre-fire
2013-06-03,,1.53502066224e-05,-2.7770316824000005e-06,,-4.813885774299875,-5.556419165473724,2013,Pre-fire
2013-06-04,,1.2955836786000002e-05,-2.3943698363999975e-06,,-4.887534531747539,-5.620808767253544,2013,Pre-fire
2013-06-05,,1.1447055793200002e-05,-1.508780992800001e-06,,-4.941306200414819,-5.821373795692425,2013,Pre-fire
2013-06-06,,1.02881370596e-05,-1.1589187336000018e-06,,-4.987663258666405,-5.935947016828891,2013,Pre-fire
2013-06-07,,9.3588154336e-06,-9.29321626e-07,,-5.028779117416509,-6.031833956379369,2013,Pre-fire
2013-06-09,,8.910554414e-06,-8.199896699999989e-07,,-5.050095273353685,-6.086191618701962,2013,Pre-fire
2013-06-10,,8.582558546e-06,-3.279958679999999e-07,,-5.066383225348409,-6.4841316273739995,2013,Pre-fire
2013-06-11,,7.926566810000001e-06,-6.559917359999998e-07,,-5.100914875522668,-6.183101631710018,2013,Pre-fire
2013-06-12,,5.1823347144e-06,-2.744232095600001e-06,,-5.285474540419576,-5.561579160612624,2013,Pre-fire
2013-06-14,,4.482610196000001e-06,-4.810606063999994e-07,,-5.348469025373926,-6.317800205607475,2013,Pre-fire
2013-06-15,,3.9687500028e-06,-5.138601932000008e-07,,-5.401346257057549,-6.289155024157943,2013,Pre-fire
2013-06-16,,3.4002238316000003e-06,-5.685261712e-07,,-5.468492493066824,-6.245249538458863,2013,Pre-fire
2013-06-17,,2.9519628120000005e-06,-4.4826101959999977e-07,,-5.529889117934674,-6.348469025373927,2013,Pre-fire
2013-06-26,,7.062844357600002e-06,-2.3943698363999975e-06,,-5.151020364098578,-5.620808767253544,2013,Pre-fire
2013-06-27,,5.554063364800001e-06,-1.508780992800001e-06,,-5.255389169809742,-5.821373795692425,2013,Pre-fire
2013-06-28,,5.204201105600001e-06,-3.4986225919999996e-07,,-5.283645929373169,-6.456102903773756,2013,Pre-fire
2013-06-29,,4.6903409124e-06,-5.138601932000008e-07,,-5.328795589908937,-6.289155024157943,2013,Pre-fire
2013-06-30,,4.395144631200001e-06,-2.951962811999994e-07,,-5.357026829009191,-6.529889117934675,2013,Pre-fire
2013-07-01,2013-07-02,4.146414431300001e-06,-4.919938020000007e-07,Aggregated,-5.382327292634893,-6.308040368318317,2013,Pre-fire
2013-07-03,2013-07-04,3.739152895200001e-06,-3.0612947679999944e-07,Aggregated,-5.427226776037527,-6.514094850751444,2013,Pre-fire
2013-07-05,2013-07-08,3.556021868900001e-06,-9.839876040000008e-08,Aggregated,-5.449035576860037,-7.007010372654337,2013,Pre-fire
2013-07-09,2013-07-11,3.0940943548000004e-06,-1.858643252e-07,Aggregated,-5.5094664465693715,-6.730803960715388,2013,Pre-fire
2013-07-12,2013-07-13,2.7988980736000006e-06,-3.0612947679999944e-07,Aggregated,-5.553012916781812,-6.514094850751444,2013,Pre-fire
2013-07-16,2013-07-19,2.2823045815000003e-06,-1.0568755746666691e-07,Aggregated,-5.641626397938022,-6.975976138914367,2013,Pre-fire
2013-07-20,2013-07-23,1.9789084036000003e-06,-9.839876039999995e-08,Aggregated,-5.703574307224478,-7.007010372654337,2013,Pre-fire
2013-08-02,2013-08-03,1.5579803730000004e-06,-3.0612947679999986e-07,Aggregated,-5.807438017749132,-6.514094850751443,2013,Pre-fire
2013-08-10,,1.8805096432e-06,-3.498622592000002e-07,,-5.7257244351861125,-6.456102903773756,2013,Pre-fire
2013-08-11,,1.5197141884e-06,-3.607954548e-07,,-5.818238081839566,-6.442738942215774,2013,Pre-fire
2013-08-12,2013-08-13,1.3065168742e-06,-3.4986225919999975e-07,Aggregated,-5.883884976809505,-6.456102903773756,2013,Pre-fire
2014-05-11,,9.24729683848e-05,-9.50204029596e-05,,-4.03398520128278,-4.0221831321702375,2014,Pre-fire
2014-05-12,,5.113455582120001e-05,-4.13384125636e-05,,-4.291285512185158,-4.383646204731126,2014,Pre-fire
2014-05-13,,3.419903583680001e-05,-1.69355199844e-05,,-4.465986137705851,-4.771201464334456,2014,Pre-fire
2014-05-14,,2.5539944921600005e-05,-8.659090915200003e-06,,-4.5927800436533,-5.062527700504168,2014,Pre-fire
2014-05-15,,1.98546832096e-05,-5.685261712000006e-06,,-4.702137037908596,-5.245249538458862,2014,Pre-fire
2014-05-16,,1.6279528248400003e-05,-3.575154961199995e-06,,-4.788358184341486,-5.446705129433377,2014,Pre-fire
2014-05-17,,1.44646177788e-05,-1.8149104696000034e-06,,-4.8396930379061605,-5.741144794053606,2014,Pre-fire
2014-05-20,,1.8203770674000004e-05,-9.238550281999999e-06,,-4.739838644251323,-5.0343961731439695,2014,Pre-fire
2014-05-21,,1.4081955932800002e-05,-4.121814741200002e-06,,-4.851337019069868,-5.384911531887869,2014,Pre-fire
2014-05-22,,1.2048381551200003e-05,-2.0335743815999988e-06,,-4.9190712875778955,-5.691739937875746,2014,Pre-fire
2014-05-23,,1.09441287956e-05,-1.1042527556000038e-06,,-4.960818804614343,-5.956931508311017,2014,Pre-fire
2014-05-24,,9.4681473896e-06,-1.4759814059999988e-06,,-5.023734990076315,-5.830919113598656,2014,Pre-fire
2014-05-25,,8.844955240400001e-06,-6.231921491999993e-07,,-5.053304360481389,-6.205378026421171,2014,Pre-fire
2014-05-26,,7.9921659836e-06,-8.527892568000011e-07,,-5.097335505135801,-6.06915827940318,2014,Pre-fire
2014-05-27,,7.139376726800002e-06,-8.527892567999986e-07,,-5.146339700818587,-6.069158279403182,2014,Pre-fire
2014-05-29,,7.172176313600001e-06,-8.309228656000002e-07,,-5.144349042718002,-6.08043928981287,2014,Pre-fire
2014-05-30,,6.253787883200001e-06,-9.183884304000004e-07,,-5.203856853300637,-6.03697359603178,2014,Pre-fire
2014-05-31,,5.783660472400001e-06,-4.701274107999998e-07,,-5.237797210058476,-6.327784426514075,2014,Pre-fire
2014-06-02,,5.302599866000001e-06,-3.826618459999996e-07,,-5.275511143491398,-6.417184837743386,2014,Pre-fire
2014-06-04,,4.4498106092000006e-06,-6.122589535999997e-07,,-5.351658472868442,-6.213064855087461,2014,Pre-fire
2014-06-05,,3.990616394e-06,-4.591942152000002e-07,,-5.398960017637187,-6.338003591695761,2014,Pre-fire
2014-06-10,,3.5751549612000007e-06,-2.9519628119999984e-07,,-5.446705129433376,-6.529889117934674,2014,Pre-fire
2014-06-11,,3.2252927020000003e-06,-3.498622592000004e-07,,-5.491430866115499,-6.456102903773755,2014,Pre-fire
2014-06-18,,2.8754304428000007e-06,-1.1261191468e-06,,-5.541297133603904,-5.948415657388489,2014,Pre-fire
2014-06-19,,2.4162362276000005e-06,-4.591942152000002e-07,,-5.616860608408551,-6.338003591695761,2014,Pre-fire
2014-06-20,2014-06-22,2.2741046848e-06,-1.4759814060000013e-07,Aggregated,-5.6431895471309,-6.830919113598656,2014,Pre-fire
2014-06-28,,5.247933888000001e-06,-4.231146697199999e-06,,-5.2800116447180745,-5.373541917074751,2014,Pre-fire
2014-06-29,,3.8922176336000005e-06,-1.3557162544000006e-06,,-5.409802884120786,-5.8678311969314265,2014,Pre-fire
2014-06-30,,3.1815599196e-06,-7.106577140000004e-07,,-5.497359893107754,-6.1483395254508055,2014,Pre-fire
2014-07-05,,3.728219699600001e-06,-2.9519628119999984e-07,,-5.428498503101164,-6.529889117934674,2014,Pre-fire
2014-07-03,2014-07-04,4.212013604900001e-06,-3.607954548000004e-07,Aggregated,-5.375510234703205,-6.442738942215774,2014,Pre-fire
2014-07-06,2014-07-08,3.5204889832000005e-06,-1.803977274000002e-07,Aggregated,-5.453397010397831,-6.743768937879755,2014,Pre-fire
2014-07-09,2014-07-10,3.1842932185e-06,-3.607954548e-07,Aggregated,-5.496986948059586,-6.442738942215774,2014,Pre-fire
2014-07-14,2014-07-15,2.6731663242000005e-06,-5.247933887999999e-07,Aggregated,-5.572974018634023,-6.2800116447180745,2014,Pre-fire
2014-07-24,,2.842630856e-06,-1.4103822324000011e-06,,-5.546279534122844,-5.850663171794412,2014,Pre-fire
2014-07-25,,2.3069042716000003e-06,-5.357265843999995e-07,,-5.636970426795969,-6.271056802065148,2014,Pre-fire
2014-07-26,2014-07-28,2.1265065442e-06,-1.6946453179999997e-07,Aggregated,-5.672333276431935,-6.77092118392337,2014,Pre-fire
2014-07-29,2014-07-30,1.8149104696000002e-06,-3.061294768000001e-07,Aggregated,-5.741144794053606,-6.514094850751443,2014,Pre-fire
2014-08-04,2014-08-09,1.2983169775000001e-06,-6.341253447999993e-08,Aggregated,-5.886619263796757,-7.197824888530725,2014,Pre-fire
2014-08-15,,1.3119834720000005e-06,-4.154614327999997e-07,,-5.882071636046037,-6.381469285476852,2014,Pre-fire
2014-08-16,2014-08-18,1.0769197666000002e-06,-1.6946453180000029e-07,Aggregated,-5.96781665159605,-6.770921183923369,2014,Pre-fire
2014-08-31,2014-09-02,9.402548216000001e-07,-1.6946453180000018e-07,Aggregated,-6.026754430850094,-6.770921183923369,2014,Pre-fire
2015-05-23,,6.6583161204000014e-06,-2.8754304428000003e-06,,-5.176635589460786,-5.541297133603904,2015,Pre-fire
2015-05-24,,5.7617940812e-06,-8.965220392000012e-07,,-5.239442266881115,-6.0474390297099445,2015,Pre-fire
2015-05-25,,4.865272042000001e-06,-8.965220391999995e-07,,-5.31289287111273,-6.047439029709945,2015,Pre-fire
2015-05-26,,4.099948350000001e-06,-7.653236920000001e-07,,-5.387221614365943,-6.116154842079405,2015,Pre-fire
2015-05-28,,3.3892906360000006e-06,-4.810606063999998e-07,,-5.469891188259389,-6.317800205607474,2015,Pre-fire
2015-05-30,,2.8316976604000006e-06,-3.0612947679999944e-07,,-5.54795311801241,-6.514094850751444,2015,Pre-fire
2015-06-04,,2.252238293600001e-06,-4.810606063999994e-07,,-5.647385661724508,-6.317800205607475,2015,Pre-fire
2015-06-05,2015-06-06,2.047240876100001e-06,-3.826618460000007e-07,Aggregated,-5.688831055722157,-6.4171848377433856,2015,Pre-fire
2015-06-07,2015-06-08,1.6809788235000002e-06,-2.9519628119999984e-07,Aggregated,-5.774437757646207,-6.529889117934674,2015,Pre-fire
2015-06-20,2015-06-23,2.4217028254000007e-06,-1.0933195600000011e-07,Aggregated,-5.615879151534573,-6.961252882093661,2015,Pre-fire
2015-06-29,2015-06-30,1.8258436652000002e-06,-3.061294768000001e-07,Aggregated,-5.738536410946079,-6.514094850751443,2015,Pre-fire
2015-07-13,,1.3666494500000002e-06,-3.935950416000003e-07,,-5.864342869085605,-6.404950381326374,2015,Pre-fire
2015-07-11,2015-07-12,1.9187758278000004e-06,-3.0612947679999965e-07,Aggregated,-5.716975761291819,-6.514094850751443,2015,Pre-fire
2015-07-14,2015-07-18,1.2135847116e-06,-9.01988637e-08,Aggregated,-5.9159299033070045,-7.044798933543737,2015,Pre-fire
2015-08-04,2015-08-08,6.614583338e-07,-7.653236920000002e-08,Aggregated,-6.179497507441193,-7.116154842079405,2015,Pre-fire
2016-04-25,,3.04817493328e-05,-1.0014807169600001e-05,,-4.51596011266769,-4.999357408425811,2016,Pre-fire
2016-04-26,,2.3714101256400004e-05,-6.7676480763999975e-06,,-4.624993330079469,-5.169562233073544,2016,Pre-fire
2016-04-27,,2.05325413368e-05,-3.1815599196000027e-06,,-4.68755729416357,-5.497359893107754,2016,Pre-fire
2016-04-28,,1.8050705935600003e-05,-2.4818354011999977e-06,,-4.743505808830868,-5.60522702490054,2016,Pre-fire
2016-04-29,,1.6443526182400004e-05,-1.607179753199999e-06,,-4.784005045838038,-5.793935547345486,2016,Pre-fire
2016-04-30,,1.4650482104000003e-05,-1.7930440784000008e-06,,-4.834148083728854,-5.746409034045963,2016,Pre-fire
2016-05-01,,1.39616907812e-05,-6.887913228000037e-07,,-4.855061984830247,-6.161912332640077,2016,Pre-fire
2016-05-02,,1.3130767915600005e-05,-8.309228655999951e-07,,-4.881709874690755,-6.0804392898128725,2016,Pre-fire
2016-05-03,,1.27262396784e-05,-4.045282372000039e-07,,-4.895299901779792,-6.393051158026663,2016,Pre-fire
2016-05-05,,1.2518508962e-05,-6.559917360000049e-07,,-4.902447395417755,-6.183101631710015,2016,Pre-fire
2016-05-06,,1.1742252074400004e-05,-7.762568875999954e-07,,-4.930248600730125,-6.109994533374589,2016,Pre-fire
2016-05-07,,1.1097193534e-05,-6.450585404000036e-07,,-4.95478683984443,-6.190400870451515,2016,Pre-fire
2016-05-08,,1.06270661232e-05,-4.701274108000015e-07,,-4.9735866171673875,-6.327784426514074,2016,Pre-fire
2016-05-09,,9.894542018000002e-06,-7.32524105199997e-07,,-5.004604302888458,-6.135178079392837,2016,Pre-fire
2016-05-10,,9.326015846800004e-06,-5.685261711999979e-07,,-5.030303850926138,-6.245249538458864,2016,Pre-fire
2016-05-12,,8.823088849200002e-06,-2.951962811999994e-07,,-5.054379347371591,-6.529889117934675,2016,Pre-fire
2016-05-24,,8.057765157200001e-06,-1.8149104695999983e-06,,-5.09378539423461,-5.741144794053607,2016,Pre-fire
2016-05-25,,7.062844357600002e-06,-9.949207995999993e-07,,-5.151020364098578,-6.002211489772568,2016,Pre-fire
2016-05-26,,6.4068526216e-06,-6.559917360000024e-07,,-5.193355266075571,-6.1831016317100165,2016,Pre-fire
2016-05-27,,6.056990362400001e-06,-3.4986225919999827e-07,,-5.217743117365232,-6.456102903773758,2016,Pre-fire
2016-05-28,,5.739927690000001e-06,-3.170626724000003e-07,,-5.241093578687705,-6.498854884194706,2016,Pre-fire
2016-05-31,,4.974603998000001e-06,-5.247933887999995e-07,,-5.3032414854365495,-6.2800116447180745,2016,Pre-fire
2016-06-02,,4.417011022400001e-06,-4.045282372000005e-07,,-5.3548715169830565,-6.393051158026666,2016,Pre-fire
2016-06-05,2016-06-07,4.575542358600001e-06,-2.2413050979999988e-07,Aggregated,-5.3395574197643825,-6.649499021037908,2016,Pre-fire
2016-06-11,,4.6138085432000005e-06,-9.621212128000005e-07,,-5.335940431131988,-6.016770209943493,2016,Pre-fire
2016-06-12,,3.6298209392e-06,-9.839876040000006e-07,,-5.440114798389626,-6.007010372654337,2016,Pre-fire
2016-06-13,,3.2580922888000003e-06,-3.717286503999996e-07,,-5.487036618017407,-6.429773965051407,2016,Pre-fire
2016-06-15,,5.400998626400001e-06,-2.0117079904000013e-06,,-5.267525933170015,-5.696435059084125,2016,Pre-fire
2016-06-16,,3.957816807200001e-06,-1.4431818192e-06,,-5.402544311560496,-5.840678950887812,2016,Pre-fire
2016-06-17,,3.662620526000001e-06,-2.9519628119999984e-07,,-5.4362080750568165,-6.529889117934674,2016,Pre-fire
2016-06-19,,3.9468836116e-06,-2.9519628120000026e-07,,-5.4037456801880035,-6.529889117934674,2016,Pre-fire
2016-06-20,,3.334624658e-06,-6.122589536000001e-07,,-5.476953042746876,-6.213064855087461,2016,Pre-fire
2016-06-21,2016-06-22,3.088627757e-06,-4.810606063999994e-07,Aggregated,-5.510234429938205,-6.317800205607475,2016,Pre-fire
2016-06-25,,2.7551652912000005e-06,-6.341253448000002e-07,,-5.5598523413121175,-6.197824888530724,2016,Pre-fire
2016-06-26,,2.3943698364000005e-06,-3.607954548e-07,,-5.620808767253544,-6.442738942215774,2016,Pre-fire
2016-06-27,2016-06-29,2.2194387068000005e-06,-1.5853133620000016e-07,Aggregated,-5.653756844180449,-6.799884879858687,2016,Pre-fire
2016-06-30,2016-07-03,1.9023760344000002e-06,-1.2390955013333327e-07,Aggregated,-5.720703633811062,-6.906895219771069,2016,Pre-fire
2016-07-11,,3.0940943548000004e-06,-1.5306473839999997e-06,,-5.5094664465693715,-5.815124846415424,2016,Pre-fire
2016-07-12,,2.0663739684e-06,-1.0277203864000003e-06,,-5.684791077920417,-5.988125028493963,2016,Pre-fire
2016-07-13,2016-07-14,1.8313102630000002e-06,-3.9359504159999964e-07,Aggregated,-5.737238070720798,-6.404950381326375,2016,Pre-fire
2016-07-19,2016-07-22,1.3557162544e-06,-9.839876039999995e-08,Aggregated,-5.8678311969314265,-7.007010372654337,2016,Pre-fire
2017-05-17,,0.0001041824208724,-4.891511711440001e-05,,-3.982205555145697,-4.310556902333051,2017,Pre-fire
2017-05-18,,5.873312676320001e-05,-4.544929410919999e-05,,-4.231116878096984,-4.342472857587447,2017,Pre-fire
2017-05-19,,3.75773932772e-05,-2.115573348600001e-05,,-4.4250733499564365,-4.674571912738731,2017,Pre-fire
2017-05-20,,2.5047951119600003e-05,-1.2529442157599998e-05,,-4.601227792904264,-4.902068264462291,2017,Pre-fire
2017-05-21,,1.86301653024e-05,-6.4177858172000034e-06,,-4.72978329166298,-5.192614780846047,2017,Pre-fire
2017-05-22,,1.43990186052e-05,-4.231146697199998e-06,,-4.841667107131878,-5.373541917074751,2017,Pre-fire
2017-05-23,,1.1742252074400004e-05,-2.6567665307999964e-06,,-4.930248600730125,-5.57564660849535,2017,Pre-fire
2017-05-24,,9.7742768664e-06,-1.9679752080000046e-06,,-5.009915363297744,-5.705980376990355,2017,Pre-fire
2017-05-25,,8.637224524000002e-06,-1.1370523423999976e-06,,-5.06362579080322,-5.944219542794882,2017,Pre-fire
2017-05-26,,7.686036506800001e-06,-9.511880172000009e-07,,-5.114297557073837,-6.021733629475043,2017,Pre-fire
2017-05-28,,6.997245184000001e-06,-5.138601932000008e-07,,-5.155072908109775,-6.289155024157943,2017,Pre-fire
2017-05-30,,6.417785817200001e-06,-3.0612947679999986e-07,,-5.192614780846047,-6.514094850751443,2017,Pre-fire
2017-05-31,,5.969524797600001e-06,-4.4826101959999977e-07,,-5.224060239388924,-6.348469025373927,2017,Pre-fire
2017-06-01,,5.5431301692000006e-06,-4.2639462840000056e-07,,-5.256244922760326,-6.370188275067162,2017,Pre-fire
2017-06-02,,5.0074035848000014e-06,-5.357265843999991e-07,,-5.3003874040897925,-6.271056802065149,2017,Pre-fire
2017-06-03,,4.351411848800001e-06,-6.559917360000007e-07,,-5.361369810019974,-6.183101631710017,2017,Pre-fire
2017-06-06,,3.4986225920000005e-06,-6.450585404000002e-07,,-5.456102903773756,-6.190400870451517,2017,Pre-fire
2017-06-07,,3.0503615724000007e-06,-4.4826101959999977e-07,,-5.515648678820064,-6.348469025373927,2017,Pre-fire
2017-06-11,,3.9687500028e-06,-1.3010502764e-06,,-5.401346257057549,-5.885705920701131,2017,Pre-fire
2017-06-12,,3.0066287900000006e-06,-9.621212127999997e-07,,-5.521920188263399,-6.016770209943493,2017,Pre-fire
2017-06-13,,2.5037017924000007e-06,-5.029269975999999e-07,,-5.601417399753774,-6.298495050412088,2017,Pre-fire
2017-06-14,,2.1319731420000003e-06,-3.7172865040000044e-07,,-5.671218270731144,-6.429773965051406,2017,Pre-fire
2017-06-17,,2.5146349880000003e-06,-1.0933195600000004e-06,,-5.599525046076069,-5.961252882093661,2017,Pre-fire
2017-06-18,,1.9242424256e-06,-5.903925624000005e-07,,-5.715740214279512,-6.228859122270693,2017,Pre-fire
2017-06-22,,5.247933888000001e-06,-3.170626724000003e-07,,-5.2800116447180745,-6.498854884194706,2017,Pre-fire
2017-06-23,2017-06-24,4.993737090300001e-06,-5.138601932000008e-07,Aggregated,-5.301574326069086,-6.289155024157943,2017,Pre-fire
2017-06-28,2017-06-29,4.422477620200001e-06,-4.591942152000002e-07,Aggregated,-5.354334356145371,-6.338003591695761,2017,Pre-fire
2017-06-30,2017-07-02,3.979683198400001e-06,-2.1866391199999966e-07,Aggregated,-5.400151498444606,-6.660222886429681,2017,Pre-fire
2017-07-03,2017-07-04,3.558755167800001e-06,-3.2799586800000034e-07,Aggregated,-5.448701889189451,-6.484131627373999,2017,Pre-fire
2017-07-05,2017-07-06,3.2280260009e-06,-3.170626724000003e-07,Aggregated,-5.491062975808109,-6.498854884194706,2017,Pre-fire
2017-07-11,2017-07-14,2.6895661176e-06,-9.839876040000008e-08,Aggregated,-5.570317774990283,-7.007010372654337,2017,Pre-fire
2017-07-15,2017-07-18,2.4107696298000003e-06,-1.0568755746666677e-07,Aggregated,-5.617844288289804,-6.975976138914367,2017,Pre-fire
2017-07-19,2017-07-22,2.0663739684e-06,-1.3848714426666657e-07,Aggregated,-5.684791077920417,-6.858590540196515,2017,Pre-fire
2017-07-23,2017-07-26,1.7274449048000002e-06,-1.2755394866666676e-07,Aggregated,-5.762595795139239,-6.894306092463048,2017,Pre-fire
2017-07-30,2017-08-02,1.1561854347e-06,-1.0568755746666677e-07,Aggregated,-5.936972506046581,-6.975976138914367,2017,Pre-fire
2017-08-14,2017-08-20,7.817234854000001e-07,-4.919938020000003e-08,Aggregated,-6.106946840292581,-7.308040368318318,2017,Pre-fire
2018-04-18,,0.0001201120868616,-3.16406680664e-05,,-3.9204132874083215,-4.499754355310643,2018,Pre-fire
2018-04-19,,7.53734504664e-05,-4.47386363952e-05,,-4.122781603021733,-4.349317257053539,2018,Pre-fire
2018-04-20,,5.1932679100000006e-05,-2.34407713664e-05,,-4.284559272468795,-4.630028101072929,2018,Pre-fire
2018-04-21,,3.923923900840001e-05,-1.2693440091599998e-05,,-4.406279423760422,-4.896420662355088,2018,Pre-fire
2018-04-22,,3.16188016752e-05,-7.620437333200007e-06,,-4.500054593471169,-5.118020103995652,2018,Pre-fire
2018-04-23,,2.5441546161200005e-05,-6.177255513999995e-06,,-4.594456498806932,-5.209204434274223,2018,Pre-fire
2018-04-24,,2.1582128114400003e-05,-3.859418046800002e-06,,-4.665905733760043,-5.413478176705839,2018,Pre-fire
2018-04-25,,1.9001893952800003e-05,-2.580234161600001e-06,,-4.721203109981014,-5.588340879123555,2018,Pre-fire
2018-04-26,,1.7143250700800002e-05,-1.858643252e-06,,-4.765906823745242,-5.730803960715388,2018,Pre-fire
2018-04-27,,1.5820334033200003e-05,-1.3229166675999993e-06,,-4.800784350974624,-5.878467511777212,2018,Pre-fire
2018-04-28,,1.4912878798400004e-05,-9.074552347999991e-07,,-4.826438511773201,-6.042174789717588,2018,Pre-fire
2018-04-29,,1.4235020671200002e-05,-6.778581272000024e-07,,-4.846641897861488,-6.168861192595406,2018,Pre-fire
2018-04-30,,1.34259641968e-05,-8.09056474400001e-07,,-4.872054515288513,-6.092021162362685,2018,Pre-fire
2018-05-01,,1.2693440091600002e-05,-7.325241051999987e-07,,-4.896420662355088,-6.135178079392836,2018,Pre-fire
2018-05-02,,1.20593147468e-05,-6.341253448000023e-07,,-4.918677369653471,-6.1978248885307226,2018,Pre-fire
2018-05-03,,1.1075327142800002e-05,-9.83987603999998e-07,,-4.955643436733381,-6.007010372654338,2018,Pre-fire
2018-05-04,,1.0047606756400002e-05,-1.0277203863999998e-06,,-4.99793737070755,-5.988125028493963,2018,Pre-fire
2018-05-05,,9.304149455600002e-06,-7.434573008e-07,,-5.031323322009074,-6.1287439693874255,2018,Pre-fire
2018-05-06,,8.9214876096e-06,-3.826618460000013e-07,,-5.0495627233398,-6.417184837743385,2018,Pre-fire
2018-05-07,,8.112431135200001e-06,-8.090564743999993e-07,,-5.090848976814635,-6.092021162362686,2018,Pre-fire
2018-05-08,,7.554838159600001e-06,-5.575929756e-07,,-5.121774834719464,-6.253682705995725,2018,Pre-fire
2018-05-09,,6.9863119884000005e-06,-5.685261712000005e-07,,-5.155752023935261,-6.245249538458863,2018,Pre-fire
2018-05-11,,6.647382924800001e-06,-3.389290635999995e-07,,-5.177349302820927,-6.46989118825939,2018,Pre-fire
2018-05-12,,6.1444559272000015e-06,-5.029269975999995e-07,,-5.2115165665246,-6.298495050412088,2018,Pre-fire
2018-05-13,,5.783660472400001e-06,-3.607954548000004e-07,,-5.237797210058476,-6.442738942215774,2018,Pre-fire
2018-05-14,,5.193267910000001e-06,-5.903925624000005e-07,,-5.284559272468795,-6.228859122270693,2018,Pre-fire
2018-05-19,,4.2639462840000006e-06,-3.389290635999995e-07,,-5.370188275067163,-6.46989118825939,2018,Pre-fire
2018-05-21,,3.7938188732e-06,-3.061294768000007e-07,,-5.420923407302788,-6.514094850751442,2018,Pre-fire
2018-05-24,,3.1050275504000004e-06,-3.607954548000004e-07,,-5.507934542046624,-6.442738942215774,2018,Pre-fire
2018-05-15,2018-05-17,4.9691374002e-06,-1.913309229999998e-07,Aggregated,-5.303718994535675,-6.718214833407368,2018,Pre-fire
2018-05-22,2018-05-23,3.6024879502000005e-06,-3.2799586799999907e-07,Aggregated,-5.443397463163633,-6.484131627374,2018,Pre-fire
2018-06-06,,1.7383781004000002e-06,-2.9519628120000026e-07,,-5.75985575777321,-6.529889117934674,2018,Pre-fire
2018-06-10,,5.871126037200001e-06,-7.434573008e-07,,-5.231278596394106,-6.1287439693874255,2018,Pre-fire
2018-06-11,,3.334624658e-06,-2.5365013792000012e-06,,-5.476953042746876,-5.595764897202762,2018,Pre-fire
2018-06-12,,2.5037017924000007e-06,-8.309228655999994e-07,,-5.601417399753774,-6.080439289812871,2018,Pre-fire
2018-06-14,,1.9898415992000004e-06,-4.045282372000001e-07,,-5.701181494108587,-6.393051158026666,2018,Pre-fire
2018-06-15,,1.6399793400000002e-06,-3.498622592000002e-07,,-5.785161623037981,-6.456102903773756,2018,Pre-fire
2018-06-21,,3.4330234184000003e-06,-5.029269976000003e-07,,-5.464323234020447,-6.298495050412088,2018,Pre-fire
2018-06-22,,2.919163225200001e-06,-5.138601931999995e-07,,-5.534741620729086,-6.289155024157945,2018,Pre-fire
2018-06-23,2018-06-24,2.7086992099000004e-06,-3.8266184600000046e-07,Aggregated,-5.567239218936349,-6.4171848377433856,2018,Pre-fire
2018-06-27,2018-07-01,2.230371902400001e-06,-9.01988637e-08,Aggregated,-5.651622714667763,-7.044798933543737,2018,Pre-fire
2018-07-04,2018-07-07,1.8832429421000004e-06,-9.839876040000008e-08,Aggregated,-5.7250936515139985,-7.007010372654337,2018,Pre-fire
2018-07-08,2018-07-13,1.6017131554000003e-06,-6.997245183999999e-08,Aggregated,-5.795415257403533,-7.155072908109775,2018,Pre-fire
2018-07-20,2018-07-23,9.757877073e-07,-1.1297635453333335e-07,Aggregated,-6.010644657309431,-6.947012442979052,2018,Pre-fire
2019-04-12,,0.000255235451282,-6.621143255360003e-05,,-3.5930590038268373,-4.179067015601645,2019,Pre-fire
2019-04-13,,0.0001356918905916,-0.00011954356069039998,,-3.867446106478487,-3.9224738125381235,2019,Pre-fire
2019-04-14,,0.000103264032442,-3.2427858149599984e-05,,-3.9860509198358094,-4.489081735401299,2019,Pre-fire
2019-04-15,,8.149604000240001e-05,-2.1767992439599993e-05,,-4.088863493675841,-4.662181622066252,2019,Pre-fire
2019-04-16,,7.107670459560001e-05,-1.04193354068e-05,,-4.148272716054182,-4.982159981455335,2019,Pre-fire
2019-04-17,,5.6557420838800014e-05,-1.45192837568e-05,,-4.247510403684579,-4.838054807061663,2019,Pre-fire
2019-04-18,,4.59084883244e-05,-1.0648932514400012e-05,,-4.338107007455722,-4.9726939252150455,2019,Pre-fire
2019-04-19,,3.86707128372e-05,-7.237775487200001e-06,,-4.41261782227891,-5.140394892653962,2019,Pre-fire
2019-04-20,,3.2854252778e-05,-5.816460059199998e-06,,-4.483408405754903,-5.235341249798614,2019,Pre-fire
2019-04-21,,2.62724690268e-05,-6.581783751200004e-06,,-4.580499111289762,-5.181656390835837,2019,Pre-fire
2019-04-22,,2.2325585415200003e-05,-3.946883611599995e-06,,-4.65119714434277,-5.403745680188004,2019,Pre-fire
2019-04-23,,1.97125516668e-05,-2.613033748400003e-06,,-4.705257155371259,-5.582854981145523,2019,Pre-fire
2019-04-24,,1.7602444916000003e-05,-2.1101067507999977e-06,,-4.754427006061812,-5.675695573085888,2019,Pre-fire
2019-04-25,,1.5820334033200003e-05,-1.7821108827999995e-06,,-4.800784350974624,-5.749065277689704,2019,Pre-fire
2019-04-26,,1.4409951800800004e-05,-1.4103822323999995e-06,,-4.84133747183567,-5.850663171794413,2019,Pre-fire
2019-04-27,,1.3502496566000005e-05,-9.074552347999991e-07,,-4.869585924497977,-6.042174789717588,2019,Pre-fire
2019-04-28,,1.26606405048e-05,-8.418560612000049e-07,,-4.897544322702244,-6.074762156921177,2019,Pre-fire
2019-04-29,,1.1862517226000002e-05,-7.98123278799998e-07,,-4.925823143909113,-6.097930021973207,2019,Pre-fire
2019-04-30,,1.1075327142800002e-05,-7.871900832000001e-07,,-4.955643436733381,-6.103920385662393,2019,Pre-fire
2019-05-01,,1.04630681892e-05,-6.122589536000014e-07,,-4.9803409443168185,-6.2130648550874605,2019,Pre-fire
2019-05-02,,9.861742431200002e-06,-6.013257579999984e-07,,-5.00604634455172,-6.220890192599419,2019,Pre-fire
2019-05-04,,9.304149455600002e-06,-5.029269976000003e-07,,-5.031323322009074,-6.298495050412088,2019,Pre-fire
2019-05-05,,8.648157719600002e-06,-6.559917359999998e-07,,-5.063076398595985,-6.183101631710018,2019,Pre-fire
2019-05-06,,8.2108298956e-06,-4.37327824000001e-07,,-5.085612945089493,-6.359192890765699,2019,Pre-fire
2019-05-07,,7.456439399200002e-06,-7.543904963999988e-07,,-5.127468507437182,-6.122403791356407,2019,Pre-fire
2019-05-09,,7.117510335600001e-06,-3.2799586800000076e-07,,-5.1476718935254695,-6.484131627373999,2019,Pre-fire
2019-05-12,,6.461518599600001e-06,-3.607954548000004e-07,,-5.189665401212406,-6.442738942215774,2019,Pre-fire
2019-05-13,,5.9804579932000016e-06,-4.810606063999994e-07,,-5.223265555760231,-6.317800205607475,2019,Pre-fire
2019-05-10,2019-05-11,6.907046320300002e-06,-2.951962811999994e-07,Aggregated,-5.160707631501709,-6.529889117934675,2019,Pre-fire
2019-05-14,2019-05-15,5.739927690000001e-06,-4.810606064000011e-07,Aggregated,-5.241093578687705,-6.317800205607473,2019,Pre-fire
2019-05-20,,4.701274108000001e-06,-9.29321626e-07,,-5.327784426514075,-6.031833956379369,2019,Pre-fire
2019-05-23,,3.990616394e-06,-4.1546143280000096e-07,,-5.398960017637187,-6.38146928547685,2019,Pre-fire
2019-05-24,,3.5751549612000007e-06,-4.154614327999997e-07,,-5.446705129433376,-6.381469285476852,2019,Pre-fire
2019-05-21,2019-05-22,4.6165418421e-06,-2.951962811999994e-07,Aggregated,-5.335683223850616,-6.529889117934675,2019,Pre-fire
2019-05-28,,3.771952482e-06,-8.527892568000003e-07,,-5.423433787020388,-6.069158279403181,2019,Pre-fire
2019-05-29,,3.170626724000001e-06,-6.013257579999989e-07,,-5.498854884194706,-6.220890192599419,2019,Pre-fire
2019-06-01,2019-06-02,2.7360321989000003e-06,-3.8266184600000046e-07,Aggregated,-5.562878795942305,-6.4171848377433856,2019,Pre-fire
2019-06-03,2019-06-05,2.3725034452000004e-06,-2.0226411859999983e-07,Aggregated,-5.624793148245132,-6.694081153690648,2019,Pre-fire
2019-06-08,,3.0284951812000007e-06,-4.3732782400000017e-07,,-5.518773113029213,-6.3591928907657,2019,Pre-fire
2019-06-09,,2.569300966e-06,-4.5919421520000064e-07,,-5.590185019821925,-6.33800359169576,2019,Pre-fire
2019-06-12,,1.9679752080000003e-06,-3.717286504e-07,,-5.705980376990356,-6.429773965051407,2019,Pre-fire
2019-06-13,,1.6399793400000002e-06,-3.279958680000001e-07,,-5.785161623037981,-6.4841316273739995,2019,Pre-fire
2019-06-22,2019-06-23,2.5392346781000003e-06,-3.1706267239999946e-07,Aggregated,-5.595297159427982,-6.4988548841947065,2019,Pre-fire
2019-06-28,,2.7114325088000004e-06,-7.981232788000006e-07,,-5.566801201267445,-6.097930021973205,2019,Pre-fire
2019-06-29,,2.2631714892e-06,-4.482610196000002e-07,,-5.645282536636744,-6.348469025373926,2019,Pre-fire
2019-07-03,2019-07-04,2.1483729354000005e-06,-3.717286504e-07,Aggregated,-5.667890327382216,-6.429773965051407,2019,Pre-fire
2019-07-05,2019-07-07,1.7329115026000004e-06,-1.858643251999999e-07,Aggregated,-5.761223615539891,-6.730803960715388,2019,Pre-fire
2019-07-11,2019-07-14,1.3201833687000002e-06,-1.2390955013333335e-07,Aggregated,-5.879365742670112,-6.906895219771069,2019,Pre-fire
2019-07-20,2019-07-26,9.347882237999999e-07,-5.466597799999999e-08,Aggregated,-6.029286767365489,-7.262282877757643,2019,Pre-fire
2019-08-11,2019-08-12,7.598570942000001e-07,-4.154614328000001e-07,Aggregated,-6.1192680775035475,-6.381469285476851,2019,Pre-fire
2020-04-02,,8.595678380720001e-05,-6.827780652199998e-05,,-4.0657198426095915,-4.165720439383508,2020,Pre-fire
2020-04-03,,6.072296836240001e-05,-2.5233815444800003e-05,,-4.216647006679423,-4.598017077609968,2020,Pre-fire
2020-04-04,,4.722047179640001e-05,-1.3502496566000003e-05,,-4.325869678046163,-4.869585924497978,2020,Pre-fire
2020-04-05,,4.017949383000001e-05,-7.040977966400001e-06,,-4.395995538673448,-5.15236701473385,2020,Pre-fire
2020-04-06,,3.0940943548000005e-05,-9.238550282000002e-06,,-4.5094664465693715,-5.0343961731439695,2020,Pre-fire
2020-04-07,,2.44247589704e-05,-6.516184577600003e-06,,-4.6121697133140716,-5.186006622353425,2020,Pre-fire
2020-04-08,,2.03248106204e-05,-4.099948350000003e-06,,-4.691973492321763,-5.387221614365942,2020,Pre-fire
2020-04-09,,1.78648416104e-05,-2.4599690099999985e-06,,-4.748000829897265,-5.609070363982299,2020,Pre-fire
2020-04-10,,1.5579803730000002e-05,-2.285037880399998e-06,,-4.807438017749132,-5.641106595982608,2020,Pre-fire
2020-04-11,,1.4595816126000002e-05,-9.839876039999997e-07,,-4.8357716163930675,-6.007010372654337,2020,Pre-fire
2020-04-12,,1.4278753453600003e-05,-3.170626723999986e-07,,-4.845309705154606,-6.498854884194707,2020,Pre-fire
2020-04-13,,1.3447830588e-05,-8.309228656000036e-07,,-4.871347770654264,-6.080439289812868,2020,Pre-fire
2020-04-14,,1.2682506896000002e-05,-7.653236919999975e-07,,-4.896794892866743,-6.116154842079406,2020,Pre-fire
2020-04-15,,1.1862517226000002e-05,-8.199896700000006e-07,,-4.925823143909113,-6.086191618701961,2020,Pre-fire
2020-04-16,,1.1097193534e-05,-7.653236920000009e-07,,-4.95478683984443,-6.116154842079404,2020,Pre-fire
2020-04-17,,1.03974690156e-05,-6.997245183999999e-07,,-4.983072365156247,-6.155072908109775,2020,Pre-fire
2020-04-18,,9.1729511084e-06,-1.2245179072000011e-06,,-5.037490921264961,-5.91203485942348,2020,Pre-fire
2020-04-19,,8.101497939600001e-06,-1.0714531687999982e-06,,-5.091434674114334,-5.970026806401168,2020,Pre-fire
2020-04-20,,7.008178379600001e-06,-1.09331956e-06,,-5.154394852574844,-5.961252882093662,2020,Pre-fire
2020-04-21,,5.892992428400001e-06,-1.1151859512e-06,,-5.229664116906923,-5.952652710331744,2020,Pre-fire
2020-04-28,,2.086053720480001e-05,-3.0831611591999894e-06,,-4.680674511725585,-5.511003773774302,2020,Pre-fire
2020-04-29,,1.5383006209200002e-05,-5.477530995600007e-06,,-4.812958784658916,-5.261415156226415,2020,Pre-fire
2020-04-30,,1.2890237612400003e-05,-2.492768596799999e-06,,-4.8897390769985725,-5.603318035093208,2020,Pre-fire
2020-05-01,,1.1392389815200002e-05,-1.4978477972000014e-06,,-4.943385163130156,-5.8245323149372545,2020,Pre-fire
2020-05-04,,1.6585657725200002e-05,-8.779356066800002e-06,,-4.780267301306931,-5.056537336814981,2020,Pre-fire
2020-05-05,,1.3633694913200003e-05,-2.9519628119999992e-06,,-4.865386428615119,-5.529889117934674,2020,Pre-fire
2020-05-06,,1.2354511028e-05,-1.2791838852000025e-06,,-4.908174438610242,-5.893067020347499,2020,Pre-fire
2020-05-07,,1.1315857446e-05,-1.0386535820000011e-06,,-4.946312532300725,-5.983529276804814,2020,Pre-fire
2020-05-08,,9.643078519200005e-06,-1.672778926799995e-06,,-5.015784296961842,-5.776561451276065,2020,Pre-fire
2020-05-09,,7.959366396800001e-06,-1.683712122400003e-06,,-5.0991215027806245,-5.773732161257198,2020,Pre-fire
2020-05-10,,6.778581272000001e-06,-1.1807851248000002e-06,,-5.168861192595408,-5.927829126606712,2020,Pre-fire
2020-05-11,,6.067923558000002e-06,-7.106577139999995e-07,,-5.216959898970986,-6.148339525450806,2020,Pre-fire
2020-05-23,,2.2850378804e-05,-6.570850555599998e-06,,-4.641106595982608,-5.182378410090922,2020,Pre-fire
2020-05-24,,1.6869920810800002e-05,-5.980457993199999e-06,,-4.772886956030513,-5.223265555760231,2020,Pre-fire
2020-05-25,,1.42896866492e-05,-2.5802341616000026e-06,,-4.844977294513117,-5.588340879123555,2020,Pre-fire
2020-05-26,,1.2409177006000002e-05,-1.8805096431999976e-06,,-4.90625702056452,-5.725724435186113,2020,Pre-fire
2020-05-27,,1.08019972528e-05,-1.6071797532000025e-06,,-4.966495937506034,-5.793935547345485,2020,Pre-fire
2020-05-28,,8.899621218400001e-06,-1.9023760343999985e-06,,-5.0506284772044605,-5.720703633811063,2020,Pre-fire
2020-05-29,,7.456439399200002e-06,-1.4431818191999991e-06,,-5.127468507437182,-5.8406789508878125,2020,Pre-fire
2020-05-31,,6.2209882964e-06,-1.5087809928000018e-06,,-5.20614061569859,-5.821373795692424,2020,Pre-fire
2020-06-01,,5.4556646044e-06,-7.653236919999992e-07,,-5.263152336470272,-6.116154842079405,2020,Pre-fire
2020-06-03,,4.810606064000001e-06,-3.7172865039999917e-07,,-5.317800205607474,-6.429773965051408,2020,Pre-fire
2020-06-04,,4.274879479600001e-06,-5.357265844e-07,,-5.369076124697795,-6.271056802065148,2020,Pre-fire
2020-06-17,,2.4555957317600007e-05,-1.2190513094000003e-05,,-4.609843130168223,-4.913978014709482,2020,Pre-fire
2020-06-18,,1.6126463510000002e-05,-8.429493807600005e-06,,-4.79246086177948,-5.0741985040427044,2020,Pre-fire
2020-06-19,,1.2507575766400002e-05,-3.6188877436000003e-06,,-4.902826857636656,-5.441424888317943,2020,Pre-fire
2020-06-20,,1.0769197666000002e-05,-1.7383781003999994e-06,,-4.96781665159605,-5.75985575777321,2020,Pre-fire
2020-06-21,,9.457214194e-06,-1.311983472000003e-06,,-5.024236774628847,-5.882071636046036,2020,Pre-fire
2020-06-22,,8.287362264800001e-06,-1.169851929199998e-06,,-5.081583676461608,-5.931869104408452,2020,Pre-fire
2020-06-23,,7.5657713552e-06,-7.215909096000017e-07,,-5.121146787636904,-6.141708946551792,2020,Pre-fire
2020-06-24,,7.062844357600002e-06,-5.029269975999978e-07,,-5.151020364098578,-6.29849505041209,2020,Pre-fire
2020-06-25,,6.417785817200001e-06,-6.450585404000011e-07,,-5.192614780846047,-6.1904008704515165,2020,Pre-fire
2020-06-26,,5.882059232800002e-06,-5.357265843999991e-07,,-5.230470606427272,-6.271056802065149,2020,Pre-fire
2020-06-27,,5.477530995600001e-06,-4.045282372000005e-07,,-5.261415156226416,-6.393051158026666,2020,Pre-fire
2020-06-29,,5.7945936680000016e-06,-4.1546143279999927e-07,,-5.236977012492873,-6.381469285476852,2020,Pre-fire
2020-06-30,,5.040203171600001e-06,-7.543904964000005e-07,,-5.297551956704013,-6.122403791356406,2020,Pre-fire
2020-07-01,,4.657541325600001e-06,-3.8266184600000046e-07,,-5.331843282990943,-6.4171848377433856,2020,Pre-fire
2020-07-02,2020-07-03,4.433410815800001e-06,-4.3732782400000017e-07,Aggregated,-5.3532620235464865,-6.3591928907657,2020,Pre-fire
2020-07-04,2020-07-05,4.017949383000001e-06,-3.9359504160000006e-07,Aggregated,-5.395995538673448,-6.404950381326374,2020,Pre-fire
2020-07-07,2020-07-10,3.730952998500001e-06,-1.6399793399999982e-07,Aggregated,-5.428180222044849,-6.785161623037981,2020,Pre-fire
2020-07-11,2020-07-13,3.2307592998e-06,-1.6399793400000038e-07,Aggregated,-5.490695396876387,-6.78516162303798,2020,Pre-fire
2020-07-14,2020-07-16,2.859030649400001e-06,-1.913309229999998e-07,Aggregated,-5.543781188890368,-6.718214833407368,2020,Pre-fire
2020-07-17,2020-07-20,2.5720342649000003e-06,-1.0933195599999998e-07,Aggregated,-5.589723249994367,-6.961252882093662,2020,Pre-fire
2020-07-21,2020-07-24,2.1921057178000006e-06,-9.839876040000008e-08,Aggregated,-5.65913850513746,-7.007010372654337,2020,Pre-fire
2020-07-25,2020-07-27,1.9078426322e-06,-1.9679752079999993e-07,Aggregated,-5.719457450798463,-6.705980376990356,2020,Pre-fire
2020-08-07,2020-08-10,1.1999182171000001e-06,-1.166207530666668e-07,Aggregated,-5.920848353179503,-6.9332241584934176,2020,Pre-fire
2020-08-17,2020-08-19,9.183884304000002e-07,-1.4759814060000008e-07,Aggregated,-6.03697359603178,-6.830919113598656,2020,Pre-fire
2022-06-29,,1.06707989056e-05,-8.637224524000024e-07,,-4.97180306442697,-6.063625790803219,2022,Post-fire
2022-06-30,,1.0135072321200002e-05,-5.357265843999974e-07,,-4.994173147949165,-6.27105680206515,2022,Post-fire
2022-07-01,,9.577479345600002e-06,-5.575929756e-07,,-5.018748775925581,-6.253682705995725,2022,Post-fire
2022-07-02,,9.1620179128e-06,-4.154614328000018e-07,,-5.038008863463385,-6.381469285476849,2022,Post-fire
2022-07-03,,8.582558546e-06,-5.794593667999992e-07,,-5.066383225348409,-6.236977012492873,2022,Post-fire
2022-07-04,,8.003099179200002e-06,-5.794593667999992e-07,,-5.09674180103527,-6.236977012492873,2022,Post-fire
2022-07-06,,8.407627416400002e-06,-6.887913227999986e-07,,-5.07532654229223,-6.161912332640081,2022,Post-fire
2022-07-07,,7.489238986000002e-06,-9.183884304000004e-07,,-5.125562310601236,-6.03697359603178,2022,Post-fire
2022-07-08,,6.964445597200001e-06,-5.247933888000004e-07,,-5.157113449758311,-6.2800116447180745,2022,Post-fire
2022-07-09,,6.6583161204000014e-06,-3.0612947679999986e-07,,-5.176635589460786,-6.514094850751443,2022,Post-fire
2022-07-10,,6.3084538612e-06,-3.4986225920000166e-07,,-5.20007706893793,-6.456102903773754,2022,Post-fire
2022-07-11,2022-07-12,6.106189742600001e-06,-3.717286503999983e-07,Aggregated,-5.214229704642034,-6.4297739650514085,2022,Post-fire
2022-07-13,2022-07-14,5.698928206500001e-06,-4.7012741080000067e-07,Aggregated,-5.244206814111847,-6.327784426514075,2022,Post-fire
2022-07-15,2022-07-16,5.305333164900001e-06,-3.170626724000003e-07,Aggregated,-5.275287338033261,-6.498854884194706,2022,Post-fire
2022-07-17,2022-07-19,4.974603998e-06,-2.1866391200000008e-07,Aggregated,-5.3032414854365495,-6.66022288642968,2022,Post-fire
2022-07-20,2022-07-21,4.4990099894000005e-06,-3.935950415999992e-07,Aggregated,-5.346883042545373,-6.404950381326375,2022,Post-fire
2022-07-22,2022-07-25,4.187413914800001e-06,-1.676423325333337e-07,Aggregated,-5.378054108125039,-6.7756163051317495,2022,Post-fire
2022-07-26,2022-07-27,3.6161544447000004e-06,-3.826618459999996e-07,Aggregated,-5.441753029234123,-6.417184837743386,2022,Post-fire
2022-07-28,2022-07-30,3.2416924954000005e-06,-1.8586432519999958e-07,Aggregated,-5.48922818439338,-6.730803960715389,2022,Post-fire
2022-07-31,2022-08-01,2.9437629153000008e-06,-2.9519628120000026e-07,Aggregated,-5.531097170123642,-6.529889117934674,2022,Post-fire
2022-08-02,2022-08-04,2.6021005528e-06,-1.4759814060000055e-07,Aggregated,-5.58467592503715,-6.830919113598654,2022,Post-fire
2022-08-10,,3.0066287900000006e-06,-8.090564743999993e-07,,-5.521920188263399,-6.092021162362686,2022,Post-fire
2022-08-11,,2.5037017924000007e-06,-5.029269975999999e-07,,-5.601417399753774,-6.298495050412088,2022,Post-fire
2022-08-12,2022-08-14,2.2850378804e-06,-1.5853133620000016e-07,Aggregated,-5.641106595982608,-6.799884879858687,2022,Post-fire
2022-08-15,2022-08-17,1.9734418058e-06,-1.8586432520000022e-07,Aggregated,-5.704775675851985,-6.730803960715387,2022,Post-fire
2022-08-20,2022-08-22,1.7493112960000002e-06,-1.803977274e-07,Aggregated,-5.757132899437737,-6.743768937879755,2022,Post-fire
2022-08-23,2022-08-26,1.4568483137000003e-06,-9.839876039999995e-08,Aggregated,-5.836585664395052,-7.007010372654337,2022,Post-fire
2022-08-29,2022-09-04,1.1097193534000002e-06,-5.284377873333339e-08,Aggregated,-5.95478683984443,-7.2770061345783486,2022,Post-fire
2023-04-22,,0.0001238512397568,-0.0001446024450056,,-3.907099641747968,-3.839824363725699,2023,Post-fire
2023-04-23,,7.784435267200001e-05,-4.600688708479998e-05,,-4.108772888456805,-4.337177150947979,2023,Post-fire
2023-04-24,,6.176162194440001e-05,-1.6082730727599997e-05,,-4.209281307357334,-4.793640209366131,2023,Post-fire
2023-04-25,,5.053323006320001e-05,-1.1228391881200004e-05,,-4.296422940950571,-4.949682438496383,2023,Post-fire
2023-04-26,,4.06386880452e-05,-9.894542018000012e-06,,-4.391060320997936,-5.004604302888458,2023,Post-fire
2023-04-27,,3.2274793411200004e-05,-8.363894633999994e-06,,-4.491136528942658,-5.077591446940044,2023,Post-fire
2023-04-28,,2.6414600569600004e-05,-5.8601928416e-06,,-4.578155952144567,-5.2320880924008915,2023,Post-fire
2023-04-29,,2.17789256352e-05,-4.635674934400004e-06,,-4.661963548005982,-5.333887025500928,2023,Post-fire
2023-04-30,,1.9034693539600005e-05,-2.744232095599995e-06,,-4.7204541109763305,-5.561579160612625,2023,Post-fire
2023-05-01,,1.7471246568800004e-05,-1.5634469708000007e-06,,-4.757676107115689,-5.8059168446286,2023,Post-fire
2023-05-02,,1.62467286616e-05,-1.2245179072000028e-06,,-4.789234072669105,-5.912034859423479,2023,Post-fire
2023-05-03,,1.4901945602800004e-05,-1.3447830587999968e-06,,-4.8267570262589885,-5.871347770654265,2023,Post-fire
2023-05-11,,1.2955836786000002e-05,-5.685261712000013e-07,,-4.887534531747539,-6.245249538458862,2023,Post-fire
2023-05-12,,1.2256112267600004e-05,-6.997245183999982e-07,,-4.911647269498689,-6.1550729081097755,2023,Post-fire
2023-05-13,,1.11190599252e-05,-1.1370523424000043e-06,,-4.953931929170917,-5.94421954279488,2023,Post-fire
2023-05-14,,1.0605199732000002e-05,-5.138601931999982e-07,,-4.974481147827417,-6.289155024157946,2023,Post-fire
2023-05-15,,9.861742431200002e-06,-7.434573008e-07,,-5.00604634455172,-6.1287439693874255,2023,Post-fire
2023-05-17,,9.7414772796e-06,-1.585313362000005e-06,,-5.011375178056787,-5.799884879858685,2023,Post-fire
2023-05-18,,8.374827829600002e-06,-1.3666494499999977e-06,,-5.077024112461058,-5.864342869085606,2023,Post-fire
2023-05-19,,7.6641701156e-06,-7.106577140000012e-07,,-5.115534864127003,-6.1483395254508055,2023,Post-fire
2023-05-20,,6.876980032400001e-06,-7.871900831999993e-07,,-5.162602236648393,-6.103920385662394,2023,Post-fire
2023-05-21,,6.4068526216e-06,-4.701274108000015e-07,,-5.193355266075571,-6.327784426514074,2023,Post-fire
2023-05-22,,5.827393254800001e-06,-5.794593667999984e-07,,-5.23452567306709,-6.236977012492874,2023,Post-fire
2023-05-23,,5.346332648400001e-06,-4.810606064000003e-07,,-5.271944022970041,-6.317800205607474,2023,Post-fire
2023-05-28,,4.8215392596000014e-06,-3.826618459999996e-07,,-5.316814292625823,-6.417184837743386,2023,Post-fire
2023-05-29,,4.2639462840000006e-06,-5.575929756000009e-07,,-5.370188275067163,-6.2536827059957245,2023,Post-fire
2023-05-30,,3.9031508292e-06,-3.607954548000004e-07,,-5.4085846659814685,-6.442738942215774,2023,Post-fire
2023-05-31,,3.4111570272000007e-06,-4.919938019999994e-07,,-5.467098288075219,-6.308040368318318,2023,Post-fire
2023-06-04,,2.438102618800001e-06,-3.826618459999996e-07,,-5.612948019045501,-6.417184837743386,2023,Post-fire
2023-06-01,2023-06-02,3.2061596097000005e-06,-4.263946283999997e-07,Aggregated,-5.494014861306095,-6.370188275067163,2023,Post-fire
2023-06-13,2023-06-15,2.2522382936e-06,-2.623966944000001e-07,Aggregated,-5.647385661724508,-6.581041640382056,2023,Post-fire
2023-07-03,2023-07-05,1.8695764476000003e-06,-1.9679752079999993e-07,Aggregated,-5.728256771701508,-6.705980376990356,2023,Post-fire
2023-07-13,2023-07-17,1.3010502764e-06,-7.379907030000007e-08,Aggregated,-5.885705920701131,-7.131949109262637,2023,Post-fire
2023-07-18,2023-07-21,9.593879139e-07,-9.839876039999991e-08,Aggregated,-6.0180057569558,-7.007010372654337,2023,Post-fire
2023-07-26,2023-08-03,7.325241052000001e-07,-3.963283405000001e-08,Aggregated,-6.135178079392835,-7.401944871186649,2023,Post-fire
2024-06-04,,2.2194387068e-05,-4.43013085712e-05,,-4.653756844180449,-4.353583445405419,2024,Post-fire
2024-06-05,,1.4628615712800004e-05,-7.565771355199997e-06,,-4.834796768661858,-5.121146787636904,2024,Post-fire
2024-06-06,,1.1764118465600004e-05,-2.8644972472000007e-06,,-4.929440610763291,-5.542951590773916,2024,Post-fire
2024-06-07,,9.730544084e-06,-2.033574381600004e-06,,-5.011862875448749,-5.691739937875744,2024,Post-fire
2024-06-08,,8.3529614384e-06,-1.377582645599999e-06,,-5.0781595235179715,-5.8608823369761,2024,Post-fire
2024-06-09,,6.822314054400001e-06,-1.5306473839999993e-06,,-5.1660682924112376,-5.815124846415424,2024,Post-fire
2024-06-10,,5.9585916020000015e-06,-8.637224523999999e-07,,-5.22485637981702,-6.06362579080322,2024,Post-fire
2024-06-11,,5.390065430800001e-06,-5.685261712000005e-07,,-5.2684059628164315,-6.245249538458863,2024,Post-fire
2024-06-12,,4.9636708024000005e-06,-4.2639462840000056e-07,,-5.3041970292365574,-6.370188275067162,2024,Post-fire
2024-06-14,,4.4607438048e-06,-3.7172865040000086e-07,,-5.350592719003782,-6.429773965051406,2024,Post-fire
2024-06-16,,4.471677000400001e-06,-5.138601931999999e-07,,-5.34952957408632,-6.289155024157944,2024,Post-fire
2024-06-19,,3.531422178800001e-06,-4.263946283999997e-07,,-5.452050359762559,-6.370188275067163,2024,Post-fire
2024-06-17,2024-06-18,4.2284133983e-06,-5.138601931999999e-07,Aggregated,-5.373822559722257,-6.289155024157944,2024,Post-fire
2024-06-20,2024-06-21,3.2990917723000005e-06,-3.8266184600000046e-07,Aggregated,-5.481605603324275,-6.4171848377433856,2024,Post-fire
2024-06-22,2024-06-24,3.0448949746e-06,-2.0226411859999983e-07,Aggregated,-5.516427682583914,-6.694081153690648,2024,Post-fire
2024-06-28,2024-06-29,4.392411332300001e-06,-4.4826101959999977e-07,Aggregated,-5.357296996658279,-6.348469025373927,2024,Post-fire
2024-06-30,2024-07-01,3.963283405e-06,-3.2799586800000076e-07,Aggregated,-5.401944871186649,-6.484131627373999,2024,Post-fire
2024-07-02,2024-07-03,3.6844869172000005e-06,-3.06129476799999e-07,Aggregated,-5.433622981222323,-6.514094850751444,2024,Post-fire
2024-07-04,2024-07-05,3.3592243481000005e-06,-3.3892906359999994e-07,Aggregated,-5.47376099053517,-6.469891188259389,2024,Post-fire
2024-07-06,2024-07-08,2.973829203200001e-06,-1.639979340000006e-07,Aggregated,-5.526683978059463,-6.785161623037979,2024,Post-fire
2024-07-09,2024-07-12,2.6922994165e-06,-9.839876039999966e-08,Aggregated,-5.5698766429240125,-7.007010372654339,2024,Post-fire
2024-07-13,2024-07-15,2.3615702496000004e-06,-1.8586432520000022e-07,Aggregated,-5.6267991309427305,-6.730803960715387,2024,Post-fire
2024-07-18,2024-07-20,1.9679752080000003e-06,-1.5853133619999994e-07,Aggregated,-5.705980376990356,-6.799884879858687,2024,Post-fire
2024-07-22,2024-07-25,1.7247116059000003e-06,-1.166207530666668e-07,Aggregated,-5.763283514177489,-6.9332241584934176,2024,Post-fire
2024-07-30,2024-08-01,1.4541150148e-06,-1.9679752080000014e-07,Aggregated,-5.837401241126576,-6.705980376990356,2024,Post-fire
2024-08-04,2024-08-05,1.2135847116000003e-06,-3.061294768000003e-07,Aggregated,-5.9159299033070045,-6.514094850751442,2024,Post-fire
2024-08-18,,1.4650482104000002e-06,-1.3338498632000008e-06,,-5.834148083728854,-5.874893051418913,2024,Post-fire
2024-08-19,,1.1370523424e-06,-3.279958680000001e-07,,-5.944219542794881,-6.4841316273739995,2024,Post-fire
2024-08-24,,1.5525137752000002e-06,-3.607954548e-07,,-5.808964537710605,-6.442738942215774,2024,Post-fire
2024-08-25,,1.2245179072e-06,-3.279958680000001e-07,,-5.91203485942348,-6.4841316273739995,2024,Post-fire
2024-08-26,2024-08-28,9.730544084000001e-07,-1.6946453179999997e-07,Aggregated,-6.011862875448749,-6.77092118392337,2024,Post-fire
2025-04-10,,5.422846493464052e-05,-1.1768784422657946e-05,,-4.265772689126241,-4.929268392364292,2025,Post-fire
2025-04-11,,4.115257332244009e-05,-1.3075891612200432e-05,,-4.385603002619553,-4.8835286880013005,2025,Post-fire
2025-04-12,,3.149858422657952e-05,-9.653989095860571e-06,,-4.501708966096181,-5.015293196050811,2025,Post-fire
2025-04-13,,2.4956782647058825e-05,-6.541801579520693e-06,,-4.602811403312181,-5.184302632669935,2025,Post-fire
2025-04-14,,2.0662607788671025e-05,-4.294174858387799e-06,,-4.684814867871655,-5.367120275110115,2025,Post-fire
2025-04-15,,1.748795674291939e-05,-3.1746510457516355e-06,,-4.757260929635832,-5.498304004933657,2025,Post-fire
2025-04-16,,1.510229333333333e-05,-2.38566340958606e-06,,-4.820957098641505,-5.622390830435621,2025,Post-fire
2025-04-17,,1.3708142058823531e-05,-1.3941512745097988e-06,,-4.863021403582447,-5.855690099896248,2025,Post-fire
2025-04-18,,1.2567122309368192e-05,-1.1410197494553396e-06,,-4.900764158132677,-5.942706838486917,2025,Post-fire
2025-04-19,,1.1822765250544662e-05,-7.443570588235294e-07,,-4.927280933556511,-6.128218688810885,2025,Post-fire
2025-04-20,,1.0695819074074074e-05,-1.1269461764705886e-06,,-4.970785952024665,-5.948096825586563,2025,Post-fire
2025-04-21,,9.412232102396514e-06,-1.2835869716775596e-06,,-5.026307371811871,-5.891574699614286,2025,Post-fire
2025-04-22,,8.749424651416121e-06,-6.628074509803927e-07,,-5.058020504569747,-6.178612618083901,2025,Post-fire
2025-04-23,,7.902793202614378e-06,-8.466314488017432e-07,,-5.102219382370342,-6.072305603346787,2025,Post-fire
2025-04-25,,7.469404270152504e-06,-4.272196949891096e-07,,-5.126714034396452,-6.36934873437854,2025,Post-fire
2025-04-26,,6.8324305010893234e-06,-6.369737690631802e-07,,-5.165424777219921,-6.19587845178659,2025,Post-fire
2025-04-27,,6.523101078431373e-06,-3.093294226579506e-07,,-5.1855458918339625,-6.509578769003414,2025,Post-fire
2025-04-28,,6.163068235294118e-06,-3.6003284313725467e-07,,-5.210203023889046,-6.443657879947498,2025,Post-fire
2025-04-30,,5.673192222222222e-06,-3.2928305010893235e-07,,-5.246172501181267,-6.482430624081949,2025,Post-fire
2025-05-01,,5.35798274509804e-06,-3.1520947712418216e-07,,-5.270998689331911,-6.501400733438631,2025,Post-fire
2025-05-04,,4.81152325708061e-06,-5.063594444444447e-07,,-5.317717410649796,-6.295541085295807,2025,Post-fire
2025-05-05,,4.275281568627451e-06,-5.362416884531589e-07,,-5.3690352775032215,-6.270639426158088,2025,Post-fire
2025-05-06,,3.822806557734204e-06,-4.5247501089324716e-07,,-5.417617677663455,-6.344405400836341,2025,Post-fire
2025-05-13,,4.164042505446623e-06,-8.640788235294115e-07,,-5.380484845975454,-6.0634466382358925,2025,Post-fire
2025-05-14,,3.429614063180827e-06,-7.344284422657961e-07,,-5.464754748663125,-6.134050512525904,2025,Post-fire
2025-05-15,2025-05-16,3.1764584395424828e-06,-4.5912622004357244e-07,Aggregated,-5.498056822556153,-6.338067904587326,2025,Post-fire
2025-05-20,,3.656526328976034e-06,-1.7375078976034873e-06,,-5.436931295072268,-5.760073212707448,2025,Post-fire
2025-05-21,,2.8496093464052286e-06,-8.069169825708052e-07,,-5.545214673440363,-6.093171144170118,2025,Post-fire
2025-05-22,2025-05-23,2.6808710620915027e-06,-3.059556209150328e-07,Aggregated,-5.571724073137132,-6.514341563680086,2025,Post-fire
2025-05-24,2025-05-25,2.3172234313725492e-06,-4.0601294117647026e-07,Aggregated,-5.6350320886382175,-6.391460123585467,2025,Post-fire
2025-06-22,,3.348160849673202e-06,-1.6673328213507632e-06,,-5.475193686148469,-5.777977700682579,2025,Post-fire
2025-06-23,,1.4131409586056643e-06,-1.9350198910675377e-06,,-5.849814515793806,-5.713314566285137,2025,Post-fire
2025-06-24,2025-06-25,1.17261299291939e-06,-3.9666269063180815e-07,Aggregated,-5.930845298005619,-6.401578646550627,2025,Post-fire
