START DATE,END DATE,Q,dQdt,Mode,log_Q,log_dQdt,WATERYEAR,Fire
2000-06-13,,2.9202565447600004e-05,-4.0824552370400004e-05,,-4.534578994072289,-4.389078568480603,2000,Pre-fire
2000-06-14,,2.0816804422400004e-05,-8.3857610252e-06,,-4.681585938045206,-5.0764575181446805,2000,Pre-fire
2000-06-15,,1.6377927008800003e-05,-4.438877413600001e-06,,-4.785741068730214,-5.352726848516467,2000,Pre-fire
2000-06-16,,1.3557162544000004e-05,-2.820764464799999e-06,,-4.8678311969314265,-5.549633176130432,2000,Pre-fire
2000-06-17,,1.2113980724800004e-05,-1.4431818192e-06,,-4.9167131217012505,-5.840678950887812,2000,Pre-fire
2000-06-18,,1.15782541404e-05,-5.357265844000042e-07,,-4.936356921986177,-6.271056802065145,2000,Pre-fire
2000-06-19,,1.09003960132e-05,-6.778581272000007e-07,,-4.962557723782006,-6.168861192595408,2000,Pre-fire
2000-06-20,,1.02662706684e-05,-6.341253447999989e-07,,-4.988587289827551,-6.197824888530725,2000,Pre-fire
2000-06-21,,9.982007582800002e-06,-2.842630855999981e-07,,-5.000782104559363,-6.546279534122847,2000,Pre-fire
2000-06-23,,1.0189738299200003e-05,-4.81060606399996e-07,,-4.99183696973968,-6.317800205607478,2000,Pre-fire
2000-06-24,,9.818009648800002e-06,-3.717286504000017e-07,,-5.007976545426358,-6.429773965051405,2000,Pre-fire
2000-06-25,,9.347882238000002e-06,-4.701274107999998e-07,,-5.029286767365489,-6.327784426514075,2000,Pre-fire
2000-06-26,,8.834022044800002e-06,-5.138601931999999e-07,,-5.053841521319075,-6.289155024157944,2000,Pre-fire
2000-06-27,,8.407627416400002e-06,-4.263946283999997e-07,,-5.07532654229223,-6.370188275067163,2000,Pre-fire
2000-06-28,,8.046831961600002e-06,-3.607954548000004e-07,,-5.094375067756163,-6.442738942215774,2000,Pre-fire
2000-06-29,,7.740702484800001e-06,-3.061294768000007e-07,,-5.111219624403892,-6.514094850751442,2000,Pre-fire
2000-07-02,,7.303374660800001e-06,-2.186639119999988e-07,,-5.136476419618116,-6.660222886429683,2000,Pre-fire
2000-06-30,2000-07-01,7.6477703222e-06,-2.1866391200000135e-07,Aggregated,-5.116465163265815,-6.660222886429678,2000,Pre-fire
2000-07-05,,7.139376726800002e-06,-3.4986225919999996e-07,,-5.146339700818587,-6.456102903773756,2000,Pre-fire
2000-07-06,,6.833247250000001e-06,-3.061294768000007e-07,,-5.165372864749586,-6.514094850751442,2000,Pre-fire
2000-07-07,,6.6255165336e-06,-2.077307164000009e-07,,-5.178780257927375,-6.682499281140831,2000,Pre-fire
2000-07-08,,6.4505854040000005e-06,-1.7493112959999956e-07,,-5.190400870451517,-6.757132899437738,2000,Pre-fire
2000-07-09,,6.122589536000002e-06,-3.279958679999982e-07,,-5.213064855087461,-6.484131627374001,2000,Pre-fire
2000-07-10,,5.871126037200001e-06,-2.51463498800001e-07,,-5.231278596394106,-6.599525046076067,2000,Pre-fire
2000-07-11,,5.510330582400001e-06,-3.607954548000004e-07,,-5.258822345648136,-6.442738942215774,2000,Pre-fire
2000-07-12,,5.3353994528000005e-06,-1.749311296000004e-07,,-5.272833060090951,-6.757132899437736,2000,Pre-fire
2000-07-13,,5.1276687364e-06,-2.077307164000009e-07,,-5.290080039378578,-6.682499281140831,2000,Pre-fire
2000-07-18,,4.7778064772000005e-06,-2.0773071640000006e-07,,-5.32077144512324,-6.682499281140832,2000,Pre-fire
2000-07-25,,4.2202135016000005e-06,-1.749311296000004e-07,,-5.374665577421907,-6.757132899437736,2000,Pre-fire
2000-07-19,2000-07-22,4.6958075102e-06,-6.559917360000015e-08,Aggregated,-5.3282897139264005,-7.183101631710017,2000,Pre-fire
2000-07-23,2000-07-24,4.5017432883e-06,-1.8586432519999916e-07,Aggregated,-5.34661927425187,-6.73080396071539,2000,Pre-fire
2000-08-01,,3.706353308400001e-06,-1.8586432519999958e-07,,-5.43105318389058,-6.730803960715389,2000,Pre-fire
2000-07-27,2000-07-29,4.116348143400001e-06,-8.746556479999978e-08,Aggregated,-5.385487901556942,-7.058162895101719,2000,Pre-fire
2000-08-02,2000-08-04,3.5970213524000003e-06,-9.293216260000022e-08,Aggregated,-5.444056984143687,-7.031833956379368,2000,Pre-fire
2000-08-05,2000-08-07,3.4220902228000007e-06,-8.746556479999999e-08,Aggregated,-5.465708544547213,-7.058162895101718,2000,Pre-fire
2000-08-10,2000-08-16,3.1542269306000003e-06,-2.9155188266666594e-08,Aggregated,-5.501107064601912,-7.535284149821382,2000,Pre-fire
2000-08-20,2000-08-22,3.0120953878000004e-06,-1.4759814059999992e-07,Aggregated,-5.521131278905858,-6.830919113598656,2000,Pre-fire
2000-08-27,2000-08-30,2.6868328187000004e-06,-5.831037653333333e-08,Aggregated,-5.570759355589488,-7.2342541541574,2000,Pre-fire
2001-05-16,,8.37045455136e-05,-2.6983126740799993e-05,,-4.077250957324875,-4.568907726732458,2001,Pre-fire
2001-05-17,,5.275266877000001e-05,-3.095187674359999e-05,,-4.27775556441385,-4.509313012728559,2001,Pre-fire
2001-05-18,,4.10650826736e-05,-1.1687586096400008e-05,,-4.386527298499589,-4.932275176884883,2001,Pre-fire
2001-05-19,,3.52704890056e-05,-5.794593667999999e-06,,-4.452588519040719,-5.236977012492873,2001,Pre-fire
2001-05-20,,3.066761365800001e-05,-4.602875347599995e-06,,-4.513320016501481,-5.336970786257994,2001,Pre-fire
2001-05-21,,2.728925621760001e-05,-3.378357440399999e-06,,-4.564008301083275,-5.4712944026688275,2001,Pre-fire
2001-05-22,,2.4512224535200005e-05,-2.777031682400004e-06,,-4.610617273834707,-5.556419165473723,2001,Pre-fire
2001-05-23,,2.2161587481200003e-05,-2.3506370540000025e-06,,-4.654399133400653,-5.628814422178056,2001,Pre-fire
2001-05-24,,2.01498794908e-05,-2.0117079904000013e-06,,-4.695727546874588,-5.696435059084125,2001,Pre-fire
2001-05-25,,1.8597365715600004e-05,-1.5525137751999977e-06,,-4.730548568481093,-5.808964537710606,2001,Pre-fire
2001-05-26,,1.7033918744800003e-05,-1.5634469708000007e-06,,-4.768685428757116,-5.8059168446286,2001,Pre-fire
2001-05-27,,1.5656336099200002e-05,-1.3775826456000006e-06,,-4.805309864121825,-5.860882336976099,2001,Pre-fire
2001-05-28,,1.4617682517200005e-05,-1.0386535819999977e-06,,-4.835121474831677,-5.9835292768048145,2001,Pre-fire
2001-05-29,,1.36774276956e-05,-9.402548216000047e-07,,-4.863995572400242,-6.026754430850092,2001,Pre-fire
2001-05-30,,1.23982438104e-05,-1.2791838851999992e-06,,-4.9066398275367735,-5.8930670203475,2001,Pre-fire
2001-05-31,,1.1764118465600004e-05,-6.341253447999972e-07,,-4.929440610763291,-6.197824888530726,2001,Pre-fire
2001-06-01,,1.1567320944800002e-05,-1.967975208000013e-07,,-4.936767214394495,-6.705980376990353,2001,Pre-fire
2001-06-06,,1.1151859512000002e-05,-1.4541150147999996e-06,,-4.952652710331744,-5.837401241126576,2001,Pre-fire
2001-06-07,,9.8836088224e-06,-1.268250689600003e-06,,-5.005084451618298,-5.896794892866742,2001,Pre-fire
2001-06-08,,9.260416673200002e-06,-6.231921491999976e-07,,-5.0333694717629545,-6.205378026421172,2001,Pre-fire
2001-06-09,,8.757489675600001e-06,-5.029269976000003e-07,,-5.057620366009424,-6.298495050412088,2001,Pre-fire
2001-06-12,,1.0441201798e-05,-1.2791838852000025e-06,,-4.981249510509915,-5.893067020347499,2001,Pre-fire
2001-06-13,,8.899621218400001e-06,-1.541580579599998e-06,,-5.0506284772044605,-5.812033769438282,2001,Pre-fire
2001-06-14,,8.342028242800001e-06,-5.575929756e-07,,-5.078728344138781,-6.253682705995725,2001,Pre-fire
2001-06-15,,7.9484332012e-06,-3.935950416000009e-07,,-5.099718471234624,-6.4049503813263735,2001,Pre-fire
2001-06-16,,7.587637746400001e-06,-3.6079545479999957e-07,,-5.119893411638807,-6.442738942215775,2001,Pre-fire
2001-06-17,,7.292441465200002e-06,-2.9519628119999857e-07,,-5.1371270481771125,-6.529889117934677,2001,Pre-fire
2001-06-18,,7.062844357600002e-06,-2.295971076000001e-07,,-5.151020364098578,-6.639033587359743,2001,Pre-fire
2001-06-19,,6.811380858800001e-06,-2.51463498800001e-07,,-5.166764835434492,-6.599525046076067,2001,Pre-fire
2001-06-20,,6.5489841644e-06,-2.623966944000006e-07,,-5.183826059704351,-6.581041640382055,2001,Pre-fire
2001-06-21,,6.297520665600001e-06,-2.514634987999993e-07,,-5.200830398670449,-6.59952504607607,2001,Pre-fire
2001-06-22,,6.0788567536000005e-06,-2.186639120000005e-07,,-5.216178090511605,-6.66022288642968,2001,Pre-fire
2001-06-28,,6.876980032400001e-06,-2.5037017923999994e-06,,-5.162602236648393,-5.601417399753774,2001,Pre-fire
2001-06-29,,6.1663223184e-06,-7.106577140000012e-07,,-5.209973778110319,-6.1483395254508055,2001,Pre-fire
2001-06-30,,5.838326450400002e-06,-3.279958679999982e-07,,-5.233711625065105,-6.484131627374001,2001,Pre-fire
2001-07-01,,5.575929756000001e-06,-2.623966944000006e-07,,-5.253682705995725,-6.581041640382055,2001,Pre-fire
2001-07-02,,5.3572658440000005e-06,-2.186639120000005e-07,,-5.271056802065148,-6.66022288642968,2001,Pre-fire
2001-07-04,,5.040203171600001e-06,-1.749311296000004e-07,,-5.297551956704013,-6.757132899437736,2001,Pre-fire
2001-07-05,2001-07-06,4.928137916700001e-06,-1.858643252e-07,Aggregated,-5.307317146699222,-6.730803960715388,2001,Pre-fire
2001-07-07,2001-07-08,4.7532067871e-06,-2.077307164000009e-07,Aggregated,-5.323013291418912,-6.682499281140831,2001,Pre-fire
2001-07-13,,4.417011022400001e-06,-3.0612947679999986e-07,,-5.3548715169830565,-6.514094850751443,2001,Pre-fire
2001-07-14,2001-07-15,4.277612778500001e-06,-2.5146349880000016e-07,Aggregated,-5.368798531539157,-6.599525046076068,2001,Pre-fire
2001-07-16,2001-07-18,4.0780819588000006e-06,-1.311983472000003e-07,Aggregated,-5.389544050284974,-6.882071636046036,2001,Pre-fire
2001-07-20,2001-07-22,3.8484848512000004e-06,-9.293216259999979e-08,Aggregated,-5.4147102186155305,-7.03183395637937,2001,Pre-fire
2001-07-23,2001-07-25,3.6352875370000006e-06,-1.0933195600000004e-07,Aggregated,-5.439461232454538,-6.961252882093661,2001,Pre-fire
2001-07-26,2001-07-27,3.392023934900001e-06,-1.8586432520000043e-07,Aggregated,-5.469541091922895,-6.730803960715387,2001,Pre-fire
2001-07-31,,3.695420112800001e-06,-9.730544083999993e-07,,-5.432336181816007,-6.011862875448749,2001,Pre-fire
2001-08-01,,3.3674242448000006e-06,-3.2799586800000034e-07,,-5.472702165593217,-6.484131627373999,2001,Pre-fire
2001-08-02,2001-08-03,3.2471590932000003e-06,-1.967975207999996e-07,Aggregated,-5.488496432776449,-6.7059803769903565,2001,Pre-fire
2001-08-04,2001-08-07,3.0886277570000006e-06,-6.924357213333335e-08,Aggregated,-5.510234429938205,-7.159620535860495,2001,Pre-fire
2001-08-08,2001-08-10,2.8808970406000005e-06,-1.202651516000005e-07,Aggregated,-5.540472262545096,-6.919860196935435,2001,Pre-fire
2001-08-16,2001-08-20,2.5474345748000004e-06,-4.373278240000021e-08,Aggregated,-5.593896961067642,-7.359192890765697,2001,Pre-fire
2001-08-24,,2.6676997264e-06,-1.4431818192000012e-06,,-5.5738630557549325,-5.840678950887812,2001,Pre-fire
2001-08-25,,2.4927685968000003e-06,-1.7493112959999956e-07,,-5.603318035093208,-6.757132899437738,2001,Pre-fire
2001-08-26,2001-08-27,2.4326360210000003e-06,-1.7493112959999998e-07,Aggregated,-5.613922866776711,-6.757132899437737,2001,Pre-fire
2001-08-31,2001-09-03,2.1948390167000005e-06,-5.831037653333333e-08,Aggregated,-5.658597328142943,-7.2342541541574,2001,Pre-fire
2002-04-15,,0.0001084682335476,-7.001618462240001e-05,,-3.9646974324602966,-4.154801558846399,2002,Pre-fire
2002-04-16,,9.135778243360002e-05,-1.7110451113999973e-05,,-4.039254450785391,-4.766738540211195,2002,Pre-fire
2002-04-17,,8.28954890392e-05,-8.462293394400017e-06,,-4.081469102003246,-5.072511921410769,2002,Pre-fire
2002-04-18,,6.847460404280001e-05,-1.442088499639999e-05,,-4.164470470392354,-4.841008086547297,2002,Pre-fire
2002-04-19,,5.769447318120001e-05,-1.07801308616e-05,,-4.238865787916538,-4.96737596715245,2002,Pre-fire
2002-04-20,,5.0194300999600015e-05,-7.500172181599998e-06,,-4.299345589327641,-5.12492876638691,2002,Pre-fire
2002-04-21,,4.458557165680001e-05,-5.608729342800006e-06,,-4.350805660651541,-5.251135516981845,2002,Pre-fire
2002-04-22,,4.047469011120001e-05,-4.110881545599999e-06,,-4.392816467676776,-5.386065037166,2002,Pre-fire
2002-04-23,,3.6320075783200005e-05,-4.1546143280000045e-06,,-4.439853253978286,-5.381469285476851,2002,Pre-fire
2002-04-24,,3.32150482328e-05,-3.105027550400002e-06,,-4.478665112566894,-5.507934542046624,2002,Pre-fire
2002-04-25,,3.068948004920001e-05,-2.525568183599996e-06,,-4.513010469459222,-5.597640902201518,2002,Pre-fire
2002-04-26,,2.9716425640800005e-05,-9.730544084000018e-07,,-4.527003429697186,-6.011862875448748,2002,Pre-fire
2002-04-28,,2.5266615031600005e-05,-4.384211435600003e-06,,-4.597452936614553,-5.358108509473479,2002,Pre-fire
2002-04-29,,2.2850378804e-05,-2.4162362276000035e-06,,-4.641106595982608,-5.61686060840855,2002,Pre-fire
2002-04-30,,2.09698691608e-05,-1.8805096432000027e-06,,-4.678404279259017,-5.7257244351861125,2002,Pre-fire
2002-05-01,,1.9242424256000004e-05,-1.7274449047999947e-06,,-4.715740214279512,-5.762595795139241,2002,Pre-fire
2002-05-02,,1.7853908414800004e-05,-1.3885158412000003e-06,,-4.748266697356994,-5.857449161137705,2002,Pre-fire
2002-05-03,,1.6837121224000003e-05,-1.0167871908000002e-06,,-4.773732161257199,-5.992769933539726,2002,Pre-fire
2002-05-04,,1.57000688816e-05,-1.1370523424000026e-06,,-4.80409844218738,-5.9442195427948805,2002,Pre-fire
2002-05-05,,1.5120609514800002e-05,-5.794593667999992e-07,,-4.8204307019843515,-6.236977012492873,2002,Pre-fire
2002-05-07,,1.4224087475600002e-05,-1.2682506895999995e-06,,-4.846975585532076,-5.896794892866743,2002,Pre-fire
2002-05-08,,1.34259641968e-05,-7.981232788000014e-07,,-4.872054515288513,-6.097930021973205,2002,Pre-fire
2002-05-09,,1.30323691552e-05,-3.935950416000009e-07,,-4.884976626689444,-6.4049503813263735,2002,Pre-fire
2002-05-10,,1.24419765928e-05,-5.903925624000005e-07,,-4.905110620034609,-6.228859122270693,2002,Pre-fire
2002-05-11,,1.1906250008400002e-05,-5.357265843999974e-07,,-4.924225002337887,-6.27105680206515,2002,Pre-fire
2002-05-12,,1.12721246636e-05,-6.341253448000023e-07,,-4.947994216810145,-6.1978248885307226,2002,Pre-fire
2002-05-13,,1.0955061991200004e-05,-3.1706267239999523e-07,,-4.960385160562435,-6.498854884194712,2002,Pre-fire
2002-05-15,,1.065986571e-05,-2.405303031999997e-07,,-4.972248266395125,-6.618830201271456,2002,Pre-fire
2002-05-16,,1.0222537886000002e-05,-4.373278239999976e-07,,-4.990441271221144,-6.359192890765701,2002,Pre-fire
2002-05-18,,9.5556129544e-06,-5.794593668000026e-07,,-5.019741449459259,-6.236977012492871,2002,Pre-fire
2002-05-20,,8.998019978800001e-06,-4.154614327999984e-07,,-5.045853046881392,-6.381469285476853,2002,Pre-fire
2002-05-22,,1.0823863644e-05,-2.186639120000039e-07,,-4.9656176874961115,-6.660222886429673,2002,Pre-fire
2002-05-23,,9.730544084e-06,-1.0933195600000008e-06,,-5.011862875448749,-5.961252882093661,2002,Pre-fire
2002-05-24,,9.2276170864e-06,-5.029269976000003e-07,,-5.0349104354680065,-6.298495050412088,2002,Pre-fire
2002-05-25,,8.9542871964e-06,-2.733298899999985e-07,,-5.047968980333243,-6.563312873421626,2002,Pre-fire
2002-05-29,,1.12502582724e-05,-8.965220391999995e-07,,-4.948837507331229,-6.047439029709945,2002,Pre-fire
2002-05-30,,8.9214876096e-06,-2.3287706628e-06,,-5.0495627233398,-5.632873278654924,2002,Pre-fire
2002-05-31,,8.232696286800002e-06,-6.887913227999986e-07,,-5.084457905892961,-6.161912332640081,2002,Pre-fire
2002-06-01,,7.915633614400001e-06,-3.170626724000003e-07,,-5.101514315896515,-6.498854884194706,2002,Pre-fire
2002-06-02,,7.686036506800001e-06,-2.295971076000001e-07,,-5.114297557073837,-6.639033587359743,2002,Pre-fire
2002-06-04,,7.336174247600002e-06,-1.9679752079999791e-07,,-5.13453036192467,-6.70598037699036,2002,Pre-fire
2002-06-05,,7.095643944400002e-06,-2.4053030320000056e-07,,-5.149008185293292,-6.618830201271455,2002,Pre-fire
2002-06-06,,6.898846423600001e-06,-1.9679752080000046e-07,,-5.161223522849528,-6.705980376990355,2002,Pre-fire
2002-06-11,,6.122589536000002e-06,-3.717286503999983e-07,,-5.213064855087461,-6.4297739650514085,2002,Pre-fire
2002-06-12,,5.914858819600001e-06,-2.077307164000009e-07,,-5.228055616987092,-6.682499281140831,2002,Pre-fire
2002-06-07,2002-06-08,6.8250473533000005e-06,-1.8586432520000085e-07,Aggregated,-5.165894331070277,-6.730803960715386,2002,Pre-fire
2002-06-09,2002-06-10,6.630983131400001e-06,-2.1866391199999966e-07,Aggregated,-5.17842207689107,-6.660222886429681,2002,Pre-fire
2002-06-18,,9.0636191524e-06,-3.6735537216000034e-06,,-5.042698351543388,-5.434913604703818,2002,Pre-fire
2002-06-19,,6.680182511600001e-06,-2.3834366407999996e-06,,-5.175211671851107,-5.622796388489057,2002,Pre-fire
2002-06-20,,6.1553891228e-06,-5.247933888000004e-07,,-5.210744487242316,-6.2800116447180745,2002,Pre-fire
2002-06-21,,5.871126037200001e-06,-2.8426308559999896e-07,,-5.231278596394106,-6.546279534122846,2002,Pre-fire
2002-06-22,,5.488464191200002e-06,-3.826618459999996e-07,,-5.260549164948642,-6.417184837743386,2002,Pre-fire
2002-06-23,,5.1276687364e-06,-3.607954548000021e-07,,-5.290080039378578,-6.4427389422157715,2002,Pre-fire
2002-06-24,,4.887138433200001e-06,-2.4053030319999886e-07,,-5.3109453589617255,-6.618830201271457,2002,Pre-fire
2002-06-25,,4.64660813e-06,-2.4053030320000056e-07,,-5.3328639520433505,-6.618830201271455,2002,Pre-fire
2002-06-26,,4.395144631200001e-06,-2.514634987999993e-07,,-5.357026829009191,-6.59952504607607,2002,Pre-fire
2002-06-30,,4.9636708024000005e-06,-2.722365704400001e-06,,-5.3041970292365574,-5.565053534997925,2002,Pre-fire
2002-07-01,,4.5263429784e-06,-4.3732782400000017e-07,,-5.344252540972763,-6.3591928907657,2002,Pre-fire
2002-07-02,,4.307679066400001e-06,-2.1866391199999966e-07,,-5.3657566602680875,-6.660222886429681,2002,Pre-fire
2002-07-03,,4.1327479368e-06,-1.749311296000004e-07,,-5.383761082256436,-6.757132899437736,2002,Pre-fire
2002-07-04,2002-07-05,4.056215567600001e-06,-1.7493112959999956e-07,Aggregated,-5.391878972478616,-6.757132899437738,2002,Pre-fire
2002-07-08,2002-07-09,3.7883522754e-06,-2.186639120000005e-07,Aggregated,-5.421549643145836,-6.66022288642968,2002,Pre-fire
2002-07-10,2002-07-11,3.5314221788e-06,-1.7493112959999956e-07,Aggregated,-5.452050359762559,-6.757132899437738,2002,Pre-fire
2002-07-12,2002-07-14,3.3947572338e-06,-1.2573174940000008e-07,Aggregated,-5.4691912775810625,-6.900555041740049,2002,Pre-fire
2002-07-15,2002-07-21,3.115960746e-06,-3.4621786066666603e-08,Aggregated,-5.506408022085152,-7.460650531524477,2002,Pre-fire
2002-07-24,,2.941029616400001e-06,-2.733298899999998e-07,,-5.531500602091254,-6.563312873421625,2002,Pre-fire
2002-07-25,2002-07-28,2.8644972472000007e-06,-5.831037653333333e-08,Aggregated,-5.542951590773916,-7.2342541541574,2002,Pre-fire
2002-07-30,2002-08-02,2.6758996231000004e-06,-7.653236920000018e-08,Aggregated,-5.572530181618486,-7.116154842079404,2002,Pre-fire
2002-08-07,2002-08-10,2.4244361243000002e-06,-6.924357213333335e-08,Aggregated,-5.615389253589898,-7.159620535860495,2002,Pre-fire
2002-08-11,2002-08-13,2.2139721090000003e-06,-1.2026515160000007e-07,Aggregated,-5.654827854542974,-6.919860196935437,2002,Pre-fire
2002-08-21,,2.5146349880000003e-06,-5.247933887999999e-07,,-5.599525046076069,-6.2800116447180745,2002,Pre-fire
2002-08-22,2002-08-23,2.3779700430000006e-06,-2.6239669439999934e-07,Aggregated,-5.6237936208030055,-6.581041640382057,2002,Pre-fire
2002-08-24,2002-08-26,2.1483729354000005e-06,-8.746556480000041e-08,Aggregated,-5.667890327382216,-7.058162895101716,2002,Pre-fire
2002-08-27,2002-08-30,1.9789084036000003e-06,-5.8310376533333254e-08,Aggregated,-5.703574307224478,-7.2342541541574,2002,Pre-fire
2003-05-05,,4.657541325600001e-05,-5.313533061600003e-06,,-4.331843282990943,-5.274616612831368,2003,Pre-fire
2003-05-06,,3.9479769311600005e-05,-7.095643944400006e-06,,-4.403625393666835,-5.149008185293292,2003,Pre-fire
2003-05-07,,3.5937413937200006e-05,-3.5423553743999997e-06,,-4.444453178012037,-5.450707871887049,2003,Pre-fire
2003-05-08,,3.3717975230400005e-05,-2.2194387068000005e-06,,-4.472138512714742,-5.653756844180449,2003,Pre-fire
2003-05-09,,3.062388087560001e-05,-3.0940943547999957e-06,,-4.513939773270093,-5.509466446569372,2003,Pre-fire
2003-05-10,,2.9530561315600005e-05,-1.0933195600000042e-06,,-4.52972829790621,-5.96125288209366,2003,Pre-fire
2003-05-11,,2.9169765860800008e-05,-3.60795454799997e-07,,-4.53506705684915,-6.442738942215778,2003,Pre-fire
2003-05-12,,2.7048725914400008e-05,-2.1210399464000007e-06,,-4.567853186800559,-5.673451152163436,2003,Pre-fire
2003-05-13,,2.3976497950800008e-05,-3.0722279636e-06,,-4.620214250416138,-5.512546562188582,2003,Pre-fire
2003-05-14,,2.10792011168e-05,-2.8972968340000063e-06,,-4.67614585252685,-5.538007008156853,2003,Pre-fire
2003-05-15,,1.9548553732800003e-05,-1.5306473839999985e-06,,-4.708885367633763,-5.815124846415424,2003,Pre-fire
2003-05-16,,1.9034693539600005e-05,-5.138601931999982e-07,,-4.7204541109763305,-6.289155024157946,2003,Pre-fire
2003-05-18,,1.79085743928e-05,-1.946108816799997e-06,,-4.746938984669262,-5.7108328797847685,2003,Pre-fire
2003-05-19,,1.5885933206800004e-05,-2.0226411859999975e-06,,-4.79898726779564,-5.694081153690648,2003,Pre-fire
2003-05-20,,1.4672348495200004e-05,-1.2135847115999998e-06,,-4.833500366260688,-5.9159299033070045,2003,Pre-fire
2003-05-21,,1.38742252164e-05,-7.981232788000048e-07,,-4.857791259998957,-6.0979300219732036,2003,Pre-fire
2003-05-22,,1.3218233480400005e-05,-6.559917359999947e-07,,-4.8788265812328895,-6.183101631710022,2003,Pre-fire
2003-05-23,,1.2376377419200002e-05,-8.418560612000032e-07,,-4.907406455241409,-6.074762156921178,2003,Pre-fire
2003-05-24,,1.1906250008400002e-05,-4.701274107999998e-07,,-4.924225002337887,-6.327784426514075,2003,Pre-fire
2003-05-26,,1.16657197052e-05,-1.0933195599999991e-06,,-4.9330884626691915,-5.961252882093662,2003,Pre-fire
2003-05-27,,1.09987947736e-05,-6.669249316000011e-07,,-4.9586549013737535,-6.175923047082894,2003,Pre-fire
2003-05-28,,1.0408402211200002e-05,-5.903925623999971e-07,,-4.982615933709187,-6.228859122270696,2003,Pre-fire
2003-05-31,,1.01241391256e-05,-1.5306473840000019e-06,,-4.9946418954117275,-5.815124846415423,2003,Pre-fire
2003-06-01,,9.6102789324e-06,-5.138601931999999e-07,,-5.0172640070198895,-6.289155024157944,2003,Pre-fire
2003-06-02,,9.4244146072e-06,-1.858643252e-07,,-5.025745616268949,-6.730803960715388,2003,Pre-fire
2003-06-03,,9.01988637e-06,-4.045282372000005e-07,,-5.044798933543737,-6.393051158026666,2003,Pre-fire
2003-06-04,,8.790289262400002e-06,-2.2959710759999841e-07,,-5.05599683334521,-6.639033587359745,2003,Pre-fire
2003-06-05,,8.374827829600002e-06,-4.154614328000001e-07,,-5.077024112461058,-6.381469285476851,2003,Pre-fire
2003-06-06,,8.178030308800002e-06,-1.967975207999996e-07,,-5.0873512842292,-6.7059803769903565,2003,Pre-fire
2003-06-08,,7.8063016584e-06,-2.295971076000001e-07,,-5.107554670317487,-6.639033587359743,2003,Pre-fire
2003-06-09,,7.412706616800002e-06,-3.9359504159999837e-07,,-5.130023188226598,-6.404950381326376,2003,Pre-fire
2003-06-15,,7.019111575200002e-06,-1.967975207999996e-07,,-5.1537178540248085,-6.7059803769903565,2003,Pre-fire
2003-06-17,,6.013257580000001e-06,-8.746556480000003e-07,,-5.220890192599418,-6.058162895101718,2003,Pre-fire
2003-06-22,,6.002324384400002e-06,-3.389290635999995e-07,,-5.22168053764357,-6.46989118825939,2003,Pre-fire
2003-06-23,,5.7508608856000015e-06,-2.5146349880000016e-07,,-5.240267137939923,-6.599525046076068,2003,Pre-fire
2003-06-24,,5.4993973868000005e-06,-2.51463498800001e-07,,-5.259684897037734,-6.599525046076067,2003,Pre-fire
2003-06-25,,5.258867083600001e-06,-2.405303031999997e-07,,-5.27910780571983,-6.618830201271456,2003,Pre-fire
2003-06-26,,5.0074035848000014e-06,-2.514634987999993e-07,,-5.3003874040897925,-6.59952504607607,2003,Pre-fire
2003-06-27,,4.766873281600001e-06,-2.4053030320000056e-07,,-5.321766392825076,-6.618830201271455,2003,Pre-fire
2003-06-28,2003-06-29,4.6083419454e-06,-3.061294768000007e-07,Aggregated,-5.336455303132901,-6.514094850751442,2003,Pre-fire
2003-07-02,2003-07-03,4.3623450444e-06,-2.1866391199999966e-07,Aggregated,-5.360279986406914,-6.660222886429681,2003,Pre-fire
2003-07-04,2003-07-05,4.140947833500001e-06,-1.858643252e-07,Aggregated,-5.3829002405833,-6.730803960715388,2003,Pre-fire
2003-07-06,2003-07-08,3.9468836116e-06,-1.257317494000005e-07,Aggregated,-5.4037456801880035,-6.9005550417400485,2003,Pre-fire
2003-07-09,2003-07-11,3.717286504e-06,-1.038653581999996e-07,Aggregated,-5.429773965051407,-6.983529276804815,2003,Pre-fire
2003-07-15,2003-07-18,3.3974905327000008e-06,-8.746556480000035e-08,Aggregated,-5.468841744779979,-7.058162895101717,2003,Pre-fire
2003-07-19,2003-07-20,3.1132274471e-06,-1.8586432519999916e-07,Aggregated,-5.506789149342524,-6.73080396071539,2003,Pre-fire
2003-07-21,2003-07-23,2.9246298230000006e-06,-9.29321626e-08,Aggregated,-5.533929095736414,-7.031833956379369,2003,Pre-fire
2003-07-27,2003-07-29,2.651299933e-06,-1.2026515160000007e-07,Aggregated,-5.576541139155379,-6.919860196935437,2003,Pre-fire
2003-07-30,2003-07-31,2.3943698364e-06,-1.7493112959999998e-07,Aggregated,-5.620808767253544,-6.757132899437737,2003,Pre-fire
2003-08-08,,2.5146349880000003e-06,-3.607954548000004e-07,,-5.599525046076069,-6.442738942215774,2003,Pre-fire
2003-08-09,2003-08-12,2.4080363309000004e-06,-6.55991736e-08,Aggregated,-5.6183369650095765,-7.183101631710018,2003,Pre-fire
2003-08-13,2003-08-15,2.2467716958000003e-06,-8.746556479999999e-08,Aggregated,-5.648441055881574,-7.058162895101718,2003,Pre-fire
2003-08-16,2003-08-21,2.0937069574000004e-06,-3.4986225919999994e-08,Aggregated,-5.6790841037890205,-7.456102903773756,2003,Pre-fire
2004-06-10,,3.3925705946800004e-05,-3.3127582668000013e-06,,-4.469471106509496,-5.479810253591356,2004,Pre-fire
2004-06-11,,2.895110194880001e-05,-4.974603997999995e-06,,-4.5383349013259995,-5.3032414854365495,2004,Pre-fire
2004-06-12,,2.5037017924000003e-05,-3.9140840248000065e-06,,-4.601417399753774,-5.407369855449787,2004,Pre-fire
2004-06-13,,2.26754476744e-05,-2.361570249600002e-06,,-4.64444413004064,-5.6267991309427305,2004,Pre-fire
2004-06-14,,2.02482782512e-05,-2.4271694231999997e-06,,-4.693611899747746,-5.614899907643023,2004,Pre-fire
2004-06-15,,1.81709710872e-05,-2.0773071640000023e-06,,-4.740621862645569,-5.682499281140832,2004,Pre-fire
2004-06-16,,1.62467286616e-05,-1.9242424255999977e-06,,-4.789234072669105,-5.715740214279513,2004,Pre-fire
2004-06-17,,1.4923811994000002e-05,-1.3229166675999993e-06,,-4.826120230716887,-5.878467511777212,2004,Pre-fire
2004-06-18,,1.4049156346000002e-05,-8.746556480000003e-07,,-4.852349754426348,-6.058162895101718,2004,Pre-fire
2004-06-19,,1.2912104003600004e-05,-1.1370523423999976e-06,,-4.889002984480147,-5.944219542794882,2004,Pre-fire
2004-06-20,,1.2179579898400002e-05,-7.325241052000021e-07,,-4.9143676912559515,-6.135178079392834,2004,Pre-fire
2004-06-21,,1.1796918052400002e-05,-3.826618459999996e-07,,-4.928231437410751,-6.417184837743386,2004,Pre-fire
2004-06-23,,1.1381456619600002e-05,-2.514634987999993e-07,,-4.9438021525831255,-6.59952504607607,2004,Pre-fire
2004-06-24,,1.0867596426400002e-05,-5.138601931999999e-07,,-4.9638664976963485,-6.289155024157944,2004,Pre-fire
2004-06-25,,1.0331869842e-05,-5.357265844000025e-07,,-4.985821073584399,-6.2710568020651465,2004,Pre-fire
2004-06-26,,9.861742431200002e-06,-4.701274107999981e-07,,-5.00604634455172,-6.327784426514077,2004,Pre-fire
2004-06-27,,9.56654615e-06,-2.951962812000011e-07,,-5.019244829071348,-6.5298891179346725,2004,Pre-fire
2004-06-28,,9.2276170864e-06,-3.389290636000012e-07,,-5.0349104354680065,-6.469891188259387,2004,Pre-fire
2004-06-29,,9.01988637e-06,-2.077307163999992e-07,,-5.044798933543737,-6.682499281140834,2004,Pre-fire
2004-07-02,,8.068698352800001e-06,-6.450585404000002e-07,,-5.09319652027062,-6.190400870451517,2004,Pre-fire
2004-07-03,,7.8500344408e-06,-2.186639120000005e-07,,-5.105128437851361,-6.66022288642968,2004,Pre-fire
2004-07-04,,7.6641701156e-06,-1.858643252e-07,,-5.115534864127003,-6.730803960715388,2004,Pre-fire
2004-07-05,,7.336174247600002e-06,-3.279958679999982e-07,,-5.13453036192467,-6.484131627374001,2004,Pre-fire
2004-07-06,,6.898846423600001e-06,-4.37327824000001e-07,,-5.161223522849528,-6.359192890765699,2004,Pre-fire
2004-06-30,2004-07-01,8.861355033800003e-06,-3.06129476799999e-07,Aggregated,-5.052499862909128,-6.514094850751444,2004,Pre-fire
2004-07-11,,6.505251382000001e-06,-2.6239669439999976e-07,,-5.186735916365112,-6.581041640382056,2004,Pre-fire
2004-07-12,,6.297520665600001e-06,-2.0773071640000006e-07,,-5.200830398670449,-6.682499281140832,2004,Pre-fire
2004-07-13,,6.089789949200001e-06,-2.0773071640000006e-07,,-5.215397686919933,-6.682499281140832,2004,Pre-fire
2004-07-14,,5.914858819600001e-06,-1.7493112959999956e-07,,-5.228055616987092,-6.757132899437738,2004,Pre-fire
2004-07-15,,5.718061298800001e-06,-1.9679752080000046e-07,,-5.242751193226387,-6.705980376990355,2004,Pre-fire
2004-07-16,,5.510330582400001e-06,-2.0773071640000006e-07,,-5.258822345648136,-6.682499281140832,2004,Pre-fire
2004-07-09,2004-07-10,6.909779619200002e-06,-2.4053030320000056e-07,Aggregated,-5.1605358038112765,-6.618830201271455,2004,Pre-fire
2004-07-17,2004-07-18,5.3463326484e-06,-3.2799586800000076e-07,Aggregated,-5.271944022970041,-6.484131627373999,2004,Pre-fire
2004-07-20,,5.0511363672000015e-06,-6.341253447999989e-07,,-5.296610906537536,-6.197824888530725,2004,Pre-fire
2004-07-22,,4.6903409124e-06,-1.9679752080000046e-07,,-5.328795589908937,-6.705980376990355,2004,Pre-fire
2004-07-23,,4.471677000400001e-06,-2.1866391199999966e-07,,-5.34952957408632,-6.660222886429681,2004,Pre-fire
2004-07-24,2004-07-26,4.335012055400001e-06,-9.29321626e-08,Aggregated,-5.363009690440039,-7.031833956379369,2004,Pre-fire
2004-07-27,2004-07-29,4.2256800994e-06,-1.2026515159999986e-07,Aggregated,-5.374103383839318,-6.919860196935438,2004,Pre-fire
2004-07-30,2004-08-01,3.9031508292e-06,-1.257317494000005e-07,Aggregated,-5.4085846659814685,-6.9005550417400485,2004,Pre-fire
2004-08-02,2004-08-04,3.6735537216000005e-06,-1.1479855379999963e-07,Aggregated,-5.434913604703818,-6.940063583023725,2004,Pre-fire
2004-08-08,,3.4220902228000007e-06,-2.8426308560000023e-07,,-5.465708544547213,-6.546279534122843,2004,Pre-fire
2004-08-09,,3.2252927020000003e-06,-1.9679752080000046e-07,,-5.491430866115499,-6.705980376990355,2004,Pre-fire
2004-08-10,2004-08-11,3.1268939416000005e-06,-1.7493112959999956e-07,Aggregated,-5.5048868489646186,-6.757132899437738,2004,Pre-fire
2005-06-08,,3.830991738240001e-05,-1.8455234172800005e-05,,-4.416688784597619,-4.733880439804025,2005,Pre-fire
2005-06-09,,3.0470816137200005e-05,-7.839101245200002e-06,,-4.516115913380357,-5.1057337264258615,2005,Pre-fire
2005-06-10,,2.6086604701600005e-05,-4.3842114355999996e-06,,-4.583582442759338,-5.358108509473479,2005,Pre-fire
2005-06-11,,2.4271694232000007e-05,-1.8149104695999983e-06,,-4.614899907643023,-5.741144794053607,2005,Pre-fire
2005-06-12,,2.1855458004400007e-05,-2.4162362276e-06,,-4.6604400879755445,-5.616860608408551,2005,Pre-fire
2005-06-13,,2.02482782512e-05,-1.6071797532000058e-06,,-4.693611899747746,-5.793935547345484,2005,Pre-fire
2005-06-14,,1.80835055224e-05,-2.1647727288000025e-06,,-4.742717376877134,-5.66458769183213,2005,Pre-fire
2005-06-15,,1.66075241164e-05,-1.475981405999997e-06,,-4.779695108230875,-5.8309191135986564,2005,Pre-fire
2005-06-18,,1.98546832096e-05,-3.0394283768000045e-06,,-4.702137037908596,-5.517208086175585,2005,Pre-fire
2005-06-19,,1.7733643263200005e-05,-2.121039946399994e-06,,-4.751202032218524,-5.6734511521634365,2005,Pre-fire
2005-06-20,,1.51752754928e-05,-2.558367770400005e-06,,-4.818863415974826,-5.592037024683518,2005,Pre-fire
2005-06-22,,1.4497417365600004e-05,-1.0167871908000002e-06,,-4.838709358024907,-5.992769933539726,2005,Pre-fire
2005-06-23,,1.3655561304400002e-05,-8.418560612000015e-07,,-4.864690443719526,-6.074762156921179,2005,Pre-fire
2005-06-24,,1.2912104003600004e-05,-7.434573007999983e-07,,-4.889002984480147,-6.128743969387426,2005,Pre-fire
2005-06-25,,1.2190513094000003e-05,-7.215909096000008e-07,,-4.913978014709482,-6.141708946551793,2005,Pre-fire
2005-06-26,,1.16657197052e-05,-5.247933888000029e-07,,-4.9330884626691915,-6.280011644718072,2005,Pre-fire
2005-06-28,,1.1348657032800002e-05,-1.9679752079999791e-07,,-4.945055528581222,-6.70598037699036,2005,Pre-fire
2005-06-29,,1.09003960132e-05,-4.482610196000023e-07,,-4.962557723782006,-6.348469025373924,2005,Pre-fire
2005-06-30,,1.0375602624400002e-05,-5.247933887999978e-07,,-4.983986669666369,-6.280011644718076,2005,Pre-fire
2005-07-01,,9.938274800400002e-06,-4.373278239999993e-07,,-5.002688998871694,-6.3591928907657,2005,Pre-fire
2005-07-02,,9.5884125412e-06,-3.498622592000025e-07,,-5.018253288727621,-6.456102903773752,2005,Pre-fire
2005-07-03,,9.282283064400002e-06,-3.061294767999973e-07,,-5.032345191849709,-6.514094850751446,2005,Pre-fire
2005-07-04,,8.987086783200001e-06,-2.951962812000011e-07,,-5.046381064553612,-6.5298891179346725,2005,Pre-fire
2005-07-05,,8.659090915200001e-06,-3.279958679999999e-07,,-5.062527700504168,-6.4841316273739995,2005,Pre-fire
2005-07-11,,8.090564744000002e-06,-7.871900832000001e-07,,-5.092021162362686,-6.103920385662393,2005,Pre-fire
2005-07-12,,7.5329717684e-06,-5.575929756000017e-07,,-5.123033660186036,-6.253682705995724,2005,Pre-fire
2005-07-13,,7.194042704800001e-06,-3.3892906359999867e-07,,-5.143026988479706,-6.469891188259391,2005,Pre-fire
2005-07-14,,6.975378792800002e-06,-2.1866391199999966e-07,,-5.156432203372499,-6.660222886429681,2005,Pre-fire
2005-07-15,,6.7129820984e-06,-2.6239669440000145e-07,,-5.173084510952494,-6.581041640382053,2005,Pre-fire
2005-07-16,,6.395919426e-06,-3.170626724000003e-07,,-5.194097016011481,-6.498854884194706,2005,Pre-fire
2005-07-17,,6.1663223184e-06,-2.295971076000001e-07,,-5.209973778110319,-6.639033587359743,2005,Pre-fire
2005-07-18,,5.9804579932000016e-06,-1.858643251999983e-07,,-5.223265555760231,-6.7308039607153916,2005,Pre-fire
2005-07-19,2005-07-20,5.931258613000001e-06,-1.7493112959999956e-07,Aggregated,-5.226853139573095,-6.757132899437738,2005,Pre-fire
2005-07-23,,5.6087293428000016e-06,-3.717286504e-07,,-5.251135516981845,-6.429773965051407,2005,Pre-fire
2005-07-24,,5.411931822e-06,-1.967975208000013e-07,,-5.266647683160093,-6.705980376990353,2005,Pre-fire
2005-07-26,,5.073002758400001e-06,-1.967975207999996e-07,,-5.294734901538781,-6.7059803769903565,2005,Pre-fire
2005-07-27,,4.766873281600001e-06,-3.0612947679999986e-07,,-5.321766392825076,-6.514094850751443,2005,Pre-fire
2005-07-28,2005-07-30,4.6630079234e-06,-1.5306473840000035e-07,Aggregated,-5.33133384659012,-6.815124846415423,2005,Pre-fire
2005-07-31,2005-08-01,4.3240788598e-06,-2.405303031999997e-07,Aggregated,-5.3641063942599665,-6.618830201271456,2005,Pre-fire
2005-08-03,,4.110881545600001e-06,-1.858643252e-07,,-5.386065037166,-6.730803960715388,2005,Pre-fire
2005-08-04,2005-08-05,3.9687500028e-06,-2.4053030320000056e-07,Aggregated,-5.401346257057549,-6.618830201271455,2005,Pre-fire
2005-08-06,2005-08-09,3.771952482e-06,-6.924357213333321e-08,Aggregated,-5.423433787020388,-7.159620535860496,2005,Pre-fire
2005-08-10,2005-08-12,3.547821972200001e-06,-1.0386535820000024e-07,Aggregated,-5.450038180957273,-6.983529276804813,2005,Pre-fire
2005-08-19,2005-08-20,3.2580922888000008e-06,-1.7493112959999998e-07,Aggregated,-5.487036618017407,-6.757132899437737,2005,Pre-fire
2005-08-24,2005-08-25,2.927363121900001e-06,-1.858643252e-07,Aggregated,-5.533523402589768,-6.730803960715388,2005,Pre-fire
2005-08-31,2005-09-02,2.7715650846000007e-06,-9.83987603999998e-08,Aggregated,-5.557274918424307,-7.007010372654338,2005,Pre-fire
2006-06-30,,7.762568876e-06,-4.810606063999999e-06,,-5.109994533374587,-5.317800205607474,2006,Pre-fire
2006-07-01,,6.8441804456000015e-06,-9.183884303999987e-07,,-5.164678548883232,-6.036973596031781,2006,Pre-fire
2006-07-02,,6.1553891228e-06,-6.887913228000012e-07,,-5.210744487242316,-6.161912332640079,2006,Pre-fire
2006-07-03,,5.772727276800001e-06,-3.826618459999996e-07,,-5.238618959559849,-6.417184837743386,2006,Pre-fire
2006-07-04,,5.597796147200001e-06,-1.7493112959999956e-07,,-5.251982921117831,-6.757132899437738,2006,Pre-fire
2006-07-08,,5.138601932e-06,-2.8426308560000066e-07,,-5.289155024157944,-6.546279534122843,2006,Pre-fire
2006-07-09,,4.952737606800001e-06,-1.8586432519999916e-07,,-5.30515468008083,-6.73080396071539,2006,Pre-fire
2006-07-10,2006-07-11,4.8406723519000016e-06,-1.858643252e-07,Aggregated,-5.315094312231549,-6.730803960715388,2006,Pre-fire
2006-07-13,,4.701274108000001e-06,-2.295971076000001e-07,,-5.327784426514075,-6.639033587359743,2006,Pre-fire
2006-07-14,,4.493543391600001e-06,-2.0773071640000006e-07,,-5.347411060217593,-6.682499281140832,2006,Pre-fire
2006-07-24,,3.6079545480000007e-06,-1.8586432519999916e-07,,-5.442738942215774,-6.73080396071539,2006,Pre-fire
2006-07-15,2006-07-17,4.395144631200001e-06,-1.0933195599999983e-07,Aggregated,-5.357026829009191,-6.961252882093662,2006,Pre-fire
2006-07-18,2006-07-19,4.1737474203000005e-06,-1.858643252e-07,Aggregated,-5.379473836365203,-6.730803960715388,2006,Pre-fire
2006-07-20,2006-07-22,3.9851497962000005e-06,-1.1479855380000048e-07,Aggregated,-5.399555349439669,-6.940063583023722,2006,Pre-fire
2006-07-25,2006-07-29,3.5040891898000007e-06,-5.193267910000012e-08,Aggregated,-5.455424848238826,-7.284559272468794,2006,Pre-fire
2006-07-30,2006-08-02,3.27995868e-06,-6.559917360000015e-08,Aggregated,-5.4841316273739995,-7.183101631710017,2006,Pre-fire
2006-08-03,2006-08-06,3.1378271372000005e-06,-6.559917359999973e-08,Aggregated,-5.50337098535967,-7.18310163171002,2006,Pre-fire
2006-08-08,2006-08-09,3.1514936317000004e-06,-2.0773071639999963e-07,Aggregated,-5.501483566126925,-6.682499281140833,2006,Pre-fire
2006-08-10,2006-08-13,2.924629823e-06,-7.65323691999999e-08,Aggregated,-5.533929095736415,-7.116154842079405,2006,Pre-fire
2006-08-18,2006-08-19,2.5829674605e-06,-1.858643252e-07,Aggregated,-5.587881064912361,-6.730803960715388,2006,Pre-fire
2006-08-26,2006-08-30,2.2905044782000004e-06,-4.37327824000001e-08,Aggregated,-5.640068854791347,-7.359192890765699,2006,Pre-fire
2007-05-04,,2.3528236931200007e-05,-3.946883611599992e-06,,-4.62841061509931,-5.403745680188004,2007,Pre-fire
2007-05-05,,2.0270144642400004e-05,-3.2580922888000033e-06,,-4.693143152285184,-5.487036618017406,2007,Pre-fire
2007-05-06,,1.7416580590800003e-05,-2.853564051600001e-06,,-4.7590371062925305,-5.54461237475538,2007,Pre-fire
2007-05-07,,1.56126033168e-05,-1.803977274000002e-06,,-4.806524674653506,-5.743768937879755,2007,Pre-fire
2007-05-08,,1.40600895416e-05,-1.552513775200001e-06,,-4.852011913505459,-5.808964537710605,2007,Pre-fire
2007-05-09,,1.2835571634400002e-05,-1.2245179071999978e-06,,-4.891584785182066,-5.912034859423481,2007,Pre-fire
2007-05-10,,1.2288911854400005e-05,-5.46659779999997e-07,,-4.910486570860619,-6.262282877757645,2007,Pre-fire
2007-05-11,,1.1917183204000005e-05,-3.717286504e-07,,-4.923826384153038,-6.429773965051407,2007,Pre-fire
2007-05-12,,1.1611053727200004e-05,-3.061294768000007e-07,,-4.935128365348211,-6.514094850751442,2007,Pre-fire
2007-05-13,,1.12939910548e-05,-3.170626724000037e-07,,-4.947152560574041,-6.4988548841947,2007,Pre-fire
2007-05-14,,1.1009727969200002e-05,-2.842630855999981e-07,,-4.958223411540044,-6.546279534122847,2007,Pre-fire
2007-05-17,,1.04521349936e-05,-2.514634988000027e-07,,-4.980794989817562,-6.599525046076065,2007,Pre-fire
2007-05-18,,1.0222537886000002e-05,-2.2959710759999841e-07,,-4.990441271221144,-6.639033587359745,2007,Pre-fire
2007-05-19,,9.818009648800002e-06,-4.045282372000005e-07,,-5.007976545426358,-6.393051158026666,2007,Pre-fire
2007-05-15,2007-05-16,1.0862129828600002e-05,-3.06129476799999e-07,Aggregated,-4.964085010647827,-6.514094850751444,2007,Pre-fire
2007-05-21,,1.1895316812800002e-05,-3.717286504e-07,,-4.9246239867315005,-6.429773965051407,2007,Pre-fire
2007-05-22,,1.02990702552e-05,-1.5962465576000028e-06,,-4.987201979300784,-5.796900026309224,2007,Pre-fire
2007-05-23,,9.326015846800004e-06,-9.73054408399995e-07,,-5.030303850926138,-6.0118628754487515,2007,Pre-fire
2007-05-24,,8.9761535876e-06,-3.498622592000042e-07,,-5.046909724974221,-6.4561029037737505,2007,Pre-fire
2007-05-25,,8.746556480000002e-06,-2.2959710759999841e-07,,-5.058162895101718,-6.639033587359745,2007,Pre-fire
2007-05-27,,8.342028242800001e-06,-2.405303031999997e-07,,-5.078728344138781,-6.618830201271456,2007,Pre-fire
2007-05-28,,8.068698352800001e-06,-2.733298900000002e-07,,-5.09319652027062,-6.563312873421624,2007,Pre-fire
2007-05-29,,7.828168049600001e-06,-2.405303031999997e-07,,-5.106339859785806,-6.618830201271456,2007,Pre-fire
2007-05-30,,7.642303724400001e-06,-1.858643252e-07,,-5.116775706347981,-6.730803960715388,2007,Pre-fire
2007-05-31,,7.467372594800002e-06,-1.7493112959999956e-07,,-5.126832178412129,-6.757132899437738,2007,Pre-fire
2007-06-02,,7.073777553200001e-06,-2.951962812000011e-07,,-5.1503486014249615,-6.5298891179346725,2007,Pre-fire
2007-06-03,,6.8004476632000005e-06,-2.733298900000002e-07,,-5.167462497402843,-6.563312873421624,2007,Pre-fire
2007-06-06,,9.2494834776e-06,-2.951962811999994e-07,,-5.033882519054639,-6.529889117934675,2007,Pre-fire
2007-06-07,,8.363894634000002e-06,-8.855888435999982e-07,,-5.077591446940044,-6.052767863215013,2007,Pre-fire
2007-06-08,,7.543904964e-06,-8.199896700000023e-07,,-5.122403791356406,-6.08619161870196,2007,Pre-fire
2007-06-11,,7.554838159600001e-06,-1.0933195600000008e-06,,-5.121774834719464,-5.961252882093661,2007,Pre-fire
2007-06-12,,6.734848489600001e-06,-8.199896699999998e-07,,-5.171672169929236,-6.086191618701962,2007,Pre-fire
2007-06-13,,6.1553891228e-06,-5.794593668000009e-07,,-5.210744487242316,-6.236977012492872,2007,Pre-fire
2007-06-16,,5.838326450400002e-06,-2.6239669439999976e-07,,-5.233711625065105,-6.581041640382056,2007,Pre-fire
2007-06-17,,5.554063364800001e-06,-2.8426308560000066e-07,,-5.255389169809742,-6.546279534122843,2007,Pre-fire
2007-06-19,,5.247933888000001e-06,-2.514634987999993e-07,,-5.2800116447180745,-6.59952504607607,2007,Pre-fire
2007-06-20,2007-06-21,5.1249354375000005e-06,-2.5146349880000016e-07,Aggregated,-5.290311601357886,-6.599525046076068,2007,Pre-fire
2007-06-25,,4.701274108000001e-06,-1.858643252e-07,,-5.327784426514075,-6.730803960715388,2007,Pre-fire
2007-06-26,2007-06-27,4.550942668500001e-06,-2.951962811999994e-07,Aggregated,-5.341898635579286,-6.529889117934675,2007,Pre-fire
2007-06-30,,5.138601932e-06,-1.5853133620000007e-06,,-5.289155024157944,-5.799884879858687,2007,Pre-fire
2007-07-01,,4.7122073036e-06,-4.263946283999997e-07,,-5.32677561193293,-6.370188275067163,2007,Pre-fire
2007-07-02,,4.471677000400001e-06,-2.405303031999997e-07,,-5.34952957408632,-6.618830201271456,2007,Pre-fire
2007-07-03,2007-07-04,4.3623450444e-06,-1.967975207999996e-07,Aggregated,-5.360279986406914,-6.7059803769903565,2007,Pre-fire
2007-07-05,2007-07-06,4.160080925800001e-06,-2.186639120000005e-07,Aggregated,-5.38089822098707,-6.66022288642968,2007,Pre-fire
2007-07-07,2007-07-08,3.9441503127e-06,-2.295971076000001e-07,Aggregated,-5.40404654232813,-6.639033587359743,2007,Pre-fire
2007-07-09,2007-07-10,3.7254864007000007e-06,-2.0773071639999963e-07,Aggregated,-5.42881701758695,-6.682499281140833,2007,Pre-fire
2007-07-22,,3.717286504000001e-06,-3.717286504e-07,,-5.429773965051407,-6.429773965051407,2007,Pre-fire
2007-07-23,2007-07-24,3.5751549612000007e-06,-2.623966944000006e-07,Aggregated,-5.446705129433376,-6.581041640382055,2007,Pre-fire
2007-07-25,2007-07-26,3.3537577503000007e-06,-1.858643252e-07,Aggregated,-5.47446831069462,-6.730803960715388,2007,Pre-fire
2007-07-27,2007-07-29,3.1432937350000003e-06,-1.0933195599999983e-07,Aggregated,-5.502615033068013,-6.961252882093662,2007,Pre-fire
2007-07-30,2007-08-01,2.9792958010000008e-06,-9.293216260000022e-08,Aggregated,-5.525886375481001,-7.031833956379368,2007,Pre-fire
2007-08-02,2007-08-03,2.7524319923000006e-06,-2.0773071640000048e-07,Aggregated,-5.560283402868006,-6.6824992811408315,2007,Pre-fire
2007-08-05,2007-08-10,2.5993672539e-06,-4.3732782399999764e-08,Aggregated,-5.58513235648421,-7.359192890765701,2007,Pre-fire
2007-08-11,2007-08-13,2.3178374672000003e-06,-9.839876040000023e-08,Aggregated,-5.6349170211649104,-7.007010372654336,2007,Pre-fire
2007-08-21,,2.941029616400001e-06,-2.2741046848000006e-06,,-5.531500602091254,-5.6431895471309,2007,Pre-fire
2007-08-22,,2.6676997264e-06,-2.7332989000000106e-07,,-5.5738630557549325,-6.563312873421623,2007,Pre-fire
2007-08-23,,2.4818354012e-06,-1.858643252e-07,,-5.605227024900539,-6.730803960715388,2007,Pre-fire
2007-08-24,2007-08-25,2.3943698364e-06,-1.967975207999996e-07,Aggregated,-5.620808767253544,-6.7059803769903565,2007,Pre-fire
2007-08-26,2007-08-29,2.1647727288000004e-06,-8.382116626666658e-08,Aggregated,-5.66458769183213,-7.076646300795732,2007,Pre-fire
2007-09-05,,2.1210399464000003e-06,-2.8426308560000023e-07,,-5.673451152163436,-6.546279534122843,2007,Pre-fire
2007-09-06,2007-09-08,2.0226411860000004e-06,-1.2573174939999997e-07,Aggregated,-5.6940811536906475,-6.90055504174005,2007,Pre-fire
2007-09-09,2007-09-10,1.7602444916000003e-06,-1.9679752079999982e-07,Aggregated,-5.754427006061812,-6.705980376990356,2007,Pre-fire
2008-06-07,,2.2030389134000004e-05,-1.9679752079999622e-07,,-4.656977831616533,-6.705980376990364,2008,Pre-fire
2008-06-08,,1.9526687341600004e-05,-2.5037017924000003e-06,,-4.709371427541134,-5.601417399753774,2008,Pre-fire
2008-06-09,,1.9078426322000003e-05,-4.482610196000006e-07,,-4.719457450798463,-6.348469025373926,2008,Pre-fire
2008-06-11,,2.4818354012000004e-05,-9.94920799600001e-07,,-4.605227024900539,-6.002211489772567,2008,Pre-fire
2008-06-12,,1.967975208e-05,-5.138601932000003e-06,,-4.705980376990356,-5.289155024157944,2008,Pre-fire
2008-06-13,,1.7274449048000004e-05,-2.405303031999997e-06,,-4.762595795139239,-5.618830201271456,2008,Pre-fire
2008-06-14,,1.55907369256e-05,-1.683712122400003e-06,,-4.807133356577815,-5.773732161257198,2008,Pre-fire
2008-06-15,,1.4409951800800004e-05,-1.1807851247999977e-06,,-4.84133747183567,-5.927829126606713,2008,Pre-fire
2008-06-16,,1.32510330672e-05,-1.1589187336000035e-06,,-4.877750262263394,-5.93594701682889,2008,Pre-fire
2008-06-17,,1.2234245876400002e-05,-1.0167871907999985e-06,,-4.912422795565312,-5.992769933539727,2008,Pre-fire
2008-06-18,,1.1217458685600005e-05,-1.0167871907999968e-06,,-4.950105521317864,-5.992769933539728,2008,Pre-fire
2008-06-19,,1.0834796839600002e-05,-3.82661846000003e-07,,-4.965179227608386,-6.417184837743383,2008,Pre-fire
2008-06-20,,1.02881370596e-05,-5.466597800000021e-07,,-4.987663258666405,-6.262282877757642,2008,Pre-fire
2008-06-21,,1.0014807169600005e-05,-2.7332988999999513e-07,,-4.999357408425811,-6.563312873421632,2008,Pre-fire
2008-06-22,,9.7742768664e-06,-2.405303032000048e-07,,-5.009915363297744,-6.618830201271447,2008,Pre-fire
2008-06-23,,9.4134814116e-06,-3.607954548000004e-07,,-5.026249730640007,-6.442738942215774,2008,Pre-fire
2008-06-24,,9.0636191524e-06,-3.498622591999991e-07,,-5.042698351543388,-6.456102903773757,2008,Pre-fire
2008-06-25,,8.691890502000002e-06,-3.717286503999983e-07,,-5.060885753437192,-6.4297739650514085,2008,Pre-fire
2008-06-28,,8.363894634000002e-06,-3.279958679999999e-07,,-5.077591446940044,-6.4841316273739995,2008,Pre-fire
2008-07-01,,7.970299592400001e-06,-2.295971076000001e-07,,-5.098525353775687,-6.639033587359743,2008,Pre-fire
2008-07-04,,7.467372594800002e-06,-2.4053030319999886e-07,,-5.126832178412129,-6.618830201271457,2008,Pre-fire
2008-07-06,,7.226842291600001e-06,-1.8586432520000085e-07,,-5.1410514226080215,-6.730803960715386,2008,Pre-fire
2008-07-07,,6.898846423600001e-06,-3.279958679999999e-07,,-5.161223522849528,-6.4841316273739995,2008,Pre-fire
2008-07-08,,6.5927169468e-06,-3.0612947680000156e-07,,-5.180935569953511,-6.51409485075144,2008,Pre-fire
2008-07-09,,6.3631198392e-06,-2.2959710759999926e-07,,-5.196329897443773,-6.6390335873597435,2008,Pre-fire
2008-07-10,,6.133522731600001e-06,-2.2959710759999926e-07,,-5.2122900208375,-6.6390335873597435,2008,Pre-fire
2008-07-11,,5.914858819600001e-06,-2.1866391199999966e-07,,-5.228055616987092,-6.660222886429681,2008,Pre-fire
2008-07-12,,5.739927690000001e-06,-1.749311296000004e-07,,-5.241093578687705,-6.757132899437736,2008,Pre-fire
2008-07-02,2008-07-03,7.8391012452e-06,-2.623966944000006e-07,Aggregated,-5.1057337264258615,-6.581041640382055,2008,Pre-fire
2008-07-13,2008-07-14,5.625129136200002e-06,-2.1866391199999966e-07,Aggregated,-5.24986750299521,-6.660222886429681,2008,Pre-fire
2008-07-15,2008-07-17,5.395532028600001e-06,-1.257317494000005e-07,Aggregated,-5.267965725088006,-6.9005550417400485,2008,Pre-fire
2008-07-18,2008-07-21,5.1741348177000004e-06,-8.017676773333323e-08,Aggregated,-5.286162259457828,-7.095951455991118,2008,Pre-fire
2008-07-25,,4.6903409124e-06,-1.749311296000004e-07,,-5.328795589908937,-6.757132899437736,2008,Pre-fire
2008-07-26,2008-07-27,4.5318095762e-06,-3.06129476799999e-07,Aggregated,-5.343728347207369,-6.514094850751444,2008,Pre-fire
2008-07-28,2008-07-29,4.269412881800001e-06,-2.4053030320000056e-07,Aggregated,-5.3696318438803425,-6.618830201271455,2008,Pre-fire
2008-07-31,,4.089015154400001e-06,-2.842630855999998e-07,,-5.388381279893181,-6.546279534122844,2008,Pre-fire
2008-08-01,2008-08-02,3.960550106100001e-06,-2.077307164000009e-07,Aggregated,-5.402244487950449,-6.682499281140831,2008,Pre-fire
2008-08-07,2008-08-08,3.6352875370000006e-06,-1.7493112959999998e-07,Aggregated,-5.439461232454538,-6.757132899437737,2008,Pre-fire
2008-08-15,,2.9738292032000005e-06,-1.8586432519999958e-07,,-5.526683978059463,-6.730803960715389,2008,Pre-fire
2008-08-13,2008-08-14,3.2854252778000006e-06,-2.623966944000006e-07,Aggregated,-5.483408405754903,-6.581041640382055,2008,Pre-fire
2008-08-21,,5.105802345200001e-06,-5.718061298799999e-06,,-5.291936001527549,-5.242751193226388,2008,Pre-fire
2008-08-22,,3.881284438e-06,-1.2245179072000011e-06,,-5.411024529038568,-5.91203485942348,2008,Pre-fire
2008-08-23,,3.5204889832000005e-06,-3.6079545479999957e-07,,-5.453397010397831,-6.442738942215775,2008,Pre-fire
2008-08-24,,3.2799586800000004e-06,-2.4053030320000013e-07,,-5.4841316273739995,-6.6188302012714555,2008,Pre-fire
2008-08-26,,3.3018250712000004e-06,-2.9519628120000026e-07,,-5.481245939136511,-6.529889117934674,2008,Pre-fire
2008-08-27,2008-08-29,3.1651601262000003e-06,-1.311983472000001e-07,Aggregated,-5.499604314030207,-6.882071636046037,2008,Pre-fire
2008-08-30,2008-08-31,2.9355630186000007e-06,-2.1866391199999966e-07,Aggregated,-5.5323085920580874,-6.660222886429681,2008,Pre-fire
2008-09-02,2008-09-07,2.7578985901000004e-06,-3.498622592000008e-08,Aggregated,-5.559421707184714,-7.456102903773755,2008,Pre-fire
2008-09-08,2008-09-11,2.5283014825000002e-06,-9.839876039999995e-08,Aggregated,-5.597171140682591,-7.007010372654337,2008,Pre-fire
2009-05-06,,0.0001054616047576,-1.1468922184400002e-05,,-3.976905624507798,-4.940477393900104,2009,Pre-fire
2009-05-07,,0.0001022909780336,-3.170626723999993e-06,,-3.9901626689565464,-5.4988548841947065,2009,Pre-fire
2009-05-08,,7.444412884040001e-05,-2.784684919319999e-05,,-4.128169547915319,-4.555223937130047,2009,Pre-fire
2009-05-09,,5.597796147200001e-05,-1.8466167368400005e-05,,-4.251982921117831,-4.733623232522653,2009,Pre-fire
2009-05-10,,4.626928377920001e-05,-9.708677692799999e-06,,-4.334707223066532,-5.012839916315061,2009,Pre-fire
2009-05-11,,4.0245093003600005e-05,-6.024190775600004e-06,,-4.395287064646995,-5.220101283241877,2009,Pre-fire
2009-05-12,,3.843018253400001e-05,-1.8149104695999949e-06,,-4.415327552737819,-5.741144794053608,2009,Pre-fire
2009-05-15,,4.314238983760001e-05,-1.685898761520001e-05,,-4.365095801177489,-4.773168508378723,2009,Pre-fire
2009-05-16,,3.764299245080001e-05,-5.499397386799996e-06,,-4.424315859388988,-5.259684897037735,2009,Pre-fire
2009-05-17,,3.4056904294000006e-05,-3.586088156800005e-06,,-4.467794831098473,-5.445379038381982,2009,Pre-fire
2009-05-18,,3.0787878809600004e-05,-3.269025484400003e-06,,-4.511620231623587,-5.485581693769232,2009,Pre-fire
2009-05-19,,2.8852703188400003e-05,-1.9351756212000007e-06,,-4.539813491873612,-5.713279615731855,2009,Pre-fire
2009-05-20,,2.6250602635600003e-05,-2.6021005528e-06,,-4.580860722036634,-5.58467592503715,2009,Pre-fire
2009-05-21,,2.42498278408e-05,-2.0007747948000017e-06,,-4.61529134028052,-5.6988017923632315,2009,Pre-fire
2009-05-22,,2.2577048914e-05,-1.6727789268e-06,,-4.646332826101242,-5.776561451276063,2009,Pre-fire
2009-05-23,,2.077307164e-05,-1.803977274000002e-06,,-4.682499281140833,-5.743768937879755,2009,Pre-fire
2009-05-24,,1.89581611704e-05,-1.8149104695999983e-06,,-4.72220378895347,-5.741144794053607,2009,Pre-fire
2009-05-25,,1.7657110894000004e-05,-1.3010502763999967e-06,,-4.75308035542654,-5.885705920701132,2009,Pre-fire
2009-05-26,,1.6345127422000004e-05,-1.3119834719999997e-06,,-4.786611689433213,-5.882071636046037,2009,Pre-fire
2009-05-27,,1.52627410576e-05,-1.0823863644000046e-06,,-4.816367463806519,-5.96561768749611,2009,Pre-fire
2009-05-28,,1.4344352627200004e-05,-9.183884303999954e-07,,-4.84331904705402,-6.036973596031782,2009,Pre-fire
2009-05-29,,1.36774276956e-05,-6.669249316000045e-07,,-4.863995572400242,-6.175923047082891,2009,Pre-fire
2009-05-30,,1.30323691552e-05,-6.450585404000002e-07,,-4.884976626689444,-6.190400870451517,2009,Pre-fire
2009-06-05,,1.16657197052e-05,-9.183884304000021e-07,,-4.9330884626691915,-6.036973596031779,2009,Pre-fire
2009-06-06,,1.13595902284e-05,-3.061294768000007e-07,,-4.944637334536484,-6.514094850751442,2009,Pre-fire
2009-06-07,,1.09659951868e-05,-3.935950415999992e-07,,-4.959951949073243,-6.404950381326375,2009,Pre-fire
2009-06-08,,1.0495867776000002e-05,-4.701274107999981e-07,,-4.978981649054093,-6.327784426514077,2009,Pre-fire
2009-06-09,,1.01460055168e-05,-3.498622592000025e-07,,-4.993704905874799,-6.456102903773752,2009,Pre-fire
2009-06-13,,1.5000344363200004e-05,-2.951962811999977e-07,,-4.823898770722929,-6.529889117934678,2009,Pre-fire
2009-06-14,,1.2113980724800004e-05,-2.8863636384e-06,,-4.9167131217012505,-5.53964895522383,2009,Pre-fire
2009-06-15,,1.07582644704e-05,-1.3557162544000048e-06,,-4.96825778366232,-5.867831196931425,2009,Pre-fire
2009-06-16,,1.01460055168e-05,-6.122589535999997e-07,,-4.993704905874799,-6.213064855087461,2009,Pre-fire
2009-06-17,,9.83987604e-06,-3.06129476799999e-07,,-5.007010372654337,-6.514094850751444,2009,Pre-fire
2009-06-18,,9.5446797588e-06,-2.951962812000011e-07,,-5.020238638388092,-6.5298891179346725,2009,Pre-fire
2009-06-19,,9.347882238000002e-06,-1.9679752079999791e-07,,-5.029286767365489,-6.70598037699036,2009,Pre-fire
2009-06-22,,8.998019978800001e-06,-2.842630856000015e-07,,-5.045853046881392,-6.546279534122841,2009,Pre-fire
2009-06-23,,8.648157719600002e-06,-3.498622591999991e-07,,-5.063076398595985,-6.456102903773757,2009,Pre-fire
2009-06-24,,8.221763091200002e-06,-4.263946283999997e-07,,-5.085035041502019,-6.370188275067163,2009,Pre-fire
2009-06-25,,7.161243118000002e-06,-1.0605199732000003e-06,,-5.145011582101879,-5.974481147827417,2009,Pre-fire
2009-06-27,,6.833247250000001e-06,-2.5146349880000016e-07,,-5.165372864749586,-6.599525046076068,2009,Pre-fire
2009-06-28,,6.538050968800001e-06,-2.9519628120000026e-07,,-5.184551698105251,-6.529889117934674,2009,Pre-fire
2009-06-29,,6.3521866436e-06,-1.8586432520000085e-07,,-5.1970767497033314,-6.730803960715386,2009,Pre-fire
2009-07-03,,5.772727276800001e-06,-2.51463498800001e-07,,-5.238618959559849,-6.599525046076067,2009,Pre-fire
2009-07-04,,5.575929756000001e-06,-1.967975207999996e-07,,-5.253682705995725,-6.7059803769903565,2009,Pre-fire
2009-06-30,2009-07-01,6.2920540677999995e-06,-1.7493112959999956e-07,Aggregated,-5.201207554127851,-6.757132899437738,2009,Pre-fire
2009-07-05,2009-07-06,5.4529313055000005e-06,-2.295971076000001e-07,Aggregated,-5.2633699733988575,-6.639033587359743,2009,Pre-fire
2009-07-07,2009-07-10,5.247933888e-06,-9.11099633333334e-08,Aggregated,-5.2800116447180745,-7.040434128141286,2009,Pre-fire
2009-07-14,,4.876205237600001e-06,-4.701274107999998e-07,,-5.31191802338152,-6.327784426514075,2009,Pre-fire
2009-07-15,,4.64660813e-06,-2.2959710760000096e-07,,-5.3328639520433505,-6.639033587359741,2009,Pre-fire
2009-07-16,,4.417011022400001e-06,-2.2959710759999926e-07,,-5.3548715169830565,-6.6390335873597435,2009,Pre-fire
2009-07-17,,4.231146697200001e-06,-1.858643252e-07,,-5.37354191707475,-6.730803960715388,2009,Pre-fire
2009-07-18,2009-07-20,4.099948350000001e-06,-1.0933195600000025e-07,Aggregated,-5.387221614365943,-6.96125288209366,2009,Pre-fire
2009-07-21,2009-07-23,3.8703512424e-06,-9.839876040000023e-08,Aggregated,-5.412249620067874,-7.007010372654336,2009,Pre-fire
2009-07-24,2009-07-26,3.7664858842000005e-06,-9.839876039999959e-08,Aggregated,-5.424063655850017,-7.007010372654339,2009,Pre-fire
2009-07-27,2009-07-28,3.5068224887000006e-06,-2.5146349880000016e-07,Aggregated,-5.455086217046696,-6.599525046076068,2009,Pre-fire
2009-08-02,2009-08-04,3.2143595064000002e-06,-9.839876040000002e-08,Aggregated,-5.492905551681504,-7.007010372654337,2009,Pre-fire
2009-08-07,,4.318612262000001e-06,-3.06129476799999e-07,,-5.3646557864672015,-6.514094850751444,2009,Pre-fire
2009-08-08,,3.717286504000001e-06,-6.013257580000001e-07,,-5.429773965051407,-6.220890192599418,2009,Pre-fire
2009-08-09,,3.3892906360000006e-06,-3.2799586800000034e-07,,-5.469891188259389,-6.484131627373999,2009,Pre-fire
2009-08-10,,3.1487603328000005e-06,-2.4053030320000013e-07,,-5.501860394334431,-6.6188302012714555,2009,Pre-fire
2009-08-11,2009-08-12,3.0175619856000006e-06,-2.1866391200000008e-07,Aggregated,-5.520343800028444,-6.66022288642968,2009,Pre-fire
2009-08-17,2009-08-18,2.8535640516000003e-06,-2.1866391200000008e-07,Aggregated,-5.54461237475538,-6.66022288642968,2009,Pre-fire
2009-09-07,,3.3018250712000004e-06,-2.0007747948000004e-06,,-5.481245939136511,-5.698801792363232,2009,Pre-fire
2009-09-08,,2.7879648780000005e-06,-5.138601931999999e-07,,-5.554712701659707,-6.289155024157944,2009,Pre-fire
2009-09-09,,2.6021005528000005e-06,-1.858643252e-07,,-5.58467592503715,-6.730803960715388,2009,Pre-fire
2009-09-10,2009-09-12,2.4709022056000002e-06,-1.311983472000001e-07,Aggregated,-5.607144442946261,-6.882071636046037,2009,Pre-fire
2010-06-05,,0.0001544969870236,-8.78263602548e-05,,-3.8110799857005304,-4.056375115130257,2010,Pre-fire
2010-06-06,,0.000109386621978,-4.511036504560001e-05,,-3.9610357891214316,-4.345723658456529,2010,Pre-fire
2010-06-07,,8.46666667264e-05,-2.4719955251599994e-05,,-4.072287537793325,-4.606952319748302,2010,Pre-fire
2010-06-08,,6.489944908160001e-05,-1.97672176448e-05,,-4.187758989822691,-4.704054455954317,2010,Pre-fire
2010-06-09,,6.429812332360002e-05,-6.013257579999917e-07,,-4.191801702691624,-6.220890192599424,2010,Pre-fire
2010-06-10,,6.114936299080001e-05,-3.1487603328000073e-06,,-4.213608062765413,-5.50186039433443,2010,Pre-fire
2010-06-11,,5.246840568440001e-05,-8.680957306400002e-06,,-4.2801021321612405,-5.061432379666566,2010,Pre-fire
2010-06-12,,4.5208763806e-05,-7.259641878400007e-06,,-4.344777368205096,-5.139084802725644,2010,Pre-fire
2010-06-13,,4.010296146080001e-05,-5.10580234519999e-06,,-4.396823555095678,-5.29193600152755,2010,Pre-fire
2010-06-14,,3.609047867560001e-05,-4.012482785200003e-06,,-4.44260735776335,-5.396586817841572,2010,Pre-fire
2010-06-15,,3.2624655670400004e-05,-3.4658230052000025e-06,,-4.4864540632930305,-5.46019361987591,2010,Pre-fire
2010-06-16,,3.0514548919600003e-05,-2.110106750800001e-06,,-4.515493045605031,-5.675695573085887,2010,Pre-fire
2010-06-17,,2.82295110392e-05,-2.285037880400005e-06,,-4.5492966441632605,-5.641106595982607,2010,Pre-fire
2010-06-18,,2.5561811312800004e-05,-2.6676997263999943e-06,,-4.592408375267841,-5.573863055754933,2010,Pre-fire
2010-06-19,,2.317837467200001e-05,-2.3834366407999945e-06,,-4.6349170211649104,-5.622796388489058,2010,Pre-fire
2010-06-20,,2.1724259657200005e-05,-1.4541150148000046e-06,,-4.663055014983846,-5.8374012411265745,2010,Pre-fire
2010-06-21,,1.9964015165600005e-05,-1.7602444916000003e-06,,-4.699752108895382,-5.754427006061812,2010,Pre-fire
2010-06-22,,1.8061639131200003e-05,-1.9023760344000019e-06,,-4.743242839109298,-5.720703633811062,2010,Pre-fire
2010-06-23,,1.6880854006400002e-05,-1.180785124800001e-06,,-4.7726055860939445,-5.927829126606712,2010,Pre-fire
2010-06-24,,1.5885933206800004e-05,-9.949207995999976e-07,,-4.79898726779564,-6.002211489772569,2010,Pre-fire
2010-06-25,,1.46614152996e-05,-1.2245179072000045e-06,,-4.833824104242063,-5.912034859423478,2010,Pre-fire
2010-06-26,,1.3841425629600002e-05,-8.199896699999972e-07,,-4.858819176412325,-6.086191618701963,2010,Pre-fire
2010-06-27,,1.3349431827600003e-05,-4.91993801999999e-07,,-4.874537218148779,-6.308040368318319,2010,Pre-fire
2010-06-29,,1.4158488302000004e-05,-2.0773071639999752e-07,,-4.848983113676391,-6.682499281140838,2010,Pre-fire
2010-06-30,,1.3622761717600002e-05,-5.357265844000025e-07,,-4.865734839770511,-6.2710568020651465,2010,Pre-fire
2010-07-01,,1.3054235546400002e-05,-5.685261711999996e-07,,-4.884248555300311,-6.245249538458863,2010,Pre-fire
2010-07-03,,1.25513085488e-05,-5.794593668000043e-07,,-4.901310994031707,-6.236977012492869,2010,Pre-fire
2010-07-04,,1.17750516612e-05,-7.762568876000005e-07,,-4.929037178795681,-6.109994533374586,2010,Pre-fire
2010-07-05,,1.12283918812e-05,-5.466597800000004e-07,,-4.949682438496383,-6.2622828777576425,2010,Pre-fire
2010-07-06,,1.07363980792e-05,-4.91993801999999e-07,,-4.969141394306712,-6.308040368318319,2010,Pre-fire
2010-07-07,,1.0189738299200003e-05,-5.46659779999997e-07,,-4.99183696973968,-6.262282877757645,2010,Pre-fire
2010-07-08,,9.719610888400002e-06,-4.701274108000015e-07,,-5.012351121123448,-6.327784426514074,2010,Pre-fire
2010-07-09,,9.347882238000002e-06,-3.717286504e-07,,-5.029286767365489,-6.429773965051407,2010,Pre-fire
2010-07-10,,9.129218326e-06,-2.186639120000022e-07,,-5.03956640661006,-6.660222886429676,2010,Pre-fire
2010-07-11,,8.855888436000003e-06,-2.733298899999968e-07,,-5.052767863215012,-6.563312873421629,2010,Pre-fire
2010-07-12,,8.593491741600002e-06,-2.623966944000006e-07,,-5.065830336054254,-6.581041640382055,2010,Pre-fire
2010-07-13,,8.374827829600002e-06,-2.186639120000005e-07,,-5.077024112461058,-6.66022288642968,2010,Pre-fire
2010-07-14,,8.1670971132e-06,-2.077307164000009e-07,,-5.087932280278263,-6.682499281140831,2010,Pre-fire
2010-07-15,,7.882834027600001e-06,-2.842630855999998e-07,,-5.103317617374232,-6.546279534122844,2010,Pre-fire
2010-07-16,,7.6095041376000015e-06,-2.7332988999999936e-07,,-5.118643642483099,-6.5633128734216255,2010,Pre-fire
2010-07-17,,7.4017734212000015e-06,-2.0773071640000006e-07,,-5.130664213408517,-6.682499281140832,2010,Pre-fire
2010-07-22,,6.6583161204000014e-06,-1.7493112959999956e-07,,-5.176635589460786,-6.757132899437738,2010,Pre-fire
2010-07-23,,6.428719012800001e-06,-2.295971076000001e-07,,-5.191875556017523,-6.639033587359743,2010,Pre-fire
2010-07-24,,6.2209882964e-06,-2.0773071640000175e-07,,-5.20614061569859,-6.682499281140829,2010,Pre-fire
2010-07-25,,6.002324384400002e-06,-2.1866391199999797e-07,,-5.22168053764357,-6.660222886429684,2010,Pre-fire
2010-07-26,,5.772727276800001e-06,-2.2959710760000096e-07,,-5.238618959559849,-6.639033587359741,2010,Pre-fire
2010-07-27,,5.5649965604000015e-06,-2.077307163999992e-07,,-5.254535099756903,-6.682499281140834,2010,Pre-fire
2010-08-14,,3.8594180468e-06,-1.7493112959999956e-07,,-5.413478176705839,-6.757132899437738,2010,Pre-fire
2010-07-18,2010-07-19,7.276041671800002e-06,-2.6239669439999976e-07,Aggregated,-5.138104822282967,-6.581041640382056,2010,Pre-fire
2010-07-20,2010-07-21,6.9808453906000016e-06,-3.061294768000007e-07,Aggregated,-5.156091980494227,-6.514094850751442,2010,Pre-fire
2010-07-28,2010-07-29,5.4857308923e-06,-1.8586432520000085e-07,Aggregated,-5.260765500934139,-6.730803960715386,2010,Pre-fire
2010-07-30,2010-07-31,5.247933888e-06,-2.4053030320000056e-07,Aggregated,-5.2800116447180745,-6.618830201271455,2010,Pre-fire
2010-08-01,2010-08-03,5.0675361606e-06,-8.746556479999978e-08,Aggregated,-5.295203143613146,-7.058162895101719,2010,Pre-fire
2010-08-04,2010-08-05,4.859805444200001e-06,-2.1866391199999966e-07,Aggregated,-5.313381116787429,-6.660222886429681,2010,Pre-fire
2010-08-06,2010-08-07,4.5946754509e-06,-2.733298900000002e-07,Aggregated,-5.337745159982153,-6.563312873421624,2010,Pre-fire
2010-08-08,2010-08-10,4.4060778268000005e-06,-8.746556479999978e-08,Aggregated,-5.355947835952552,-7.058162895101719,2010,Pre-fire
2010-08-11,2010-08-13,4.1764807192e-06,-1.3119834720000073e-07,Aggregated,-5.379189519181953,-6.882071636046034,2010,Pre-fire
2010-08-19,,3.914084024800001e-06,-2.6239669439999976e-07,,-5.4073698554497875,-6.581041640382056,2010,Pre-fire
2010-08-20,2010-08-21,3.7992854710000005e-06,-2.1866391199999966e-07,Aggregated,-5.420298073167529,-6.660222886429681,2010,Pre-fire
2011-04-17,,0.0001892973486184,-2.2620781696400016e-05,,-3.722855468912391,-4.6454923914279265,2011,Pre-fire
2011-04-18,,0.0001284213155176,-6.087603310079998e-05,,-3.8913628855867235,-4.215553655491156,2011,Pre-fire
2011-04-19,,9.511880172e-05,-3.330251379760001e-05,,-4.021733629475043,-4.477522983093638,2011,Pre-fire
2011-04-20,,7.36460055616e-05,-2.1472796158400004e-05,,-4.132850803602069,-4.668111398642731,2011,Pre-fire
2011-04-21,,5.8088068222800005e-05,-1.5557937338799996e-05,,-4.235913066183924,-4.808047982009377,2011,Pre-fire
2011-04-22,,4.84996556816e-05,-9.588412541200003e-06,,-4.314261344616539,-5.018253288727621,2011,Pre-fire
2011-04-23,,4.2748794796e-05,-5.750860885600001e-06,,-4.369076124697795,-5.240267137939923,2011,Pre-fire
2011-04-24,,4.054028928480001e-05,-2.208505511199994e-06,,-4.392113156621202,-5.6559015126470396,2011,Pre-fire
2011-04-30,,6.120402896880001e-05,-2.1319731420000037e-06,,-4.213219987963518,-5.671218270731143,2011,Pre-fire
2011-05-01,,5.127668736400001e-05,-9.927341604799998e-06,,-4.290080039378578,-5.003167033572577,2011,Pre-fire
2011-05-02,,4.4880767938000005e-05,-6.395919426000004e-06,,-4.347939720638202,-5.194097016011481,2011,Pre-fire
2011-05-03,,4.1152548238400006e-05,-3.7282196995999997e-06,,-4.385603267338443,-5.428498503101164,2011,Pre-fire
2011-05-04,,3.7260330604800005e-05,-3.8922176336000005e-06,,-4.428753295998999,-5.409802884120786,2011,Pre-fire
2011-05-05,,3.403503790280001e-05,-3.2252927019999977e-06,,-4.468073761411146,-5.491430866115499,2011,Pre-fire
2011-05-06,,3.311664947240001e-05,-9.183884304000004e-07,,-4.479953608760806,-6.03697359603178,2011,Pre-fire
2011-05-07,,3.0897210765600006e-05,-2.2194387068000005e-06,,-4.510080724581122,-5.653756844180449,2011,Pre-fire
2011-05-08,,3.0602014484400004e-05,-2.951962812000028e-07,,-4.514249983627499,-6.529889117934671,2011,Pre-fire
2011-05-09,,2.8787104014800005e-05,-1.8149104695999983e-06,,-4.540802022987593,-5.741144794053607,2011,Pre-fire
2011-05-10,,2.59335399632e-05,-2.8535640516000045e-06,,-4.586138197401437,-5.54461237475538,2011,Pre-fire
2011-05-13,,2.4063963515600004e-05,-3.4330234184000037e-06,,-4.618632839540314,-5.464323234020446,2011,Pre-fire
2011-05-14,,2.22818526328e-05,-1.7821108828000029e-06,,-4.652048702423254,-5.749065277689703,2011,Pre-fire
2011-05-15,,2.1155733486000005e-05,-1.1261191467999963e-06,,-4.674571912738731,-5.948415657388491,2011,Pre-fire
2011-05-16,,2.095893596520001e-05,-1.9679752079999622e-07,,-4.678630769215599,-6.705980376990364,2011,Pre-fire
2011-05-17,,2.0160812686400004e-05,-7.981232788000048e-07,,-4.695491965376051,-6.0979300219732036,2011,Pre-fire
2011-05-18,,1.9548553732800003e-05,-6.122589536000014e-07,,-4.708885367633763,-6.2130648550874605,2011,Pre-fire
2011-05-19,,1.80069731532e-05,-1.5415805796000015e-06,,-4.744559282923907,-5.8120337694382815,2011,Pre-fire
2011-05-20,,1.7077651527200005e-05,-9.293216259999966e-07,,-4.76757185255238,-6.03183395637937,2011,Pre-fire
2011-05-22,,1.57000688816e-05,-1.377582645600004e-06,,-4.80409844218738,-5.860882336976098,2011,Pre-fire
2011-05-23,,1.530647384e-05,-3.935950415999992e-07,,-4.815124846415424,-6.404950381326375,2011,Pre-fire
2011-05-24,,1.4508350561200002e-05,-7.981232787999997e-07,,-4.838381959229226,-6.097930021973206,2011,Pre-fire
2011-06-03,,3.63856749568e-05,-4.624741738799994e-06,,-4.439069564474975,-5.33491251471862,2011,Pre-fire
2011-06-04,,3.217639465080001e-05,-4.209280305999996e-06,,-4.4924626199940505,-5.375792152585161,2011,Pre-fire
2011-06-05,,2.94212293596e-05,-2.755165291200008e-06,,-4.531339184329907,-5.559852341312117,2011,Pre-fire
2011-06-06,,2.6862861589200004e-05,-2.558367770399995e-06,,-4.57084772561358,-5.59203702468352,2011,Pre-fire
2011-06-07,,2.4293560623200003e-05,-2.5693009660000013e-06,,-4.614508827488813,-5.590185019821925,2011,Pre-fire
2011-06-08,,2.1964789960400003e-05,-2.3287706628e-06,,-4.658272945345413,-5.632873278654924,2011,Pre-fire
2011-06-09,,2.05106749456e-05,-1.4541150148000046e-06,,-4.688020048050616,-5.8374012411265745,2011,Pre-fire
2011-06-10,,1.88269628232e-05,-1.6837121223999997e-06,,-4.725219734976026,-5.773732161257199,2011,Pre-fire
2011-06-11,,1.7788309241200003e-05,-1.038653581999996e-06,,-4.749865329156803,-5.983529276804815,2011,Pre-fire
2011-06-13,,1.7514979351200002e-05,-4.045282371999988e-07,,-4.756590370345442,-6.393051158026668,2011,Pre-fire
2011-06-14,,1.51752754928e-05,-2.339703858400003e-06,,-4.818863415974826,-5.63083910874447,2011,Pre-fire
2011-06-15,,1.3994490368000002e-05,-1.1807851247999977e-06,,-4.854042912445793,-5.927829126606713,2011,Pre-fire
2011-06-16,,1.2955836786000002e-05,-1.0386535819999994e-06,,-4.887534531747539,-5.9835292768048145,2011,Pre-fire
2011-06-17,,1.2103047529200005e-05,-8.527892567999977e-07,,-4.917105261214939,-6.069158279403182,2011,Pre-fire
2011-06-19,,1.2288911854400005e-05,-3.7172865039999493e-07,,-4.910486570860619,-6.429773965051413,2011,Pre-fire
2011-06-20,,1.1304924250400002e-05,-9.839876040000031e-07,,-4.946732343335738,-6.007010372654335,2011,Pre-fire
2011-06-21,,1.0823863644e-05,-4.810606064000011e-07,,-4.9656176874961115,-6.317800205607473,2011,Pre-fire
2011-06-22,,1.0419335406800002e-05,-4.045282371999988e-07,,-4.982159981455335,-6.393051158026668,2011,Pre-fire
2011-06-23,,1.0135072321200002e-05,-2.842630855999998e-07,,-4.994173147949165,-6.546279534122844,2011,Pre-fire
2011-06-24,,9.7961432576e-06,-3.389290636000012e-07,,-5.008944872431536,-6.469891188259387,2011,Pre-fire
2011-06-25,,9.4134814116e-06,-3.826618460000013e-07,,-5.026249730640007,-6.417184837743385,2011,Pre-fire
2011-06-26,,9.1620179128e-06,-2.514634987999993e-07,,-5.038008863463385,-6.59952504607607,2011,Pre-fire
2011-07-01,,9.4790805852e-06,-4.045282371999988e-07,,-5.023233784617451,-6.393051158026668,2011,Pre-fire
2011-07-02,,9.1948174996e-06,-2.842630855999998e-07,,-5.03645688629575,-6.546279534122844,2011,Pre-fire
2011-07-03,,8.855888436000003e-06,-3.389290635999978e-07,,-5.052767863215012,-6.469891188259392,2011,Pre-fire
2011-07-04,,8.615358132800001e-06,-2.405303032000014e-07,,-5.064726664604106,-6.618830201271453,2011,Pre-fire
2011-07-05,,8.320161851600002e-06,-2.951962811999994e-07,,-5.0798682253230885,-6.529889117934675,2011,Pre-fire
2011-07-06,,8.068698352800001e-06,-2.51463498800001e-07,,-5.09319652027062,-6.599525046076067,2011,Pre-fire
2011-07-07,,7.860967636400002e-06,-2.077307163999992e-07,,-5.104523991710779,-6.682499281140834,2011,Pre-fire
2011-07-10,,7.478305790400002e-06,-1.749311295999987e-07,,-5.1261967803735455,-6.75713289943774,2011,Pre-fire
2011-07-08,2011-07-09,7.737969185900001e-06,-2.077307164000009e-07,Aggregated,-5.111373004056521,-6.682499281140831,2011,Pre-fire
2011-07-13,,7.325241052000002e-06,-2.40530303199998e-07,,-5.135178079392835,-6.618830201271459,2011,Pre-fire
2011-07-14,,6.8879132280000016e-06,-4.3732782400000017e-07,,-5.16191233264008,-6.3591928907657,2011,Pre-fire
2011-07-15,,6.6364497292000005e-06,-2.51463498800001e-07,,-5.178064191018404,-6.599525046076067,2011,Pre-fire
2011-07-20,,9.260416673200002e-06,-1.0102272734400001e-05,,-5.0333694717629545,-4.995580910873555,2011,Pre-fire
2011-07-21,,8.035898766e-06,-1.2245179072000011e-06,,-5.094965543009467,-5.91203485942348,2011,Pre-fire
2011-07-22,,7.4455062036000016e-06,-5.903925623999988e-07,,-5.128105770180876,-6.228859122270694,2011,Pre-fire
2011-07-23,,6.942579206e-06,-5.029269976000012e-07,,-5.158479156801686,-6.298495050412087,2011,Pre-fire
2011-07-24,,6.570850555600001e-06,-3.7172865039999917e-07,,-5.182378410090922,-6.429773965051408,2011,Pre-fire
2011-07-25,,6.2756542744e-06,-2.951962812000011e-07,,-5.2023409896956885,-6.5298891179346725,2011,Pre-fire
2011-07-26,,5.903925624000001e-06,-3.7172865039999917e-07,,-5.228859122270693,-6.429773965051408,2011,Pre-fire
2011-07-27,,5.619662538400001e-06,-2.842630855999998e-07,,-5.250289763098386,-6.546279534122844,2011,Pre-fire
2011-08-03,,4.7340736948e-06,-2.186639120000005e-07,,-5.3247649857402966,-6.66022288642968,2011,Pre-fire
2011-07-28,2011-07-29,5.523997076900001e-06,-2.077307164000009e-07,Aggregated,-5.2577465599063204,-6.682499281140831,2011,Pre-fire
2011-07-30,2011-07-31,5.2943999693e-06,-2.295971076000001e-07,Aggregated,-5.276183252702514,-6.639033587359743,2011,Pre-fire
2011-08-01,2011-08-02,5.092135850700001e-06,-2.2959710759999926e-07,Aggregated,-5.293100018525381,-6.6390335873597435,2011,Pre-fire
2011-08-04,2011-08-07,4.6630079234e-06,-6.195477506666667e-08,Aggregated,-5.33133384659012,-7.207925215435051,2011,Pre-fire
2011-08-08,2011-08-10,4.466210402600002e-06,-9.83987603999998e-08,Aggregated,-5.350060821225227,-7.007010372654338,2011,Pre-fire
2011-08-11,2011-08-13,4.214746903800001e-06,-9.29321626e-08,Aggregated,-5.375228499706686,-7.031833956379369,2011,Pre-fire
2011-08-14,2011-08-16,4.0780819588000006e-06,-1.0933195600000025e-07,Aggregated,-5.389544050284974,-6.96125288209366,2011,Pre-fire
2011-08-18,2011-08-21,3.8594180468e-06,-9.47543618666666e-08,Aggregated,-5.413478176705839,-7.0234007888425065,2011,Pre-fire
2011-08-25,2011-08-29,3.520488983200001e-06,-4.646608130000011e-08,Aggregated,-5.453397010397831,-7.33286395204335,2011,Pre-fire
2011-09-04,,2.984762398800001e-06,-1.7493112959999913e-07,,-5.525090235052906,-6.757132899437739,2011,Pre-fire
2011-08-31,2011-09-03,3.3127582668e-06,-8.017676773333338e-08,Aggregated,-5.479810253591356,-7.095951455991118,2011,Pre-fire
2012-06-10,,3.848484851200001e-05,-1.1119059925199995e-05,,-4.4147102186155305,-4.953931929170917,2012,Pre-fire
2012-06-11,,3.143293735000001e-05,-7.051911162000001e-06,,-4.502615033068012,-5.151693167458394,2012,Pre-fire
2012-06-12,,2.7311122608800005e-05,-4.121814741200002e-06,,-4.563660448055545,-5.384911531887869,2012,Pre-fire
2012-06-13,,2.393276516840001e-05,-3.3783574403999955e-06,,-4.6210071205257295,-5.4712944026688275,2012,Pre-fire
2012-06-14,,2.11994662684e-05,-2.733298900000009e-06,,-4.673675073014956,-5.563312873421623,2012,Pre-fire
2012-06-15,,1.9122159104400005e-05,-2.0773071639999955e-06,,-4.718463072614985,-5.682499281140834,2012,Pre-fire
2012-06-16,,1.73728478084e-05,-1.749311296000004e-06,,-4.760128984886282,-5.757132899437736,2012,Pre-fire
2012-06-17,,1.55032713608e-05,-1.8695764475999997e-06,,-4.809576651246614,-5.728256771701508,2012,Pre-fire
2012-06-19,,1.448648417e-05,-1.5415805796000031e-06,,-4.8390370038208355,-5.812033769438281,2012,Pre-fire
2012-06-20,,1.32510330672e-05,-1.235451102799999e-06,,-4.877750262263394,-5.908174438610242,2012,Pre-fire
2012-06-21,,1.2420110201600002e-05,-8.309228655999985e-07,,-4.905874550718662,-6.080439289812871,2012,Pre-fire
2012-06-27,,1.5197141884000002e-05,-4.1874139147999966e-06,,-4.818238081839566,-5.378054108125039,2012,Pre-fire
2012-06-28,,1.4453684583200002e-05,-7.434573008e-07,,-4.84002142694404,-6.1287439693874255,2012,Pre-fire
2012-06-29,,1.4103822324000005e-05,-3.498622591999974e-07,,-4.850663171794412,-6.456102903773759,2012,Pre-fire
2012-06-30,,1.3666494500000002e-05,-4.373278240000027e-07,,-4.864342869085605,-6.359192890765697,2012,Pre-fire
2012-07-01,,1.2868371221200002e-05,-7.981232787999997e-07,,-4.890476419250227,-6.097930021973206,2012,Pre-fire
2012-07-02,,1.1971849182e-05,-8.965220392000029e-07,,-4.921838762917525,-6.047439029709944,2012,Pre-fire
2012-07-03,,1.1468922184400002e-05,-5.029269975999969e-07,,-4.940477393900104,-6.2984950504120905,2012,Pre-fire
2012-07-04,,1.1042527556000004e-05,-4.26394628399998e-07,,-4.956931508311019,-6.370188275067164,2012,Pre-fire
2012-07-05,,1.06161329276e-05,-4.263946284000048e-07,,-4.974033652185657,-6.370188275067157,2012,Pre-fire
2012-07-06,,1.0233471081600002e-05,-3.826618459999979e-07,,-4.989977033355556,-6.417184837743388,2012,Pre-fire
2012-07-07,,9.894542018000002e-06,-3.389290635999995e-07,,-5.004604302888458,-6.46989118825939,2012,Pre-fire
2012-07-08,,9.577479345600002e-06,-3.170626724000003e-07,,-5.018748775925581,-6.498854884194706,2012,Pre-fire
2012-07-09,,9.260416673200002e-06,-3.170626724000003e-07,,-5.0333694717629545,-6.498854884194706,2012,Pre-fire
2012-07-10,,8.9214876096e-06,-3.389290636000012e-07,,-5.0495627233398,-6.469891188259387,2012,Pre-fire
2012-07-11,,8.691890502000002e-06,-2.2959710759999841e-07,,-5.060885753437192,-6.639033587359745,2012,Pre-fire
2012-07-12,,8.462293394400002e-06,-2.295971076000001e-07,,-5.0725119214107695,-6.639033587359743,2012,Pre-fire
2012-07-13,,8.2108298956e-06,-2.51463498800001e-07,,-5.085612945089493,-6.599525046076067,2012,Pre-fire
2012-07-14,,8.035898766e-06,-1.749311296000004e-07,,-5.094965543009467,-6.757132899437736,2012,Pre-fire
2012-07-19,,7.292441465200002e-06,-5.029269975999986e-07,,-5.1371270481771125,-6.298495050412089,2012,Pre-fire
2012-07-20,,6.942579206e-06,-3.4986225920000166e-07,,-5.158479156801686,-6.456102903773754,2012,Pre-fire
2012-07-21,,6.691115707200001e-06,-2.514634987999993e-07,,-5.1745014599481,-6.59952504607607,2012,Pre-fire
2012-07-22,,6.516184577600001e-06,-1.749311296000004e-07,,-5.186006622353426,-6.757132899437736,2012,Pre-fire
2012-07-24,,6.2209882964e-06,-1.967975208000013e-07,,-5.20614061569859,-6.705980376990353,2012,Pre-fire
2012-07-25,,6.002324384400002e-06,-2.1866391199999797e-07,,-5.22168053764357,-6.660222886429684,2012,Pre-fire
2012-07-26,,5.7508608856000015e-06,-2.5146349880000016e-07,,-5.240267137939923,-6.599525046076068,2012,Pre-fire
2012-08-04,,4.7778064772000005e-06,-2.0773071640000006e-07,,-5.32077144512324,-6.682499281140832,2012,Pre-fire
2012-07-27,2012-07-29,5.652462125200001e-06,-1.2026515160000028e-07,Aggregated,-5.247762338999719,-6.919860196935436,2012,Pre-fire
2012-07-30,2012-07-31,5.4064652242000005e-06,-2.186639120000005e-07,Aggregated,-5.267086586160463,-6.66022288642968,2012,Pre-fire
2012-08-01,2012-08-02,5.2042011056e-06,-1.7493112959999956e-07,Aggregated,-5.283645929373169,-6.757132899437738,2012,Pre-fire
2012-08-07,,4.6356749344000006e-06,-2.295971076000001e-07,,-5.333887025500929,-6.639033587359743,2012,Pre-fire
2012-08-12,,4.143681132400001e-06,-1.858643252e-07,,-5.382613672125589,-6.730803960715388,2012,Pre-fire
2012-08-08,2012-08-09,4.490810092700001e-06,-2.514634987999993e-07,Aggregated,-5.347675309986562,-6.59952504607607,2012,Pre-fire
2012-08-13,2012-08-14,4.026149279700001e-06,-1.858643252e-07,Aggregated,-5.395110126578993,-6.730803960715388,2012,Pre-fire
2012-08-15,2012-08-16,3.881284438000001e-06,-1.7493112960000083e-07,Aggregated,-5.411024529038568,-6.757132899437735,2012,Pre-fire
2012-08-19,2012-08-20,3.8074853677000002e-06,-2.0773071639999963e-07,Aggregated,-5.41936175699766,-6.682499281140833,2012,Pre-fire
2012-08-23,2012-08-26,3.5860881568000007e-06,-7.653236920000018e-08,Aggregated,-5.445379038381983,-7.116154842079404,2012,Pre-fire
2012-08-27,2012-09-01,3.3619576470000004e-06,-3.7172865040000004e-08,Aggregated,-5.473407761982227,-7.429773965051407,2012,Pre-fire
2012-09-02,2012-09-05,3.1268939416e-06,-7.288797066666655e-08,Aggregated,-5.5048868489646186,-7.1373441411493435,2012,Pre-fire
2012-09-06,2012-09-07,2.9437629153000004e-06,-1.8586432520000085e-07,Aggregated,-5.531097170123642,-6.730803960715386,2012,Pre-fire
2013-05-28,,4.49463671116e-05,-1.3163567502400008e-05,,-4.347305405313312,-4.880626395171856,2013,Pre-fire
2013-05-29,,4.222400140720001e-05,-2.7223657043999957e-06,,-4.374440612650286,-5.565053534997926,2013,Pre-fire
2013-05-30,,3.5937413937200006e-05,-6.2865874700000014e-06,,-4.444453178012037,-5.2015850374040316,2013,Pre-fire
2013-05-31,,2.810924588760001e-05,-7.828168049599996e-06,,-4.551150805450801,-5.106339859785806,2013,Pre-fire
2013-06-01,,2.339703858400001e-05,-4.712207303600001e-06,,-4.630839108744471,-5.32677561193293,2013,Pre-fire
2013-06-02,,2.0138946295200005e-05,-3.2580922888000033e-06,,-4.695963256232831,-5.487036618017406,2013,Pre-fire
2013-06-03,,1.7755509654400004e-05,-2.3834366408000013e-06,,-4.750666857188505,-5.622796388489057,2013,Pre-fire
2013-06-04,,1.5732868468400003e-05,-2.022641186000001e-06,,-4.803192088157057,-5.6940811536906475,2013,Pre-fire
2013-06-05,,1.4103822324000005e-05,-1.6290461443999983e-06,,-4.850663171794412,-5.788066613681388,2013,Pre-fire
2013-06-06,,1.3054235546400002e-05,-1.0495867776000024e-06,,-4.884248555300311,-5.978981649054092,2013,Pre-fire
2013-06-07,,1.21249139204e-05,-9.293216260000017e-07,,-4.9163213359445015,-6.031833956379368,2013,Pre-fire
2013-06-08,,1.1414256206400004e-05,-7.106577139999961e-07,,-4.942552383427418,-6.148339525450808,2013,Pre-fire
2013-06-09,,1.1064393947200004e-05,-3.498622592000008e-07,,-4.956072369589881,-6.456102903773755,2013,Pre-fire
2013-06-10,,1.0681732101200002e-05,-3.826618460000013e-07,,-4.971358318374889,-6.417184837743385,2013,Pre-fire
2013-06-11,,1.03100034508e-05,-3.717286504000017e-07,,-4.986741189356334,-6.429773965051405,2013,Pre-fire
2013-06-12,,9.8726756268e-06,-4.37327824000001e-07,,-5.005565131780156,-6.359192890765699,2013,Pre-fire
2013-06-14,,9.5884125412e-06,-2.077307164000009e-07,,-5.018253288727621,-6.682499281140831,2013,Pre-fire
2013-06-15,,9.183884304e-06,-4.045282372000005e-07,,-5.03697359603178,-6.393051158026666,2013,Pre-fire
2013-06-16,,8.768422871200003e-06,-4.1546143279999673e-07,,-5.057078513809498,-6.381469285476855,2013,Pre-fire
2013-06-17,,8.287362264800001e-06,-4.810606064000011e-07,,-5.081583676461608,-6.317800205607473,2013,Pre-fire
2013-06-18,,8.101497939600001e-06,-1.858643252e-07,,-5.091434674114334,-6.730803960715388,2013,Pre-fire
2013-06-21,,8.440427003200001e-06,-5.138601931999999e-07,,-5.073635581757926,-6.289155024157944,2013,Pre-fire
2013-06-22,,7.981232788e-06,-4.591942152000002e-07,,-5.097930021973206,-6.338003591695761,2013,Pre-fire
2013-06-26,,1.2955836786000002e-05,-2.274104684800002e-06,,-4.887534531747539,-5.6431895471309,2013,Pre-fire
2013-06-27,,1.02881370596e-05,-2.667699726400003e-06,,-4.987663258666405,-5.573863055754932,2013,Pre-fire
2013-06-28,,8.834022044800002e-06,-1.4541150147999979e-06,,-5.053841521319075,-5.837401241126576,2013,Pre-fire
2013-06-29,,8.090564744000002e-06,-7.434573008e-07,,-5.092021162362686,-6.1287439693874255,2013,Pre-fire
2013-06-30,,7.587637746400001e-06,-5.029269976000012e-07,,-5.119893411638807,-6.298495050412087,2013,Pre-fire
2013-07-01,,7.194042704800001e-06,-3.935950415999992e-07,,-5.143026988479706,-6.404950381326375,2013,Pre-fire
2013-07-02,,6.8879132280000016e-06,-3.0612947679999986e-07,,-5.16191233264008,-6.514094850751443,2013,Pre-fire
2013-07-03,,6.538050968800001e-06,-3.498622592000008e-07,,-5.184551698105251,-6.456102903773755,2013,Pre-fire
2013-07-04,,6.3193870568e-06,-2.186639120000005e-07,,-5.199325043673133,-6.66022288642968,2013,Pre-fire
2013-07-08,,5.882059232800002e-06,-1.9679752079999876e-07,,-5.230470606427272,-6.705980376990358,2013,Pre-fire
2013-07-09,,5.619662538400001e-06,-2.623966944000006e-07,,-5.250289763098386,-6.581041640382055,2013,Pre-fire
2013-07-05,2013-07-07,6.2264548942e-06,-1.2026515159999986e-07,Aggregated,-5.205759153678542,-6.919860196935438,2013,Pre-fire
2013-07-10,2013-07-11,5.518530479100001e-06,-2.077307164000009e-07,Aggregated,-5.258176554477985,-6.682499281140831,2013,Pre-fire
2013-07-12,2013-07-13,5.2780001759e-06,-2.733298900000002e-07,Aggregated,-5.27753059964223,-6.563312873421624,2013,Pre-fire
2013-07-14,2013-07-15,5.0128701826e-06,-2.623966943999989e-07,Aggregated,-5.299913542087622,-6.5810416403820575,2013,Pre-fire
2013-07-16,2013-07-17,4.736806993700001e-06,-2.51463498800001e-07,Aggregated,-5.324514310707707,-6.599525046076067,2013,Pre-fire
2013-07-18,2013-07-20,4.5263429784e-06,-1.1479855379999963e-07,Aggregated,-5.344252540972763,-6.940063583023725,2013,Pre-fire
2013-07-21,2013-07-22,4.2639462840000006e-06,-2.623966944000006e-07,Aggregated,-5.370188275067163,-6.581041640382055,2013,Pre-fire
2013-07-23,2013-07-24,4.026149279700001e-06,-2.0773071640000006e-07,Aggregated,-5.395110126578993,-6.682499281140832,2013,Pre-fire
2013-07-25,2013-07-28,3.7801523787e-06,-6.195477506666638e-08,Aggregated,-5.422490693312313,-7.207925215435052,2013,Pre-fire
2013-08-03,2013-08-04,3.6243543414000006e-06,-2.186639120000005e-07,Aggregated,-5.44076934935287,-6.66022288642968,2013,Pre-fire
2013-08-05,2013-08-06,3.3756241415000003e-06,-2.295971076000001e-07,Aggregated,-5.471645915825939,-6.639033587359743,2013,Pre-fire
2013-08-10,,4.045282372000001e-06,-1.2354511028e-06,,-5.393051158026666,-5.908174438610242,2013,Pre-fire
2013-08-11,,3.717286504000001e-06,-3.279958679999999e-07,,-5.429773965051407,-6.4841316273739995,2013,Pre-fire
2013-08-12,,3.4548898096000004e-06,-2.623966944000006e-07,,-5.461565799475258,-6.581041640382055,2013,Pre-fire
2013-08-13,2013-08-14,3.3100249679e-06,-2.9519628120000026e-07,Aggregated,-5.480168730278572,-6.529889117934674,2013,Pre-fire
2013-08-15,2013-08-16,3.0421616757e-06,-2.0773071639999963e-07,Aggregated,-5.516817709086916,-6.682499281140833,2013,Pre-fire
2013-08-17,2013-08-20,2.861763948300001e-06,-7.653236920000018e-08,Aggregated,-5.5433661917427814,-7.116154842079404,2013,Pre-fire
2014-05-11,,6.524931134080001e-05,-3.5368887765999986e-05,,-4.185424067629049,-4.451378597088943,2014,Pre-fire
2014-05-12,,4.846685609480001e-05,-1.6782455246e-05,,-4.314555150794327,-4.775144502280456,2014,Pre-fire
2014-05-13,,3.99389635268e-05,-8.527892568000008e-06,,-4.398603209881745,-5.069158279403181,2014,Pre-fire
2014-05-14,,3.4691029638800004e-05,-5.247933887999999e-06,,-4.459782809993249,-5.2800116447180745,2014,Pre-fire
2014-05-15,,3.125800622040001e-05,-3.433023418399997e-06,,-4.505038726735672,-5.464323234020447,2014,Pre-fire
2014-05-16,,2.830604340840001e-05,-2.9519628119999975e-06,,-4.54812083165879,-5.529889117934675,2014,Pre-fire
2014-05-17,,2.6305268613600004e-05,-2.000774794800005e-06,,-4.579957259089836,-5.6988017923632315,2014,Pre-fire
2014-05-20,,2.727832302200001e-05,-7.084710748799993e-06,,-4.564182332134253,-5.149677876223069,2014,Pre-fire
2014-05-21,,2.4053030320000005e-05,-3.2252927020000045e-06,,-4.6188302012714555,-5.491430866115498,2014,Pre-fire
2014-05-22,,2.20522555252e-05,-2.000774794800005e-06,,-4.656546983880896,-5.6988017923632315,2014,Pre-fire
2014-05-23,,2.05216081412e-05,-1.5306473839999985e-06,,-4.687788609472316,-5.815124846415424,2014,Pre-fire
2014-05-24,,1.8794163236400003e-05,-1.727444904799998e-06,,-4.72597700540661,-5.76259579513924,2014,Pre-fire
2014-05-25,,1.7110451114e-05,-1.683712122400003e-06,,-4.766738540211194,-5.773732161257198,2014,Pre-fire
2014-05-26,,1.55907369256e-05,-1.5197141883999989e-06,,-4.807133356577815,-5.818238081839567,2014,Pre-fire
2014-05-27,,1.45520833436e-05,-1.0386535820000011e-06,,-4.837074826618987,-5.983529276804814,2014,Pre-fire
2014-05-29,,1.5076876732400003e-05,-1.180785124800001e-06,,-4.821688615917812,-5.927829126606712,2014,Pre-fire
2014-05-30,,1.37430268692e-05,-1.333849863200004e-06,,-4.861917604407704,-5.874893051418912,2014,Pre-fire
2014-05-31,,1.2584108135600002e-05,-1.1589187335999968e-06,,-4.90017755846387,-5.935947016828893,2014,Pre-fire
2014-06-01,,1.15126549668e-05,-1.0714531688000016e-06,,-4.938824510908175,-5.970026806401166,2014,Pre-fire
2014-06-02,,1.11409263164e-05,-3.717286504e-07,,-4.953078698087236,-6.429773965051407,2014,Pre-fire
2014-06-03,,1.09113292088e-05,-2.295971076000001e-07,,-4.962122340806291,-6.639033587359743,2014,Pre-fire
2014-06-04,,1.0594266536400002e-05,-3.170626723999986e-07,,-4.9749291050428965,-6.498854884194707,2014,Pre-fire
2014-06-05,,1.03646694288e-05,-2.295971076000018e-07,,-4.984444544755595,-6.639033587359739,2014,Pre-fire
2014-06-06,,9.9273416048e-06,-4.37327824000001e-07,,-5.003167033572577,-6.359192890765699,2014,Pre-fire
2014-06-07,,9.446280998400002e-06,-4.810606063999977e-07,,-5.024739139614768,-6.317800205607476,2014,Pre-fire
2014-06-09,,8.9761535876e-06,-3.061294768000024e-07,,-5.046909724974221,-6.514094850751439,2014,Pre-fire
2014-06-10,,8.713756893200001e-06,-2.623966943999989e-07,,-5.059794560697549,-6.5810416403820575,2014,Pre-fire
2014-06-11,,8.287362264800001e-06,-4.263946283999997e-07,,-5.081583676461608,-6.370188275067163,2014,Pre-fire
2014-06-18,,8.484159785600001e-06,-9.730544083999984e-07,,-5.071391160835473,-6.01186287544875,2014,Pre-fire
2014-06-19,,7.8500344408e-06,-6.341253448000006e-07,,-5.105128437851361,-6.197824888530724,2014,Pre-fire
2014-06-20,,7.4455062036000016e-06,-4.045282371999988e-07,,-5.128105770180876,-6.393051158026668,2014,Pre-fire
2014-06-21,,7.194042704800001e-06,-2.5146349880000016e-07,,-5.143026988479706,-6.599525046076068,2014,Pre-fire
2014-06-22,,6.8441804456000015e-06,-3.4986225919999996e-07,,-5.164678548883232,-6.456102903773756,2014,Pre-fire
2014-06-23,,6.669249316e-06,-1.7493112960000125e-07,,-5.175923047082895,-6.7571328994377335,2014,Pre-fire
2014-06-24,,6.428719012800001e-06,-2.4053030319999886e-07,,-5.191875556017523,-6.618830201271457,2014,Pre-fire
2014-06-28,,8.691890502000002e-06,-4.745006890400002e-06,,-5.060885753437192,-5.323763152581151,2014,Pre-fire
2014-06-29,,7.500172181600002e-06,-1.1917183203999998e-06,,-5.12492876638691,-5.923826384153038,2014,Pre-fire
2014-06-30,,6.997245184000001e-06,-5.029269976000012e-07,,-5.155072908109775,-6.298495050412087,2014,Pre-fire
2014-07-01,,6.767648076400001e-06,-2.295971076000001e-07,,-5.169562233073544,-6.639033587359743,2014,Pre-fire
2014-07-02,,6.505251382000001e-06,-2.6239669439999976e-07,,-5.186735916365112,-6.581041640382056,2014,Pre-fire
2014-07-03,,6.2428546876000005e-06,-2.623966944000006e-07,,-5.204616773847814,-6.581041640382055,2014,Pre-fire
2014-07-05,,5.871126037200001e-06,-2.733298900000002e-07,,-5.231278596394106,-6.563312873421624,2014,Pre-fire
2014-07-06,,5.663395320800001e-06,-2.0773071640000006e-07,,-5.246923122348429,-6.682499281140832,2014,Pre-fire
2014-07-10,,5.105802345200001e-06,-2.2959710759999926e-07,,-5.291936001527549,-6.6390335873597435,2014,Pre-fire
2014-07-07,2014-07-08,5.559529962600001e-06,-1.9679752080000046e-07,Aggregated,-5.254961924834898,-6.705980376990355,2014,Pre-fire
2014-07-14,,4.952737606800001e-06,-2.0773071640000006e-07,,-5.30515468008083,-6.682499281140832,2014,Pre-fire
2014-07-15,,4.679407716800001e-06,-2.733298900000002e-07,,-5.32980911308049,-6.563312873421624,2014,Pre-fire
2014-07-16,,4.504476587200001e-06,-1.7493112959999956e-07,,-5.346355666060527,-6.757132899437738,2014,Pre-fire
2014-07-17,2014-07-18,4.389678033400001e-06,-1.9679752080000046e-07,Aggregated,-5.357567332478962,-6.705980376990355,2014,Pre-fire
2014-07-24,,5.073002758400001e-06,-2.088240359600001e-06,,-5.294734901538781,-5.680219514845934,2014,Pre-fire
2014-07-25,,4.559142565200001e-06,-5.138601931999999e-07,,-5.3411168271199045,-6.289155024157944,2014,Pre-fire
2014-07-26,,4.307679066400001e-06,-2.5146349880000016e-07,,-5.3657566602680875,-6.599525046076068,2014,Pre-fire
2014-07-29,,3.8594180468e-06,-2.077307164000009e-07,,-5.413478176705839,-6.682499281140831,2014,Pre-fire
2014-07-27,2014-07-28,4.192880512600001e-06,-2.405303031999997e-07,Aggregated,-5.377487513808662,-6.618830201271456,2014,Pre-fire
2014-07-30,2014-07-31,3.7473527919000003e-06,-2.295971076000001e-07,Aggregated,-5.426275418632112,-6.639033587359743,2014,Pre-fire
2014-08-05,2014-08-07,3.4111570272000003e-06,-9.293216260000022e-08,Aggregated,-5.467098288075219,-7.031833956379368,2014,Pre-fire
2014-08-08,2014-08-11,3.2116262075000003e-06,-7.653236920000003e-08,Aggregated,-5.493275006813869,-7.116154842079404,2014,Pre-fire
2014-08-15,,3.3564910492e-06,-3.7172865040000086e-07,,-5.474114506616475,-6.429773965051406,2014,Pre-fire
2014-08-16,,3.1268939416000005e-06,-2.2959710759999968e-07,,-5.5048868489646186,-6.6390335873597435,2014,Pre-fire
2014-08-17,2014-08-18,3.023028583400001e-06,-1.7493112959999998e-07,Aggregated,-5.519557746452945,-6.757132899437737,2014,Pre-fire
2014-08-19,2014-08-22,2.826231062600001e-06,-6.924357213333321e-08,Aggregated,-5.5487923346637,-7.159620535860496,2014,Pre-fire
2014-08-23,2014-08-26,2.629433541800001e-06,-6.55991736e-08,Aggregated,-5.580137801383811,-7.183101631710018,2014,Pre-fire
2014-09-01,,2.6349001396e-06,-1.9679752080000046e-07,,-5.579235839518794,-6.705980376990355,2014,Pre-fire
2014-09-02,2014-09-03,2.5283014825000002e-06,-2.0773071639999963e-07,Aggregated,-5.597171140682591,-6.682499281140833,2014,Pre-fire
2014-09-04,2014-09-06,2.3178374672000003e-06,-1.0933195600000004e-07,Aggregated,-5.6349170211649104,-6.961252882093661,2014,Pre-fire
2015-04-02,,2.20522555252e-05,-1.4869146016000034e-06,,-4.656546983880896,-5.827713973723443,2015,Pre-fire
2015-04-03,,2.0084280317200004e-05,-1.967975207999996e-06,,-4.697143725787853,-5.7059803769903565,2015,Pre-fire
2015-04-04,,1.95376205372e-05,-5.466597800000038e-07,,-4.709128329588017,-6.26228287775764,2015,Pre-fire
2015-04-05,,1.90456267352e-05,-4.91993801999999e-07,,-4.720204731422017,-6.308040368318319,2015,Pre-fire
2015-04-16,,2.0095213512800003e-05,-2.678632922000004e-06,,-4.696907375043569,-5.572086797729129,2015,Pre-fire
2015-04-17,,1.7547778938e-05,-2.547434574800002e-06,,-4.755777845352771,-5.593896961067642,2015,Pre-fire
2015-04-18,,1.5645402903600003e-05,-1.9023760343999985e-06,,-4.805613248333885,-5.720703633811063,2015,Pre-fire
2015-04-19,,1.4563016539200003e-05,-1.0823863643999995e-06,,-4.836748657259379,-5.965617687496112,2015,Pre-fire
2015-04-20,,1.34259641968e-05,-1.1370523424000026e-06,,-4.872054515288513,-5.9442195427948805,2015,Pre-fire
2015-04-21,,1.2354511028e-05,-1.0714531688e-06,,-4.908174438610242,-5.970026806401167,2015,Pre-fire
2015-04-22,,1.1643853314000005e-05,-7.106577139999961e-07,,-4.933903274318905,-6.148339525450808,2015,Pre-fire
2015-04-26,,1.4748880864400002e-05,-1.3229166675999993e-06,,-4.831240932421758,-5.878467511777212,2015,Pre-fire
2015-04-27,,1.2277978658800003e-05,-2.470902205599998e-06,,-4.910873125832204,-5.607144442946261,2015,Pre-fire
2015-04-28,,1.12939910548e-05,-9.839876040000031e-07,,-4.947152560574041,-6.007010372654335,2015,Pre-fire
2015-04-29,,1.06379993188e-05,-6.559917359999998e-07,,-4.97314004182531,-6.183101631710018,2015,Pre-fire
2015-04-30,,1.0200671494800005e-05,-4.3732782399999593e-07,,-4.991371238347162,-6.359192890765703,2015,Pre-fire
2015-05-01,,9.7414772796e-06,-4.591942152000053e-07,,-5.011375178056787,-6.338003591695756,2015,Pre-fire
2015-05-03,,9.435347802800002e-06,-2.514634987999976e-07,,-5.025242086378452,-6.599525046076073,2015,Pre-fire
2015-05-04,,9.0964187392e-06,-3.389290636000012e-07,,-5.041129555802938,-6.469891188259387,2015,Pre-fire
2015-05-06,,8.757489675600001e-06,-1.967975207999996e-07,,-5.057620366009424,-6.7059803769903565,2015,Pre-fire
2015-05-09,,8.221763091200002e-06,-3.279958679999999e-07,,-5.085035041502019,-6.4841316273739995,2015,Pre-fire
2015-05-10,,8.003099179200002e-06,-2.186639120000005e-07,,-5.09674180103527,-6.66022288642968,2015,Pre-fire
2015-05-07,2015-05-08,8.672757409700001e-06,-2.077307163999992e-07,Aggregated,-5.061842801321212,-6.682499281140834,2015,Pre-fire
2015-05-23,,8.2654958736e-06,-1.0386535820000011e-06,,-5.082731086592455,-5.983529276804814,2015,Pre-fire
2015-05-24,,7.7516356804e-06,-5.138601931999999e-07,,-5.110606646910595,-6.289155024157944,2015,Pre-fire
2015-05-25,,7.358040638800001e-06,-3.935950415999992e-07,,-5.133237817869685,-6.404950381326375,2015,Pre-fire
2015-05-26,,6.942579206e-06,-4.1546143280000096e-07,,-5.158479156801686,-6.38146928547685,2015,Pre-fire
2015-05-27,,6.527117773200001e-06,-4.1546143279999927e-07,,-5.185278550964292,-6.381469285476852,2015,Pre-fire
2015-05-29,,6.286587470000001e-06,-1.749311296000004e-07,,-5.2015850374040316,-6.757132899437736,2015,Pre-fire
2015-05-31,,5.991391188800001e-06,-2.077307163999992e-07,,-5.222472323609293,-6.682499281140834,2015,Pre-fire
2015-06-05,,5.575929756000001e-06,-2.0773071640000006e-07,,-5.253682705995725,-6.682499281140832,2015,Pre-fire
2015-06-08,,5.105802345200001e-06,-2.7332988999999936e-07,,-5.291936001527549,-6.5633128734216255,2015,Pre-fire
2015-06-11,,4.7122073036e-06,-2.5146349880000016e-07,,-5.32677561193293,-6.599525046076068,2015,Pre-fire
2015-06-06,2015-06-07,5.461131202200001e-06,-1.9679752080000046e-07,Aggregated,-5.262717389531661,-6.705980376990355,2015,Pre-fire
2015-06-15,,4.504476587200001e-06,-2.077307163999992e-07,,-5.346355666060527,-6.682499281140834,2015,Pre-fire
2015-06-16,,4.209280306000001e-06,-2.9519628120000026e-07,,-5.375792152585161,-6.529889117934674,2015,Pre-fire
2015-06-17,2015-06-19,4.1327479368e-06,-1.0933195600000025e-07,Aggregated,-5.383761082256436,-6.96125288209366,2015,Pre-fire
2015-06-21,2015-06-23,3.8703512424e-06,-1.0386535820000045e-07,Aggregated,-5.412249620067874,-6.983529276804812,2015,Pre-fire
2015-06-27,,4.0780819588000006e-06,-2.4053030320000056e-07,,-5.389544050284974,-6.618830201271455,2015,Pre-fire
2015-06-28,,3.750086090800001e-06,-3.279958679999995e-07,,-5.425958762050891,-6.484131627374,2015,Pre-fire
2015-06-30,,3.465823005200001e-06,-1.9679752080000003e-07,,-5.46019361987591,-6.705980376990356,2015,Pre-fire
2015-07-01,2015-07-02,3.326424761300001e-06,-2.9519628119999984e-07,Aggregated,-5.478022295191559,-6.529889117934674,2015,Pre-fire
2015-07-03,2015-07-05,3.033961779000001e-06,-1.2026515160000028e-07,Aggregated,-5.517989894634966,-6.919860196935436,2015,Pre-fire
2015-07-11,,3.1487603328000005e-06,-2.2959710759999968e-07,,-5.501860394334431,-6.6390335873597435,2015,Pre-fire
2015-07-13,,2.798898073600001e-06,-1.858643252e-07,,-5.553012916781812,-6.730803960715388,2015,Pre-fire
2015-07-14,2015-07-16,2.7168991066000006e-06,-9.293216260000043e-08,Aggregated,-5.565926489024311,-7.031833956379367,2015,Pre-fire
2015-07-17,2015-07-19,2.5419679770000006e-06,-9.293216259999979e-08,Aggregated,-5.594829924867689,-7.03183395637937,2015,Pre-fire
2015-07-23,2015-07-25,2.3561036518000006e-06,-8.746556479999999e-08,Aggregated,-5.627805607596911,-7.058162895101718,2015,Pre-fire
2015-07-27,2015-07-29,2.1702393266000006e-06,-1.0386535820000003e-07,Aggregated,-5.663492370994528,-6.983529276804814,2015,Pre-fire
2015-07-30,2015-07-31,1.9324423223e-06,-1.858643252e-07,Aggregated,-5.713893459624725,-6.730803960715388,2015,Pre-fire
2015-08-04,2015-08-05,2.0499741750000003e-06,-2.1866391200000008e-07,Aggregated,-5.688251610029924,-6.66022288642968,2015,Pre-fire
2016-04-25,,2.8382575777600006e-05,-8.385761025199996e-06,,-4.5469481939653305,-5.076457518144681,2016,Pre-fire
2016-04-26,,2.350637054e-05,-4.876205237600005e-06,,-4.628814422178056,-5.311918023381519,2016,Pre-fire
2016-04-27,,2.0937069574000003e-05,-2.569300965999998e-06,,-4.6790841037890205,-5.590185019821925,2016,Pre-fire
2016-04-28,,1.8619232106800003e-05,-2.3178374672000003e-06,,-4.730038234131061,-5.6349170211649104,2016,Pre-fire
2016-04-29,,1.7340048221600002e-05,-1.2791838852000008e-06,,-4.760949699112077,-5.8930670203475,2016,Pre-fire
2016-04-30,,1.5995265162800004e-05,-1.3447830587999985e-06,,-4.796008555968351,-5.871347770654264,2016,Pre-fire
2016-05-01,,1.4683281690800002e-05,-1.3119834720000013e-06,,-4.833176869424946,-5.882071636046036,2016,Pre-fire
2016-05-02,,1.3589962130800005e-05,-1.0933195599999974e-06,,-4.866781753452017,-5.961252882093663,2016,Pre-fire
2016-05-05,,1.2868371221200002e-05,-9.621212127999971e-07,,-4.890476419250227,-6.016770209943495,2016,Pre-fire
2016-05-06,,1.1993715573200002e-05,-8.746556480000003e-07,,-4.92104625451895,-6.058162895101718,2016,Pre-fire
2016-05-07,,1.14579889888e-05,-5.357265844000025e-07,,-4.940891599445954,-6.2710568020651465,2016,Pre-fire
2016-05-08,,1.09441287956e-05,-5.138601931999999e-07,,-4.960818804614343,-6.289155024157944,2016,Pre-fire
2016-05-09,,1.0550533754e-05,-3.935950415999992e-07,,-4.9767255687498695,-6.404950381326375,2016,Pre-fire
2016-05-10,,1.02444042772e-05,-3.061294768000007e-07,,-4.989513291205884,-6.514094850751442,2016,Pre-fire
2016-05-11,,9.83987604e-06,-4.045282371999988e-07,,-5.007010372654337,-6.393051158026668,2016,Pre-fire
2016-05-12,,9.4681473896e-06,-3.717286504e-07,,-5.023734990076315,-6.429773965051407,2016,Pre-fire
2016-05-13,,9.118285130400002e-06,-3.498622591999991e-07,,-5.040086831455923,-6.456102903773757,2016,Pre-fire
2016-05-17,,8.309228656e-06,-4.045282372000005e-07,,-5.080439289812871,-6.393051158026666,2016,Pre-fire
2016-05-14,2016-05-15,8.970686989800002e-06,-2.623966943999989e-07,Aggregated,-5.04717429670455,-6.5810416403820575,2016,Pre-fire
2016-05-24,,8.680957306400002e-06,-4.045282371999971e-07,,-5.061432379666566,-6.39305115802667,2016,Pre-fire
2016-05-25,,7.762568876e-06,-9.183884304000021e-07,,-5.109994533374587,-6.036973596031779,2016,Pre-fire
2016-05-26,,7.084710748800001e-06,-6.77858127199999e-07,,-5.149677876223068,-6.168861192595409,2016,Pre-fire
2016-05-27,,6.898846423600001e-06,-1.858643252e-07,,-5.161223522849528,-6.730803960715388,2016,Pre-fire
2016-05-29,,6.461518599600001e-06,-2.733298900000002e-07,,-5.189665401212406,-6.563312873421624,2016,Pre-fire
2016-05-30,,6.2428546876000005e-06,-2.186639120000005e-07,,-5.204616773847814,-6.66022288642968,2016,Pre-fire
2016-06-04,,5.6087293428000016e-06,-3.717286504e-07,,-5.251135516981845,-6.429773965051407,2016,Pre-fire
2016-06-05,,5.160468323200001e-06,-4.482610196000006e-07,,-5.287310883459574,-6.348469025373926,2016,Pre-fire
2016-06-06,,4.9636708024000005e-06,-1.9679752080000046e-07,,-5.3041970292365574,-6.705980376990355,2016,Pre-fire
2016-06-08,,4.745006890400001e-06,-2.0773071640000006e-07,,-5.323763152581151,-6.682499281140832,2016,Pre-fire
2016-06-09,,4.438877413600001e-06,-3.0612947679999986e-07,,-5.352726848516467,-6.514094850751443,2016,Pre-fire
2016-06-01,2016-06-02,6.1799888129e-06,-2.514634987999993e-07,Aggregated,-5.209012311076265,-6.59952504607607,2016,Pre-fire
2016-06-15,,7.040977966400001e-06,-1.5853133619999999e-06,,-5.15236701473385,-5.799884879858687,2016,Pre-fire
2016-06-16,,6.122589536000002e-06,-9.183884303999987e-07,,-5.213064855087461,-6.036973596031781,2016,Pre-fire
2016-06-17,,5.816460059200001e-06,-3.0612947680000156e-07,,-5.235341249798614,-6.51409485075144,2016,Pre-fire
2016-06-19,,5.193267910000001e-06,-5.357265844e-07,,-5.284559272468795,-6.271056802065148,2016,Pre-fire
2016-06-20,,4.679407716800001e-06,-5.138601931999999e-07,,-5.32980911308049,-6.289155024157944,2016,Pre-fire
2016-06-21,,4.351411848800001e-06,-3.279958679999999e-07,,-5.361369810019974,-6.4841316273739995,2016,Pre-fire
2016-06-22,2016-06-23,4.231146697200001e-06,-2.6239669439999976e-07,Aggregated,-5.37354191707475,-6.581041640382056,2016,Pre-fire
2016-06-26,2016-06-27,3.9851497962000005e-06,-2.4053030320000056e-07,Aggregated,-5.399555349439669,-6.618830201271455,2016,Pre-fire
2016-06-28,2016-07-01,3.7828856776000003e-06,-8.01767677333331e-08,Aggregated,-5.422176783300885,-7.095951455991119,2016,Pre-fire
2016-07-02,2016-07-04,3.5314221788000006e-06,-1.2026515160000028e-07,Aggregated,-5.452050359762559,-6.919860196935436,2016,Pre-fire
2016-07-05,2016-07-07,3.2854252778000006e-06,-9.839876040000023e-08,Aggregated,-5.483408405754903,-7.007010372654336,2016,Pre-fire
2016-07-11,,5.3681990396e-06,-2.1975723155999996e-06,,-5.2701713899706935,-5.658056824673173,2016,Pre-fire
2016-07-12,,4.362345044400001e-06,-1.005853995199999e-06,,-5.360279986406914,-5.9974650547481065,2016,Pre-fire
2016-07-13,,3.9468836116e-06,-4.1546143280000096e-07,,-5.4037456801880035,-6.38146928547685,2016,Pre-fire
2016-07-14,,3.717286504000001e-06,-2.2959710759999926e-07,,-5.429773965051407,-6.6390335873597435,2016,Pre-fire
2016-07-15,,3.542355374400001e-06,-1.7493112959999998e-07,,-5.450707871887049,-6.757132899437737,2016,Pre-fire
2016-07-16,2016-07-18,3.4330234184000003e-06,-8.74655648000002e-08,Aggregated,-5.464323234020447,-7.0581628951017175,2016,Pre-fire
2016-07-19,2016-07-20,3.2772253811000005e-06,-2.0773071640000048e-07,Aggregated,-5.4844936903227754,-6.6824992811408315,2016,Pre-fire
2016-07-21,2016-07-22,3.0558281702000005e-06,-2.1866391199999924e-07,Aggregated,-5.514871069871219,-6.660222886429682,2016,Pre-fire
2016-07-23,2016-07-26,2.815297867000001e-06,-9.110996333333368e-08,Aggregated,-5.550475648716452,-7.0404341281412846,2016,Pre-fire
2016-07-28,2016-07-30,2.6458333352e-06,-1.0386535820000003e-07,Aggregated,-5.57743751611323,-6.983529276804814,2016,Pre-fire
2016-07-31,2016-08-04,2.3889032386000002e-06,-4.9199380200000114e-08,Aggregated,-5.621801440787221,-7.308040368318317,2016,Pre-fire
2016-08-11,2016-08-12,2.1757059244000004e-06,-1.9679752080000003e-07,Aggregated,-5.662399805683955,-6.705980376990356,2016,Pre-fire
2017-05-17,,6.321573695920002e-05,-1.9450154972399983e-05,,-4.199174794759022,-4.711076934009737,2017,Pre-fire
2017-05-18,,4.642234851760001e-05,-1.6793388441600005e-05,,-4.333272892263682,-4.774861666398168,2017,Pre-fire
2017-05-19,,3.78616563628e-05,-8.560692154800013e-06,,-4.421800390544201,-5.067491120035718,2017,Pre-fire
2017-05-20,,3.2209194237600006e-05,-5.652462125199991e-06,,-4.49202013958705,-5.24776233899972,2017,Pre-fire
2017-05-21,,2.8513774124800005e-05,-3.695420112800001e-06,,-4.544945295033779,-5.432336181816007,2017,Pre-fire
2017-05-22,,2.56274104864e-05,-2.8863636384000067e-06,,-4.591295274747608,-5.5396489552238295,2017,Pre-fire
2017-05-23,,2.3440771366400003e-05,-2.186639119999995e-06,,-4.630028101072929,-5.660222886429682,2017,Pre-fire
2017-05-24,,2.1046401530000003e-05,-2.394369836400001e-06,,-4.676822148249142,-5.620808767253544,2017,Pre-fire
2017-05-25,,1.98000172316e-05,-1.246384298400002e-06,,-4.703334431779603,-5.9043480307571885,2017,Pre-fire
2017-05-26,,1.8564566128800005e-05,-1.2354511027999957e-06,,-4.731315196185728,-5.908174438610244,2017,Pre-fire
2017-05-27,,1.67168560724e-05,-1.8477100564000039e-06,,-4.776845396681342,-5.733366177479987,2017,Pre-fire
2017-05-28,,1.53502066224e-05,-1.366649450000001e-06,,-4.813885774299875,-5.864342869085605,2017,Pre-fire
2017-05-29,,1.4213154280000004e-05,-1.1370523423999959e-06,,-4.847309529786825,-5.944219542794883,2017,Pre-fire
2017-05-30,,1.3393164610000002e-05,-8.199896700000023e-07,,-4.873116793393111,-6.08619161870196,2017,Pre-fire
2017-05-31,,1.2496642570800002e-05,-8.965220391999995e-07,,-4.90320665169838,-6.047439029709945,2017,Pre-fire
2017-06-01,,1.2026515160000002e-05,-4.701274107999998e-07,,-4.919860196935437,-6.327784426514075,2017,Pre-fire
2017-06-02,,1.1381456619600002e-05,-6.450585404000002e-07,,-4.9438021525831255,-6.190400870451517,2017,Pre-fire
2017-06-03,,1.1064393947200004e-05,-3.170626723999986e-07,,-4.956072369589881,-6.498854884194707,2017,Pre-fire
2017-06-04,,1.0561466949600002e-05,-5.02926997600002e-07,,-4.976275755678168,-6.298495050412086,2017,Pre-fire
2017-06-05,,1.0277203864e-05,-2.842630856000015e-07,,-4.988125028493963,-6.546279534122841,2017,Pre-fire
2017-06-06,,9.894542018000002e-06,-3.826618459999979e-07,,-5.004604302888458,-6.417184837743388,2017,Pre-fire
2017-06-07,,9.708677692800002e-06,-1.858643252e-07,,-5.012839916315061,-6.730803960715388,2017,Pre-fire
2017-06-11,,1.05396005584e-05,-1.5743801664000036e-06,,-4.977175848190831,-5.802890389998411,2017,Pre-fire
2017-06-12,,9.4790805852e-06,-1.0605199732000003e-06,,-5.023233784617451,-5.974481147827417,2017,Pre-fire
2017-06-13,,8.910554414e-06,-5.685261711999996e-07,,-5.050095273353685,-6.245249538458863,2017,Pre-fire
2017-06-14,,8.374827829600002e-06,-5.357265843999991e-07,,-5.077024112461058,-6.271056802065149,2017,Pre-fire
2017-06-16,,9.1948174996e-06,-7.434573008000017e-07,,-5.03645688629575,-6.128743969387425,2017,Pre-fire
2017-06-17,,8.2654958736e-06,-9.29321626e-07,,-5.082731086592455,-6.031833956379369,2017,Pre-fire
2017-06-18,,7.6313705288e-06,-6.341253448000006e-07,,-5.1173974594705,-6.197824888530724,2017,Pre-fire
2017-06-19,,7.183109509200001e-06,-4.482610195999989e-07,,-5.143687512533881,-6.3484690253739275,2017,Pre-fire
2017-06-22,,7.915633614400001e-06,-3.389290635999995e-07,,-5.101514315896515,-6.46989118825939,2017,Pre-fire
2017-06-23,,7.587637746400001e-06,-3.2799586800000076e-07,,-5.119893411638807,-6.484131627373999,2017,Pre-fire
2017-06-24,,7.2159090960000015e-06,-3.7172865039999917e-07,,-5.141708946551793,-6.429773965051408,2017,Pre-fire
2017-06-25,,6.942579206e-06,-2.7332989000000106e-07,,-5.158479156801686,-6.563312873421623,2017,Pre-fire
2017-06-29,,6.384986230400001e-06,-1.858643252e-07,,-5.1948400349812625,-6.730803960715388,2017,Pre-fire
2017-06-30,,6.188188709600001e-06,-1.9679752080000046e-07,,-5.20843645090539,-6.705980376990355,2017,Pre-fire
2017-07-03,,5.805526863600002e-06,-1.7493112959999956e-07,,-5.236158361012192,-6.757132899437738,2017,Pre-fire
2017-07-04,,5.630595734000001e-06,-1.7493112960000125e-07,,-5.2494456530524705,-6.7571328994377335,2017,Pre-fire
2017-07-18,,4.0124827852e-06,-1.749311296000004e-07,,-5.396586817841572,-6.757132899437736,2017,Pre-fire
2017-06-26,2017-06-27,6.8441804456000015e-06,-2.4053030319999886e-07,Aggregated,-5.164678548883232,-6.618830201271457,2017,Pre-fire
2017-07-01,2017-07-02,6.087056650300001e-06,-2.077307163999992e-07,Aggregated,-5.215592656387586,-6.682499281140834,2017,Pre-fire
2017-07-05,2017-07-06,5.507597283500001e-06,-1.8586432520000085e-07,Aggregated,-5.259037822944496,-6.730803960715386,2017,Pre-fire
2017-07-07,2017-07-09,5.324466257200001e-06,-1.5306473839999993e-07,Aggregated,-5.273723920879028,-6.815124846415424,2017,Pre-fire
2017-07-10,2017-07-11,5.032003274900001e-06,-2.514634987999993e-07,Aggregated,-5.29825908491761,-6.59952504607607,2017,Pre-fire
2017-07-12,2017-07-13,4.7641399827e-06,-2.295971076000001e-07,Aggregated,-5.322015486311631,-6.639033587359743,2017,Pre-fire
2017-07-14,2017-07-15,4.5618758641e-06,-2.2959710759999926e-07,Aggregated,-5.340856536742377,-6.6390335873597435,2017,Pre-fire
2017-07-16,2017-07-17,4.296745870800001e-06,-2.4053030320000056e-07,Aggregated,-5.366860331718235,-6.618830201271455,2017,Pre-fire
2017-07-19,2017-07-21,3.908617427e-06,-1.0386535819999982e-07,Aggregated,-5.407976835956562,-6.9835292768048145,2017,Pre-fire
2017-07-22,2017-07-24,3.695420112800001e-06,-9.839876040000002e-08,Aggregated,-5.432336181816007,-7.007010372654337,2017,Pre-fire
2017-07-25,2017-07-26,3.4958892931000006e-06,-2.0773071640000048e-07,Aggregated,-5.45644232894297,-6.6824992811408315,2017,Pre-fire
2017-08-02,,2.8972968340000008e-06,-1.7493112959999998e-07,,-5.538007008156854,-6.757132899437737,2017,Pre-fire
2017-08-03,,2.7114325088000004e-06,-1.8586432520000043e-07,,-5.566801201267445,-6.730803960715387,2017,Pre-fire
2017-07-29,2017-07-31,3.2744920822e-06,-1.0386535819999982e-07,Aggregated,-5.484856055368332,-6.9835292768048145,2017,Pre-fire
2017-08-12,2017-08-16,2.5747675638000002e-06,-5.739927689999992e-08,Aggregated,-5.589261970628747,-7.241093578687705,2017,Pre-fire
2017-08-17,2017-08-19,2.3123708694000005e-06,-9.29321626e-08,Aggregated,-5.6359425103826,-7.031833956379369,2017,Pre-fire
2018-04-18,,9.43206784412e-05,-1.1676652900800008e-05,,-4.025393084055781,-4.932681629401124,2018,Pre-fire
2018-04-19,,7.51001205764e-05,-1.922055786479999e-05,,-4.124359365717228,-4.716234011355909,2018,Pre-fire
2018-04-20,,5.948751725960001e-05,-1.5612603316799994e-05,,-4.225574156187757,-4.806524674653506,2018,Pre-fire
2018-04-21,,4.8751119180400007e-05,-1.0736398079200002e-05,,-4.312015409744054,-4.969141394306712,2018,Pre-fire
2018-04-22,,4.1699208018400006e-05,-7.051911162000001e-06,,-4.379872193383675,-5.151693167458394,2018,Pre-fire
2018-04-23,,3.67683368028e-05,-4.930871215600003e-06,,-4.434526014779026,-5.307076340215701,2018,Pre-fire
2018-04-24,,3.25043905188e-05,-4.2639462840000006e-06,,-4.488057972888724,-5.370188275067163,2018,Pre-fire
2018-04-25,,2.9213498643200003e-05,-3.2908918755999987e-06,,-4.534416428290154,-5.482686386499819,2018,Pre-fire
2018-04-26,,2.6731663242e-05,-2.4818354012000045e-06,,-4.572974018634023,-5.605227024900538,2018,Pre-fire
2018-04-27,,2.4545024122000004e-05,-2.186639119999995e-06,,-4.61003653675432,-5.660222886429682,2018,Pre-fire
2018-04-28,,2.32002410632e-05,-1.3447830588000052e-06,,-4.63450750252834,-5.871347770654262,2018,Pre-fire
2018-04-29,,2.20631887208e-05,-1.1370523423999992e-06,,-4.65633172019277,-5.944219542794881,2018,Pre-fire
2018-04-30,,2.02482782512e-05,-1.8149104695999983e-06,,-4.693611899747746,-5.741144794053607,2018,Pre-fire
2018-05-01,,1.8422434586000003e-05,-1.8258436651999979e-06,,-4.734652976886304,-5.738536410946079,2018,Pre-fire
2018-05-02,,1.6946453180000003e-05,-1.4759814060000005e-06,,-4.77092118392337,-5.830919113598656,2018,Pre-fire
2018-05-03,,1.5557937338800003e-05,-1.3885158412000003e-06,,-4.808047982009377,-5.857449161137705,2018,Pre-fire
2018-05-04,,1.4737947668800004e-05,-8.199896699999989e-07,,-4.831562989894361,-6.086191618701962,2018,Pre-fire
2018-05-05,,1.40928891284e-05,-6.450585404000036e-07,,-4.850999964740259,-6.190400870451515,2018,Pre-fire
2018-05-06,,1.3261966262800003e-05,-8.309228655999968e-07,,-4.877392081227089,-6.080439289812872,2018,Pre-fire
2018-05-07,,1.2496642570800002e-05,-7.653236920000009e-07,,-4.90320665169838,-6.116154842079404,2018,Pre-fire
2018-05-08,,1.1862517226000002e-05,-6.341253448000006e-07,,-4.925823143909113,-6.197824888530724,2018,Pre-fire
2018-05-09,,1.15454545536e-05,-3.17062672400002e-07,,-4.937588963895868,-6.498854884194703,2018,Pre-fire
2018-05-10,,1.13595902284e-05,-1.858643252e-07,,-4.944637334536484,-6.730803960715388,2018,Pre-fire
2018-05-11,,1.11190599252e-05,-2.405303031999997e-07,,-4.953931929170917,-6.618830201271456,2018,Pre-fire
2018-05-12,,1.08894628176e-05,-2.295971076000001e-07,,-4.962993543669963,-6.639033587359743,2018,Pre-fire
2018-05-13,,1.0506800971600002e-05,-3.826618459999979e-07,,-4.978529494425116,-6.417184837743388,2018,Pre-fire
2018-05-14,,1.0233471081600002e-05,-2.733298900000002e-07,,-4.989977033355556,-6.563312873421624,2018,Pre-fire
2018-05-15,,9.7961432576e-06,-4.37327824000001e-07,,-5.008944872431536,-6.359192890765699,2018,Pre-fire
2018-05-16,,9.347882238000002e-06,-4.482610195999989e-07,,-5.029286767365489,-6.3484690253739275,2018,Pre-fire
2018-05-18,,9.0308195656e-06,-2.295971076000018e-07,,-5.044272834773279,-6.639033587359739,2018,Pre-fire
2018-05-19,,8.659090915200001e-06,-3.717286503999983e-07,,-5.062527700504168,-6.4297739650514085,2018,Pre-fire
2018-05-21,,8.188963504400002e-06,-3.061294768000007e-07,,-5.0867710643941955,-6.514094850751442,2018,Pre-fire
2018-05-22,,7.871900832000001e-06,-3.170626724000003e-07,,-5.103920385662393,-6.498854884194706,2018,Pre-fire
2018-05-23,,7.6641701156e-06,-2.077307164000009e-07,,-5.115534864127003,-6.682499281140831,2018,Pre-fire
2018-05-30,,7.5329717684e-06,-2.077307164000009e-07,,-5.123033660186036,-6.682499281140831,2018,Pre-fire
2018-06-02,,7.139376726800002e-06,-2.1866391199999966e-07,,-5.146339700818587,-6.660222886429681,2018,Pre-fire
2018-06-03,,6.745781685200002e-06,-3.9359504160000006e-07,,-5.17096771806042,-6.404950381326374,2018,Pre-fire
2018-06-06,,6.3084538612e-06,-2.2959710760000096e-07,,-5.20007706893793,-6.639033587359741,2018,Pre-fire
2018-06-07,,6.111656340400002e-06,-1.9679752079999791e-07,,-5.213841074207238,-6.70598037699036,2018,Pre-fire
2018-05-31,2018-06-01,7.440039605800001e-06,-1.749311295999987e-07,Aggregated,-5.1284247525543085,-6.75713289943774,2018,Pre-fire
2018-06-04,2018-06-05,6.650116223700002e-06,-2.077307164000009e-07,Aggregated,-5.177170764490805,-6.682499281140831,2018,Pre-fire
2018-06-10,,1.1479855380000002e-05,-7.981232788000014e-07,,-4.940063583023724,-6.097930021973205,2018,Pre-fire
2018-06-11,,8.757489675600001e-06,-2.722365704400001e-06,,-5.057620366009424,-5.565053534997925,2018,Pre-fire
2018-06-12,,7.281508269600002e-06,-1.4759814059999996e-06,,-5.137778652923361,-5.830919113598656,2018,Pre-fire
2018-06-13,,6.975378792800002e-06,-3.0612947679999986e-07,,-5.156432203372499,-6.514094850751443,2018,Pre-fire
2018-06-14,,6.472451795200001e-06,-5.029269976000012e-07,,-5.188931175370742,-6.298495050412087,2018,Pre-fire
2018-06-15,,5.9804579932000016e-06,-4.91993801999999e-07,,-5.223265555760231,-6.308040368318319,2018,Pre-fire
2018-06-18,,5.3572658440000005e-06,-4.919938020000016e-07,,-5.271056802065148,-6.308040368318316,2018,Pre-fire
2018-06-19,,4.887138433200001e-06,-4.701274107999998e-07,,-5.3109453589617255,-6.327784426514075,2018,Pre-fire
2018-06-21,,6.647382924800001e-06,-2.4162362275999992e-06,,-5.177349302820927,-5.616860608408551,2018,Pre-fire
2018-06-22,,5.630595734000001e-06,-1.0167871908000002e-06,,-5.2494456530524705,-5.992769933539726,2018,Pre-fire
2018-06-23,,5.138601932e-06,-4.919938020000007e-07,,-5.289155024157944,-6.308040368318317,2018,Pre-fire
2018-06-24,,4.832472455200001e-06,-3.06129476799999e-07,,-5.31583061274457,-6.514094850751444,2018,Pre-fire
2018-06-25,,4.6138085432000005e-06,-2.186639120000005e-07,,-5.335940431131988,-6.66022288642968,2018,Pre-fire
2018-06-26,2018-06-27,4.5017432883e-06,-2.2959710759999926e-07,Aggregated,-5.34661927425187,-6.6390335873597435,2018,Pre-fire
2018-06-28,2018-06-29,4.2666795829000005e-06,-1.8586432520000085e-07,Aggregated,-5.369909970359206,-6.730803960715386,2018,Pre-fire
2018-06-30,2018-07-01,4.0616821654e-06,-2.6239669439999976e-07,Aggregated,-5.3912940639970675,-6.581041640382056,2018,Pre-fire
2018-07-02,2018-07-04,3.8266184599999995e-06,-1.2026515159999986e-07,Aggregated,-5.417184837743386,-6.919860196935438,2018,Pre-fire
2018-07-05,2018-07-06,3.6188877436000003e-06,-1.749311296000004e-07,Aggregated,-5.441424888317943,-6.757132899437736,2018,Pre-fire
2018-07-07,2018-07-09,3.416623625000001e-06,-9.293216260000022e-08,Aggregated,-5.4664028604135675,-7.031833956379368,2018,Pre-fire
2018-07-13,,3.0066287900000006e-06,-1.7493112959999956e-07,,-5.521920188263399,-6.757132899437738,2018,Pre-fire
2018-07-14,2018-07-15,2.8808970406000005e-06,-2.1866391200000008e-07,Aggregated,-5.540472262545096,-6.66022288642968,2018,Pre-fire
2018-07-20,2018-07-22,2.8918302362000006e-06,-8.746556479999999e-08,Aggregated,-5.538827205722457,-7.058162895101718,2018,Pre-fire
2018-07-23,2018-07-24,2.6813662209000006e-06,-1.8586432520000043e-07,Aggregated,-5.571643866041676,-6.730803960715387,2018,Pre-fire
2018-07-25,2018-07-26,2.451769113300001e-06,-2.295971076000001e-07,Aggregated,-5.610520430377532,-6.639033587359743,2018,Pre-fire
2018-07-27,2018-07-31,2.2467716958000003e-06,-4.919938020000001e-08,Aggregated,-5.648441055881574,-7.308040368318318,2018,Pre-fire
2018-08-08,2018-08-10,1.9734418058e-06,-8.746556480000031e-08,Aggregated,-5.704775675851985,-7.058162895101717,2018,Pre-fire
2019-04-12,,0.0002129349175056,-5.6174758992800014e-05,,-3.671753116219805,-4.250458782163334,2019,Pre-fire
2019-04-13,,0.0001540815255908,-5.88533919148e-05,,-3.812249430165114,-4.230228502277974,2019,Pre-fire
2019-04-14,,0.000120319817578,-3.3761708012800004e-05,,-3.919662835204295,-4.471575590429963,2019,Pre-fire
2019-04-15,,9.6376119214e-05,-2.3943698363999995e-05,,-4.016030565458321,-4.620808767253544,2019,Pre-fire
2019-04-16,,8.346401521040001e-05,-1.291210400359999e-05,,-4.0785007264805815,-4.889002984480148,2019,Pre-fire
2019-04-17,,6.603650142400001e-05,-1.7427513786400002e-05,,-4.18021594347253,-4.758764565033568,2019,Pre-fire
2019-04-18,,5.46003788264e-05,-1.143612259760001e-05,,-4.262804344078333,-4.941721197562406,2019,Pre-fire
2019-04-19,,4.7122073036e-05,-7.478305790399999e-06,,-4.326775611932931,-5.1261967803735455,2019,Pre-fire
2019-04-20,,4.3295454576e-05,-3.826618459999996e-06,,-4.363557696168149,-5.417184837743386,2019,Pre-fire
2019-04-21,,3.774139121120001e-05,-5.554063364799994e-06,,-4.42318209505049,-5.255389169809743,2019,Pre-fire
2019-04-22,,3.383824038200001e-05,-3.9031508292e-06,,-4.470592228737525,-5.4085846659814685,2019,Pre-fire
2019-04-23,,3.067854685360001e-05,-3.1596935284e-06,,-4.513165215401321,-5.500355039337114,2019,Pre-fire
2019-04-24,,2.8284177017200007e-05,-2.394369836400001e-06,,-4.548456453377118,-5.620808767253544,2019,Pre-fire
2019-04-25,,2.5660210073200004e-05,-2.6239669440000027e-06,,-4.590739792495069,-5.581041640382055,2019,Pre-fire
2019-04-26,,2.3539170126800003e-05,-2.1210399464000007e-06,,-4.628208852270174,-5.673451152163436,2019,Pre-fire
2019-04-27,,2.1571194918800004e-05,-1.9679752079999995e-06,,-4.66612579684147,-5.705980376990356,2019,Pre-fire
2019-04-28,,1.92205578648e-05,-2.3506370540000025e-06,,-4.716234011355908,-5.628814422178056,2019,Pre-fire
2019-04-29,,1.7875774806000003e-05,-1.3447830587999985e-06,,-4.747735125097357,-5.871347770654264,2019,Pre-fire
2019-04-30,,1.6694989681200002e-05,-1.180785124800001e-06,,-4.77741384503724,-5.927829126606712,2019,Pre-fire
2019-05-01,,1.51862086884e-05,-1.5087809928000026e-06,,-4.818550636356046,-5.821373795692424,2019,Pre-fire
2019-05-02,,1.4584882930400004e-05,-6.01325757999995e-07,,-4.836097052513131,-6.2208901925994216,2019,Pre-fire
2019-05-03,,1.3994490368000002e-05,-5.903925624000022e-07,,-4.854042912445793,-6.228859122270691,2019,Pre-fire
2019-05-04,,1.3141701111200002e-05,-8.527892567999994e-07,,-4.881348414426941,-6.069158279403181,2019,Pre-fire
2019-05-05,,1.2288911854400005e-05,-8.527892567999977e-07,,-4.910486570860619,-6.069158279403182,2019,Pre-fire
2019-05-06,,1.14033230108e-05,-8.85588843600005e-07,,-4.942968573667131,-6.05276786321501,2019,Pre-fire
2019-05-07,,1.0976928382400003e-05,-4.2639462839999633e-07,,-4.959519169284661,-6.370188275067166,2019,Pre-fire
2019-05-09,,1.0550533754e-05,-2.623966943999989e-07,,-4.9767255687498695,-6.5810416403820575,2019,Pre-fire
2019-05-10,,1.0233471081600002e-05,-3.170626723999986e-07,,-4.989977033355556,-6.498854884194707,2019,Pre-fire
2019-05-13,,9.83987604e-06,-2.077307164000009e-07,,-5.007010372654337,-6.682499281140831,2019,Pre-fire
2019-05-11,2019-05-12,1.0176071804700002e-05,-1.858643252e-07,Aggregated,-4.992419837203232,-6.730803960715388,2019,Pre-fire
2019-05-22,,8.9761535876e-06,-2.733298900000002e-07,,-5.046909724974221,-6.563312873421624,2019,Pre-fire
2019-05-23,,8.538825763600002e-06,-4.373278239999976e-07,,-5.068601848216361,-6.359192890765701,2019,Pre-fire
2019-05-24,,8.112431135200001e-06,-4.263946284000014e-07,,-5.090848976814635,-6.370188275067161,2019,Pre-fire
2019-05-27,,9.708677692800002e-06,-6.559917359999981e-07,,-5.012839916315061,-6.183101631710019,2019,Pre-fire
2019-05-28,,8.735623284400002e-06,-9.730544084000001e-07,,-5.05870610277967,-6.011862875448749,2019,Pre-fire
2019-05-29,,8.320161851600002e-06,-4.154614328000001e-07,,-5.0798682253230885,-6.381469285476851,2019,Pre-fire
2019-06-02,,7.959366396800001e-06,-2.077307163999992e-07,,-5.0991215027806245,-6.682499281140834,2019,Pre-fire
2019-06-03,,7.6204373332e-06,-3.389290636000012e-07,,-5.1180201039956525,-6.469891188259387,2019,Pre-fire
2019-06-05,,7.281508269600002e-06,-1.858643252e-07,,-5.137778652923361,-6.730803960715388,2019,Pre-fire
2019-06-08,,7.489238986000002e-06,-3.935950415999992e-07,,-5.125562310601236,-6.404950381326375,2019,Pre-fire
2019-06-09,,6.931646010400002e-06,-5.575929756e-07,,-5.159163624211929,-6.253682705995725,2019,Pre-fire
2019-06-10,,6.4833849908e-06,-4.4826101960000146e-07,,-5.188198188729399,-6.348469025373925,2019,Pre-fire
2019-06-11,,5.925792015200002e-06,-5.575929755999983e-07,,-5.227253595555275,-6.253682705995726,2019,Pre-fire
2019-06-12,,5.302599866000001e-06,-6.23192149200001e-07,,-5.275511143491398,-6.20537802642117,2019,Pre-fire
2019-06-17,,4.6138085432000005e-06,-3.3892906360000036e-07,,-5.335940431131988,-6.469891188259389,2019,Pre-fire
2019-06-13,2019-06-15,5.1714015188000005e-06,-1.2026515160000028e-07,Aggregated,-5.2863917413558505,-6.919860196935436,2019,Pre-fire
2019-06-18,2019-06-19,4.5044765872e-06,-2.405303031999997e-07,Aggregated,-5.346355666060527,-6.618830201271456,2019,Pre-fire
2019-06-21,2019-06-23,4.324078859800001e-06,-8.74655648000002e-08,Aggregated,-5.3641063942599665,-7.0581628951017175,2019,Pre-fire
2019-06-24,2019-06-25,4.0808152577000005e-06,-2.0773071640000006e-07,Aggregated,-5.3892530656965985,-6.682499281140832,2019,Pre-fire
2019-06-28,,4.559142565200001e-06,-1.0167871908000002e-06,,-5.3411168271199045,-5.992769933539726,2019,Pre-fire
2019-06-29,,4.1327479368e-06,-4.2639462840000056e-07,,-5.383761082256436,-6.370188275067162,2019,Pre-fire
2019-06-30,,3.8375516556e-06,-2.9519628120000026e-07,,-5.415945765627837,-6.529889117934674,2019,Pre-fire
2019-07-01,,3.6516873304e-06,-1.858643252e-07,,-5.4375064152820975,-6.730803960715388,2019,Pre-fire
2019-07-05,,3.3455578536000005e-06,-2.0773071640000048e-07,,-5.4755314556120815,-6.6824992811408315,2019,Pre-fire
2019-07-06,2019-07-07,3.2416924954000005e-06,-1.9679752080000003e-07,Aggregated,-5.48922818439338,-6.705980376990356,2019,Pre-fire
2019-07-12,,2.9300964208000004e-06,-1.7493112959999998e-07,,-5.533118088064873,-6.757132899437737,2019,Pre-fire
2019-07-13,2019-07-15,2.8098312692e-06,-1.2026515160000007e-07,Aggregated,-5.551319758762367,-6.919860196935437,2019,Pre-fire
2019-07-19,2019-07-22,2.6895661176000003e-06,-6.55991736e-08,Aggregated,-5.570317774990283,-7.183101631710018,2019,Pre-fire
2019-07-23,2019-07-26,2.45996901e-06,-6.559917360000015e-08,Aggregated,-5.609070363982299,-7.183101631710017,2019,Pre-fire
2019-08-01,2019-08-04,2.2631714892000006e-06,-6.55991736e-08,Aggregated,-5.645282536636744,-7.183101631710018,2019,Pre-fire
2019-08-11,,2.3834366408000004e-06,-3.717286504e-07,,-5.622796388489057,-6.429773965051407,2019,Pre-fire
2019-08-12,,2.1647727288000004e-06,-2.1866391200000008e-07,,-5.66458769183213,-6.66022288642968,2019,Pre-fire
2019-08-13,2019-08-14,2.0554407728000005e-06,-1.9679752080000003e-07,Aggregated,-5.687095032829982,-6.705980376990356,2019,Pre-fire
2019-10-05,,3.8156852644e-06,-1.880509643200001e-06,,-5.4184274551344815,-5.7257244351861125,2020,Pre-fire
2019-10-06,,2.995695594400001e-06,-8.199896699999989e-07,,-5.523502319273273,-6.086191618701962,2020,Pre-fire
2019-10-07,,2.7332989000000004e-06,-2.623966944000006e-07,,-5.563312873421624,-6.581041640382055,2020,Pre-fire
2019-10-10,,2.7223657044e-06,-4.810606063999998e-07,,-5.565053534997926,-6.317800205607474,2020,Pre-fire
2019-10-11,2019-10-12,2.5993672539e-06,-2.2959710759999968e-07,Aggregated,-5.58513235648421,-6.6390335873597435,2020,Pre-fire
2019-10-13,2019-10-15,2.3889032386000002e-06,-9.29321626e-08,Aggregated,-5.621801440787221,-7.031833956379369,2020,Pre-fire
2019-10-20,,9.446280998400002e-06,-2.323304065e-05,,-5.024739139614768,-4.633893947707332,2020,Pre-fire
2019-10-21,,6.046057166800001e-06,-3.4002238316000007e-06,,-5.218527750788963,-5.468492493066824,2020,Pre-fire
2019-10-22,,5.871126037200001e-06,-1.7493112959999956e-07,,-5.231278596394106,-6.757132899437738,2020,Pre-fire
2019-10-23,,4.64660813e-06,-1.2245179072000011e-06,,-5.3328639520433505,-5.91203485942348,2020,Pre-fire
2019-10-24,,3.5642217656000006e-06,-1.0823863643999995e-06,,-5.448035282025723,-5.965617687496112,2020,Pre-fire
2019-10-25,,3.0284951812000007e-06,-5.357265844e-07,,-5.518773113029213,-6.271056802065148,2020,Pre-fire
2019-10-26,,2.7770316824000005e-06,-2.5146349880000016e-07,,-5.556419165473724,-6.599525046076068,2020,Pre-fire
2019-10-27,,2.5037017924000007e-06,-2.733298899999998e-07,,-5.601417399753774,-6.563312873421625,2020,Pre-fire
2019-10-28,,2.3287706628000003e-06,-1.749311296000004e-07,,-5.632873278654924,-6.757132899437736,2020,Pre-fire
2019-10-29,2019-10-30,2.1921057178000006e-06,-2.842630855999998e-07,Aggregated,-5.65913850513746,-6.546279534122844,2020,Pre-fire
2019-10-31,2019-11-03,1.9051093333e-06,-6.55991736e-08,Aggregated,-5.720080095323615,-7.183101631710018,2020,Pre-fire
2019-11-20,,3.0394283768000003e-06,-3.3674242447999993e-06,,-5.517208086175585,-5.472702165593217,2020,Pre-fire
2019-11-21,,2.2194387068000005e-06,-8.199896699999998e-07,,-5.653756844180449,-6.086191618701962,2020,Pre-fire
2019-11-22,,1.9242424256e-06,-2.951962812000007e-07,,-5.715740214279512,-6.529889117934673,2020,Pre-fire
2019-11-27,,3.5204889832000005e-06,-1.4541150148000004e-06,,-5.453397010397831,-5.837401241126575,2020,Pre-fire
2019-11-28,,2.6458333352e-06,-8.746556480000003e-07,,-5.57743751611323,-6.058162895101718,2020,Pre-fire
2019-11-29,,2.2850378804e-06,-3.607954548e-07,,-5.641106595982608,-6.442738942215774,2020,Pre-fire
2019-11-30,,2.0335743816000005e-06,-2.5146349879999974e-07,,-5.691739937875745,-6.599525046076069,2020,Pre-fire
2019-12-13,,3.60686122844e-05,-6.122589536000048e-07,,-4.442870566548318,-6.213064855087458,2020,Pre-fire
2019-12-14,,1.448648417e-05,-2.15821281144e-05,,-4.8390370038208355,-4.665905733760044,2020,Pre-fire
2019-12-15,,8.473226590000001e-06,-6.013257579999998e-06,,-5.0719511795873515,-5.220890192599418,2020,Pre-fire
2019-12-16,,6.374053034800001e-06,-2.0991735552000006e-06,,-5.195584327334648,-5.677951653390112,2020,Pre-fire
2019-12-17,,5.422865017600001e-06,-9.511880172000001e-07,,-5.265771205603464,-6.021733629475043,2020,Pre-fire
2019-12-20,,3.65496728908e-05,-1.5459538578400006e-05,,-4.437116505501093,-4.810803472632781,2020,Pre-fire
2019-12-21,,1.8794163236400003e-05,-1.7755509654399994e-05,,-4.72597700540661,-4.750666857188506,2020,Pre-fire
2019-12-22,,1.67387224636e-05,-2.055440772800003e-06,,-4.776277691395401,-5.687095032829982,2020,Pre-fire
2019-12-23,,1.4377152214000002e-05,-2.3615702495999987e-06,,-4.842327129267885,-5.626799130942731,2020,Pre-fire
2019-12-24,,1.1960915986400005e-05,-2.4162362275999967e-06,,-4.92223556009625,-5.616860608408552,2020,Pre-fire
2019-12-25,,1.065986571e-05,-1.3010502764000051e-06,,-4.972248266395125,-5.885705920701129,2020,Pre-fire
2019-12-26,,9.3697486292e-06,-1.2901170808000004e-06,,-5.028272060170464,-5.889370874787536,2020,Pre-fire
2019-12-27,,8.724690088800002e-06,-6.450585403999968e-07,,-5.0592499907429325,-6.19040087045152,2020,Pre-fire
2019-12-28,,7.9047004188e-06,-8.199896700000023e-07,,-5.102114584799131,-6.08619161870196,2020,Pre-fire
2019-12-29,,7.4017734212000015e-06,-5.029269975999986e-07,,-5.130664213408517,-6.298495050412089,2020,Pre-fire
2019-12-30,,6.789514467600001e-06,-6.122589536000006e-07,,-5.168161281917081,-6.2130648550874605,2020,Pre-fire
2020-01-12,,0.0002073699209452,-3.832085057799999e-05,,-3.6832542378933733,-4.416564859790984,2020,Pre-fire
2020-01-13,,0.0001275466598696,-7.982326107560002e-05,,-3.894330909999665,-4.097870533652874,2020,Pre-fire
2020-01-14,,7.149216602840001e-05,-5.605449384119998e-05,,-4.145741544730898,-4.2513895646532625,2020,Pre-fire
2020-01-15,,4.922124659120001e-05,-2.2270919437200002e-05,,-4.307847391429161,-4.652261853093497,2020,Pre-fire
2020-01-16,,4.0944817522000006e-05,-8.276429069200003e-06,,-4.387801060058177,-5.082157002593589,2020,Pre-fire
2020-01-17,,3.34118457536e-05,-7.5329717684000035e-06,,-4.476099532190009,-5.123033660186036,2020,Pre-fire
2020-01-29,,0.0003003239499364,-1.8247503456399986e-05,,-3.522410032734512,-4.738796545414416,2020,Pre-fire
2020-01-30,,0.000218499914066,-8.18240358704e-05,,-3.660548729497538,-4.08711910326569,2020,Pre-fire
2020-01-31,,0.0001456738981744,-7.28260158916e-05,,-3.8366182580745227,-4.137713448436803,2020,Pre-fire
2020-02-01,,0.0001133116391984,-3.2362258976e-05,,-3.9457254777798747,-4.489961171034723,2020,Pre-fire
2020-02-02,,9.511880172e-05,-1.81928374784e-05,,-4.021733629475043,-4.740099560138956,2020,Pre-fire
2020-02-03,,7.529691809720001e-05,-1.9821883622799996e-05,,-4.123222799108341,-4.702855077998153,2020,Pre-fire
2020-02-04,,6.0460571668000014e-05,-1.4836346429199995e-05,,-4.218527750788963,-4.828673034433925,2020,Pre-fire
2020-02-09,,0.0001091351584792,-1.3546229348400008e-05,,-3.9620353165635582,-4.868181575717598,2020,Pre-fire
2020-02-10,,8.326721768960002e-05,-2.586794078959998e-05,,-4.079525946717244,-4.587238141801751,2020,Pre-fire
2020-02-11,,6.548984164400001e-05,-1.7777376045600003e-05,,-4.183826059704351,-4.750132340835612,2020,Pre-fire
2020-02-12,,5.3233729376400006e-05,-1.2256112267600008e-05,,-4.273813107547768,-4.911647269498689,2020,Pre-fire
2020-02-13,,4.56898244124e-05,-7.543904964000003e-06,,-4.340180510950036,-5.122403791356406,2020,Pre-fire
2020-02-14,,4.0769886392400006e-05,-4.919938019999997e-06,,-4.389660498732354,-5.308040368318318,2020,Pre-fire
2020-02-17,,6.511811299360001e-05,-2.11775998772e-05,,-4.186298193013523,-4.674123261374551,2020,Pre-fire
2020-02-18,,5.10470902564e-05,-1.4071022737200016e-05,,-4.292029008162856,-4.851674335189275,2020,Pre-fire
2020-02-19,,4.223493460280001e-05,-8.81215565359999e-06,,-4.374328173948841,-5.054917840288572,2020,Pre-fire
2020-02-20,,3.662620526000001e-05,-5.608729342799999e-06,,-4.4362080750568165,-5.251135516981845,2020,Pre-fire
2020-02-21,,3.216546145520001e-05,-4.4607438048e-06,,-4.49261021370215,-5.350592719003782,2020,Pre-fire
2020-02-22,,2.8885502775200005e-05,-3.2799586800000025e-06,,-4.539320068815154,-5.484131627373999,2020,Pre-fire
2020-02-24,,2.9027634318000003e-05,-2.7004993132e-06,,-4.5371883566761735,-5.568555928833996,2020,Pre-fire
2020-02-25,,2.5474345748000007e-05,-3.553288569999996e-06,,-4.593896961067642,-5.449369521114788,2020,Pre-fire
2020-02-26,,2.4566890513200003e-05,-9.074552348000042e-07,,-4.609649809674533,-6.042174789717586,2020,Pre-fire
2020-02-27,,2.2161587481200003e-05,-2.4053030320000005e-06,,-4.654399133400653,-5.6188302012714555,2020,Pre-fire
2020-02-28,,1.96688188844e-05,-2.492768596800004e-06,,-4.70622171874811,-5.603318035093207,2020,Pre-fire
2020-03-01,,1.9778150840400005e-05,-1.4759814059999937e-06,,-4.703814315233848,-5.830919113598657,2020,Pre-fire
2020-03-02,,1.8313102630000004e-05,-1.4650482104000009e-06,,-4.737238070720798,-5.834148083728854,2020,Pre-fire
2020-03-03,,1.7974173566400003e-05,-3.389290636000012e-07,,-4.74535106888963,-6.469891188259387,2020,Pre-fire
2020-03-04,,1.6684056485600002e-05,-1.2901170808000004e-06,,-4.7776983484748,-5.889370874787536,2020,Pre-fire
2020-03-05,,1.5798467642000004e-05,-8.855888435999982e-07,,-4.801385035001095,-6.052767863215013,2020,Pre-fire
2020-03-06,,1.4858212820400004e-05,-9.402548215999996e-07,,-4.828033425361167,-6.026754430850094,2020,Pre-fire
2020-03-08,,1.3229166676000004e-05,-1.913309229999998e-06,,-4.878467511777211,-5.718214833407368,2020,Pre-fire
2020-03-09,,1.2190513094000003e-05,-1.0386535820000011e-06,,-4.913978014709482,-5.983529276804814,2020,Pre-fire
2020-03-10,,1.16001205316e-05,-5.903925624000039e-07,,-4.935537498192321,-6.22885912227069,2020,Pre-fire
2020-03-11,,1.0976928382400003e-05,-6.231921491999959e-07,,-4.959519169284661,-6.205378026421173,2020,Pre-fire
2020-03-12,,1.0769197666000002e-05,-2.077307164000009e-07,,-4.96781665159605,-6.682499281140831,2020,Pre-fire
2020-03-15,,1.1829717639200005e-05,-7.87190083199995e-07,,-4.927025621323111,-6.103920385662396,2020,Pre-fire
2020-03-16,,1.0430268602400005e-05,-1.3994490367999999e-06,,-4.9817045073895665,-5.854042912445793,2020,Pre-fire
2020-03-18,,1.01460055168e-05,-2.623966944000023e-07,,-4.993704905874799,-6.581041640382052,2020,Pre-fire
2020-03-19,,9.818009648800002e-06,-3.279958679999982e-07,,-5.007976545426358,-6.484131627374001,2020,Pre-fire
2020-03-20,,9.0964187392e-06,-7.215909096000008e-07,,-5.041129555802938,-6.141708946551793,2020,Pre-fire
2020-03-21,,8.363894634000002e-06,-7.325241051999987e-07,,-5.077591446940044,-6.135178079392836,2020,Pre-fire
2020-03-22,,8.090564744000002e-06,-2.733298900000002e-07,,-5.092021162362686,-6.563312873421624,2020,Pre-fire
2020-04-01,,0.000110042613714,-0.00011041434236439999,,-3.9584391028689883,-3.956974509893499,2020,Pre-fire
2020-04-02,,6.880259991080001e-05,-4.124001380319999e-05,,-4.1623951503461765,-4.384681198028371,2020,Pre-fire
2020-04-03,,5.124388777720002e-05,-1.7558712133599997e-05,,-4.290357928573451,-4.755507341151,2020,Pre-fire
2020-04-04,,4.36999828132e-05,-7.543904964000017e-06,,-4.359518733833557,-5.1224037913564056,2020,Pre-fire
2020-04-05,,4.06496212408e-05,-3.050361572400004e-06,,-4.390943496657782,-5.515648678820064,2020,Pre-fire
2020-04-06,,3.7588326472800007e-05,-3.06129476799999e-06,,-4.4249470097426284,-5.514094850751444,2020,Pre-fire
2020-04-07,,3.52704890056e-05,-2.3178374672000037e-06,,-4.452588519040719,-5.63491702116491,2020,Pre-fire
2020-04-08,,3.2569989692400006e-05,-2.7004993131999965e-06,,-4.487182378878618,-5.568555928833996,2020,Pre-fire
2020-04-09,,3.068948004920001e-05,-1.8805096431999993e-06,,-4.513010469459222,-5.725724435186113,2020,Pre-fire
2020-04-10,,2.8426308560000008e-05,-2.263171489199999e-06,,-4.546279534122844,-5.645282536636744,2020,Pre-fire
2020-04-11,,2.61631370708e-05,-2.263171489200009e-06,,-4.5823101834802245,-5.645282536636742,2020,Pre-fire
2020-04-12,,2.4020230733200003e-05,-2.1429063375999965e-06,,-4.619422825173151,-5.668996810737187,2020,Pre-fire
2020-04-13,,2.1210399464000003e-05,-2.8098312691999993e-06,,-4.673451152163436,-5.551319758762367,2020,Pre-fire
2020-04-14,,1.92205578648e-05,-1.989841599200002e-06,,-4.716234011355908,-5.701181494108586,2020,Pre-fire
2020-04-15,,1.7963240370800003e-05,-1.2573174939999983e-06,,-4.7456153186586,-5.90055504174005,2020,Pre-fire
2020-04-16,,1.67168560724e-05,-1.246384298400002e-06,,-4.776845396681342,-5.9043480307571885,2020,Pre-fire
2020-04-17,,1.4672348495200004e-05,-2.0445075771999967e-06,,-4.833500366260688,-5.6894112755571635,2020,Pre-fire
2020-04-18,,1.3633694913200003e-05,-1.0386535820000011e-06,,-4.865386428615119,-5.983529276804814,2020,Pre-fire
2020-04-19,,1.2649707309200003e-05,-9.839876039999997e-07,,-4.897919523141912,-6.007010372654337,2020,Pre-fire
2020-04-20,,1.2256112267600004e-05,-3.935950415999992e-07,,-4.911647269498689,-6.404950381326375,2020,Pre-fire
2020-04-21,,1.1425189402e-05,-8.309228656000036e-07,,-4.942136591646589,-6.080439289812868,2020,Pre-fire
2020-04-28,,1.6902720397600004e-05,-2.9738292032e-06,,-4.772043392511356,-5.526683978059463,2020,Pre-fire
2020-04-29,,1.3994490368000002e-05,-2.9082300296000025e-06,,-4.854042912445793,-5.536371245462594,2020,Pre-fire
2020-04-30,,1.23873106148e-05,-1.6071797532000025e-06,,-4.907022972230265,-5.793935547345485,2020,Pre-fire
2020-05-01,,1.1370523424e-05,-1.0167871908000002e-06,,-4.944219542794881,-5.992769933539726,2020,Pre-fire
2020-05-04,,1.53283402312e-05,-7.456439399200003e-06,,-4.814504868463022,-5.127468507437182,2020,Pre-fire
2020-05-05,,1.3240099871600002e-05,-2.0882403595999985e-06,,-4.878108738950609,-5.680219514845935,2020,Pre-fire
2020-05-06,,1.29449035904e-05,-2.951962812000028e-07,,-4.887901179706761,-6.529889117934671,2020,Pre-fire
2020-05-07,,1.14907885756e-05,-1.4541150147999996e-06,,-4.9396501660654195,-5.837401241126576,2020,Pre-fire
2020-05-08,,1.0594266536400002e-05,-8.965220391999978e-07,,-4.9749291050428965,-6.047439029709946,2020,Pre-fire
2020-05-09,,1.0222537886000002e-05,-3.717286504e-07,,-4.990441271221144,-6.429773965051407,2020,Pre-fire
2020-05-10,,9.9273416048e-06,-2.951962812000028e-07,,-5.003167033572577,-6.529889117934671,2020,Pre-fire
2020-05-15,,2.0445075772000004e-05,-3.2252927019999943e-06,,-4.689411275557163,-5.4914308661155,2020,Pre-fire
2020-05-16,,1.5383006209200002e-05,-5.062069562800002e-06,,-4.812958784658916,-5.295671891075709,2020,Pre-fire
2020-05-17,,1.5208075079600002e-05,-1.749311296000004e-07,,-4.8179257521016154,-6.757132899437736,2020,Pre-fire
2020-05-23,,1.82693698476e-05,-3.706353308400004e-06,,-4.73827643220027,-5.43105318389058,2020,Pre-fire
2020-05-24,,1.5962465576e-05,-2.3069042715999973e-06,,-4.796900026309225,-5.63697042679597,2020,Pre-fire
2020-05-25,,1.4770747255600002e-05,-1.191718320399999e-06,,-4.830597533071631,-5.923826384153038,2020,Pre-fire
2020-05-26,,1.37430268692e-05,-1.0277203864000032e-06,,-4.861917604407704,-5.988125028493962,2020,Pre-fire
2020-05-27,,1.2955836786000002e-05,-7.871900831999967e-07,,-4.887534531747539,-6.103920385662395,2020,Pre-fire
2020-05-28,,1.1829717639200005e-05,-1.126119146799998e-06,,-4.927025621323111,-5.94841565738849,2020,Pre-fire
2020-05-29,,1.09113292088e-05,-9.183884304000038e-07,,-4.962122340806291,-6.036973596031778,2020,Pre-fire
2020-05-31,,1.01460055168e-05,-9.730544084000001e-07,,-4.993704905874799,-6.011862875448749,2020,Pre-fire
2020-06-01,,9.3588154336e-06,-7.871900832000001e-07,,-5.028779117416509,-6.103920385662393,2020,Pre-fire
2020-06-02,,8.746556480000002e-06,-6.12258953599998e-07,,-5.058162895101718,-6.213064855087462,2020,Pre-fire
2020-06-03,,8.473226590000001e-06,-2.733298900000002e-07,,-5.0719511795873515,-6.563312873421624,2020,Pre-fire
2020-06-17,,1.54048726004e-05,-5.269800279200001e-06,,-4.812341888984306,-5.2782058438548125,2020,Pre-fire
2020-06-18,,1.4595816126000002e-05,-8.090564743999993e-07,,-4.8357716163930675,-6.092021162362686,2020,Pre-fire
2020-06-19,,1.24857093752e-05,-2.1101067508000028e-06,,-4.903586778183833,-5.675695573085887,2020,Pre-fire
2020-06-20,,1.120652549e-05,-1.2791838851999992e-06,,-4.950529016701888,-5.8930670203475,2020,Pre-fire
2020-06-21,,1.04740013848e-05,-7.325241052000004e-07,,-4.979887373015117,-6.135178079392835,2020,Pre-fire
2020-06-22,,9.643078519200005e-06,-8.309228655999951e-07,,-5.015784296961842,-6.0804392898128725,2020,Pre-fire
2020-06-23,,9.2494834776e-06,-3.935950416000043e-07,,-5.033882519054639,-6.40495038132637,2020,Pre-fire
2020-06-24,,8.910554414e-06,-3.389290635999995e-07,,-5.050095273353685,-6.46989118825939,2020,Pre-fire
2020-06-25,,8.451360198800002e-06,-4.591942151999985e-07,,-5.073073388175337,-6.338003591695763,2020,Pre-fire
2020-06-26,,8.068698352800001e-06,-3.826618460000013e-07,,-5.09319652027062,-6.417184837743385,2020,Pre-fire
2020-06-27,,7.6751033112e-06,-3.935950416000009e-07,,-5.114915769963856,-6.4049503813263735,2020,Pre-fire
2020-06-30,,7.6641701156e-06,-9.074552348000008e-07,,-5.115534864127003,-6.0421747897175875,2020,Pre-fire
2020-07-01,,7.172176313600001e-06,-4.91993801999999e-07,,-5.144349042718002,-6.308040368318319,2020,Pre-fire
2020-07-02,,6.920712814800001e-06,-2.5146349880000016e-07,,-5.1598491720763064,-6.599525046076068,2020,Pre-fire
2020-07-03,,6.723915294000001e-06,-1.9679752080000046e-07,,-5.172377766318245,-6.705980376990355,2020,Pre-fire
2020-07-04,,6.4505854040000005e-06,-2.733298900000002e-07,,-5.190400870451517,-6.563312873421624,2020,Pre-fire
2020-07-05,,6.231921492e-06,-2.186639120000005e-07,,-5.205378026421171,-6.66022288642968,2020,Pre-fire
2020-07-09,,5.707128103200001e-06,-2.405303031999997e-07,,-5.243582379091399,-6.618830201271456,2020,Pre-fire
2020-07-10,,5.532196973600002e-06,-1.7493112959999956e-07,,-5.257102365253862,-6.757132899437738,2020,Pre-fire
2020-07-11,,5.302599866000001e-06,-2.2959710760000096e-07,,-5.275511143491398,-6.639033587359741,2020,Pre-fire
2020-07-14,,4.8980716288e-06,-1.749311296000004e-07,,-5.309974868095518,-6.757132899437736,2020,Pre-fire
2020-07-06,2020-07-07,6.1253228349000005e-06,-1.8586432519999916e-07,Aggregated,-5.212871016886563,-6.73080396071539,2020,Pre-fire
2020-07-12,2020-07-13,5.190534611100001e-06,-2.295971076000001e-07,Aggregated,-5.284787908684606,-6.639033587359743,2020,Pre-fire
2020-07-27,,3.750086090800001e-06,-1.7493112959999913e-07,,-5.425958762050891,-6.757132899437739,2020,Pre-fire
2020-07-16,2020-07-17,4.91993802e-06,-1.9679752080000046e-07,Aggregated,-5.308040368318318,-6.705980376990355,2020,Pre-fire
2020-07-18,2020-07-20,4.6903409124e-06,-1.366649450000001e-07,Aggregated,-5.328795589908937,-6.864342869085605,2020,Pre-fire
2020-07-21,2020-07-22,4.436144114700001e-06,-2.0773071640000006e-07,Aggregated,-5.352994353595392,-6.682499281140832,2020,Pre-fire
2020-07-23,2020-07-24,4.2311466972e-06,-1.749311296000004e-07,Aggregated,-5.373541917074751,-6.757132899437736,2020,Pre-fire
2020-07-25,2020-07-26,4.053482268700001e-06,-2.295971076000001e-07,Aggregated,-5.392171722393242,-6.639033587359743,2020,Pre-fire
2020-07-28,2020-07-30,3.6352875370000006e-06,-1.0933195600000004e-07,Aggregated,-5.439461232454538,-6.961252882093661,2020,Pre-fire
2020-07-31,2020-08-02,3.4111570272000003e-06,-9.293216260000022e-08,Aggregated,-5.467098288075219,-7.031833956379368,2020,Pre-fire
2020-08-08,2020-08-10,3.3291580602000003e-06,-1.1479855380000027e-07,Aggregated,-5.477665585124767,-6.940063583023723,2020,Pre-fire
2020-08-11,2020-08-12,3.1268939416000005e-06,-2.1866391199999966e-07,Aggregated,-5.5048868489646186,-6.660222886429681,2020,Pre-fire
2020-08-13,2020-08-15,2.9792958010000008e-06,-1.0933195599999983e-07,Aggregated,-5.525886375481001,-6.961252882093662,2020,Pre-fire
2020-08-18,2020-08-20,2.6458333352e-06,-1.311983472000003e-07,Aggregated,-5.57743751611323,-6.882071636046036,2020,Pre-fire
2020-08-30,2020-09-03,2.3397038584000003e-06,-4.3732782399999995e-08,Aggregated,-5.630839108744471,-7.3591928907657,2020,Pre-fire
2020-09-06,2020-09-09,2.0390409794000003e-06,-6.559917360000015e-08,Aggregated,-5.6905740459489556,-7.183101631710017,2020,Pre-fire
2020-09-20,,2.45996901e-06,-1.0058539952000006e-06,,-5.609070363982299,-5.9974650547481065,2020,Pre-fire
2020-09-21,,2.2741046848e-06,-1.858643252e-07,,-5.6431895471309,-6.730803960715388,2020,Pre-fire
2021-05-28,,7.106577140000002e-06,-1.1042527555999987e-06,,-5.148339525450806,-5.95693150831102,2021,Post-fire
2021-05-29,,6.253787883200001e-06,-8.527892568000011e-07,,-5.203856853300637,-6.06915827940318,2021,Post-fire
2021-05-30,,5.805526863600002e-06,-4.482610195999989e-07,,-5.236158361012192,-6.3484690253739275,2021,Post-fire
2021-05-31,,5.575929756000001e-06,-2.2959710760000096e-07,,-5.253682705995725,-6.639033587359741,2021,Post-fire
2021-06-01,,5.379132235200001e-06,-1.9679752080000046e-07,,-5.2692877793263015,-6.705980376990355,2021,Post-fire
2021-06-06,,4.745006890400001e-06,-2.0773071640000006e-07,,-5.323763152581151,-6.682499281140832,2021,Post-fire
2021-06-02,2021-06-03,5.245200589100001e-06,-2.077307163999992e-07,Aggregated,-5.280237898686153,-6.682499281140834,2021,Post-fire
2021-06-04,2021-06-05,5.083935954000001e-06,-2.186639120000005e-07,Aggregated,-5.293799929203708,-6.66022288642968,2021,Post-fire
2021-06-07,2021-06-09,4.6356749344000006e-06,-1.2573174940000008e-07,Aggregated,-5.333887025500929,-6.900555041740049,2021,Post-fire
2021-06-15,,5.739927690000001e-06,-1.3994490368000007e-06,,-5.241093578687705,-5.854042912445793,2021,Post-fire
2021-06-16,,5.3353994528000005e-06,-4.045282372000005e-07,,-5.272833060090951,-6.393051158026666,2021,Post-fire
2021-06-17,,5.116735540800001e-06,-2.1866391199999966e-07,,-5.2910070290195375,-6.660222886429681,2021,Post-fire
2021-06-18,,4.799672868400001e-06,-3.1706267239999946e-07,,-5.31878836185154,-6.4988548841947065,2021,Post-fire
2021-06-19,,4.6138085432000005e-06,-1.8586432520000085e-07,,-5.335940431131988,-6.730803960715386,2021,Post-fire
2021-06-23,,3.8156852644e-06,-4.810606064000011e-07,,-5.4184274551344815,-6.317800205607473,2021,Post-fire
2021-06-24,,3.465823005200001e-06,-3.498622591999991e-07,,-5.46019361987591,-6.456102903773757,2021,Post-fire
2021-06-28,,2.9300964208000004e-06,-1.7493112959999998e-07,,-5.533118088064873,-6.757132899437737,2021,Post-fire
2021-06-20,2021-06-21,4.5044765872e-06,-1.967975207999996e-07,Aggregated,-5.346355666060527,-6.7059803769903565,2021,Post-fire
2021-06-25,2021-06-26,3.3728908426000004e-06,-1.9679752080000046e-07,Aggregated,-5.471997713724401,-6.705980376990355,2021,Post-fire
2021-07-02,2021-07-04,2.8262310626000004e-06,-1.1479855380000005e-07,Aggregated,-5.5487923346637,-6.940063583023724,2021,Post-fire
2021-07-08,2021-07-12,2.4982351946e-06,-4.373278239999989e-08,Aggregated,-5.602366677687793,-7.3591928907657005,2021,Post-fire
2021-07-22,2021-07-24,2.1483729354e-06,-8.746556479999999e-08,Aggregated,-5.667890327382216,-7.058162895101718,2021,Post-fire
2021-07-28,2021-07-29,2.1675060277000003e-06,-2.5146349879999974e-07,Aggregated,-5.6640396861040205,-6.599525046076069,2021,Post-fire
2021-08-08,2021-08-12,1.8750430454000003e-06,-4.91993801999999e-08,Aggregated,-5.726988757714873,-7.308040368318319,2021,Post-fire
2022-06-12,,8.426213848920001e-05,-1.086759642640001e-05,,-4.074367523107653,-4.963866497696348,2022,Post-fire
2022-06-13,,7.142656685480001e-05,-1.2835571634399993e-05,,-4.146140223903849,-4.891584785182066,2022,Post-fire
2022-06-14,,5.961871560680001e-05,-1.1807851248000004e-05,,-4.22461738440684,-4.927829126606712,2022,Post-fire
2022-06-15,,5.080655995320001e-05,-8.812155653599998e-06,,-4.294080209614793,-5.054917840288571,2022,Post-fire
2022-06-16,,4.32298554024e-05,-7.5767045508000154e-06,,-4.364216217116009,-5.120519647481854,2022,Post-fire
2022-06-17,,4.052935608920001e-05,-2.7004993131999897e-06,,-4.392230296064098,-5.568555928833998,2022,Post-fire
2022-06-18,,3.56859504384e-05,-4.8434056508000066e-06,,-4.447502732011838,-5.314849155870592,2022,Post-fire
2022-06-19,,3.2143595064e-05,-3.5423553743999997e-06,,-4.492905551681504,-5.450707871887049,2022,Post-fire
2022-06-20,,2.8535640516000004e-05,-3.6079545479999973e-06,,-4.54461237475538,-5.442738942215774,2022,Post-fire
2022-06-21,,2.5091683902000004e-05,-3.443956614e-06,,-4.6004701922203814,-5.462942328304061,2022,Post-fire
2022-06-22,,2.2511449740400003e-05,-2.580234161600001e-06,,-4.64759653547563,-5.588340879123555,2022,Post-fire
2022-06-23,,2.0084280317200004e-05,-2.4271694231999997e-06,,-4.697143725787853,-5.614899907643023,2022,Post-fire
2022-06-24,,1.7711776872000005e-05,-2.3725034451999983e-06,,-4.7517378675510304,-5.624793148245133,2022,Post-fire
2022-06-25,,1.5579803730000002e-05,-2.1319731420000037e-06,,-4.807438017749132,-5.671218270731143,2022,Post-fire
2022-06-26,,1.4038223150400004e-05,-1.541580579599998e-06,,-4.852687858360827,-5.812033769438282,2022,Post-fire
2022-06-27,,1.2715306482800004e-05,-1.3229166675999993e-06,,-4.895673167365213,-5.878467511777212,2022,Post-fire
2022-06-28,,1.1851584030400004e-05,-8.637224524000007e-07,,-4.926223599891293,-6.06362579080322,2022,Post-fire
2022-07-01,,1.4781680451200002e-05,-4.701274108000015e-07,,-4.8302761904880445,-6.327784426514074,2022,Post-fire
2022-07-02,,1.4169421497600002e-05,-6.122589535999997e-07,,-4.848647880559088,-6.213064855087461,2022,Post-fire
2022-07-03,,1.3557162544000004e-05,-6.12258953599998e-07,,-4.8678311969314265,-6.213064855087462,2022,Post-fire
2022-07-04,,1.2868371221200002e-05,-6.88791322800002e-07,,-4.890476419250227,-6.161912332640079,2022,Post-fire
2022-07-06,,1.39179579988e-05,-1.760244491600002e-06,,-4.856424478440006,-5.754427006061811,2022,Post-fire
2022-07-07,,1.24419765928e-05,-1.4759814060000005e-06,,-4.905110620034609,-5.830919113598656,2022,Post-fire
2022-07-08,,1.1556387749200004e-05,-8.855888435999949e-07,,-4.9371778947862355,-6.052767863215014,2022,Post-fire
2022-07-09,,1.08894628176e-05,-6.669249316000045e-07,,-4.962993543669963,-6.175923047082891,2022,Post-fire
2022-07-10,,1.03974690156e-05,-4.91993801999999e-07,,-4.983072365156247,-6.308040368318319,2022,Post-fire
2022-07-11,,9.83987604e-06,-5.575929756e-07,,-5.007010372654337,-6.253682705995725,2022,Post-fire
2022-07-12,,9.391615020400002e-06,-4.482610195999989e-07,,-5.027259718262419,-6.3484690253739275,2022,Post-fire
2022-07-13,,9.0417527612e-06,-3.498622592000025e-07,,-5.043747372541115,-6.456102903773752,2022,Post-fire
2022-07-14,,8.757489675600001e-06,-2.842630855999981e-07,,-5.057620366009424,-6.546279534122847,2022,Post-fire
2022-07-15,,8.3966942208e-06,-3.607954548000004e-07,,-5.0758916620621495,-6.442738942215774,2022,Post-fire
2022-07-16,,8.1233643308e-06,-2.733298900000002e-07,,-5.090264068333086,-6.563312873421624,2022,Post-fire
2022-07-17,,7.9375000056e-06,-1.858643252e-07,,-5.100316261393568,-6.730803960715388,2022,Post-fire
2022-07-18,,7.707902898e-06,-2.295971076000001e-07,,-5.113063765102263,-6.639033587359743,2022,Post-fire
2022-07-19,,7.478305790400002e-06,-2.2959710759999841e-07,,-5.1261967803735455,-6.639033587359745,2022,Post-fire
2022-07-21,,7.095643944400002e-06,-2.295971076000001e-07,,-5.149008185293292,-6.639033587359743,2022,Post-fire
2022-07-24,,6.4833849908e-06,-2.8426308560000066e-07,,-5.188198188729399,-6.546279534122843,2022,Post-fire
2022-07-25,,6.177255514e-06,-3.0612947679999986e-07,,-5.209204434274223,-6.514094850751443,2022,Post-fire
2022-07-26,,5.925792015200002e-06,-2.5146349879999846e-07,,-5.227253595555275,-6.599525046076072,2022,Post-fire
2022-07-22,2022-07-23,6.931646010400002e-06,-3.2799586800000076e-07,Aggregated,-5.159163624211929,-6.484131627373999,2022,Post-fire
2022-07-27,2022-07-29,5.827393254800001e-06,-1.202651516000007e-07,Aggregated,-5.23452567306709,-6.919860196935434,2022,Post-fire
2022-08-01,2022-08-02,5.414665120900001e-06,-2.951962812000011e-07,Aggregated,-5.266428397883077,-6.5298891179346725,2022,Post-fire
2022-08-03,2022-08-04,5.138601932e-06,-2.405303031999997e-07,Aggregated,-5.289155024157944,-6.618830201271456,2022,Post-fire
2022-08-07,,4.64660813e-06,-2.8426308560000066e-07,,-5.3328639520433505,-6.546279534122843,2022,Post-fire
2022-08-10,,5.597796147200001e-06,-1.5634469708000007e-06,,-5.251982921117831,-5.8059168446286,2022,Post-fire
2022-08-11,,5.029269976000001e-06,-5.685261712000005e-07,,-5.298495050412088,-6.245249538458863,2022,Post-fire
2022-08-12,,4.6684745212e-06,-3.607954548000004e-07,,-5.330825007068638,-6.442738942215774,2022,Post-fire
2022-08-13,2022-08-14,4.529076277300001e-06,-2.514634987999993e-07,Aggregated,-5.343990365002287,-6.59952504607607,2022,Post-fire
2022-08-15,2022-08-16,4.291279273e-06,-2.4053030320000056e-07,Aggregated,-5.367413221012391,-6.618830201271455,2022,Post-fire
2022-08-30,,2.919163225200001e-06,-1.8586432519999958e-07,,-5.534741620729086,-6.730803960715389,2022,Post-fire
2022-08-20,2022-08-21,3.930483818200001e-06,-2.1866391199999966e-07,Aggregated,-5.40555398737476,-6.660222886429681,2022,Post-fire
2022-08-22,2022-08-24,3.728219699600001e-06,-8.746556479999957e-08,Aggregated,-5.428498503101164,-7.05816289510172,2022,Post-fire
2022-08-25,2022-08-26,3.5068224887000006e-06,-2.5146349880000016e-07,Aggregated,-5.455086217046696,-6.599525046076068,2022,Post-fire
2022-08-27,2022-08-29,3.2854252778e-06,-1.4213154280000012e-07,Aggregated,-5.483408405754903,-6.847309529786824,2022,Post-fire
2023-04-22,,0.0001249336261212,-4.515409782800001e-05,,-3.903320654713053,-4.3453028304372605,2023,Post-fire
2023-04-23,,0.0001068391874032,-1.8094438718000005e-05,,-3.9712694237922626,-4.7424548839819245,2023,Post-fire
2023-04-24,,9.503133615520002e-05,-1.1807851247999977e-05,,-4.022133164445175,-4.927829126606713,2023,Post-fire
2023-04-25,,8.134297526400002e-05,-1.3688360891200003e-05,,-4.089679946547783,-4.86364855321925,2023,Post-fire
2023-04-26,,6.95460572116e-05,-1.1796918052400018e-05,,-4.157727486517129,-4.9282314374107505,2023,Post-fire
2023-04-27,,5.9706181171600014e-05,-9.839876039999987e-06,,-4.223980705558119,-5.007010372654338,2023,Post-fire
2023-04-28,,5.223880857680001e-05,-7.467372594800006e-06,,-4.2820067366798025,-5.126832178412129,2023,Post-fire
2023-04-29,,4.7286070970000006e-05,-4.952737606800003e-06,,-4.325266770292829,-5.30515468008083,2023,Post-fire
2023-04-30,,4.24645317104e-05,-4.821539259600007e-06,,-4.3719736608576945,-5.316814292625822,2023,Post-fire
2023-05-01,,3.93267045732e-05,-3.137827137200001e-06,,-4.40531244427515,-5.50337098535967,2023,Post-fire
2023-05-02,,3.5795282394400004e-05,-3.5314221787999934e-06,,-4.446174207017739,-5.45205035976256,2023,Post-fire
2023-05-03,,3.16188016752e-05,-4.176480719200004e-06,,-4.500054593471169,-5.379189519181953,2023,Post-fire
2023-05-08,,2.3309573019200005e-05,-4.1983471103999996e-06,,-4.632465681739127,-5.376921657726131,2023,Post-fire
2023-05-09,,2.16258608968e-05,-1.6837121224000064e-06,,-4.665026594832502,-5.773732161257197,2023,Post-fire
2023-05-11,,2.0423209380800005e-05,-1.935175621200004e-06,,-4.689876010199587,-5.713279615731854,2023,Post-fire
2023-05-12,,1.82803030432e-05,-2.1429063376000033e-06,,-4.738016608990664,-5.668996810737185,2023,Post-fire
2023-05-13,,1.6957386375600002e-05,-1.3229166675999993e-06,,-4.770641084280057,-5.878467511777212,2023,Post-fire
2023-05-14,,1.5689135686000005e-05,-1.2682506895999979e-06,,-4.80440098102365,-5.896794892866744,2023,Post-fire
2023-05-15,,1.4912878798400004e-05,-7.762568876000005e-07,,-4.826438511773201,-6.109994533374586,2023,Post-fire
2023-05-17,,2.8251377430400008e-05,-1.63341942264e-05,,-4.548960372770615,-4.786902284614282,2023,Post-fire
2023-05-18,,2.0445075772000004e-05,-7.806301658400004e-06,,-4.689411275557163,-5.107554670317487,2023,Post-fire
2023-05-19,,1.7318181830400003e-05,-3.1268939416000013e-06,,-4.761497704840187,-5.5048868489646186,2023,Post-fire
2023-05-20,,1.5229941470800004e-05,-2.0882403595999985e-06,,-4.817301765669698,-5.680219514845935,2023,Post-fire
2023-05-21,,1.3896091607600002e-05,-1.3338498632000022e-06,,-4.857107331539654,-5.874893051418913,2023,Post-fire
2023-05-22,,1.2802772047600005e-05,-1.0933195599999974e-06,,-4.892695987021298,-5.961252882093663,2023,Post-fire
2023-05-23,,1.2168646702800002e-05,-6.341253448000023e-07,,-4.914757717758953,-6.1978248885307226,2023,Post-fire
2023-05-26,,1.2179579898400002e-05,-6.997245183999982e-07,,-4.9143676912559515,-6.1550729081097755,2023,Post-fire
2023-05-27,,1.1447055793200002e-05,-7.325241052000004e-07,,-4.941306200414819,-6.135178079392835,2023,Post-fire
2023-05-28,,1.0834796839600002e-05,-6.122589535999997e-07,,-4.965179227608386,-6.213064855087461,2023,Post-fire
2023-05-29,,9.960141191600003e-06,-8.746556479999986e-07,,-5.001734505120663,-6.058162895101719,2023,Post-fire
2023-05-30,,8.965220392000002e-06,-9.94920799600001e-07,,-5.0474390297099445,-6.002211489772567,2023,Post-fire
2023-05-31,,8.451360198800002e-06,-5.138601931999999e-07,,-5.073073388175337,-6.289155024157944,2023,Post-fire
2023-06-03,,7.926566810000001e-06,-2.405303031999997e-07,,-5.100914875522668,-6.618830201271456,2023,Post-fire
2023-06-04,,7.6095041376000015e-06,-3.1706267239999946e-07,,-5.118643642483099,-6.4988548841947065,2023,Post-fire
2023-06-05,,7.303374660800001e-06,-3.061294768000007e-07,,-5.136476419618116,-6.514094850751442,2023,Post-fire
2023-06-06,,7.030044770800001e-06,-2.733298900000002e-07,,-5.153041909169439,-6.563312873421624,2023,Post-fire
2023-06-11,,6.505251382000001e-06,-1.858643252e-07,,-5.186735916365112,-6.730803960715388,2023,Post-fire
2023-06-16,,5.969524797600001e-06,-2.405303031999997e-07,,-5.224060239388924,-6.618830201271456,2023,Post-fire
2023-06-17,,5.7289944944000006e-06,-2.4053030320000056e-07,,-5.241921595109935,-6.618830201271455,2023,Post-fire
2023-06-01,2023-06-02,8.303762058200003e-06,-2.842630856000015e-07,Aggregated,-5.080725103894856,-6.546279534122841,2023,Post-fire
2023-06-07,2023-06-09,6.909779619200001e-06,-9.293216259999958e-08,Aggregated,-5.1605358038112765,-7.031833956379371,2023,Post-fire
2023-06-12,2023-06-14,6.4068526216000004e-06,-9.839876040000065e-08,Aggregated,-5.193355266075571,-7.007010372654334,2023,Post-fire
2023-06-21,,5.892992428400001e-06,-5.685261711999996e-07,,-5.229664116906923,-6.245249538458863,2023,Post-fire
2023-06-22,,5.597796147200001e-06,-2.9519628120000026e-07,,-5.251982921117831,-6.529889117934674,2023,Post-fire
2023-06-23,,5.2916666704e-06,-3.061294768000007e-07,,-5.276407520449249,-6.514094850751442,2023,Post-fire
2023-06-24,,5.083935954000001e-06,-2.077307163999992e-07,,-5.293799929203708,-6.682499281140834,2023,Post-fire
2023-06-25,,4.832472455200001e-06,-2.5146349880000016e-07,,-5.31583061274457,-6.599525046076068,2023,Post-fire
2023-06-26,,4.6138085432000005e-06,-2.186639120000005e-07,,-5.335940431131988,-6.66022288642968,2023,Post-fire
2023-06-27,2023-06-28,4.493543391600001e-06,-2.405303031999997e-07,Aggregated,-5.347411060217593,-6.618830201271456,2023,Post-fire
2023-07-01,,4.143681132400001e-06,-2.186639120000005e-07,,-5.382613672125589,-6.66022288642968,2023,Post-fire
2023-07-02,2023-07-05,4.091748453300001e-06,-8.017676773333352e-08,Aggregated,-5.388091073078572,-7.095951455991117,2023,Post-fire
2023-07-12,2023-07-13,3.6817536183000006e-06,-2.077307163999992e-07,Aggregated,-5.433945277698639,-6.682499281140834,2023,Post-fire
2023-07-14,2023-07-16,3.5040891898000007e-06,-9.839876040000002e-08,Aggregated,-5.455424848238826,-7.007010372654337,2023,Post-fire
2023-07-20,,3.1378271372e-06,-2.2959710760000053e-07,,-5.50337098535967,-6.639033587359742,2023,Post-fire
2023-07-30,2023-08-02,2.7606318890000007e-06,-7.288797066666628e-08,Aggregated,-5.5589914996389815,-7.137344141149345,2023,Post-fire
2023-08-06,,2.8863636384000003e-06,-6.013257580000005e-07,,-5.53964895522383,-6.220890192599417,2023,Post-fire
2023-08-07,,2.7114325088000004e-06,-1.7493112959999998e-07,,-5.566801201267445,-6.757132899437737,2023,Post-fire
2023-08-08,2023-08-09,2.6048338517e-06,-1.8586432519999958e-07,Aggregated,-5.5842199727832975,-6.730803960715389,2023,Post-fire
2024-06-04,,2.2030389134000004e-05,-2.8535640516000004e-05,,-4.656977831616533,-4.54461237475538,2024,Post-fire
2024-06-05,,1.6891787202e-05,-5.138601932000003e-06,,-4.772324398332808,-5.289155024157944,2024,Post-fire
2024-06-06,,1.4366219018400002e-05,-2.5255681835999995e-06,,-4.8426575168699,-5.597640902201517,2024,Post-fire
2024-06-07,,1.27043732872e-05,-1.6618457312000022e-06,,-4.89604675403935,-5.779409294148889,2024,Post-fire
2024-06-08,,1.17750516612e-05,-9.29321626e-07,,-4.929037178795681,-6.031833956379369,2024,Post-fire
2024-06-09,,1.08457300352e-05,-9.29321626e-07,,-4.964741209939483,-6.031833956379369,2024,Post-fire
2024-06-10,,1.03646694288e-05,-4.810606063999994e-07,,-4.984444544755595,-6.317800205607475,2024,Post-fire
2024-06-11,,9.9273416048e-06,-4.37327824000001e-07,,-5.003167033572577,-6.359192890765699,2024,Post-fire
2024-06-12,,9.3697486292e-06,-5.575929756e-07,,-5.028272060170464,-6.253682705995725,2024,Post-fire
2024-06-13,,8.495092981200002e-06,-8.746556479999969e-07,,-5.070831863292748,-6.058162895101719,2024,Post-fire
2024-06-14,,8.178030308800002e-06,-3.170626724000003e-07,,-5.0873512842292,-6.498854884194706,2024,Post-fire
2024-06-16,,8.331095047200002e-06,-4.810606064000011e-07,,-5.079297910754061,-6.317800205607473,2024,Post-fire
2024-06-17,,7.926566810000001e-06,-4.045282372000005e-07,,-5.100914875522668,-6.393051158026666,2024,Post-fire
2024-06-18,,7.554838159600001e-06,-3.717286504e-07,,-5.121774834719464,-6.429773965051407,2024,Post-fire
2024-06-19,,7.303374660800001e-06,-2.5146349880000016e-07,,-5.136476419618116,-6.599525046076068,2024,Post-fire
2024-06-20,,7.030044770800001e-06,-2.733298900000002e-07,,-5.153041909169439,-6.563312873421624,2024,Post-fire
2024-06-21,,6.723915294000001e-06,-3.0612947679999986e-07,,-5.172377766318245,-6.514094850751443,2024,Post-fire
2024-06-22,,6.417785817200001e-06,-3.0612947679999986e-07,,-5.192614780846047,-6.514094850751443,2024,Post-fire
2024-06-23,,6.2209882964e-06,-1.967975208000013e-07,,-5.20614061569859,-6.705980376990353,2024,Post-fire
2024-06-25,,5.816460059200001e-06,-2.4053030320000056e-07,,-5.235341249798614,-6.618830201271455,2024,Post-fire
2024-06-26,,5.4993973868000005e-06,-3.170626724000003e-07,,-5.259684897037734,-6.498854884194706,2024,Post-fire
2024-06-27,,5.193267910000001e-06,-3.0612947679999986e-07,,-5.284559272468795,-6.514094850751443,2024,Post-fire
2024-07-05,,4.493543391600001e-06,-2.842630855999998e-07,,-5.347411060217593,-6.546279534122844,2024,Post-fire
2024-07-06,,4.285812675200001e-06,-2.0773071640000006e-07,,-5.3679668150732045,-6.682499281140832,2024,Post-fire
2024-07-07,,4.001549589600001e-06,-2.842630855999998e-07,,-5.397771796699251,-6.546279534122844,2024,Post-fire
2024-06-28,2024-06-30,5.100335747400001e-06,-9.83987603999998e-08,Aggregated,-5.292401234011143,-7.007010372654338,2024,Post-fire
2024-07-01,2024-07-04,4.955470905700001e-06,-7.288797066666683e-08,Aggregated,-5.304915069326116,-7.137344141149342,2024,Post-fire
2024-07-08,2024-07-10,3.8758178401999994e-06,-1.0386535820000045e-07,Aggregated,-5.411636642574576,-6.983529276804812,2024,Post-fire
2024-07-19,,3.0066287900000006e-06,-1.7493112959999956e-07,,-5.521920188263399,-6.757132899437738,2024,Post-fire
2024-07-14,2024-07-16,3.5532885700000006e-06,-1.5306473840000014e-07,Aggregated,-5.449369521114788,-6.815124846415423,2024,Post-fire
2024-07-17,2024-07-18,3.2498923921000002e-06,-1.8586432520000043e-07,Aggregated,-5.488131018802933,-6.730803960715387,2024,Post-fire
2024-07-21,2024-07-24,2.8918302362000006e-06,-6.559917359999987e-08,Aggregated,-5.538827205722457,-7.183101631710019,2024,Post-fire
2024-08-03,,2.962896007600001e-06,-1.8586432519999958e-07,,-5.528283591219256,-6.730803960715389,2024,Post-fire
2024-08-01,2024-08-02,3.2608255877000007e-06,-1.8586432519999958e-07,Aggregated,-5.486672429751282,-6.730803960715389,2024,Post-fire
2024-08-04,2024-08-06,2.8426308560000007e-06,-1.0386535820000024e-07,Aggregated,-5.546279534122844,-6.983529276804813,2024,Post-fire
2024-08-18,,2.6895661176000003e-06,-2.1757059244000004e-06,,-5.570317774990283,-5.662399805683955,2024,Post-fire
2024-08-19,,2.4709022056e-06,-2.186639120000005e-07,,-5.607144442946261,-6.66022288642968,2024,Post-fire
2024-08-24,,2.9738292032000005e-06,-6.887913228000003e-07,,-5.526683978059463,-6.16191233264008,2024,Post-fire
2024-08-25,,2.798898073600001e-06,-1.7493112959999956e-07,,-5.553012916781812,-6.757132899437738,2024,Post-fire
2024-08-29,,2.3178374672000003e-06,-1.8586432520000043e-07,,-5.6349170211649104,-6.730803960715387,2024,Post-fire
2024-08-26,2024-08-28,2.6786329220000003e-06,-1.4759814060000013e-07,Aggregated,-5.5720867977291295,-6.830919113598656,2024,Post-fire
2025-04-02,,7.378046013751375e-05,-5.296744664466495e-07,,-4.132058640589833,-6.275990962213732,2025,Post-fire
2025-04-03,,5.981512214851486e-05,-1.3965337988998889e-05,,-4.223189006054929,-4.854948549044187,2025,Post-fire
2025-04-04,,4.89700544840484e-05,-1.084506766446646e-05,,-4.310069412785776,-4.964767733994395,2025,Post-fire
2025-04-05,,4.192385570517051e-05,-7.046198778877886e-06,,-4.377538782453832,-5.152045109188828,2025,Post-fire
2025-04-06,,3.972598411331133e-05,-2.1978715918591783e-06,,-4.4009253354122935,-5.657997684331099,2025,Post-fire
2025-04-10,,4.415371609130913e-05,-7.301408222222224e-06,,-4.355032739197765,-5.1365933694468575,2025,Post-fire
2025-04-11,,3.88084820220022e-05,-5.34523406930693e-06,,-4.411073344179878,-5.272033272160985,2025,Post-fire
2025-04-12,,3.3918431167216727e-05,-4.890050854785473e-06,,-4.469564243419377,-5.310686624345119,2025,Post-fire
2025-04-13,,3.02717378239824e-05,-3.646693343234326e-06,,-4.518962646578869,-5.438100755726706,2025,Post-fire
2025-04-14,,2.7210879432343234e-05,-3.060858391639166e-06,,-4.565257421967323,-5.514156762252486,2025,Post-fire
2025-04-15,,2.424098369856985e-05,-2.9698957337733832e-06,,-4.615449760487912,-5.527258797498187,2025,Post-fire
2025-04-16,,2.196818278547855e-05,-2.2728009130913016e-06,,-4.658205866560595,-5.643438604808513,2025,Post-fire
2025-04-17,,1.9950883361936195e-05,-2.0172994235423546e-06,,-4.700037870367152,-5.695229635579458,2025,Post-fire
2025-04-18,,1.860448221452145e-05,-1.346401147414745e-06,,-4.730382412420482,-5.870825526922547,2025,Post-fire
2025-04-19,,1.7675454033003302e-05,-9.290281815181482e-07,,-4.752629421576587,-6.031971111741354,2025,Post-fire
2025-04-20,,1.643430633773377e-05,-1.2411476952695316e-06,,-4.784248621977984,-5.906176534839771,2025,Post-fire
2025-04-21,,1.5502386898789877e-05,-9.319194389438936e-07,,-4.809601428464201,-6.030621629206468,2025,Post-fire
2025-04-22,,1.456405217821782e-05,-9.38334720572057e-07,,-4.83671777380075,-6.027642213468698,2025,Post-fire
2025-04-23,,1.363526736853685e-05,-9.287848096809693e-07,,-4.865336341731025,-6.0320848961179765,2025,Post-fire
2025-04-24,,1.2710892456545656e-05,-9.243749119911939e-07,,-4.895823955713017,-6.034151850007771,2025,Post-fire
2025-04-25,,1.20884251760176e-05,-6.224672805280567e-07,,-4.917630273325637,-6.20588347195845,2025,Post-fire
2025-04-26,,1.1684729707370736e-05,-4.0369546864686394e-07,,-4.932381329309844,-6.393946125379647,2025,Post-fire
2025-04-27,,1.1217115059405942e-05,-4.676146479647941e-07,,-4.950118825333499,-6.330111893081962,2025,Post-fire
2025-04-28,,1.0914000303630362e-05,-3.0311475577557975e-07,,-4.9620160384706855,-6.518392921448521,2025,Post-fire
2025-04-29,,1.0543568897689767e-05,-3.704314059405947e-07,,-4.977012359690698,-6.431292200044926,2025,Post-fire
2025-04-30,,1.0125699453245324e-05,-4.1786944444444366e-07,,-4.994574967304125,-6.378959384286687,2025,Post-fire
2025-05-01,,9.892062489548956e-06,-2.3363696369636793e-07,,-5.004713148802797,-6.631458446408038,2025,Post-fire
2025-05-02,,9.439663448844886e-06,-4.523990407040699e-07,,-5.025043489273442,-6.344478324651469,2025,Post-fire
2025-05-04,,9.10062700990099e-06,-2.0635011331133123e-07,,-5.040928684870197,-6.685395288305963,2025,Post-fire
2025-05-06,,8.633781416941694e-06,-3.2231192629262927e-07,,-5.063798950655165,-6.491723624282112,2025,Post-fire
2025-05-08,,8.318410455445545e-06,-1.8917779647964781e-07,,-5.079959654043568,-6.723129837449185,2025,Post-fire
2025-05-10,,8.014351416941694e-06,-2.5838301210121e-07,,-5.096131618342983,-6.5877360432823355,2025,Post-fire
2025-05-11,,7.779867519251925e-06,-2.3448389768976897e-07,,-5.10902779840205,-6.629886975484454,2025,Post-fire
2025-05-13,,8.829656806380637e-06,-8.567856853685394e-07,,-5.054056176376189,-6.0671277980321605,2025,Post-fire
2025-05-14,,7.998425163916393e-06,-8.312316424642443e-07,,-5.096995514251612,-6.080277932864196,2025,Post-fire
2025-05-15,,7.748219445544555e-06,-2.5020571837183766e-07,,-5.110798087663889,-6.601702768867399,2025,Post-fire
2025-05-16,,7.568114551155115e-06,-1.8010489438943986e-07,,-5.121012303065294,-6.744474484973671,2025,Post-fire
2025-05-20,,8.401711767876786e-06,-1.7792428272827306e-06,,-5.075632221604001,-5.749764776282439,2025,Post-fire
2025-05-21,,7.4183921969196915e-06,-9.833195709570947e-07,,-5.129690210040104,-6.00730531701189,2025,Post-fire
2025-05-22,,7.108463029702969e-06,-3.099291672167225e-07,,-5.148224290954595,-6.508737550688089,2025,Post-fire
2025-05-23,,6.729581753575357e-06,-3.788812761276116e-07,,-5.172011926527695,-6.421496856523328,2025,Post-fire
2025-05-24,,6.455437981298129e-06,-2.741437722772284e-07,,-5.190074286874225,-6.562021615534121,2025,Post-fire
2025-05-25,,6.157696875687568e-06,-2.977411056105609e-07,,-5.210581693876538,-6.526161203285819,2025,Post-fire
2025-05-26,,5.874840391639164e-06,-2.828564840484041e-07,,-5.231003927859967,-6.54843386127865,2025,Post-fire
2025-05-27,,5.661997117711772e-06,-2.128432739273923e-07,,-5.247030356052193,-6.6719400694350375,2025,Post-fire
2025-05-28,,5.436264871287128e-06,-2.2573224642464355e-07,,-5.264699391281704,-6.646406396420905,2025,Post-fire
2025-06-03,,5.153583614961497e-06,-1.7333915731573084e-07,,-5.2878906732957125,-6.761103319079519,2025,Post-fire
2025-06-01,2025-06-02,5.428678971122113e-06,-1.9336379207920824e-07,Aggregated,-5.26530583990492,-6.71362484551866,2025,Post-fire
2025-06-11,,4.348821093509351e-06,-2.8869740814081436e-07,,-5.361628458441782,-6.539557115098133,2025,Post-fire
2025-06-12,,3.908279128712871e-06,-4.4054196479647993e-07,,-5.408014426598419,-6.35601271560271,2025,Post-fire
2025-06-06,2025-06-07,4.969068822882288e-06,-2.38309702970298e-07,Aggregated,-5.303724988122445,-6.6228582746461155,2025,Post-fire
2025-06-08,2025-06-09,4.744129968646865e-06,-1.9421072607260674e-07,Aggregated,-5.323843421689962,-6.7117267880968745,2025,Post-fire
2025-06-18,,3.6563503377337736e-06,-2.0598018811881155e-07,,-5.436952198481111,-6.6861745495553775,2025,Post-fire
2025-06-22,,6.5513556897689765e-06,-2.4664275467546763e-06,,-5.18366882097556,-5.607931637755785,2025,Post-fire
2025-06-23,,4.603845574257425e-06,-1.947510115511551e-06,,-5.336879252238737,-5.710520277891886,2025,Post-fire
2025-06-24,,4.019587672167216e-06,-5.842579020902095e-07,,-5.395818494399797,-6.2333954050615965,2025,Post-fire
2025-06-25,,3.748237808580858e-06,-2.713498635863581e-07,,-5.42617286290751,-6.5664703924139936,2025,Post-fire
2025-06-26,2025-06-27,3.598651742574258e-06,-2.913452937293728e-07,Aggregated,-5.443860179909032,-6.5355919929294926,2025,Post-fire
2025-07-05,,2.9098607689768978e-06,-2.1377782178217805e-07,,-5.536127790640085,-6.670037352341587,2025,Post-fire
2025-07-08,,2.541911755775578e-06,-1.711974851485152e-07,,-5.5948395303535845,-6.766502619297561,2025,Post-fire
2025-07-02,2025-07-03,3.355649830583058e-06,-2.24291485148515e-07,Aggregated,-5.474223365060262,-6.649187213368466,2025,Post-fire
2025-07-06,2025-07-07,2.8117697500000005e-06,-1.9675152805280477e-07,Aggregated,-5.551020245671627,-6.706081886047301,2025,Post-fire
2025-07-15,2025-07-16,2.2296632549504945e-06,-1.7899511881188084e-07,Aggregated,-5.651760723301627,-6.747158812047869,2025,Post-fire
