START DATE,END DATE,Q,dQdt,Mode,log_Q,log_dQdt,WATERYEAR,Fire
2000-06-13,,3.4308367792800004e-05,-2.6687930459600004e-05,,-4.464599942842744,-4.573685102676473,2000,Pre-fire
2000-06-14,,2.5835141202800004e-05,-8.47322659e-06,,-4.587789160461293,-5.0719511795873515,2000,Pre-fire
2000-06-15,,2.24458505668e-05,-3.3892906360000053e-06,,-4.64886393272307,-5.469891188259388,2000,Pre-fire
2000-06-16,,2.00405475348e-05,-2.4053030320000005e-06,,-4.6980904171314455,-5.6188302012714555,2000,Pre-fire
2000-06-17,,1.82803030432e-05,-1.7602444915999969e-06,,-4.738016608990664,-5.754427006061813,2000,Pre-fire
2000-06-18,,1.6946453180000003e-05,-1.3338498631999989e-06,,-4.77092118392337,-5.874893051418914,2000,Pre-fire
2000-06-19,,1.54923381652e-05,-1.4541150148000013e-06,,-4.809883031846201,-5.837401241126575,2000,Pre-fire
2000-06-20,,1.4453684583200002e-05,-1.0386535819999994e-06,,-4.84002142694404,-5.9835292768048145,2000,Pre-fire
2000-06-21,,1.3896091607600002e-05,-5.575929756e-07,,-4.857107331539654,-6.253682705995725,2000,Pre-fire
2000-06-22,,1.3655561304400002e-05,-2.405303031999997e-07,,-4.864690443719526,-6.618830201271456,2000,Pre-fire
2000-06-23,,1.284650483e-05,-8.090564744000027e-07,,-4.891215015485907,-6.092021162362684,2000,Pre-fire
2000-06-24,,1.2343577832400004e-05,-5.029269975999952e-07,,-4.908558940168693,-6.298495050412091,2000,Pre-fire
2000-06-25,,1.1785984856800004e-05,-5.575929756e-07,,-4.928634121242942,-6.253682705995725,2000,Pre-fire
2000-06-26,,1.1261191468000002e-05,-5.247933888000029e-07,,-4.948415657388489,-6.280011644718072,2000,Pre-fire
2000-06-27,,1.0878529622000002e-05,-3.826618459999996e-07,,-4.963429801347936,-6.417184837743386,2000,Pre-fire
2000-06-28,,1.05833333408e-05,-2.951962812000011e-07,,-4.975377524785268,-6.5298891179346725,2000,Pre-fire
2000-06-29,,1.0167871908000002e-05,-4.154614327999984e-07,,-4.992769933539726,-6.381469285476853,2000,Pre-fire
2000-06-30,,9.807076453200002e-06,-3.607954548000004e-07,,-5.0084604390495695,-6.442738942215774,2000,Pre-fire
2000-07-01,,9.5556129544e-06,-2.514634988000027e-07,,-5.019741449459259,-6.599525046076065,2000,Pre-fire
2000-07-02,,9.2713498688e-06,-2.842630855999998e-07,,-5.032857029836948,-6.546279534122844,2000,Pre-fire
2000-07-06,,8.516959372400002e-06,-4.482610196000006e-07,,-5.069715424421097,-6.348469025373926,2000,Pre-fire
2000-07-09,,7.970299592400001e-06,-2.623966944000006e-07,,-5.098525353775687,-6.581041640382055,2000,Pre-fire
2000-07-13,,7.423639812400002e-06,-2.40530303199998e-07,,-5.12938310781316,-6.618830201271459,2000,Pre-fire
2000-07-03,2000-07-05,9.1729511084e-06,-1.5306473839999866e-07,Aggregated,-5.037490921264961,-6.8151248464154275,2000,Pre-fire
2000-07-07,2000-07-08,8.3529614384e-06,-2.842630855999998e-07,Aggregated,-5.0781595235179715,-6.546279534122844,2000,Pre-fire
2000-07-10,2000-07-12,7.8883006254e-06,-1.5306473840000035e-07,Aggregated,-5.103016546664149,-6.815124846415423,2000,Pre-fire
2000-07-14,2000-07-15,7.276041671800002e-06,-2.405303032000014e-07,Aggregated,-5.138104822282967,-6.618830201271453,2000,Pre-fire
2000-07-20,,6.505251382000001e-06,-4.2639462840000056e-07,,-5.186735916365112,-6.370188275067162,2000,Pre-fire
2000-08-02,,4.6903409124e-06,-2.186639120000005e-07,,-5.328795589908937,-6.66022288642968,2000,Pre-fire
2000-07-21,2000-07-22,6.330320252400001e-06,-3.498622592000008e-07,Aggregated,-5.198574318366226,-6.456102903773755,2000,Pre-fire
2000-07-23,2000-07-24,6.0515237646000015e-06,-2.4053030319999886e-07,Aggregated,-5.21813525687892,-6.618830201271457,2000,Pre-fire
2000-07-25,2000-07-26,5.789127070200001e-06,-2.186639120000005e-07,Aggregated,-5.2373869176501575,-6.66022288642968,2000,Pre-fire
2000-07-27,2000-07-28,5.5021306857e-06,-3.826618460000013e-07,Aggregated,-5.2594690985329695,-6.417184837743385,2000,Pre-fire
2000-07-29,2000-07-31,5.220600899000001e-06,-1.3119834719999903e-07,Aggregated,-5.2822795061738965,-6.8820716360460406,2000,Pre-fire
2000-08-15,2000-08-17,3.968750002800001e-06,-1.2026515160000028e-07,Aggregated,-5.401346257057549,-6.919860196935436,2000,Pre-fire
2000-08-20,2000-08-21,3.6653538249000003e-06,-2.5146349879999974e-07,Aggregated,-5.435884095570025,-6.599525046076069,2000,Pre-fire
2000-08-22,2000-08-23,3.4685563041000007e-06,-2.0773071640000048e-07,Aggregated,-5.459851251326919,-6.6824992811408315,2000,Pre-fire
2000-08-26,2000-08-29,3.2170928053000006e-06,-7.653236920000018e-08,Aggregated,-5.4925364105781895,-7.116154842079404,2000,Pre-fire
2000-09-05,,4.023415980800001e-06,-7.543904963999996e-07,,-5.395405063420144,-6.122403791356406,2000,Pre-fire
2000-09-06,,3.465823005200001e-06,-5.575929756e-07,,-5.46019361987591,-6.253682705995725,2000,Pre-fire
2000-09-07,,3.2362258976000003e-06,-2.2959710760000053e-07,,-5.489961171034723,-6.639033587359742,2000,Pre-fire
2000-09-11,2000-09-12,3.3510244514000003e-06,-3.4986225919999954e-07,Aggregated,-5.474822403239227,-6.456102903773757,2000,Pre-fire
2001-05-16,,8.795755860200001e-05,-4.898071628800011e-06,,-4.055726833658613,-5.309974868095517,2001,Pre-fire
2001-05-17,,6.449492084440001e-05,-2.34626377576e-05,,-4.190474485924514,-4.629623164463729,2001,Pre-fire
2001-05-18,,4.82263257916e-05,-1.626859505280001e-05,,-4.316715824315255,-4.788649950883801,2001,Pre-fire
2001-05-19,,3.776325760240001e-05,-1.0463068189199992e-05,,-4.4229305488622215,-4.9803409443168185,2001,Pre-fire
2001-05-20,,3.1542269306e-05,-6.220988296400004e-06,,-4.501107064601912,-5.20614061569859,2001,Pre-fire
2001-05-21,,2.7759383628400005e-05,-3.7828856775999977e-06,,-4.556590181219939,-5.422176783300886,2001,Pre-fire
2001-05-22,,2.5015151532800004e-05,-2.7442320956000017e-06,,-4.601796861972675,-5.561579160612624,2001,Pre-fire
2001-05-23,,2.2828512412800005e-05,-2.1866391199999983e-06,,-4.6415223877634375,-5.660222886429681,2001,Pre-fire
2001-05-24,,2.1101067508e-05,-1.7274449048000048e-06,,-4.675695573085888,-5.762595795139238,2001,Pre-fire
2001-05-25,,1.983281681840001e-05,-1.268250689599991e-06,,-4.702615599369585,-5.896794892866747,2001,Pre-fire
2001-05-26,,1.8203770674000004e-05,-1.629046144400005e-06,,-4.739838644251323,-5.788066613681386,2001,Pre-fire
2001-05-27,,1.7591511720400003e-05,-6.122589536000014e-07,,-4.754696837994632,-6.2130648550874605,2001,Pre-fire
2001-05-28,,1.6869920810800002e-05,-7.215909096000008e-07,,-4.772886956030513,-6.141708946551793,2001,Pre-fire
2001-05-29,,1.6181129488000004e-05,-6.887913227999986e-07,,-4.790991166698705,-6.161912332640081,2001,Pre-fire
2001-05-30,,1.5448605382800003e-05,-7.325241052000004e-07,,-4.811110720245103,-6.135178079392835,2001,Pre-fire
2001-05-31,,1.4858212820400004e-05,-5.903925623999988e-07,,-4.828033425361167,-6.228859122270694,2001,Pre-fire
2001-06-01,,1.4278753453600003e-05,-5.794593668000009e-07,,-4.845309705154606,-6.236977012492872,2001,Pre-fire
2001-06-02,,1.4049156346000002e-05,-2.295971076000018e-07,,-4.852349754426348,-6.639033587359739,2001,Pre-fire
2001-06-03,,1.3819559238400002e-05,-2.295971076000001e-07,,-4.859505808147295,-6.639033587359743,2001,Pre-fire
2001-06-04,,1.3065168742000004e-05,-7.543904963999979e-07,,-4.883884976809505,-6.122403791356407,2001,Pre-fire
2001-06-07,,1.2026515160000002e-05,-1.0386535820000011e-06,,-4.919860196935437,-5.983529276804814,2001,Pre-fire
2001-06-08,,1.15782541404e-05,-4.482610196000023e-07,,-4.936356921986177,-6.348469025373924,2001,Pre-fire
2001-06-09,,1.1151859512000002e-05,-4.26394628399998e-07,,-4.952652710331744,-6.370188275067164,2001,Pre-fire
2001-06-10,,1.0823863644e-05,-3.279958680000016e-07,,-4.9656176874961115,-6.484131627373997,2001,Pre-fire
2001-06-13,,1.0605199732000002e-05,-1.8039772740000004e-06,,-4.974481147827417,-5.743768937879755,2001,Pre-fire
2001-06-14,,9.8836088224e-06,-7.215909096000025e-07,,-5.005084451618298,-6.141708946551791,2001,Pre-fire
2001-06-15,,9.3697486292e-06,-5.138601931999999e-07,,-5.028272060170464,-6.289155024157944,2001,Pre-fire
2001-06-16,,9.1510847172e-06,-2.186639119999988e-07,,-5.038527424100402,-6.660222886429683,2001,Pre-fire
2001-06-17,,8.9324208052e-06,-2.186639120000005e-07,,-5.049030825561246,-6.66022288642968,2001,Pre-fire
2001-06-18,,8.604424937200002e-06,-3.279958679999982e-07,,-5.065278149734597,-6.484131627374001,2001,Pre-fire
2001-06-21,,8.035898766e-06,-2.623966944000006e-07,,-5.094965543009467,-6.581041640382055,2001,Pre-fire
2001-06-22,,7.784435267200001e-06,-2.514634987999993e-07,,-5.108772888456805,-6.59952504607607,2001,Pre-fire
2001-06-19,2001-06-20,8.4677599922e-06,-3.061294768000007e-07,Aggregated,-5.072231459998437,-6.514094850751442,2001,Pre-fire
2001-06-28,,7.860967636400002e-06,-1.8367768607999975e-06,,-5.104523991710779,-5.7359436003678,2001,Pre-fire
2001-06-29,,7.336174247600002e-06,-5.247933887999995e-07,,-5.13453036192467,-6.2800116447180745,2001,Pre-fire
2001-06-30,,7.062844357600002e-06,-2.733298900000002e-07,,-5.151020364098578,-6.563312873421624,2001,Pre-fire
2001-07-01,,6.745781685200002e-06,-3.170626724000003e-07,,-5.17096771806042,-6.498854884194706,2001,Pre-fire
2001-07-02,,6.527117773200001e-06,-2.186639120000005e-07,,-5.185278550964292,-6.66022288642968,2001,Pre-fire
2001-07-03,2001-07-04,6.3849862303999995e-06,-3.0612947680000156e-07,Aggregated,-5.1948400349812625,-6.51409485075144,2001,Pre-fire
2001-07-05,2001-07-07,6.0515237646000015e-06,-1.0933195599999898e-07,Aggregated,-5.21813525687892,-6.961252882093666,2001,Pre-fire
2001-07-08,2001-07-09,5.860192841600002e-06,-3.061294768000007e-07,Aggregated,-5.2320880924008915,-6.514094850751442,2001,Pre-fire
2001-07-10,2001-07-11,5.548596767000001e-06,-2.6239669439999976e-07,Aggregated,-5.255816835508411,-6.581041640382056,2001,Pre-fire
2001-07-17,,4.7122073036e-06,-2.0773071640000006e-07,,-5.32677561193293,-6.682499281140832,2001,Pre-fire
2001-07-13,2001-07-14,5.313533061600001e-06,-2.6239669439999976e-07,Aggregated,-5.274616612831368,-6.581041640382056,2001,Pre-fire
2001-07-15,2001-07-16,5.064802861700001e-06,-2.51463498800001e-07,Aggregated,-5.295437454102727,-6.599525046076067,2001,Pre-fire
2001-07-22,2001-07-25,4.471677000400001e-06,-1.2755394866666655e-07,Aggregated,-5.34952957408632,-6.894306092463049,2001,Pre-fire
2001-07-26,2001-07-27,4.1108815456e-06,-2.623966944000006e-07,Aggregated,-5.386065037166,-6.581041640382055,2001,Pre-fire
2001-07-31,,4.1764807192e-06,-9.839876040000006e-07,,-5.379189519181953,-6.007010372654337,2001,Pre-fire
2001-08-01,,3.935950416000001e-06,-2.405303031999997e-07,,-5.404950381326374,-6.618830201271456,2001,Pre-fire
2001-08-07,,3.3783574404e-06,-2.8426308560000066e-07,,-5.4712944026688275,-6.546279534122843,2001,Pre-fire
2001-08-05,2001-08-06,3.7746857809000006e-06,-2.0773071639999963e-07,Aggregated,-5.423119194842993,-6.682499281140833,2001,Pre-fire
2001-08-08,2001-08-10,3.2580922888e-06,-1.2026515160000007e-07,Aggregated,-5.487036618017407,-6.919860196935437,2001,Pre-fire
2001-08-11,2001-08-17,3.044894974600001e-06,-4.191058313333329e-08,Aggregated,-5.516427682583914,-7.377676296459713,2001,Pre-fire
2001-08-24,,3.0722279636000008e-06,-1.0823863643999995e-06,,-5.512546562188581,-5.965617687496112,2001,Pre-fire
2001-08-25,,2.8207644648000006e-06,-2.5146349880000016e-07,,-5.549633176130431,-6.599525046076068,2001,Pre-fire
2001-08-26,2001-08-28,2.6731663242e-06,-1.0933195600000004e-07,Aggregated,-5.572974018634023,-6.961252882093661,2001,Pre-fire
2001-08-29,2001-09-02,2.5201015858000005e-06,-5.1932679100000014e-08,Aggregated,-5.5985819523679945,-7.284559272468795,2001,Pre-fire
2002-04-15,,0.0001173787879616,-5.3528925657600016e-05,,-3.930410379268745,-4.2714114729561565,2002,Pre-fire
2002-04-16,,8.973966948480002e-05,-2.763911847679997e-05,,-4.04701553432592,-4.558475812483315,2002,Pre-fire
2002-04-17,,7.887207305840001e-05,-1.086759642640001e-05,,-4.103076744111317,-4.963866497696348,2002,Pre-fire
2002-04-18,,6.950232442920002e-05,-9.369748629199998e-06,,-4.1580006706632044,-5.028272060170464,2002,Pre-fire
2002-04-19,,6.032937332080001e-05,-9.172951108400005e-06,,-4.219471185950495,-5.037490921264961,2002,Pre-fire
2002-04-20,,5.237000692400001e-05,-7.959366396800001e-06,,-4.2809173686790984,-5.0991215027806245,2002,Pre-fire
2002-04-21,,4.4487172896400006e-05,-7.882834027600004e-06,,-4.351765192240377,-5.103317617374232,2002,Pre-fire
2002-04-22,,3.77523244068e-05,-6.7348484896000054e-06,,-4.423056303744207,-5.171672169929236,2002,Pre-fire
2002-04-23,,3.2766787213200006e-05,-4.985537193599995e-06,,-4.484566139148017,-5.302288039429227,2002,Pre-fire
2002-04-24,,3.00881542912e-05,-2.6786329220000075e-06,,-4.521604452530188,-5.572086797729128,2002,Pre-fire
2002-04-25,,2.802178032280001e-05,-2.066373968399989e-06,,-4.552504275909418,-5.68479107792042,2002,Pre-fire
2002-04-26,,2.7245523435200004e-05,-7.762568876000056e-07,,-4.564704844106529,-6.109994533374583,2002,Pre-fire
2002-04-27,,2.6830062002400005e-05,-4.154614327999984e-07,,-4.571378323702676,-6.381469285476853,2002,Pre-fire
2002-04-28,,2.3725034452000003e-05,-3.105027550400002e-06,,-4.624793148245132,-5.507934542046624,2002,Pre-fire
2002-04-29,,2.224905304600001e-05,-1.4759814059999937e-06,,-4.652688468532423,-5.830919113598657,2002,Pre-fire
2002-04-30,,2.13415978112e-05,-9.07455234800011e-07,,-4.670773068762989,-6.042174789717582,2002,Pre-fire
2002-05-01,,2.0117079904000003e-05,-1.224517907199996e-06,,-4.696435059084125,-5.912034859423482,2002,Pre-fire
2002-05-02,,1.9614152906400004e-05,-5.029269975999986e-07,,-4.707430443385588,-6.298495050412089,2002,Pre-fire
2002-05-03,,1.8990960757200003e-05,-6.23192149200001e-07,,-4.721453063646563,-6.20537802642117,2002,Pre-fire
2002-05-04,,1.73509814172e-05,-1.6399793400000013e-06,,-4.760675955338813,-5.78516162303798,2002,Pre-fire
2002-05-06,,1.6957386375600002e-05,-3.389290636000012e-07,,-4.770641084280057,-6.469891188259387,2002,Pre-fire
2002-05-07,,1.5798467642000004e-05,-1.1589187335999984e-06,,-4.801385035001095,-5.935947016828892,2002,Pre-fire
2002-05-08,,1.5557937338800003e-05,-2.405303032000014e-07,,-4.808047982009377,-6.618830201271453,2002,Pre-fire
2002-05-09,,1.51315427104e-05,-4.263946284000031e-07,,-4.820116791972922,-6.370188275067159,2002,Pre-fire
2002-05-10,,1.45739497348e-05,-5.575929756e-07,,-4.836422732679803,-6.253682705995725,2002,Pre-fire
2002-05-11,,1.4081955932800002e-05,-4.919938019999973e-07,,-4.851337019069868,-6.308040368318321,2002,Pre-fire
2002-05-12,,1.34259641968e-05,-6.559917360000015e-07,,-4.872054515288513,-6.183101631710017,2002,Pre-fire
2002-05-13,,1.2912104003600004e-05,-5.138601931999965e-07,,-4.889002984480147,-6.289155024157947,2002,Pre-fire
2002-05-14,,1.2540375353200002e-05,-3.717286504000017e-07,,-4.901689464192394,-6.429773965051405,2002,Pre-fire
2002-05-15,,1.2135847116000004e-05,-4.045282371999988e-07,,-4.9159299033070045,-6.393051158026668,2002,Pre-fire
2002-05-16,,1.1895316812800002e-05,-2.405303032000014e-07,,-4.9246239867315005,-6.618830201271453,2002,Pre-fire
2002-05-19,,1.1556387749200004e-05,-2.1866391199999542e-07,,-4.9371778947862355,-6.66022288642969,2002,Pre-fire
2002-05-20,,1.120652549e-05,-3.498622592000042e-07,,-4.950529016701888,-6.4561029037737505,2002,Pre-fire
2002-05-23,,1.1108126729600002e-05,-7.434573008000017e-07,,-4.954359174145761,-6.128743969387425,2002,Pre-fire
2002-05-24,,1.0605199732000002e-05,-5.029269976000003e-07,,-4.974481147827417,-6.298495050412088,2002,Pre-fire
2002-05-25,,1.03646694288e-05,-2.405303032000014e-07,,-4.984444544755595,-6.618830201271453,2002,Pre-fire
2002-05-30,,9.752410475200002e-06,-2.1319731419999986e-06,,-5.010888027717539,-5.671218270731144,2002,Pre-fire
2002-05-31,,9.1729511084e-06,-5.794593668000026e-07,,-5.037490921264961,-6.236977012492871,2002,Pre-fire
2002-06-01,,8.451360198800002e-06,-7.215909095999974e-07,,-5.073073388175337,-6.141708946551795,2002,Pre-fire
2002-06-03,,7.828168049600001e-06,-4.263946283999997e-07,,-5.106339859785806,-6.370188275067163,2002,Pre-fire
2002-06-04,,7.598570942000001e-06,-2.295971076000001e-07,,-5.1192680775035475,-6.639033587359743,2002,Pre-fire
2002-06-18,,1.04849345804e-05,-2.951962812000028e-07,,-4.9794342749229985,-6.529889117934671,2002,Pre-fire
2002-06-19,,8.0249655704e-06,-2.4599690099999985e-06,,-5.095556822177591,-5.609070363982299,2002,Pre-fire
2002-06-20,,6.822314054400001e-06,-1.2026515159999994e-06,,-5.1660682924112376,-5.919860196935437,2002,Pre-fire
2002-06-21,,6.559917360000001e-06,-2.623966944000006e-07,,-5.183101631710018,-6.581041640382055,2002,Pre-fire
2002-06-22,,6.330320252400001e-06,-2.295971076000001e-07,,-5.198574318366226,-6.639033587359743,2002,Pre-fire
2002-06-24,,5.947658406400001e-06,-2.077307163999992e-07,,-5.225653982395482,-6.682499281140834,2002,Pre-fire
2002-06-25,2002-06-26,5.827393254800001e-06,-2.623966944000006e-07,Aggregated,-5.23452567306709,-6.581041640382055,2002,Pre-fire
2002-06-30,,5.925792015200002e-06,-1.8586432519999992e-06,,-5.227253595555275,-5.730803960715388,2002,Pre-fire
2002-07-01,,5.532196973600002e-06,-3.9359504160000006e-07,,-5.257102365253862,-6.404950381326374,2002,Pre-fire
2002-07-02,,5.324466257200001e-06,-2.077307164000009e-07,,-5.273723920879028,-6.682499281140831,2002,Pre-fire
2002-07-09,,4.515409782800001e-06,-2.1866391199999966e-07,,-5.3453028304372605,-6.660222886429681,2002,Pre-fire
2002-07-03,2002-07-04,5.138601932000001e-06,-3.4986225919999996e-07,Aggregated,-5.289155024157944,-6.456102903773756,2002,Pre-fire
2002-07-05,2002-07-08,4.870738639800001e-06,-8.017676773333352e-08,Aggregated,-5.312405173720768,-7.095951455991117,2002,Pre-fire
2002-07-10,2002-07-11,4.3787448378000015e-06,-2.405303031999997e-07,Aggregated,-5.358650361673405,-6.618830201271456,2002,Pre-fire
2002-07-12,2002-07-14,4.181947317e-06,-1.2573174940000008e-07,Aggregated,-5.378621442604025,-6.900555041740049,2002,Pre-fire
2002-07-17,2002-07-18,3.864884644600001e-06,-2.6239669439999976e-07,Aggregated,-5.412863463960743,-6.581041640382056,2002,Pre-fire
2002-07-31,2002-08-02,3.1432937350000007e-06,-1.2573174939999987e-07,Aggregated,-5.502615033068012,-6.90055504174005,2002,Pre-fire
2002-08-07,2002-08-09,2.8863636384000008e-06,-1.0933195599999983e-07,Aggregated,-5.53964895522383,-6.961252882093662,2002,Pre-fire
2002-08-10,2002-08-15,2.6868328187e-06,-4.37327824000001e-08,Aggregated,-5.570759355589488,-7.359192890765699,2002,Pre-fire
2002-08-16,2002-08-19,2.4463025155000007e-06,-7.653236920000003e-08,Aggregated,-5.611489838105712,-7.116154842079404,2002,Pre-fire
2002-08-22,,2.766098486800001e-06,-2.0773071639999963e-07,,-5.558132360917844,-6.682499281140833,2002,Pre-fire
2002-08-23,,2.547434574800001e-06,-2.1866391200000008e-07,,-5.593896961067642,-6.66022288642968,2002,Pre-fire
2002-08-24,2002-08-25,2.4107696298000003e-06,-2.8426308560000066e-07,Aggregated,-5.617844288289804,-6.546279534122843,2002,Pre-fire
2002-08-26,2002-08-28,2.1046401530000004e-06,-1.366649449999999e-07,Aggregated,-5.676822148249142,-6.864342869085606,2002,Pre-fire
2003-04-09,,7.482679068640003e-05,-2.645833335199985e-06,,-4.125942881224599,-5.577437516113233,2003,Pre-fire
2003-04-10,,7.176549591840002e-05,-3.0612947680000105e-06,,-4.144084309712606,-5.514094850751441,2003,Pre-fire
2003-04-11,,6.84636708472e-05,-3.3018250712000153e-06,,-4.164539818812766,-5.481245939136509,2003,Pre-fire
2003-04-12,,6.273467635280002e-05,-5.728994494399981e-06,,-4.202492338183682,-5.241921595109937,2003,Pre-fire
2003-04-14,,5.707128103200001e-05,-7.17217631360001e-06,,-4.243582379091399,-5.144349042718001,2003,Pre-fire
2003-04-15,,5.304786505120001e-05,-4.023415980799996e-06,,-4.275332089899126,-5.395405063420145,2003,Pre-fire
2003-04-16,,5.0828426344400005e-05,-2.2194387068000073e-06,,-4.293893335910575,-5.653756844180448,2003,Pre-fire
2003-04-19,,5.242467290200001e-05,-5.411931821999999e-06,,-4.280464270586979,-5.266647683160093,2003,Pre-fire
2003-04-20,,4.66628788208e-05,-5.761794081200007e-06,,-4.331028471341229,-5.239442266881115,2003,Pre-fire
2003-04-21,,4.122908060760001e-05,-5.433798213199992e-06,,-4.384796349688042,-5.264896493360331,2003,Pre-fire
2003-04-22,,3.571875002520001e-05,-5.510330582400003e-06,,-4.4471037476182245,-5.258822345648136,2003,Pre-fire
2003-04-23,,3.4833161181600005e-05,-8.855888436000016e-07,,-4.458007110628549,-6.052767863215011,2003,Pre-fire
2003-04-25,,3.755552688600001e-05,-3.2034263108000053e-06,,-4.425326140698092,-5.494385261739551,2003,Pre-fire
2003-04-26,,3.7030733497200007e-05,-5.247933888000012e-07,,-4.431437685449032,-6.280011644718074,2003,Pre-fire
2003-04-27,,3.662620526000001e-05,-4.045282371999988e-07,,-4.4362080750568165,-6.393051158026668,2003,Pre-fire
2003-04-28,,3.3947572338000004e-05,-2.678632922000004e-06,,-4.4691912775810625,-5.572086797729129,2003,Pre-fire
2003-04-29,,3.1509469719200004e-05,-2.4381026187999993e-06,,-4.501558905615691,-5.6129480190455014,2003,Pre-fire
2003-04-30,,3.0580148093200004e-05,-9.29321626e-07,,-4.514560415722134,-6.031833956379369,2003,Pre-fire
2003-05-01,,2.8327909799600005e-05,-2.2522382935999993e-06,,-4.547785469107837,-5.647385661724509,2003,Pre-fire
2003-05-02,,2.7322055804400008e-05,-1.0058539951999972e-06,,-4.5634866259672116,-5.997465054748107,2003,Pre-fire
2003-05-03,,2.674259643760001e-05,-5.794593667999992e-07,,-4.572796429393395,-6.236977012492873,2003,Pre-fire
2003-05-06,,3.8944042727200005e-05,-5.3900654308e-06,,-4.409558966966437,-5.2684059628164315,2003,Pre-fire
2003-05-07,,3.39585055336e-05,-4.985537193600001e-06,,-4.469051430701122,-5.302288039429227,2003,Pre-fire
2003-05-08,,3.2766787213200006e-05,-1.1917183203999973e-06,,-4.484566139148017,-5.923826384153039,2003,Pre-fire
2003-05-09,,3.0722279636000006e-05,-2.0445075772e-06,,-4.512546562188581,-5.689411275557163,2003,Pre-fire
2003-05-10,,2.9530561315600005e-05,-1.1917183204000006e-06,,-4.52972829790621,-5.923826384153038,2003,Pre-fire
2003-05-11,,2.9126033078400006e-05,-4.045282371999988e-07,,-4.535718661595398,-6.393051158026668,2003,Pre-fire
2003-05-12,,2.841537536440001e-05,-7.106577139999978e-07,,-4.546446602592649,-6.148339525450807,2003,Pre-fire
2003-05-13,,2.5485278943600004e-05,-2.930096420800005e-06,,-4.593710608573085,-5.533118088064872,2003,Pre-fire
2003-05-14,,2.1789858830800003e-05,-3.695420112800001e-06,,-4.6617455833931745,-5.432336181816007,2003,Pre-fire
2003-05-15,,2.0827737618000007e-05,-9.621212127999955e-07,,-4.6813579020820235,-6.016770209943495,2003,Pre-fire
2003-05-16,,2.01280130996e-05,-6.997245184000084e-07,,-4.696199093589647,-6.155072908109769,2003,Pre-fire
2003-05-17,,1.97125516668e-05,-4.154614327999984e-07,,-4.705257155371259,-6.381469285476853,2003,Pre-fire
2003-05-18,,1.89581611704e-05,-7.543904963999996e-07,,-4.72220378895347,-6.122403791356406,2003,Pre-fire
2003-05-19,,1.7810175632400002e-05,-1.1479855379999988e-06,,-4.749331797785152,-5.940063583023724,2003,Pre-fire
2003-05-20,,1.69792527668e-05,-8.309228656000002e-07,,-4.7700814263651035,-6.08043928981287,2003,Pre-fire
2003-05-21,,1.6290461444000003e-05,-6.887913227999986e-07,,-4.788066613681387,-6.161912332640081,2003,Pre-fire
2003-05-22,,1.57000688816e-05,-5.903925624000022e-07,,-4.80409844218738,-6.228859122270691,2003,Pre-fire
2003-05-23,,1.50987431236e-05,-6.013257580000001e-07,,-4.821059203515031,-6.220890192599418,2003,Pre-fire
2003-05-24,,1.4606749321600002e-05,-4.91993801999999e-07,,-4.835446423954135,-6.308040368318319,2003,Pre-fire
2003-05-25,,1.41475551064e-05,-4.591942152000019e-07,,-4.84931860576098,-6.3380035916957596,2003,Pre-fire
2003-05-26,,1.3415031001200004e-05,-7.325241051999953e-07,,-4.872408319366658,-6.135178079392838,2003,Pre-fire
2003-05-27,,1.2912104003600004e-05,-5.029269976000003e-07,,-4.889002984480147,-6.298495050412088,2003,Pre-fire
2003-05-31,,1.2999569568400004e-05,-3.717286504e-07,,-4.88607102747497,-6.429773965051407,2003,Pre-fire
2003-06-01,,1.2715306482800004e-05,-2.842630855999998e-07,,-4.895673167365213,-6.546279534122844,2003,Pre-fire
2003-06-02,,1.1742252074400004e-05,-9.730544084000001e-07,,-4.930248600730125,-6.011862875448749,2003,Pre-fire
2003-06-03,,1.1261191468000002e-05,-4.810606064000028e-07,,-4.948415657388489,-6.317800205607472,2003,Pre-fire
2003-06-04,,1.08894628176e-05,-3.717286504000017e-07,,-4.962993543669963,-6.429773965051405,2003,Pre-fire
2003-06-05,,1.0506800971600002e-05,-3.826618459999979e-07,,-4.978529494425116,-6.417184837743388,2003,Pre-fire
2003-06-06,,9.752410475200002e-06,-7.543904963999996e-07,,-5.010888027717539,-6.122403791356406,2003,Pre-fire
2003-06-08,,9.347882238000002e-06,-2.0773071639999752e-07,,-5.029286767365489,-6.682499281140838,2003,Pre-fire
2003-06-09,,9.1401515216e-06,-2.077307164000009e-07,,-5.039046604654645,-6.682499281140831,2003,Pre-fire
2003-06-10,,8.735623284400002e-06,-4.045282371999988e-07,,-5.05870610277967,-6.393051158026668,2003,Pre-fire
2003-06-11,,8.527892568000001e-06,-2.077307164000009e-07,,-5.069158279403181,-6.682499281140831,2003,Pre-fire
2003-06-12,2003-06-13,8.418560612000002e-06,-2.405303031999997e-07,Aggregated,-5.07476215692118,-6.618830201271456,2003,Pre-fire
2003-06-14,2003-06-15,8.172563711e-06,-2.623966944000006e-07,Aggregated,-5.087641685097195,-6.581041640382055,2003,Pre-fire
2003-06-16,2003-06-17,7.9047004188e-06,-2.842630855999998e-07,Aggregated,-5.102114584799131,-6.546279534122844,2003,Pre-fire
2003-06-23,,7.139376726800002e-06,-2.514634987999993e-07,,-5.146339700818587,-6.59952504607607,2003,Pre-fire
2003-06-24,,6.8879132280000016e-06,-2.5146349880000016e-07,,-5.16191233264008,-6.599525046076068,2003,Pre-fire
2003-07-04,,5.4993973868000005e-06,-2.186639120000005e-07,,-5.259684897037734,-6.66022288642968,2003,Pre-fire
2003-06-25,2003-06-26,6.715715397300001e-06,-2.9519628120000195e-07,Aggregated,-5.172907716941543,-6.529889117934672,2003,Pre-fire
2003-06-27,2003-06-28,6.4095859205e-06,-3.6079545479999957e-07,Aggregated,-5.193170026370522,-6.442738942215775,2003,Pre-fire
2003-06-29,2003-06-30,6.103456443700001e-06,-2.0773071639999836e-07,Aggregated,-5.214424150350186,-6.682499281140836,2003,Pre-fire
2003-07-01,2003-07-03,5.931258613000001e-06,-1.5306473840000035e-07,Aggregated,-5.226853139573095,-6.815124846415423,2003,Pre-fire
2003-07-05,2003-07-06,5.362732441800001e-06,-2.1866391199999966e-07,Aggregated,-5.270613870377694,-6.660222886429681,2003,Pre-fire
2003-07-07,2003-07-08,5.1714015188000005e-06,-2.623966944000006e-07,Aggregated,-5.2863917413558505,-6.581041640382055,2003,Pre-fire
2003-07-09,2003-07-10,4.8543388464e-06,-3.0612947679999986e-07,Aggregated,-5.313869911979042,-6.514094850751443,2003,Pre-fire
2003-07-11,2003-07-13,4.5591425652e-06,-1.4213154279999948e-07,Aggregated,-5.3411168271199045,-6.847309529786827,2003,Pre-fire
2003-07-17,2003-07-18,4.2721461807e-06,-2.295971076000001e-07,Aggregated,-5.369353895402437,-6.639033587359743,2003,Pre-fire
2003-07-19,2003-07-21,4.0124827852e-06,-1.4759814060000055e-07,Aggregated,-5.396586817841572,-6.830919113598654,2003,Pre-fire
2003-07-22,2003-07-24,3.7555526886000004e-06,-1.1479855379999942e-07,Aggregated,-5.425326140698092,-6.940063583023726,2003,Pre-fire
2003-07-25,2003-07-27,3.4986225920000005e-06,-1.2026515160000028e-07,Aggregated,-5.456102903773756,-6.919860196935436,2003,Pre-fire
2003-07-28,2003-07-29,3.2334925987e-06,-2.733298899999998e-07,Aggregated,-5.490328128793694,-6.563312873421625,2003,Pre-fire
2003-08-11,2003-08-14,2.7988980736000006e-06,-8.382116626666686e-08,Aggregated,-5.553012916781812,-7.076646300795731,2003,Pre-fire
2003-08-15,2003-08-18,2.4818354012000002e-06,-7.65323691999999e-08,Aggregated,-5.605227024900539,-7.116154842079405,2003,Pre-fire
2003-08-19,2003-08-21,2.3725034452000004e-06,-1.1479855380000005e-07,Aggregated,-5.624793148245132,-6.940063583023724,2003,Pre-fire
2004-05-29,,6.766554756840002e-05,-1.1392389815200005e-05,,-4.1696323994008475,-4.943385163130156,2004,Pre-fire
2004-05-30,,4.9549242459200005e-05,-1.811630510920001e-05,,-4.304962980902302,-4.741930373674324,2004,Pre-fire
2004-05-31,,3.6331008978800005e-05,-1.32182334804e-05,,-4.439722540814951,-4.8788265812328895,2004,Pre-fire
2004-06-01,,2.9027634318000003e-05,-7.303374660800002e-06,,-4.5371883566761735,-5.136476419618116,2004,Pre-fire
2004-06-02,,2.4785554425200005e-05,-4.242079892799998e-06,,-4.605801361967144,-5.372421156499454,2004,Pre-fire
2004-06-03,,2.2085055112000005e-05,-2.7004993132e-06,,-4.655901512647038,-5.568555928833996,2004,Pre-fire
2004-06-04,,1.9964015165600005e-05,-2.1210399464000007e-06,,-4.699752108895382,-5.673451152163436,2004,Pre-fire
2004-06-05,,1.8619232106800003e-05,-1.3447830588000018e-06,,-4.730038234131061,-5.871347770654263,2004,Pre-fire
2004-06-11,,2.8546573711600007e-05,-3.684486917199998e-06,,-4.544446010270717,-5.433622981222324,2004,Pre-fire
2004-06-12,,2.5550878117200008e-05,-2.9956955943999993e-06,,-4.592594169701434,-5.523502319273274,2004,Pre-fire
2004-06-13,,2.3593836104800005e-05,-1.9570420124000033e-06,,-4.62720144174677,-5.708399851113768,2004,Pre-fire
2004-06-14,,2.12431990508e-05,-2.350637054000006e-06,,-4.67278008149388,-5.628814422178055,2004,Pre-fire
2004-06-15,,1.9810950427200004e-05,-1.4322486235999953e-06,,-4.703094688752867,-5.843981586437899,2004,Pre-fire
2004-06-16,,1.83021694344e-05,-1.5087809928000026e-06,,-4.737497428436421,-5.821373795692424,2004,Pre-fire
2004-06-17,,1.6957386375600002e-05,-1.3447830587999985e-06,,-4.770641084280057,-5.871347770654264,2004,Pre-fire
2004-06-18,,1.6006198358400003e-05,-9.511880171999992e-07,,-4.795711805371289,-6.021733629475044,2004,Pre-fire
2004-06-19,,1.5284607448800002e-05,-7.215909096000008e-07,,-4.815745710683999,-6.141708946551793,2004,Pre-fire
2004-06-20,,1.4409951800800004e-05,-8.746556479999986e-07,,-4.84133747183567,-6.058162895101719,2004,Pre-fire
2004-06-21,,1.3710227282400002e-05,-6.997245184000016e-07,,-4.862955345598964,-6.155072908109774,2004,Pre-fire
2004-06-22,,1.3294765849600002e-05,-4.154614328000001e-07,,-4.876319307156946,-6.381469285476851,2004,Pre-fire
2004-06-23,,1.27262396784e-05,-5.685261712000013e-07,,-4.895299901779792,-6.245249538458862,2004,Pre-fire
2004-06-24,,1.1785984856800004e-05,-9.402548215999962e-07,,-4.928634121242942,-6.0267544308500955,2004,Pre-fire
2004-06-25,,1.1108126729600002e-05,-6.778581272000024e-07,,-4.954359174145761,-6.168861192595406,2004,Pre-fire
2004-06-26,,1.04740013848e-05,-6.341253448000023e-07,,-4.979887373015117,-6.1978248885307226,2004,Pre-fire
2004-06-28,,9.905475213600002e-06,-3.826618459999979e-07,,-5.0041246844168485,-6.417184837743388,2004,Pre-fire
2004-06-30,,9.5556129544e-06,-2.733298900000002e-07,,-5.019741449459259,-6.563312873421624,2004,Pre-fire
2004-07-01,,9.1510847172e-06,-4.045282371999988e-07,,-5.038527424100402,-6.393051158026668,2004,Pre-fire
2004-07-02,,8.757489675600001e-06,-3.935950415999992e-07,,-5.057620366009424,-6.404950381326375,2004,Pre-fire
2004-07-03,,8.516959372400002e-06,-2.405303031999997e-07,,-5.069715424421097,-6.618830201271456,2004,Pre-fire
2004-07-04,,8.199896700000001e-06,-3.170626724000003e-07,,-5.086191618701962,-6.498854884194706,2004,Pre-fire
2004-07-05,,7.9047004188e-06,-2.951962812000011e-07,,-5.102114584799131,-6.5298891179346725,2004,Pre-fire
2004-07-06,,7.6313705288e-06,-2.733298900000002e-07,,-5.1173974594705,-6.563312873421624,2004,Pre-fire
2004-07-09,,7.062844357600002e-06,-3.170626724000003e-07,,-5.151020364098578,-6.498854884194706,2004,Pre-fire
2004-07-10,,6.789514467600001e-06,-2.7332989000000106e-07,,-5.168161281917081,-6.563312873421623,2004,Pre-fire
2004-07-17,,5.696194907600001e-06,-2.186639120000005e-07,,-5.244415158794137,-6.66022288642968,2004,Pre-fire
2004-07-07,2004-07-08,7.5247718717e-06,-2.514634987999976e-07,Aggregated,-5.123506662028294,-6.599525046076073,2004,Pre-fire
2004-07-11,2004-07-12,6.647382924800001e-06,-2.842630855999998e-07,Aggregated,-5.177349302820927,-6.546279534122844,2004,Pre-fire
2004-07-13,2004-07-14,6.3357868502000005e-06,-3.061294768000007e-07,Aggregated,-5.1981994417940465,-6.514094850751442,2004,Pre-fire
2004-07-15,2004-07-16,6.062456960200001e-06,-2.8426308559999896e-07,Aggregated,-5.217351331608483,-6.546279534122846,2004,Pre-fire
2004-07-18,2004-07-19,5.575929756000001e-06,-2.4053030320000056e-07,Aggregated,-5.253682705995725,-6.618830201271455,2004,Pre-fire
2004-07-20,2004-07-21,5.3435993495e-06,-2.295971076000001e-07,Aggregated,-5.272166111689739,-6.639033587359743,2004,Pre-fire
2004-07-22,2004-07-23,5.1140022419e-06,-2.2959710759999926e-07,Aggregated,-5.291239085921614,-6.6390335873597435,2004,Pre-fire
2004-07-24,2004-07-25,4.887138433200001e-06,-2.186639120000005e-07,Aggregated,-5.3109453589617255,-6.66022288642968,2004,Pre-fire
2004-07-26,2004-07-27,4.6657412223e-06,-2.295971076000001e-07,Aggregated,-5.33107935230689,-6.639033587359743,2004,Pre-fire
2004-07-29,2004-07-30,4.4498106092000006e-06,-2.8426308559999896e-07,Aggregated,-5.351658472868442,-6.546279534122846,2004,Pre-fire
2004-08-03,2004-08-06,4.080815257700001e-06,-1.0933195600000025e-07,Aggregated,-5.3892530656965985,-6.96125288209366,2004,Pre-fire
2004-08-07,2004-08-09,3.7008867106000007e-06,-1.1479855380000005e-07,Aggregated,-5.431694209072498,-6.940063583023724,2004,Pre-fire
2004-08-10,2004-08-12,3.498622592000001e-06,-1.5306473839999972e-07,Aggregated,-5.456102903773756,-6.815124846415425,2004,Pre-fire
2004-08-16,2004-08-17,3.1760933218000004e-06,-2.6239669439999976e-07,Aggregated,-5.498106745367312,-6.581041640382056,2004,Pre-fire
2005-06-08,,4.37765151824e-05,-1.0758264470400015e-05,,-4.35875881328638,-4.968257783662319,2005,Pre-fire
2005-06-09,,3.34118457536e-05,-1.0364669428799995e-05,,-4.476099532190009,-4.984444544755596,2005,Pre-fire
2005-06-10,,2.8732438036800004e-05,-4.679407716799999e-06,,-4.5416275212059185,-5.32980911308049,2005,Pre-fire
2005-06-11,,2.5824208007200008e-05,-2.9082300295999957e-06,,-4.5879729888161656,-5.536371245462595,2005,Pre-fire
2005-06-12,,2.339703858400001e-05,-2.4271694231999997e-06,,-4.630839108744471,-5.614899907643023,2005,Pre-fire
2005-06-13,,2.19975895472e-05,-1.39944903680001e-06,,-4.657624905709772,-5.854042912445791,2005,Pre-fire
2005-06-14,,2.05981405104e-05,-1.3994490367999999e-06,,-4.686171983636803,-5.854042912445793,2005,Pre-fire
2005-06-15,,1.9297090234e-05,-1.3010502764e-06,,-4.71450817236982,-5.885705920701131,2005,Pre-fire
2005-06-18,,1.9559486928400003e-05,-1.9023760344000019e-06,,-4.708642541526289,-5.720703633811062,2005,Pre-fire
2005-06-19,,1.82147038696e-05,-1.3447830588000018e-06,,-4.739577885022893,-5.871347770654263,2005,Pre-fire
2005-06-20,,1.7121384309600003e-05,-1.0933195599999974e-06,,-4.766461124371737,-5.961252882093663,2005,Pre-fire
2005-06-21,,1.6170196292400004e-05,-9.511880171999992e-07,,-4.791284708096769,-6.021733629475044,2005,Pre-fire
2005-06-22,,1.5339273426800004e-05,-8.309228656000002e-07,,-4.814195211065302,-6.08043928981287,2005,Pre-fire
2005-06-23,,1.45520833436e-05,-7.871900832000035e-07,,-4.837074826618987,-6.103920385662391,2005,Pre-fire
2005-06-25,,1.42896866492e-05,-6.122589536000048e-07,,-4.844977294513117,-6.213064855087458,2005,Pre-fire
2005-06-26,,1.38523588252e-05,-4.373278239999993e-07,,-4.858476267210221,-6.3591928907657,2005,Pre-fire
2005-06-27,,1.3546229348400005e-05,-3.0612947679999563e-07,,-4.868181575717598,-6.514094850751449,2005,Pre-fire
2005-06-28,,1.3043302350800004e-05,-5.029269976000003e-07,,-4.88461243842332,-6.298495050412088,2005,Pre-fire
2005-06-29,,1.2496642570800002e-05,-5.466597800000021e-07,,-4.90320665169838,-6.262282877757642,2005,Pre-fire
2005-06-30,,1.2070247942400004e-05,-4.26394628399998e-07,,-4.918283808700481,-6.370188275067164,2005,Pre-fire
2005-07-01,,1.16001205316e-05,-4.701274108000049e-07,,-4.935537498192321,-6.327784426514071,2005,Pre-fire
2005-07-02,,1.1162792707600002e-05,-4.373278239999976e-07,,-4.952227140006752,-6.359192890765701,2005,Pre-fire
2005-07-03,,1.08129304484e-05,-3.498622592000025e-07,,-4.966056590496482,-6.456102903773752,2005,Pre-fire
2005-07-04,,1.04740013848e-05,-3.389290635999995e-07,,-4.979887373015117,-6.46989118825939,2005,Pre-fire
2005-07-05,,1.0200671494800005e-05,-2.7332988999999513e-07,,-4.991371238347162,-6.563312873421632,2005,Pre-fire
2005-07-07,,9.6540117148e-06,-4.263946284000014e-07,,-5.015292178516093,-6.370188275067161,2005,Pre-fire
2005-07-08,2005-07-09,9.4982136775e-06,-3.389290636000012e-07,Aggregated,-5.022358064495491,-6.469891188259387,2005,Pre-fire
2005-07-11,,8.735623284400002e-06,-6.997245183999999e-07,,-5.05870610277967,-6.155072908109775,2005,Pre-fire
2005-07-12,,8.374827829600002e-06,-3.607954548000004e-07,,-5.077024112461058,-6.442738942215774,2005,Pre-fire
2005-07-13,,8.101497939600001e-06,-2.733298900000002e-07,,-5.091434674114334,-6.563312873421624,2005,Pre-fire
2005-07-17,,7.434573008000001e-06,-2.1866391199999966e-07,,-5.1287439693874255,-6.660222886429681,2005,Pre-fire
2005-07-19,,7.084710748800001e-06,-2.295971076000001e-07,,-5.149677876223068,-6.639033587359743,2005,Pre-fire
2005-07-20,,6.833247250000001e-06,-2.5146349880000016e-07,,-5.165372864749586,-6.599525046076068,2005,Pre-fire
2005-07-14,2005-07-15,7.9839660869e-06,-2.51463498800001e-07,Aggregated,-5.097781316448074,-6.599525046076067,2005,Pre-fire
2005-07-23,,6.5489841644e-06,-2.5146349880000016e-07,,-5.183826059704351,-6.599525046076068,2005,Pre-fire
2005-07-24,2005-07-25,6.398652724900001e-06,-2.733298900000002e-07,Aggregated,-5.193911459724999,-6.563312873421624,2005,Pre-fire
2005-07-26,2005-07-27,6.097989845900001e-06,-3.3892906359999867e-07,Aggregated,-5.214813303137786,-6.469891188259391,2005,Pre-fire
2005-07-28,2005-07-29,5.821926657000001e-06,-2.623966944000006e-07,Aggregated,-5.2349332699828866,-6.581041640382055,2005,Pre-fire
2005-07-30,2005-07-31,5.575929756e-06,-2.186639120000005e-07,Aggregated,-5.253682705995725,-6.66022288642968,2005,Pre-fire
2005-08-01,2005-08-03,5.3408660506e-06,-1.7493112959999956e-07,Aggregated,-5.27238831403887,-6.757132899437738,2005,Pre-fire
2005-08-04,2005-08-05,4.9636708024000005e-06,-2.4053030320000056e-07,Aggregated,-5.3041970292365574,-6.618830201271455,2005,Pre-fire
2005-08-06,2005-08-08,4.745006890400001e-06,-1.0386535820000003e-07,Aggregated,-5.323763152581151,-6.983529276804814,2005,Pre-fire
2005-08-09,2005-08-10,4.5509426685e-06,-2.0773071640000006e-07,Aggregated,-5.341898635579286,-6.682499281140832,2005,Pre-fire
2005-08-12,2005-08-14,4.3787448378000015e-06,-1.0933195599999983e-07,Aggregated,-5.358650361673405,-6.961252882093662,2005,Pre-fire
2005-08-15,2005-08-16,4.1245480401000006e-06,-2.0773071640000006e-07,Aggregated,-5.384623633646034,-6.682499281140832,2005,Pre-fire
2005-08-17,2005-08-18,3.9222839215e-06,-2.077307164000009e-07,Aggregated,-5.406460972351613,-6.682499281140831,2005,Pre-fire
2005-08-19,2005-08-20,3.717286504000001e-06,-2.1866391199999924e-07,Aggregated,-5.429773965051407,-6.660222886429682,2005,Pre-fire
2005-08-23,2005-08-24,3.599754651300001e-06,-2.514634988000006e-07,Aggregated,-5.44372709845984,-6.599525046076068,2005,Pre-fire
2005-08-25,2005-08-26,3.3318913591e-06,-2.295971076000001e-07,Aggregated,-5.477309167803242,-6.639033587359743,2005,Pre-fire
2005-08-31,2005-09-02,3.1214273438e-06,-1.0933195599999983e-07,Aggregated,-5.505646769511795,-6.961252882093662,2005,Pre-fire
2005-09-03,2005-09-05,2.9027634318000006e-06,-1.0933195600000025e-07,Aggregated,-5.5371883566761735,-6.96125288209366,2005,Pre-fire
2006-06-30,,7.817234854000002e-06,-4.810606064000003e-06,,-5.106946840292581,-5.317800205607474,2006,Pre-fire
2006-07-01,,7.128443531200001e-06,-6.887913228000003e-07,,-5.1470052863617415,-6.16191233264008,2006,Pre-fire
2006-07-02,,6.669249316e-06,-4.5919421520000106e-07,,-5.175923047082895,-6.33800359169576,2006,Pre-fire
2006-07-03,,6.4068526216e-06,-2.623966944000006e-07,,-5.193355266075571,-6.581041640382055,2006,Pre-fire
2006-07-07,,5.892992428400001e-06,-2.0773071640000006e-07,,-5.229664116906923,-6.682499281140832,2006,Pre-fire
2006-07-08,,5.652462125200001e-06,-2.4053030320000056e-07,,-5.247762338999719,-6.618830201271455,2006,Pre-fire
2006-07-04,2006-07-05,6.3275869535e-06,-2.2959710759999926e-07,Aggregated,-5.1987618780676526,-6.6390335873597435,2006,Pre-fire
2006-07-09,2006-07-10,5.4802642945e-06,-2.9519628120000026e-07,Aggregated,-5.261198496465423,-6.529889117934674,2006,Pre-fire
2006-07-11,2006-07-12,5.223334197900001e-06,-2.0773071640000006e-07,Aggregated,-5.282052186366611,-6.682499281140832,2006,Pre-fire
2006-07-13,2006-07-14,4.988270492500001e-06,-3.389290635999995e-07,Aggregated,-5.30205000462913,-6.46989118825939,2006,Pre-fire
2006-07-15,2006-07-18,4.6630079234e-06,-1.1297635453333345e-07,Aggregated,-5.33133384659012,-6.947012442979051,2006,Pre-fire
2006-07-19,2006-07-21,4.3787448378000015e-06,-1.2026515159999986e-07,Aggregated,-5.358650361673405,-6.919860196935438,2006,Pre-fire
2006-07-22,2006-07-24,4.1327479368e-06,-1.366649450000001e-07,Aggregated,-5.383761082256436,-6.864342869085605,2006,Pre-fire
2006-07-25,2006-07-28,3.7828856776000003e-06,-8.017676773333323e-08,Aggregated,-5.422176783300885,-7.095951455991118,2006,Pre-fire
2006-07-29,2006-08-03,3.616154444700001e-06,-4.154614328000001e-08,Aggregated,-5.441753029234123,-7.381469285476851,2006,Pre-fire
2006-08-04,2006-08-06,3.3728908426000004e-06,-1.0933195600000025e-07,Aggregated,-5.471997713724401,-6.96125288209366,2006,Pre-fire
2006-08-09,2006-08-11,3.1760933218000004e-06,-1.2573174939999987e-07,Aggregated,-5.498106745367312,-6.90055504174005,2006,Pre-fire
2006-08-16,2006-08-19,2.7633651879000006e-06,-7.288797066666683e-08,Aggregated,-5.558561717830623,-7.137344141149342,2006,Pre-fire
2006-08-23,2006-08-27,2.5365013792000004e-06,-5.1932679100000014e-08,Aggregated,-5.595764897202762,-7.284559272468795,2006,Pre-fire
2006-08-31,2006-09-02,2.2194387068000005e-06,-1.1479855380000005e-07,Aggregated,-5.653756844180449,-6.940063583023724,2006,Pre-fire
2007-04-13,,3.20998622816e-05,-4.373278240000044e-07,,-4.493496830849629,-6.359192890765695,2007,Pre-fire
2007-04-14,,3.03068182032e-05,-1.7930440784000025e-06,,-4.518459656153893,-5.746409034045963,2007,Pre-fire
2007-04-15,,2.70268595232e-05,-3.279958679999999e-06,,-4.568204415676884,-5.4841316273739995,2007,Pre-fire
2007-04-16,,2.5496212139200003e-05,-1.5306473839999985e-06,,-4.593524336006685,-5.815124846415424,2007,Pre-fire
2007-04-17,,2.4894886381200008e-05,-6.01325757999995e-07,,-4.6038898514785185,-6.2208901925994216,2007,Pre-fire
2007-04-19,,2.4053030320000005e-05,-6.997245183999982e-07,,-4.6188302012714555,-6.1550729081097755,2007,Pre-fire
2007-04-20,,2.2828512412800005e-05,-1.2245179071999994e-06,,-4.6415223877634375,-5.91203485942348,2007,Pre-fire
2007-04-23,,2.8743371232400003e-05,-2.0445075772e-06,,-4.541462295987299,-5.689411275557163,2007,Pre-fire
2007-04-24,,2.626153583120001e-05,-2.4818354011999943e-06,,-4.580679879026774,-5.60522702490054,2007,Pre-fire
2007-04-25,,2.43154270144e-05,-1.9461088168000104e-06,,-4.614118099183642,-5.710832879784766,2007,Pre-fire
2007-04-26,,2.2784779630400004e-05,-1.530647383999995e-06,,-4.6423551674661745,-5.815124846415425,2007,Pre-fire
2007-04-27,,2.1418130180400003e-05,-1.366649450000001e-06,,-4.669218446098926,-5.864342869085605,2007,Pre-fire
2007-04-28,,2.0565340923600003e-05,-8.527892567999994e-07,,-4.686864086543283,-6.069158279403181,2007,Pre-fire
2007-04-29,,1.9461088168000003e-05,-1.1042527556000004e-06,,-4.710832879784768,-5.956931508311019,2007,Pre-fire
2007-04-30,,1.8509900150800003e-05,-9.511880171999992e-07,,-4.732595923984727,-6.021733629475044,2007,Pre-fire
2007-05-01,,1.78320420236e-05,-6.778581272000024e-07,,-4.748798921053386,-6.168861192595406,2007,Pre-fire
2007-05-04,,2.0784004835600005e-05,-2.7442320956000017e-06,,-4.6822707652282185,-5.561579160612624,2007,Pre-fire
2007-05-05,,1.9275223842800003e-05,-1.5087809928000026e-06,,-4.71500056979434,-5.821373795692424,2007,Pre-fire
2007-05-06,,1.7755509654400004e-05,-1.5197141883999989e-06,,-4.750666857188505,-5.818238081839567,2007,Pre-fire
2007-05-07,,1.69136535932e-05,-8.418560612000032e-07,,-4.771762568394294,-6.074762156921178,2007,Pre-fire
2007-05-08,,1.6192062683600003e-05,-7.215909095999974e-07,,-4.7906978235724536,-6.141708946551795,2007,Pre-fire
2007-05-09,,1.530647384e-05,-8.855888436000016e-07,,-4.815124846415424,-6.052767863215011,2007,Pre-fire
2007-05-10,,1.4584882930400004e-05,-7.215909095999974e-07,,-4.836097052513131,-6.141708946551795,2007,Pre-fire
2007-05-11,,1.3994490368000002e-05,-5.903925624000022e-07,,-4.854042912445793,-6.228859122270691,2007,Pre-fire
2007-05-12,,1.3436897392400004e-05,-5.575929755999983e-07,,-4.871700999207207,-6.253682705995726,2007,Pre-fire
2007-05-13,,1.2791838852e-05,-6.450585404000036e-07,,-4.8930670203475,-6.190400870451515,2007,Pre-fire
2007-05-14,,1.23982438104e-05,-3.935950415999992e-07,,-4.9066398275367735,-6.404950381326375,2007,Pre-fire
2007-05-15,,1.1982782377600002e-05,-4.154614327999984e-07,,-4.921442327945312,-6.381469285476853,2007,Pre-fire
2007-05-16,,1.1654786509600002e-05,-3.279958679999999e-07,,-4.9334956774031085,-6.4841316273739995,2007,Pre-fire
2007-05-17,,1.1348657032800002e-05,-3.061294768000007e-07,,-4.945055528581222,-6.514094850751442,2007,Pre-fire
2007-05-18,,1.1064393947200004e-05,-2.842630855999981e-07,,-4.956072369589881,-6.546279534122847,2007,Pre-fire
2007-05-19,,1.0823863644e-05,-2.405303032000031e-07,,-4.9656176874961115,-6.61883020127145,2007,Pre-fire
2007-05-22,,1.1436122597600002e-05,-1.4103822323999978e-06,,-4.941721197562406,-5.850663171794413,2007,Pre-fire
2007-05-23,,1.07363980792e-05,-6.997245184000016e-07,,-4.969141394306712,-6.155072908109774,2007,Pre-fire
2007-05-24,,1.03100034508e-05,-4.263946283999997e-07,,-4.986741189356334,-6.370188275067163,2007,Pre-fire
2007-05-25,,9.8726756268e-06,-4.37327824000001e-07,,-5.005565131780156,-6.359192890765699,2007,Pre-fire
2007-05-26,,9.4790805852e-06,-3.935950415999992e-07,,-5.023233784617451,-6.404950381326375,2007,Pre-fire
2007-05-27,,8.9214876096e-06,-5.575929756e-07,,-5.0495627233398,-6.253682705995725,2007,Pre-fire
2007-05-28,,8.516959372400002e-06,-4.045282371999988e-07,,-5.069715424421097,-6.393051158026668,2007,Pre-fire
2007-05-29,,8.254562678000001e-06,-2.623966944000006e-07,,-5.083305930464474,-6.581041640382055,2007,Pre-fire
2007-05-30,,7.959366396800001e-06,-2.951962811999994e-07,,-5.0991215027806245,-6.529889117934675,2007,Pre-fire
2007-06-02,2007-06-04,7.833634647400001e-06,-1.366649450000001e-07,Aggregated,-5.106036687360298,-6.864342869085605,2007,Pre-fire
2007-06-07,,8.855888436000003e-06,-1.5525137751999994e-06,,-5.052767863215012,-5.808964537710605,2007,Pre-fire
2007-06-08,,8.0249655704e-06,-8.309228656000019e-07,,-5.095556822177591,-6.080439289812869,2007,Pre-fire
2007-06-11,,8.670024110800001e-06,-2.623966943999989e-07,,-5.061979694776058,-6.5810416403820575,2007,Pre-fire
2007-06-12,,7.8391012452e-06,-8.309228656000002e-07,,-5.1057337264258615,-6.08043928981287,2007,Pre-fire
2007-06-13,,7.390840225600001e-06,-4.4826101959999977e-07,,-5.131306186152026,-6.348469025373927,2007,Pre-fire
2007-06-14,,6.876980032400001e-06,-5.138601931999999e-07,,-5.162602236648393,-6.289155024157944,2007,Pre-fire
2007-06-15,,6.341253448000001e-06,-5.357265844e-07,,-5.197824888530724,-6.271056802065148,2007,Pre-fire
2007-06-17,,5.914858819600001e-06,-3.389290635999995e-07,,-5.228055616987092,-6.46989118825939,2007,Pre-fire
2007-06-18,,5.696194907600001e-06,-2.186639120000005e-07,,-5.244415158794137,-6.66022288642968,2007,Pre-fire
2007-06-19,2007-06-20,5.5677298593000005e-06,-2.295971076000001e-07,Aggregated,-5.25432184442146,-6.639033587359743,2007,Pre-fire
2007-06-30,,5.390065430800001e-06,-1.0933195599999991e-06,,-5.2684059628164315,-5.961252882093662,2007,Pre-fire
2007-07-01,,5.073002758400001e-06,-3.170626724000003e-07,,-5.294734901538781,-6.498854884194706,2007,Pre-fire
2007-07-02,2007-07-03,4.955470905700001e-06,-2.0773071640000006e-07,Aggregated,-5.304915069326116,-6.682499281140832,2007,Pre-fire
2007-07-04,2007-07-06,4.755940086000001e-06,-1.366649450000001e-07,Aggregated,-5.322763625139024,-6.864342869085605,2007,Pre-fire
2007-07-07,2007-07-08,4.444344011400001e-06,-2.405303031999997e-07,Aggregated,-5.3521923321635745,-6.618830201271456,2007,Pre-fire
2007-07-09,2007-07-11,4.247546490600001e-06,-1.366649450000001e-07,Aggregated,-5.371861858956729,-6.864342869085605,2007,Pre-fire
2007-07-13,2007-07-15,3.957816807200001e-06,-1.2026515160000028e-07,Aggregated,-5.402544311560496,-6.919860196935436,2007,Pre-fire
2007-07-22,,3.9468836116e-06,-2.9519628120000026e-07,,-5.4037456801880035,-6.529889117934674,2007,Pre-fire
2007-07-23,2007-07-25,3.8375516556e-06,-1.5306473839999972e-07,Aggregated,-5.415945765627837,-6.815124846415425,2007,Pre-fire
2007-07-26,2007-07-28,3.531422178800001e-06,-1.366649450000001e-07,Aggregated,-5.452050359762559,-6.864342869085605,2007,Pre-fire
2007-07-29,2007-08-01,3.2471590932000003e-06,-9.11099633333334e-08,Aggregated,-5.488496432776449,-7.040434128141286,2007,Pre-fire
2007-08-11,2007-08-13,2.6676997264000007e-06,-1.2573174940000008e-07,Aggregated,-5.5738630557549325,-6.900555041740049,2007,Pre-fire
2007-08-14,2007-08-16,2.405303032e-06,-1.2573174940000008e-07,Aggregated,-5.6188302012714555,-6.900555041740049,2007,Pre-fire
2007-08-21,,3.170626724000001e-06,-1.7821108827999999e-06,,-5.498854884194706,-5.749065277689704,2007,Pre-fire
2007-08-22,,2.7114325088000004e-06,-4.5919421520000064e-07,,-5.566801201267445,-6.33800359169576,2007,Pre-fire
2007-08-23,2007-08-24,2.5693009660000004e-06,-2.623966944000002e-07,Aggregated,-5.590185019821925,-6.581041640382056,2007,Pre-fire
2007-08-25,2007-08-28,2.3096375705000006e-06,-7.28879706666667e-08,Aggregated,-5.636456164471932,-7.137344141149343,2007,Pre-fire
2007-08-29,2007-08-31,2.0937069574000004e-06,-1.0386535819999982e-07,Aggregated,-5.6790841037890205,-6.9835292768048145,2007,Pre-fire
2007-09-05,,2.0445075772000005e-06,-2.2959710759999968e-07,,-5.689411275557163,-6.6390335873597435,2007,Pre-fire
2007-09-06,2007-09-08,1.8969094366000002e-06,-1.5306473840000014e-07,Aggregated,-5.721953402966769,-6.815124846415423,2007,Pre-fire
2008-05-01,,6.847460404280001e-05,-3.334624657999987e-06,,-4.164470470392354,-5.476953042746878,2008,Pre-fire
2008-05-02,,6.211148420360001e-05,-6.363119839199999e-06,,-4.206828092816403,-5.196329897443773,2008,Pre-fire
2008-05-03,,5.559529962600001e-05,-6.516184577600007e-06,,-4.254961924834898,-5.186006622353425,2008,Pre-fire
2008-05-04,,5.12329545816e-05,-4.3623450444000105e-06,,-4.290450597832717,-5.360279986406913,2008,Pre-fire
2008-05-05,,4.75375344688e-05,-3.695420112799994e-06,,-4.322963346679405,-5.432336181816008,2008,Pre-fire
2008-05-06,,4.44543733096e-05,-3.083161159200003e-06,,-4.352085507791642,-5.5110037737743,2008,Pre-fire
2008-05-07,,4.04856233068e-05,-3.968750002799998e-06,,-4.392699170044219,-5.40134625705755,2008,Pre-fire
2008-05-08,,3.6473140521600007e-05,-4.012482785199996e-06,,-4.438026840127961,-5.396586817841573,2008,Pre-fire
2008-05-09,,3.3018250712000004e-05,-3.454889809600003e-06,,-4.481245939136511,-5.461565799475258,2008,Pre-fire
2008-05-10,,3.0591081288800004e-05,-2.4271694231999997e-06,,-4.514405171937853,-5.614899907643023,2008,Pre-fire
2008-05-11,,2.8601239689600005e-05,-1.9898415991999987e-06,,-4.543615142441432,-5.701181494108587,2008,Pre-fire
2008-05-12,,2.6972193545200007e-05,-1.6290461443999983e-06,,-4.569083732603926,-5.788066613681388,2008,Pre-fire
2008-05-13,,2.56164772908e-05,-1.3557162544000082e-06,,-4.591480593496699,-5.867831196931424,2008,Pre-fire
2008-05-14,,2.440289257920001e-05,-1.2135847115999897e-06,,-4.61255869182812,-5.915929903307008,2008,Pre-fire
2008-05-15,,2.3626635691600007e-05,-7.762568876000022e-07,,-4.62659811521042,-6.109994533374585,2008,Pre-fire
2008-05-16,,2.3407971779600005e-05,-2.186639120000022e-07,,-4.630636214799224,-6.660222886429676,2008,Pre-fire
2008-05-22,,2.0816804422400004e-05,-2.3506370540000025e-06,,-4.681585938045206,-5.628814422178056,2008,Pre-fire
2008-05-23,,1.99421487744e-05,-8.746556480000054e-07,,-4.700228048101264,-6.058162895101716,2008,Pre-fire
2008-05-24,,1.92533574516e-05,-6.887913227999986e-07,,-4.715493526126385,-6.161912332640081,2008,Pre-fire
2008-05-25,,1.85426997376e-05,-7.106577140000012e-07,,-4.731827034172967,-6.1483395254508055,2008,Pre-fire
2008-05-26,,1.7493112960000003e-05,-1.0495867775999957e-06,,-4.757132899437737,-5.978981649054095,2008,Pre-fire
2008-05-27,,1.69792527668e-05,-5.138601932000016e-07,,-4.7700814263651035,-6.289155024157943,2008,Pre-fire
2008-05-29,,2.077307164e-05,-6.669249316000062e-07,,-4.682499281140833,-6.1759230470828905,2008,Pre-fire
2008-05-30,,1.90456267352e-05,-1.727444904799998e-06,,-4.720204731422017,-5.76259579513924,2008,Pre-fire
2008-05-31,,1.7974173566400003e-05,-1.0714531687999982e-06,,-4.74535106888963,-5.970026806401168,2008,Pre-fire
2008-06-01,,1.7022985549200003e-05,-9.511880171999992e-07,,-4.768964269525541,-6.021733629475044,2008,Pre-fire
2008-06-02,,1.6115530314400003e-05,-9.074552348000008e-07,,-4.792755398570629,-6.0421747897175875,2008,Pre-fire
2008-06-11,,2.3134641889600004e-05,-7.106577139999944e-07,,-4.6357372187305135,-6.14833952545081,2008,Pre-fire
2008-06-12,,2.2030389134000004e-05,-1.1042527556000004e-06,,-4.656977831616533,-5.956931508311019,2008,Pre-fire
2008-06-13,,2.0827737618000007e-05,-1.2026515159999969e-06,,-4.6813579020820235,-5.919860196935438,2008,Pre-fire
2008-06-14,,1.93080234296e-05,-1.5197141884000056e-06,,-4.714262182852112,-5.818238081839565,2008,Pre-fire
2008-06-15,,1.8050705935600003e-05,-1.2573174939999983e-06,,-4.743505808830868,-5.90055504174005,2008,Pre-fire
2008-06-16,,1.71979166788e-05,-8.527892568000028e-07,,-4.764524159470374,-6.0691582794031795,2008,Pre-fire
2008-06-17,,1.6192062683600003e-05,-1.0058539951999972e-06,,-4.7906978235724536,-5.997465054748107,2008,Pre-fire
2008-06-18,,1.5459538578400003e-05,-7.325241052000004e-07,,-4.810803472632781,-6.135178079392835,2008,Pre-fire
2008-06-19,,1.4836346429200002e-05,-6.23192149200001e-07,,-4.828673034433924,-6.20537802642117,2008,Pre-fire
2008-06-20,,1.4235020671200002e-05,-6.013257580000001e-07,,-4.846641897861488,-6.220890192599418,2008,Pre-fire
2008-06-21,,1.3797692847200002e-05,-4.373278239999993e-07,,-4.8601935271855465,-6.3591928907657,2008,Pre-fire
2008-06-22,,1.3240099871600002e-05,-5.575929756e-07,,-4.878108738950609,-6.253682705995725,2008,Pre-fire
2008-06-23,,1.2912104003600004e-05,-3.279958679999982e-07,,-4.889002984480147,-6.484131627374001,2008,Pre-fire
2008-06-24,,1.2562241744400002e-05,-3.498622592000025e-07,,-4.900932853405377,-6.456102903773752,2008,Pre-fire
2008-06-25,,1.1917183204000005e-05,-6.450585403999968e-07,,-4.923826384153038,-6.19040087045152,2008,Pre-fire
2008-06-26,,1.1611053727200004e-05,-3.061294768000007e-07,,-4.935128365348211,-6.514094850751442,2008,Pre-fire
2008-06-27,,1.1162792707600002e-05,-4.482610196000023e-07,,-4.952227140006752,-6.348469025373924,2008,Pre-fire
2008-06-28,,1.06161329276e-05,-5.466597800000021e-07,,-4.974033652185657,-6.262282877757642,2008,Pre-fire
2008-06-29,,1.02881370596e-05,-3.279958679999999e-07,,-4.987663258666405,-6.4841316273739995,2008,Pre-fire
2008-06-30,,9.9273416048e-06,-3.607954548000004e-07,,-5.003167033572577,-6.442738942215774,2008,Pre-fire
2008-07-01,,9.533746563200002e-06,-3.935950415999975e-07,,-5.0207363971610945,-6.404950381326377,2008,Pre-fire
2008-07-02,2008-07-03,9.402548216e-06,-2.842630856000015e-07,Aggregated,-5.026754430850094,-6.546279534122841,2008,Pre-fire
2008-07-07,,9.2057506952e-06,-2.514634987999993e-07,,-5.035940790594013,-6.59952504607607,2008,Pre-fire
2008-07-08,,8.987086783200001e-06,-2.186639119999988e-07,,-5.046381064553612,-6.660222886429683,2008,Pre-fire
2008-07-09,,7.7516356804e-06,-1.2354511028000007e-06,,-5.110606646910595,-5.908174438610242,2008,Pre-fire
2008-07-11,,7.347107443200001e-06,-2.0773071640000006e-07,,-5.133883609039836,-6.682499281140832,2008,Pre-fire
2008-07-12,2008-07-13,7.1913094059000015e-06,-2.733298900000002e-07,Aggregated,-5.143192025335921,-6.563312873421624,2008,Pre-fire
2008-07-14,2008-07-15,6.917979515900001e-06,-2.951962811999994e-07,Aggregated,-5.16002072826337,-6.529889117934675,2008,Pre-fire
2008-07-16,2008-07-17,6.614583338000001e-06,-3.061294768000007e-07,Aggregated,-5.179497507441193,-6.514094850751442,2008,Pre-fire
2008-07-18,2008-07-19,6.3603865403000004e-06,-2.0773071640000006e-07,Aggregated,-5.196516490134894,-6.682499281140832,2008,Pre-fire
2008-07-20,2008-07-21,6.169055617300001e-06,-2.2959710759999926e-07,Aggregated,-5.2097813143438625,-6.6390335873597435,2008,Pre-fire
2008-07-22,2008-07-24,5.887525830600002e-06,-1.6399793399999996e-07,Aggregated,-5.230067174459661,-6.785161623037981,2008,Pre-fire
2008-07-25,2008-07-26,5.537663571400001e-06,-3.498622592000008e-07,Aggregated,-5.2566734323973625,-6.456102903773755,2008,Pre-fire
2008-07-27,2008-07-29,5.204201105600001e-06,-1.6946453180000018e-07,Aggregated,-5.283645929373169,-6.770921183923369,2008,Pre-fire
2008-07-31,2008-08-01,4.889871732100001e-06,-2.5146349880000016e-07,Aggregated,-5.310702532854251,-6.599525046076068,2008,Pre-fire
2008-08-02,2008-08-03,4.6493414289e-06,-2.5146349880000016e-07,Aggregated,-5.332608559809055,-6.599525046076068,2008,Pre-fire
2008-08-06,2008-08-08,4.329545457600001e-06,-1.0933195600000025e-07,Aggregated,-5.363557696168149,-6.96125288209366,2008,Pre-fire
2008-08-09,2008-08-12,4.0589488665e-06,-7.653236920000003e-08,Aggregated,-5.391586419768393,-7.116154842079404,2008,Pre-fire
2008-08-13,2008-08-14,3.8266184599999995e-06,-3.4986225919999954e-07,Aggregated,-5.417184837743386,-6.456102903773757,2008,Pre-fire
2008-08-15,2008-08-16,3.5122890865000004e-06,-2.295971076000001e-07,Aggregated,-5.454409745754311,-6.639033587359743,2008,Pre-fire
2008-08-21,,5.477530995600001e-06,-5.138601931999998e-06,,-5.261415156226416,-5.289155024157944,2008,Pre-fire
2008-08-22,,4.1983471104e-06,-1.2791838852000008e-06,,-5.376921657726131,-5.8930670203475,2008,Pre-fire
2008-08-23,,3.9031508292e-06,-2.9519628120000026e-07,,-5.4085846659814685,-6.529889117934674,2008,Pre-fire
2008-08-26,2008-08-27,3.782885677600001e-06,-2.1866391199999966e-07,Aggregated,-5.422176783300885,-6.660222886429681,2008,Pre-fire
2008-08-28,2008-08-30,3.580621559000001e-06,-1.749311296000002e-07,Aggregated,-5.44604157776586,-6.757132899437736,2008,Pre-fire
2008-09-02,2008-09-05,3.1268939416000005e-06,-6.924357213333307e-08,Aggregated,-5.5048868489646186,-7.159620535860497,2008,Pre-fire
2008-09-06,2008-09-08,2.9574294098000007e-06,-1.0386535820000024e-07,Aggregated,-5.529085612651073,-6.983529276804813,2008,Pre-fire
2008-09-10,2008-09-12,2.7223657044e-06,-1.2026515160000028e-07,Aggregated,-5.565053534997926,-6.919860196935436,2008,Pre-fire
2009-05-08,,7.76584883468e-05,-2.032481062039999e-05,,-4.109811067421607,-4.691973492321764,2009,Pre-fire
2009-05-09,,6.116029618640001e-05,-1.6498192160399995e-05,,-4.213530420058153,-4.782563642318072,2009,Pre-fire
2009-05-10,,4.894791670120001e-05,-1.2212379485199996e-05,,-4.310265787710216,-4.913199708978053,2009,Pre-fire
2009-05-11,,4.005922867840001e-05,-8.888688022800002e-06,,-4.397297417097849,-5.051162336499593,2009,Pre-fire
2009-05-12,,3.5379820961600006e-05,-4.679407716800006e-06,,-4.451244369153427,-5.329809113080489,2009,Pre-fire
2009-05-15,,4.17538739964e-05,-9.752410475200018e-06,,-4.379303223720344,-5.010888027717538,2009,Pre-fire
2009-05-16,,3.534702137480001e-05,-6.40685262159999e-06,,-4.451647177482106,-5.193355266075572,2009,Pre-fire
2009-05-17,,3.144387054560001e-05,-3.9031508292e-06,,-4.502464000382816,-5.4085846659814685,2009,Pre-fire
2009-05-18,,2.8634039276400004e-05,-2.8098312692000027e-06,,-4.543117383668429,-5.551319758762367,2009,Pre-fire
2009-05-19,,2.66441976772e-05,-1.9898415992000055e-06,,-4.574397352908938,-5.701181494108586,2009,Pre-fire
2009-05-20,,2.458875690440001e-05,-2.0554407727999895e-06,,-4.609263426658029,-5.687095032829984,2009,Pre-fire
2009-05-21,,2.2959710760000004e-05,-1.629046144400005e-06,,-4.639033587359743,-5.788066613681386,2009,Pre-fire
2009-05-22,,2.14727961584e-05,-1.4869146016000034e-06,,-4.668111398642731,-5.827713973723443,2009,Pre-fire
2009-05-23,,2.03138774248e-05,-1.1589187336000018e-06,,-4.692207172436039,-5.935947016828891,2009,Pre-fire
2009-05-24,,1.9154958691200004e-05,-1.158918733599995e-06,,-4.7177187802616,-5.9359470168288935,2009,Pre-fire
2009-05-25,,1.81709710872e-05,-9.839876040000048e-07,,-4.740621862645569,-6.007010372654335,2009,Pre-fire
2009-05-26,,1.7230716265600003e-05,-9.402548215999962e-07,,-4.763696668940125,-6.0267544308500955,2009,Pre-fire
2009-05-27,,1.6563791334e-05,-6.669249316000028e-07,,-4.780840249255338,-6.175923047082893,2009,Pre-fire
2009-05-28,,1.5907799598000003e-05,-6.559917359999964e-07,,-4.798389888771736,-6.18310163171002,2009,Pre-fire
2009-05-29,,1.5197141884000002e-05,-7.106577140000012e-07,,-4.818238081839566,-6.1483395254508055,2009,Pre-fire
2009-05-30,,1.45739497348e-05,-6.231921492000027e-07,,-4.836422732679803,-6.205378026421169,2009,Pre-fire
2009-05-31,,1.4125688715200004e-05,-4.4826101959999553e-07,,-4.849990368434597,-6.34846902537393,2009,Pre-fire
2009-06-01,,1.3808626042800002e-05,-3.17062672400002e-07,,-4.859849531538331,-6.498854884194703,2009,Pre-fire
2009-06-03,,1.3261966262800003e-05,-4.1546143279999673e-07,,-4.877392081227089,-6.381469285476855,2009,Pre-fire
2009-06-05,,1.2431043397200005e-05,-1.1151859512e-06,,-4.9054924174059265,-5.952652710331744,2009,Pre-fire
2009-06-06,,1.16001205316e-05,-8.309228656000053e-07,,-4.935537498192321,-6.080439289812867,2009,Pre-fire
2009-06-07,,1.1064393947200004e-05,-5.357265843999957e-07,,-4.956072369589881,-6.271056802065152,2009,Pre-fire
2009-06-08,,1.05833333408e-05,-4.810606064000028e-07,,-4.975377524785268,-6.317800205607472,2009,Pre-fire
2009-06-13,,1.2780905656400002e-05,-1.3010502764e-06,,-4.893438370931822,-5.885705920701131,2009,Pre-fire
2009-06-14,,1.1436122597600002e-05,-1.3447830588000001e-06,,-4.941721197562406,-5.871347770654264,2009,Pre-fire
2009-06-15,,1.0277203864e-05,-1.1589187336000018e-06,,-4.988125028493963,-5.935947016828891,2009,Pre-fire
2009-06-16,,9.5009469764e-06,-7.762568876000005e-07,,-5.022233105644995,-6.109994533374586,2009,Pre-fire
2009-06-17,,9.0964187392e-06,-4.045282371999988e-07,,-5.041129555802938,-6.393051158026668,2009,Pre-fire
2009-06-20,,8.844955240400001e-06,-3.170626723999986e-07,,-5.053304360481389,-6.498854884194707,2009,Pre-fire
2009-06-21,,8.604424937200002e-06,-2.405303031999997e-07,,-5.065278149734597,-6.618830201271456,2009,Pre-fire
2009-06-23,,8.090564744000002e-06,-3.498622591999991e-07,,-5.092021162362686,-6.456102903773757,2009,Pre-fire
2009-06-25,,7.762568876e-06,-2.842630856000015e-07,,-5.109994533374587,-6.546279534122841,2009,Pre-fire
2009-06-27,,7.467372594800002e-06,-2.1866391199999966e-07,,-5.126832178412129,-6.660222886429681,2009,Pre-fire
2009-06-28,2009-06-29,7.3088412586000015e-06,-3.279958679999999e-07,Aggregated,-5.136151470495658,-6.4841316273739995,2009,Pre-fire
2009-06-30,2009-07-01,7.0054450807000015e-06,-2.9519628120000026e-07,Aggregated,-5.15456426723738,-6.529889117934674,2009,Pre-fire
2009-07-02,2009-07-03,6.712982098400001e-06,-3.061294768000007e-07,Aggregated,-5.173084510952494,-6.514094850751442,2009,Pre-fire
2009-07-04,2009-07-05,6.398652724900001e-06,-2.2959710760000096e-07,Aggregated,-5.193911459724999,-6.639033587359741,2009,Pre-fire
2009-07-06,2009-07-08,6.149922525000001e-06,-1.5306473839999908e-07,Aggregated,-5.211130355310262,-6.815124846415427,2009,Pre-fire
2009-07-09,2009-07-11,5.898459026200002e-06,-1.2573174940000008e-07,Aggregated,-5.229261433074732,-6.900555041740049,2009,Pre-fire
2009-07-14,,5.554063364800001e-06,-3.7172865040000086e-07,,-5.255389169809742,-6.429773965051406,2009,Pre-fire
2009-07-16,,5.116735540800001e-06,-2.405303031999997e-07,,-5.2910070290195375,-6.618830201271456,2009,Pre-fire
2009-07-17,2009-07-18,5.001936987000001e-06,-2.186639120000005e-07,Aggregated,-5.300861783691195,-6.66022288642968,2009,Pre-fire
2009-07-19,2009-07-20,4.791472971700001e-06,-2.295971076000001e-07,Aggregated,-5.319530957327829,-6.639033587359743,2009,Pre-fire
2009-07-21,2009-07-24,4.534542875100001e-06,-1.02043158933333e-07,Aggregated,-5.343466487397263,-6.991216105471106,2009,Pre-fire
2009-07-25,2009-07-27,4.247546490600001e-06,-1.5306473840000035e-07,Aggregated,-5.371861858956729,-6.815124846415423,2009,Pre-fire
2009-07-28,2009-07-30,3.8758178402e-06,-1.1479855380000005e-07,Aggregated,-5.411636642574576,-6.940063583023724,2009,Pre-fire
2009-07-31,2009-08-02,3.7227531018000004e-06,-1.1479855379999984e-07,Aggregated,-5.429135765844857,-6.940063583023724,2009,Pre-fire
2009-08-03,2009-08-04,3.4740229019000005e-06,-2.5146349880000016e-07,Aggregated,-5.459167322867616,-6.599525046076068,2009,Pre-fire
2009-08-08,,3.9250172204e-06,-6.013257580000001e-07,,-5.406158433515342,-6.220890192599418,2009,Pre-fire
2009-08-09,,3.6516873304e-06,-2.733298900000002e-07,,-5.4375064152820975,-6.563312873421624,2009,Pre-fire
2009-08-10,2009-08-11,3.5259555810000003e-06,-2.405303031999993e-07,Aggregated,-5.452723163122375,-6.618830201271456,2009,Pre-fire
2009-08-12,2009-08-14,3.3455578536000005e-06,-1.1479855380000027e-07,Aggregated,-5.4755314556120815,-6.940063583023723,2009,Pre-fire
2009-08-15,2009-08-17,3.094094354800001e-06,-1.2573174939999987e-07,Aggregated,-5.5094664465693715,-6.90055504174005,2009,Pre-fire
2009-08-18,2009-08-20,2.766098486800001e-06,-1.3666494500000032e-07,Aggregated,-5.558132360917844,-6.864342869085604,2009,Pre-fire
2009-08-23,2009-08-27,2.5255681836e-06,-7.106577139999985e-08,Aggregated,-5.597640902201517,-7.148339525450807,2009,Pre-fire
2009-08-30,2009-09-03,2.3889032386000002e-06,-7.379907029999985e-08,Aggregated,-5.621801440787221,-7.131949109262638,2009,Pre-fire
2009-09-07,,3.1815599196e-06,-1.5853133620000007e-06,,-5.497359893107754,-5.799884879858687,2009,Pre-fire
2009-09-08,,2.5911673572e-06,-5.903925624000001e-07,,-5.586504536083558,-6.228859122270693,2009,Pre-fire
2009-09-09,,2.3834366408000004e-06,-2.0773071639999963e-07,,-5.622796388489057,-6.682499281140833,2009,Pre-fire
2009-09-10,2009-09-12,2.2413050980000005e-06,-1.311983472000001e-07,Aggregated,-5.649499021037907,-6.882071636046037,2009,Pre-fire
2010-06-05,,0.0001840494147304,-6.428719012800002e-05,,-3.735065559253782,-4.191875556017523,2010,Pre-fire
2010-06-06,,0.0001219379305268,-6.211148420359999e-05,,-3.9138611798932184,-4.206828092816403,2010,Pre-fire
2010-06-07,,9.002393257040001e-05,-3.191399795639999e-05,,-4.0456420194321945,-4.496018787105648,2010,Pre-fire
2010-06-08,,7.062844357600002e-05,-1.93954889944e-05,,-4.151020364098578,-4.712299266597954,2010,Pre-fire
2010-06-09,,6.586157029440001e-05,-4.7668732816000026e-06,,-4.181367918901017,-5.321766392825076,2010,Pre-fire
2010-06-10,,6.27674759396e-05,-3.0940943548000093e-06,,-4.202265335226042,-5.509466446569371,2010,Pre-fire
2010-06-11,,5.654648764320001e-05,-6.220988296399997e-06,,-4.2475943658853055,-5.206140615698591,2010,Pre-fire
2010-06-12,,4.937431132960001e-05,-7.172176313599996e-06,,-4.306498948840732,-5.144349042718002,2010,Pre-fire
2010-06-13,,4.17976067788e-05,-7.576704550800009e-06,,-4.378848584074634,-5.120519647481855,2010,Pre-fire
2010-06-14,,3.569688363400001e-05,-6.100723144799995e-06,,-4.447369696482569,-5.2146186831560835,2010,Pre-fire
2010-06-15,,3.178279960920001e-05,-3.9140840248e-06,,-4.497807850323234,-5.4073698554497875,2010,Pre-fire
2010-06-16,,2.9497761728800003e-05,-2.285037880400005e-06,,-4.5302109367577765,-5.641106595982607,2010,Pre-fire
2010-06-17,,2.6994059936400003e-05,-2.5037017924000003e-06,,-4.56873179216173,-5.601417399753774,2010,Pre-fire
2010-06-18,,2.5026084728400007e-05,-1.967975207999996e-06,,-4.601607089419119,-5.7059803769903565,2010,Pre-fire
2010-06-19,,2.3222107454400008e-05,-1.8039772739999987e-06,,-4.63409836968423,-5.743768937879755,2010,Pre-fire
2010-06-20,,2.2194387068e-05,-1.0277203864000066e-06,,-4.653756844180449,-5.98812502849396,2010,Pre-fire
2010-06-21,,2.1090134312400004e-05,-1.104252755599997e-06,,-4.675920654449778,-5.95693150831102,2010,Pre-fire
2010-06-22,,2.0084280317200004e-05,-1.0058539952000006e-06,,-4.697143725787853,-5.9974650547481065,2010,Pre-fire
2010-06-23,,1.92533574516e-05,-8.309228656000036e-07,,-4.715493526126385,-6.080439289812868,2010,Pre-fire
2010-06-24,,1.8334969021200003e-05,-9.18388430399997e-07,,-4.736719819487576,-6.036973596031782,2010,Pre-fire
2010-06-25,,1.7646177698400004e-05,-6.887913227999986e-07,,-4.75334935170761,-6.161912332640081,2010,Pre-fire
2010-06-26,,1.7022985549200003e-05,-6.23192149200001e-07,,-4.768964269525541,-6.20537802642117,2010,Pre-fire
2010-06-27,,1.6498192160400002e-05,-5.247933888000012e-07,,-4.782563642318072,-6.280011644718074,2010,Pre-fire
2010-06-28,,1.61592630968e-05,-3.389290636000012e-07,,-4.791578448034855,-6.469891188259387,2010,Pre-fire
2010-06-29,,1.5667269294800002e-05,-4.91993801999999e-07,,-4.805006691696317,-6.308040368318319,2010,Pre-fire
2010-06-30,,1.54048726004e-05,-2.623966944000006e-07,,-4.812341888984306,-6.581041640382055,2010,Pre-fire
2010-07-01,,1.4880079211600002e-05,-5.247933887999995e-07,,-4.827394756890327,-6.2800116447180745,2010,Pre-fire
2010-07-03,,1.3994490368000002e-05,-7.653236920000026e-07,,-4.854042912445793,-6.116154842079403,2010,Pre-fire
2010-07-04,,1.3436897392400004e-05,-5.575929755999983e-07,,-4.871700999207207,-6.253682705995726,2010,Pre-fire
2010-07-05,,1.2999569568400004e-05,-4.373278239999993e-07,,-4.88607102747497,-6.3591928907657,2010,Pre-fire
2010-07-06,,1.2605974526800002e-05,-3.935950416000026e-07,,-4.899423574798963,-6.404950381326372,2010,Pre-fire
2010-07-07,,1.2081181138000002e-05,-5.247933887999995e-07,,-4.917890604072532,-6.2800116447180745,2010,Pre-fire
2010-07-08,,1.1632920118400002e-05,-4.482610196000006e-07,,-4.934311254134633,-6.348469025373926,2010,Pre-fire
2010-07-09,,1.1315857446e-05,-3.17062672400002e-07,,-4.946312532300725,-6.498854884194703,2010,Pre-fire
2010-07-10,,1.1009727969200002e-05,-3.061294767999973e-07,,-4.958223411540044,-6.514094850751446,2010,Pre-fire
2010-07-11,,1.07582644704e-05,-2.514634988000027e-07,,-4.96825778366232,-6.599525046076065,2010,Pre-fire
2010-07-12,,1.0408402211200002e-05,-3.498622591999974e-07,,-4.982615933709187,-6.456102903773759,2010,Pre-fire
2010-07-13,,1.0047606756400002e-05,-3.607954548000004e-07,,-4.99793737070755,-6.442738942215774,2010,Pre-fire
2010-07-14,,9.83987604e-06,-2.077307164000009e-07,,-5.007010372654337,-6.682499281140831,2010,Pre-fire
2010-07-15,,9.56654615e-06,-2.733298900000002e-07,,-5.019244829071348,-6.563312873421624,2010,Pre-fire
2010-07-16,,9.260416673200002e-06,-3.06129476799999e-07,,-5.0333694717629545,-6.514094850751444,2010,Pre-fire
2010-07-17,,9.008953174400002e-06,-2.514634987999993e-07,,-5.0453256703965454,-6.59952504607607,2010,Pre-fire
2010-07-18,,8.746556480000002e-06,-2.623966944000006e-07,,-5.058162895101718,-6.581041640382055,2010,Pre-fire
2010-07-19,,8.527892568000001e-06,-2.186639120000005e-07,,-5.069158279403181,-6.66022288642968,2010,Pre-fire
2010-07-22,,8.035898766e-06,-2.405303032000014e-07,,-5.094965543009467,-6.618830201271453,2010,Pre-fire
2010-07-26,,7.248708682800002e-06,-2.1866391199999966e-07,,-5.1397393536888885,-6.660222886429681,2010,Pre-fire
2010-08-14,,4.5919421520000005e-06,-2.733298900000002e-07,,-5.338003591695761,-6.563312873421624,2010,Pre-fire
2010-07-20,2010-07-21,8.3994275197e-06,-2.514634987999993e-07,Aggregated,-5.075750313165246,-6.59952504607607,2010,Pre-fire
2010-07-23,2010-07-24,7.844567843e-06,-3.717286504e-07,Aggregated,-5.105430976687631,-6.429773965051407,2010,Pre-fire
2010-07-27,2010-07-28,7.117510335600002e-06,-2.8426308560000066e-07,Aggregated,-5.1476718935254695,-6.546279534122843,2010,Pre-fire
2010-07-29,2010-07-30,6.800447663200001e-06,-3.2799586800000076e-07,Aggregated,-5.167462497402843,-6.484131627373999,2010,Pre-fire
2010-07-31,2010-08-01,6.5243844743e-06,-2.2959710760000096e-07,Aggregated,-5.185460454414869,-6.639033587359741,2010,Pre-fire
2010-08-02,2010-08-03,6.259254481e-06,-3.2799586799999907e-07,Aggregated,-5.203477391081736,-6.484131627374,2010,Pre-fire
2010-08-04,2010-08-05,5.980457993200001e-06,-2.1866391199999966e-07,Aggregated,-5.223265555760231,-6.660222886429681,2010,Pre-fire
2010-08-06,2010-08-07,5.748127586700001e-06,-2.733298900000002e-07,Aggregated,-5.240473600735303,-6.563312873421624,2010,Pre-fire
2010-08-08,2010-08-10,5.4775309956e-06,-1.3666494500000053e-07,Aggregated,-5.261415156226416,-6.864342869085604,2010,Pre-fire
2010-08-11,2010-08-12,5.1714015188000005e-06,-2.8426308559999896e-07,Aggregated,-5.2863917413558505,-6.546279534122846,2010,Pre-fire
2010-08-19,,4.340478653200001e-06,-2.7332988999999936e-07,,-5.362462375330547,-6.5633128734216255,2010,Pre-fire
2010-08-20,2010-08-21,4.2393465939000015e-06,-2.295971076000001e-07,Aggregated,-5.372701075608019,-6.639033587359743,2010,Pre-fire
2010-08-22,2010-08-23,4.004282888500001e-06,-2.077307164000009e-07,Aggregated,-5.397475248731496,-6.682499281140831,2010,Pre-fire
2010-08-24,2010-08-25,3.7692191831e-06,-2.5146349880000016e-07,Aggregated,-5.423748607245774,-6.599525046076068,2010,Pre-fire
2011-06-03,,3.74899277124e-05,-2.864497247200004e-06,,-4.426085396978718,-5.5429515907739155,2011,Pre-fire
2011-06-04,,3.3379046166800004e-05,-4.110881545599993e-06,,-4.476526077795,-5.386065037166001,2011,Pre-fire
2011-06-05,,3.067854685360001e-05,-2.7004993131999965e-06,,-4.513165215401321,-5.568555928833996,2011,Pre-fire
2011-06-06,,2.8470041342400003e-05,-2.2085055112000043e-06,,-4.545611902197507,-5.655901512647037,2011,Pre-fire
2011-06-07,,2.59335399632e-05,-2.5365013792000025e-06,,-4.586138197401437,-5.595764897202762,2011,Pre-fire
2011-06-08,,2.39108987772e-05,-2.022641186000001e-06,,-4.621404099056025,-5.6940811536906475,2011,Pre-fire
2011-06-09,,2.22709194372e-05,-1.6399793400000013e-06,,-4.652261853093497,-5.78516162303798,2011,Pre-fire
2011-06-10,,2.1002668747600004e-05,-1.2682506895999945e-06,,-4.677725517231968,-5.896794892866745,2011,Pre-fire
2011-06-11,,1.9745351253600003e-05,-1.2573174940000016e-06,,-4.704535136116175,-5.900555041740049,2011,Pre-fire
2011-06-12,,1.91002927132e-05,-6.450585404000036e-07,,-4.718959977110731,-6.190400870451515,2011,Pre-fire
2011-06-13,,1.80069731532e-05,-1.0933195599999974e-06,,-4.744559282923907,-5.961252882093663,2011,Pre-fire
2011-06-14,,1.6443526182400004e-05,-1.5634469707999973e-06,,-4.784005045838038,-5.805916844628601,2011,Pre-fire
2011-06-15,,1.5951532380400002e-05,-4.919938020000024e-07,,-4.79719759020021,-6.3080403683183155,2011,Pre-fire
2011-06-16,,1.5426738991600004e-05,-5.247933887999978e-07,,-4.811725868339313,-6.280011644718076,2011,Pre-fire
2011-06-17,,1.4989411167600005e-05,-4.373278239999993e-07,,-4.824215427304149,-6.3591928907657,2011,Pre-fire
2011-06-19,,1.4705148082000005e-05,-6.669249315999977e-07,,-4.832530597755235,-6.175923047082896,2011,Pre-fire
2011-06-20,,1.4180354693200002e-05,-5.247933888000029e-07,,-4.848312906009582,-6.280011644718072,2011,Pre-fire
2011-06-21,,1.3830492434e-05,-3.498622592000025e-07,,-4.859162356581825,-6.456102903773752,2011,Pre-fire
2011-06-22,,1.33603650232e-05,-4.701274107999998e-07,,-4.874181676187126,-6.327784426514075,2011,Pre-fire
2011-06-23,,1.2715306482800004e-05,-6.450585403999951e-07,,-4.895673167365213,-6.190400870451521,2011,Pre-fire
2011-06-24,,1.22123794852e-05,-5.029269976000037e-07,,-4.913199708978053,-6.298495050412084,2011,Pre-fire
2011-06-25,,1.18843836172e-05,-3.279958679999999e-07,,-4.925023338007367,-6.4841316273739995,2011,Pre-fire
2011-06-26,,1.15454545536e-05,-3.389290636000012e-07,,-4.937588963895868,-6.469891188259387,2011,Pre-fire
2011-06-29,,1.1425189402e-05,-2.2303719024000018e-06,,-4.942136591646589,-5.651622714667763,2011,Pre-fire
2011-06-30,,1.0955061991200004e-05,-4.7012741079999643e-07,,-4.960385160562435,-6.327784426514079,2011,Pre-fire
2011-07-01,,1.05396005584e-05,-4.154614328000035e-07,,-4.977175848190831,-6.3814692854768476,2011,Pre-fire
2011-07-02,,1.02881370596e-05,-2.51463498800001e-07,,-4.987663258666405,-6.599525046076067,2011,Pre-fire
2011-07-03,,9.905475213600002e-06,-3.826618459999979e-07,,-5.0041246844168485,-6.417184837743388,2011,Pre-fire
2011-07-04,,9.6868113016e-06,-2.186639120000022e-07,,-5.013819160206611,-6.660222886429676,2011,Pre-fire
2011-07-05,,9.3369490424e-06,-3.498622591999991e-07,,-5.029795011404657,-6.456102903773757,2011,Pre-fire
2011-07-08,,8.702823697600002e-06,-2.951962811999994e-07,,-5.060339814355992,-6.529889117934675,2011,Pre-fire
2011-07-10,,8.385761025200001e-06,-2.51463498800001e-07,,-5.0764575181446805,-6.599525046076067,2011,Pre-fire
2011-07-06,2011-07-07,9.181151005100001e-06,-3.389290635999995e-07,Aggregated,-5.03710286957996,-6.46989118825939,2011,Pre-fire
2011-07-13,,8.188963504400002e-06,-2.295971076000001e-07,,-5.0867710643941955,-6.639033587359743,2011,Pre-fire
2011-07-14,,7.817234854000002e-06,-3.717286504e-07,,-5.106946840292581,-6.429773965051407,2011,Pre-fire
2011-07-20,,9.238550282e-06,-8.746556480000002e-06,,-5.0343961731439695,-5.058162895101718,2011,Pre-fire
2011-07-21,,8.0249655704e-06,-1.2135847115999998e-06,,-5.095556822177591,-5.9159299033070045,2011,Pre-fire
2011-07-22,,7.5657713552e-06,-4.5919421520000106e-07,,-5.121146787636904,-6.33800359169576,2011,Pre-fire
2011-07-23,,7.2159090960000015e-06,-3.4986225919999827e-07,,-5.141708946551793,-6.456102903773758,2011,Pre-fire
2011-07-24,,6.909779619200001e-06,-3.061294768000007e-07,,-5.1605358038112765,-6.514094850751442,2011,Pre-fire
2011-07-25,,6.6583161204000014e-06,-2.514634987999993e-07,,-5.176635589460786,-6.59952504607607,2011,Pre-fire
2011-07-26,2011-07-27,6.475185094100001e-06,-3.607954548000004e-07,Aggregated,-5.188747812698859,-6.442738942215774,2011,Pre-fire
2011-07-28,2011-07-29,6.171788916200001e-06,-2.842630855999998e-07,Aggregated,-5.209588935832675,-6.546279534122844,2011,Pre-fire
2011-07-30,2011-07-31,5.849259646000001e-06,-3.0612947679999986e-07,Aggregated,-5.232899100072434,-6.514094850751443,2011,Pre-fire
2011-08-01,2011-08-02,5.611462641700001e-06,-2.295971076000001e-07,Aggregated,-5.250923924051032,-6.639033587359743,2011,Pre-fire
2011-08-05,2011-08-06,5.239733991300001e-06,-2.077307164000009e-07,Aggregated,-5.280690760543561,-6.682499281140831,2011,Pre-fire
2011-08-07,2011-08-09,5.056602965000001e-06,-1.093319559999994e-07,Aggregated,-5.29614114501861,-6.961252882093664,2011,Pre-fire
2011-08-10,2011-08-11,4.7641399827e-06,-2.733298900000002e-07,Aggregated,-5.322015486311631,-6.563312873421624,2011,Pre-fire
2011-08-12,2011-08-14,4.531809576200001e-06,-1.038653581999996e-07,Aggregated,-5.343728347207369,-6.983529276804815,2011,Pre-fire
2011-08-15,2011-08-17,4.285812675200001e-06,-1.1479855380000048e-07,Aggregated,-5.3679668150732045,-6.940063583023722,2011,Pre-fire
2011-08-20,2011-08-22,3.990616394e-06,-1.3119834719999988e-07,Aggregated,-5.398960017637187,-6.882071636046037,2011,Pre-fire
2011-08-26,2011-08-28,3.6735537216000005e-06,-1.0933195599999962e-07,Aggregated,-5.434913604703818,-6.961252882093663,2011,Pre-fire
2011-08-29,2011-08-31,3.520488983200001e-06,-1.2026515160000028e-07,Aggregated,-5.453397010397831,-6.919860196935436,2011,Pre-fire
2011-09-01,2011-09-03,3.2198261042000005e-06,-1.7493112959999977e-07,Aggregated,-5.492167582970541,-6.757132899437737,2011,Pre-fire
2011-09-05,2011-09-07,3.044894974600001e-06,-1.2026515159999964e-07,Aggregated,-5.516427682583914,-6.919860196935438,2011,Pre-fire
2011-09-08,2011-09-10,2.809831269200001e-06,-1.0386535820000045e-07,Aggregated,-5.551319758762367,-6.983529276804812,2011,Pre-fire
2012-06-10,,4.564609163e-05,-8.418560612000012e-06,,-4.340596402274041,-5.074762156921179,2012,Pre-fire
2012-06-11,,3.6505940108400005e-05,-9.140151521599992e-06,,-4.437636463039291,-5.039046604654645,2012,Pre-fire
2012-06-12,,3.1050275504e-05,-5.455664604400005e-06,,-4.507934542046624,-5.263152336470271,2012,Pre-fire
2012-06-13,,2.73985881736e-05,-3.651687330399999e-06,,-4.562271815435531,-5.4375064152820975,2012,Pre-fire
2012-06-14,,2.5736742442400005e-05,-1.661845731199997e-06,,-4.589446423586246,-5.77940929414889,2012,Pre-fire
2012-06-15,,2.3889032386000004e-05,-1.8477100564000005e-06,,-4.621801440787221,-5.733366177479988,2012,Pre-fire
2012-06-16,,2.25442493272e-05,-1.3447830588000052e-06,,-4.646964221146164,-5.871347770654262,2012,Pre-fire
2012-06-17,,2.113386709480001e-05,-1.4103822323999893e-06,,-4.6750210280651086,-5.850663171794416,2012,Pre-fire
2012-06-19,,1.93408230164e-05,-1.7165117091999985e-06,,-4.713525049183938,-5.765353229684428,2012,Pre-fire
2012-06-20,,1.83787018036e-05,-9.621212127999988e-07,,-4.73568516865419,-6.016770209943494,2012,Pre-fire
2012-06-21,,1.7514979351200002e-05,-8.63722452399999e-07,,-4.756590370345442,-6.063625790803221,2012,Pre-fire
2012-06-27,,1.88269628232e-05,-1.9898415992000055e-06,,-4.725219734976026,-5.701181494108586,2012,Pre-fire
2012-06-28,,1.7668044089600004e-05,-1.158918733599995e-06,,-4.752811525655094,-5.9359470168288935,2012,Pre-fire
2012-06-29,,1.67168560724e-05,-9.511880172000026e-07,,-4.776845396681342,-6.021733629475042,2012,Pre-fire
2012-06-30,,1.6104597118800003e-05,-6.12258953599998e-07,,-4.793050135251031,-6.213064855087462,2012,Pre-fire
2012-07-01,,1.5142475906000002e-05,-9.621212128000005e-07,,-4.819803108693194,-6.016770209943493,2012,Pre-fire
2012-07-02,,1.4388085409600005e-05,-7.543904963999979e-07,,-4.841996992815725,-6.122403791356407,2012,Pre-fire
2012-07-03,,1.37648932604e-05,-6.231921492000044e-07,,-4.8612271519857995,-6.205378026421167,2012,Pre-fire
2012-07-04,,1.3261966262800003e-05,-5.029269975999969e-07,,-4.877392081227089,-6.2984950504120905,2012,Pre-fire
2012-07-05,,1.2780905656400002e-05,-4.810606064000011e-07,,-4.893438370931822,-6.317800205607473,2012,Pre-fire
2012-07-06,,1.23107782456e-05,-4.701274108000015e-07,,-4.909714491578335,-6.327784426514074,2012,Pre-fire
2012-07-07,,1.1971849182e-05,-3.389290636000012e-07,,-4.921838762917525,-6.469891188259387,2012,Pre-fire
2012-07-08,,1.1567320944800002e-05,-4.045282371999971e-07,,-4.936767214394495,-6.39305115802667,2012,Pre-fire
2012-07-09,,1.11846590988e-05,-3.82661846000003e-07,,-4.951377248381502,-6.417184837743383,2012,Pre-fire
2012-07-10,,1.0834796839600002e-05,-3.498622591999974e-07,,-4.965179227608386,-6.456102903773759,2012,Pre-fire
2012-07-11,,1.05286673628e-05,-3.061294768000024e-07,,-4.977626594969127,-6.514094850751439,2012,Pre-fire
2012-07-12,,1.02444042772e-05,-2.842630855999998e-07,,-4.989513291205884,-6.546279534122844,2012,Pre-fire
2012-07-13,,9.894542018000002e-06,-3.498622591999974e-07,,-5.004604302888458,-6.456102903773759,2012,Pre-fire
2012-07-14,,9.577479345600002e-06,-3.170626724000003e-07,,-5.018748775925581,-6.498854884194706,2012,Pre-fire
2012-07-15,,9.326015846800004e-06,-2.514634987999976e-07,,-5.030303850926138,-6.599525046076073,2012,Pre-fire
2012-07-16,2012-07-17,9.2002840974e-06,-2.842630856000049e-07,Aggregated,-5.036198761781819,-6.546279534122836,2012,Pre-fire
2012-07-19,,8.779356066800002e-06,-2.951962811999994e-07,,-5.056537336814981,-6.529889117934675,2012,Pre-fire
2012-07-20,,8.440427003200001e-06,-3.389290636000012e-07,,-5.073635581757926,-6.469891188259387,2012,Pre-fire
2012-07-21,,8.221763091200002e-06,-2.186639119999988e-07,,-5.085035041502019,-6.660222886429683,2012,Pre-fire
2012-07-26,,7.500172181600002e-06,-2.0773071639999836e-07,,-5.12492876638691,-6.682499281140836,2012,Pre-fire
2012-07-28,,7.095643944400002e-06,-2.4053030320000056e-07,,-5.149008185293292,-6.618830201271455,2012,Pre-fire
2012-08-04,,5.947658406400001e-06,-2.514634987999993e-07,,-5.225653982395482,-6.59952504607607,2012,Pre-fire
2012-07-22,2012-07-23,8.068698352800001e-06,-3.061294768000007e-07,Aggregated,-5.09319652027062,-6.514094850751442,2012,Pre-fire
2012-07-24,2012-07-25,7.8473011419e-06,-2.077307164000009e-07,Aggregated,-5.105279680925118,-6.682499281140831,2012,Pre-fire
2012-07-29,2012-07-30,6.942579206000001e-06,-2.8426308560000066e-07,Aggregated,-5.158479156801686,-6.546279534122843,2012,Pre-fire
2012-07-31,2012-08-01,6.6801825116000015e-06,-2.842630855999998e-07,Aggregated,-5.175211671851107,-6.546279534122844,2012,Pre-fire
2012-08-02,2012-08-03,6.368586437e-06,-3.2799586800000076e-07,Aggregated,-5.195956952395605,-6.484131627373999,2012,Pre-fire
2012-08-16,,4.6684745212e-06,-2.295971076000001e-07,,-5.330825007068638,-6.639033587359743,2012,Pre-fire
2012-08-10,2012-08-12,5.461131202200001e-06,-1.4759814060000013e-07,Aggregated,-5.262717389531661,-6.830919113598656,2012,Pre-fire
2012-08-13,2012-08-14,5.138601932e-06,-3.0612947679999986e-07,Aggregated,-5.289155024157944,-6.514094850751443,2012,Pre-fire
2012-08-19,,4.5919421520000005e-06,-2.186639120000005e-07,,-5.338003591695761,-6.66022288642968,2012,Pre-fire
2012-08-20,2012-08-23,4.4498106092000006e-06,-8.382116626666643e-08,Aggregated,-5.351658472868442,-7.0766463007957325,2012,Pre-fire
2012-08-24,2012-08-26,4.247546490600001e-06,-1.0386535820000045e-07,Aggregated,-5.371861858956729,-6.983529276804812,2012,Pre-fire
2012-08-27,2012-08-30,4.0261492797e-06,-6.924357213333335e-08,Aggregated,-5.395110126578993,-7.159620535860495,2012,Pre-fire
2012-08-31,2012-09-02,3.7828856776000003e-06,-1.366649450000001e-07,Aggregated,-5.422176783300885,-6.864342869085605,2012,Pre-fire
2012-09-03,2012-09-06,3.531422178800001e-06,-8.746556479999978e-08,Aggregated,-5.452050359762559,-7.058162895101719,2012,Pre-fire
2012-09-11,2012-09-12,3.2170928053000006e-06,-2.0773071640000006e-07,Aggregated,-5.4925364105781895,-6.682499281140832,2012,Pre-fire
2013-05-29,,4.4443440114000014e-05,-5.772727276799993e-06,,-4.3521923321635745,-5.23861895955985,2013,Pre-fire
2013-05-30,,4.013576104760001e-05,-4.307679066400006e-06,,-4.396468497589675,-5.365756660268087,2013,Pre-fire
2013-05-31,,3.2143595064e-05,-7.992165983600007e-06,,-4.492905551681504,-5.097335505135801,2013,Pre-fire
2013-06-01,,2.72564566308e-05,-4.887138433200002e-06,,-4.564530603589889,-5.3109453589617255,2013,Pre-fire
2013-06-02,,2.3998364342000003e-05,-3.2580922887999965e-06,,-4.619818357515522,-5.487036618017407,2013,Pre-fire
2013-06-03,,2.1680526874800007e-05,-2.317837467199997e-06,,-4.663930167888359,-5.634917021164911,2013,Pre-fire
2013-06-04,,1.995308197e-05,-1.7274449048000082e-06,,-4.699990013301168,-5.762595795139237,2013,Pre-fire
2013-06-05,,1.8608298911200003e-05,-1.344783058799995e-06,,-4.730293326345093,-5.871347770654266,2013,Pre-fire
2013-06-06,,1.7405647395200003e-05,-1.2026515160000002e-06,,-4.759309818692011,-5.919860196935437,2013,Pre-fire
2013-06-07,,1.6498192160400002e-05,-9.074552348000008e-07,,-4.782563642318072,-6.0421747897175875,2013,Pre-fire
2013-06-08,,1.5547004143200003e-05,-9.511880171999992e-07,,-4.808353285699914,-6.021733629475044,2013,Pre-fire
2013-06-09,,1.4945678385200005e-05,-6.013257579999984e-07,,-4.825484367525839,-6.220890192599419,2013,Pre-fire
2013-06-10,,1.4541150148000002e-05,-4.045282372000022e-07,,-4.837401241126576,-6.3930511580266645,2013,Pre-fire
2013-06-11,,1.3797692847200002e-05,-7.434573008e-07,,-4.8601935271855465,-6.1287439693874255,2013,Pre-fire
2013-06-12,,1.3349431827600003e-05,-4.482610195999989e-07,,-4.874537218148779,-6.3484690253739275,2013,Pre-fire
2013-06-13,,1.2999569568400004e-05,-3.498622591999991e-07,,-4.88607102747497,-6.456102903773757,2013,Pre-fire
2013-06-14,,1.27043732872e-05,-2.951962812000045e-07,,-4.89604675403935,-6.529889117934668,2013,Pre-fire
2013-06-15,,1.2267045463200002e-05,-4.373278239999976e-07,,-4.911260025173519,-6.359192890765701,2013,Pre-fire
2013-06-16,,1.2026515160000002e-05,-2.405303031999997e-07,,-4.919860196935437,-6.618830201271456,2013,Pre-fire
2013-06-21,,1.1479855380000002e-05,-8.965220391999995e-07,,-4.940063583023724,-6.047439029709945,2013,Pre-fire
2013-06-22,,1.08894628176e-05,-5.903925624000022e-07,,-4.962993543669963,-6.228859122270691,2013,Pre-fire
2013-06-26,,1.2791838852e-05,-2.4271694232000048e-06,,-4.8930670203475,-5.614899907643022,2013,Pre-fire
2013-06-27,,1.0823863644e-05,-1.9679752079999995e-06,,-4.9656176874961115,-5.705980376990356,2013,Pre-fire
2013-06-28,,9.763343670800002e-06,-1.0605199731999986e-06,,-5.010401423205115,-5.974481147827418,2013,Pre-fire
2013-06-29,,9.1620179128e-06,-6.013257580000018e-07,,-5.038008863463385,-6.220890192599416,2013,Pre-fire
2013-06-30,,8.713756893200001e-06,-4.482610195999989e-07,,-5.059794560697549,-6.3484690253739275,2013,Pre-fire
2013-07-01,,8.276429069200002e-06,-4.373278239999993e-07,,-5.082157002593589,-6.3591928907657,2013,Pre-fire
2013-07-02,,7.9921659836e-06,-2.842630856000015e-07,,-5.097335505135801,-6.546279534122841,2013,Pre-fire
2013-07-03,,7.696969702400001e-06,-2.951962811999994e-07,,-5.113680222951549,-6.529889117934675,2013,Pre-fire
2013-07-04,,7.434573008000001e-06,-2.6239669439999976e-07,,-5.1287439693874255,-6.581041640382056,2013,Pre-fire
2013-07-09,,6.6255165336e-06,-2.7332989000000106e-07,,-5.178780257927375,-6.563312873421623,2013,Pre-fire
2013-07-10,,6.286587470000001e-06,-3.389290635999995e-07,,-5.2015850374040316,-6.46989118825939,2013,Pre-fire
2013-07-05,2013-07-06,7.3088412586000015e-06,-2.1866391199999966e-07,Aggregated,-5.136151470495658,-6.660222886429681,2013,Pre-fire
2013-07-07,2013-07-08,7.0765108521000015e-06,-3.170626724000003e-07,Aggregated,-5.150180822986752,-6.498854884194706,2013,Pre-fire
2013-07-11,2013-07-12,6.1581224217e-06,-2.7332988999999936e-07,Aggregated,-5.210551681697793,-6.5633128734216255,2013,Pre-fire
2013-07-13,2013-07-15,5.892992428400002e-06,-1.3119834719999988e-07,Aggregated,-5.229664116906923,-6.882071636046037,2013,Pre-fire
2013-07-16,2013-07-17,5.592329549400001e-06,-2.8426308560000066e-07,Aggregated,-5.252407244045482,-6.546279534122843,2013,Pre-fire
2013-07-18,2013-07-21,5.3189996594e-06,-9.475436186666688e-08,Aggregated,-5.274170037489291,-7.023400788842506,2013,Pre-fire
2013-07-22,2013-07-23,5.0593362639e-06,-2.7332988999999936e-07,Aggregated,-5.29590645466872,-6.5633128734216255,2013,Pre-fire
2013-07-24,2013-07-25,4.7532067871000005e-06,-2.9519628120000026e-07,Aggregated,-5.323013291418912,-6.529889117934674,2013,Pre-fire
2013-07-26,2013-07-28,4.482610196000001e-06,-1.2026515159999986e-07,Aggregated,-5.348469025373926,-6.919860196935438,2013,Pre-fire
2013-07-29,2013-08-01,4.277612778500001e-06,-8.017676773333352e-08,Aggregated,-5.368798531539157,-7.095951455991117,2013,Pre-fire
2013-08-02,2013-08-05,4.0152160841e-06,-6.924357213333335e-08,Aggregated,-5.396291077631368,-7.159620535860495,2013,Pre-fire
2013-08-10,,4.471677000400001e-06,-6.23192149200001e-07,,-5.34952957408632,-6.20537802642117,2013,Pre-fire
2013-08-11,,4.121814741200001e-06,-3.4986225919999996e-07,,-5.384911531887869,-6.456102903773756,2013,Pre-fire
2013-08-12,2013-08-13,3.9632834050000005e-06,-2.8426308560000066e-07,Aggregated,-5.401944871186649,-6.546279534122843,2013,Pre-fire
2013-08-14,2013-08-15,3.7008867106000007e-06,-2.6239669439999934e-07,Aggregated,-5.431694209072498,-6.581041640382057,2013,Pre-fire
2013-08-16,2013-08-19,3.4494232118000006e-06,-1.0204315893333343e-07,Aggregated,-5.462253518513508,-6.991216105471104,2013,Pre-fire
2013-08-20,2013-08-21,3.1678934251000002e-06,-2.295971076000001e-07,Aggregated,-5.499229437458028,-6.639033587359743,2013,Pre-fire
2014-05-11,,7.853314399480001e-05,-2.7125258283599988e-05,,-4.104947015660363,-4.5666261178214524,2014,Pre-fire
2014-05-12,,5.862379480720001e-05,-1.99093491876e-05,,-4.231926072446801,-4.700942936298742,2014,Pre-fire
2014-05-13,,4.6925275515200005e-05,-1.1698519292000008e-05,,-4.328593168799748,-4.9318691044084515,2014,Pre-fire
2014-05-14,,3.938137055120001e-05,-7.543904963999996e-06,,-4.404709173610147,-5.122403791356406,2014,Pre-fire
2014-05-15,,3.4067837489600006e-05,-5.313533061600003e-06,,-4.467655433093134,-5.274616612831368,2014,Pre-fire
2014-05-16,,3.0405216963600007e-05,-3.6626205259999987e-06,,-4.517051893229502,-5.4362080750568165,2014,Pre-fire
2014-05-17,,2.784684919320001e-05,-2.5583677703999983e-06,,-4.555223937130046,-5.59203702468352,2014,Pre-fire
2014-05-19,,3.2908918756e-05,-1.2573174940000016e-06,,-4.482686386499818,-5.900555041740049,2014,Pre-fire
2014-05-20,,2.8448174951200004e-05,-4.460743804799997e-06,,-4.5459455898680945,-5.3505927190037825,2014,Pre-fire
2014-05-21,,2.5867940789600003e-05,-2.580234161600001e-06,,-4.58723814180175,-5.588340879123555,2014,Pre-fire
2014-05-22,,2.3943698364e-05,-1.9242424256000045e-06,,-4.620808767253544,-5.715740214279511,2014,Pre-fire
2014-05-23,,2.22709194372e-05,-1.6727789268e-06,,-4.652261853093497,-5.776561451276063,2014,Pre-fire
2014-05-24,,2.1013601943200004e-05,-1.2573174939999949e-06,,-4.677499498761135,-5.900555041740052,2014,Pre-fire
2014-05-25,,1.9909349187600003e-05,-1.1042527556000004e-06,,-4.700942936298742,-5.956931508311019,2014,Pre-fire
2014-05-26,,1.9187758278000003e-05,-7.215909096000008e-07,,-4.716975761291819,-6.141708946551793,2014,Pre-fire
2014-05-27,,1.8291236238800005e-05,-8.965220391999978e-07,,-4.737756941131267,-6.047439029709946,2014,Pre-fire
2014-05-29,,1.7875774806000003e-05,-1.322916667600006e-06,,-4.747735125097357,-5.87846751177721,2014,Pre-fire
2014-05-30,,1.6848054419600003e-05,-1.0277203863999998e-06,,-4.773450243375242,-5.988125028493963,2014,Pre-fire
2014-05-31,,1.6268595052800004e-05,-5.794593667999992e-07,,-4.788649950883801,-6.236977012492873,2014,Pre-fire
2014-06-01,,1.5667269294800002e-05,-6.013257580000018e-07,,-4.805006691696317,-6.220890192599416,2014,Pre-fire
2014-06-02,,1.5142475906000002e-05,-5.247933887999995e-07,,-4.819803108693194,-6.2800116447180745,2014,Pre-fire
2014-06-03,,1.4606749321600002e-05,-5.357265844000008e-07,,-4.835446423954135,-6.271056802065147,2014,Pre-fire
2014-06-04,,1.3994490368000002e-05,-6.122589535999997e-07,,-4.854042912445793,-6.213064855087461,2014,Pre-fire
2014-06-05,,1.3622761717600002e-05,-3.717286504e-07,,-4.865734839770511,-6.429773965051407,2014,Pre-fire
2014-06-06,,1.2999569568400004e-05,-6.231921491999976e-07,,-4.88607102747497,-6.205378026421172,2014,Pre-fire
2014-06-07,,1.27262396784e-05,-2.733298900000036e-07,,-4.895299901779792,-6.563312873421618,2014,Pre-fire
2014-06-09,,1.2103047529200005e-05,-5.138601931999948e-07,,-4.917105261214939,-6.289155024157949,2014,Pre-fire
2014-06-10,,1.15454545536e-05,-5.575929756000051e-07,,-4.937588963895868,-6.253682705995722,2014,Pre-fire
2014-06-11,,1.1151859512000002e-05,-3.935950415999975e-07,,-4.952652710331744,-6.404950381326377,2014,Pre-fire
2014-06-18,,1.05177341672e-05,-1.2135847115999998e-06,,-4.978077810055849,-5.9159299033070045,2014,Pre-fire
2014-06-19,,9.960141191600003e-06,-5.575929755999966e-07,,-5.001734505120663,-6.253682705995728,2014,Pre-fire
2014-06-20,,9.577479345600002e-06,-3.826618460000013e-07,,-5.018748775925581,-6.417184837743385,2014,Pre-fire
2014-06-22,,9.238550282e-06,-2.077307164000009e-07,,-5.0343961731439695,-6.682499281140831,2014,Pre-fire
2014-06-23,,8.790289262400002e-06,-4.482610195999989e-07,,-5.05599683334521,-6.3484690253739275,2014,Pre-fire
2014-06-24,,8.495092981200002e-06,-2.951962811999994e-07,,-5.070831863292748,-6.529889117934675,2014,Pre-fire
2014-06-28,,1.0178805103600002e-05,-4.526342978400003e-06,,-4.992303201112319,-5.344252540972763,2014,Pre-fire
2014-06-29,,8.844955240400001e-06,-1.3338498632000005e-06,,-5.053304360481389,-5.874893051418914,2014,Pre-fire
2014-06-30,,8.429493807600001e-06,-4.154614328000001e-07,,-5.0741985040427044,-6.381469285476851,2014,Pre-fire
2014-07-02,,8.014032374800001e-06,-2.623966944000006e-07,,-5.096148907452534,-6.581041640382055,2014,Pre-fire
2014-07-04,,7.6095041376000015e-06,-2.0773071640000006e-07,,-5.118643642483099,-6.682499281140832,2014,Pre-fire
2014-07-05,,7.336174247600002e-06,-2.7332988999999936e-07,,-5.13453036192467,-6.5633128734216255,2014,Pre-fire
2014-07-09,,6.734848489600001e-06,-2.1866391199999966e-07,,-5.171672169929236,-6.660222886429681,2014,Pre-fire
2014-07-10,,6.527117773200001e-06,-2.0773071640000006e-07,,-5.185278550964292,-6.682499281140832,2014,Pre-fire
2014-07-06,2014-07-07,7.229575590500001e-06,-2.077307164000009e-07,Aggregated,-5.14088719705042,-6.682499281140831,2014,Pre-fire
2014-07-14,,6.1444559272000015e-06,-2.405303031999997e-07,,-5.2115165665246,-6.618830201271456,2014,Pre-fire
2014-07-15,,5.925792015200002e-06,-2.1866391199999966e-07,,-5.227253595555275,-6.660222886429681,2014,Pre-fire
2014-07-16,2014-07-17,5.772727276800001e-06,-2.8426308560000066e-07,Aggregated,-5.238618959559849,-6.546279534122843,2014,Pre-fire
2014-07-18,2014-07-19,5.496664087900001e-06,-2.5146349880000016e-07,Aggregated,-5.259900802824882,-6.599525046076068,2014,Pre-fire
2014-07-24,,5.816460059200001e-06,-1.672778926800001e-06,,-5.235341249798614,-5.776561451276063,2014,Pre-fire
2014-07-25,,5.3353994528000005e-06,-4.810606064000003e-07,,-5.272833060090951,-6.317800205607474,2014,Pre-fire
2014-07-26,,5.083935954000001e-06,-2.514634987999993e-07,,-5.293799929203708,-6.59952504607607,2014,Pre-fire
2014-07-27,2014-07-28,4.925404617800001e-06,-2.842630855999998e-07,Aggregated,-5.30755808677858,-6.546279534122844,2014,Pre-fire
2014-07-29,2014-07-30,4.627475037700001e-06,-3.389290636000012e-07,Aggregated,-5.3346559153126885,-6.469891188259387,2014,Pre-fire
2014-07-31,2014-08-01,4.3650783433e-06,-2.077307163999992e-07,Aggregated,-5.360007957283141,-6.682499281140834,2014,Pre-fire
2014-08-02,2014-08-03,4.1272813390000005e-06,-2.8426308560000066e-07,Aggregated,-5.384335926128455,-6.546279534122843,2014,Pre-fire
2014-08-04,2014-08-06,3.8484848512000004e-06,-1.0386535820000024e-07,Aggregated,-5.4147102186155305,-6.983529276804813,2014,Pre-fire
2014-08-08,2014-08-11,3.681753618300001e-06,-7.653236919999961e-08,Aggregated,-5.433945277698639,-7.116154842079407,2014,Pre-fire
2014-08-15,,3.5970213524000007e-06,-3.279958679999995e-07,,-5.444056984143687,-6.484131627374,2014,Pre-fire
2014-08-16,2014-08-17,3.4384900162000006e-06,-2.623966944000006e-07,Aggregated,-5.463632232312374,-6.581041640382055,2014,Pre-fire
2014-08-18,2014-08-21,3.2225594031000004e-06,-7.65323691999999e-08,Aggregated,-5.491799068326535,-7.116154842079405,2014,Pre-fire
2014-08-22,2014-08-27,3.0257618823000008e-06,-4.810606064000003e-08,Aggregated,-5.519165252542901,-7.317800205607474,2014,Pre-fire
2014-09-01,,2.7332989000000004e-06,-3.0612947679999986e-07,,-5.563312873421624,-6.514094850751443,2014,Pre-fire
2014-09-02,2014-09-03,2.6075671506000003e-06,-2.4053030320000013e-07,Aggregated,-5.583764498717529,-6.6188302012714555,2014,Pre-fire
2014-09-04,2014-09-06,2.3725034452000004e-06,-1.5306473839999993e-07,Aggregated,-5.624793148245132,-6.815124846415424,2014,Pre-fire
2015-04-02,,2.1953856764800007e-05,-8.527892567999927e-07,,-4.65848917362068,-6.069158279403185,2015,Pre-fire
2015-04-03,,2.1024535138800003e-05,-9.293216260000034e-07,,-4.677273597855182,-6.0318339563793675,2015,Pre-fire
2015-04-04,,2.0423209380800005e-05,-6.013257579999984e-07,,-4.689876010199587,-6.220890192599419,2015,Pre-fire
2015-04-05,,1.9898415992000004e-05,-5.247933888000012e-07,,-4.701181494108587,-6.280011644718074,2015,Pre-fire
2015-04-08,,1.95376205372e-05,-2.405303032000048e-07,,-4.709128329588017,-6.618830201271447,2015,Pre-fire
2015-04-09,,1.87285640628e-05,-8.09056474400001e-07,,-4.727495519128151,-6.092021162362685,2015,Pre-fire
2015-04-10,,1.7930440784000004e-05,-7.981232787999946e-07,,-4.746409034045964,-6.097930021973209,2015,Pre-fire
2015-04-16,,2.05981405104e-05,-8.527892568000028e-07,,-4.686171983636803,-6.0691582794031795,2015,Pre-fire
2015-04-17,,1.940642219e-05,-1.1917183203999973e-06,,-4.712054524702549,-5.923826384153039,2015,Pre-fire
2015-04-18,,1.8138171500400003e-05,-1.2682506895999979e-06,,-4.741406496069301,-5.896794892866744,2015,Pre-fire
2015-04-19,,1.7066718331600002e-05,-1.0714531688000016e-06,,-4.7678499790312445,-5.970026806401166,2015,Pre-fire
2015-04-20,,1.6377927008800003e-05,-6.887913227999986e-07,,-4.785741068730214,-6.161912332640081,2015,Pre-fire
2015-04-21,,1.5372073013600003e-05,-1.0058539952000006e-06,,-4.813267561409856,-5.9974650547481065,2015,Pre-fire
2015-04-22,,1.448648417e-05,-8.855888436000033e-07,,-4.8390370038208355,-6.05276786321501,2015,Pre-fire
2015-04-26,,1.4945678385200005e-05,-1.4103822323999995e-06,,-4.825484367525839,-5.850663171794413,2015,Pre-fire
2015-04-27,,1.393982439e-05,-1.005853995200004e-06,,-4.855742697323688,-5.997465054748105,2015,Pre-fire
2015-04-28,,1.3163567502400002e-05,-7.762568875999988e-07,,-4.880626395171856,-6.1099945333745875,2015,Pre-fire
2015-04-29,,1.23873106148e-05,-7.762568876000022e-07,,-4.907022972230265,-6.109994533374585,2015,Pre-fire
2015-04-30,,1.18843836172e-05,-5.029269975999986e-07,,-4.925023338007367,-6.298495050412089,2015,Pre-fire
2015-05-02,,1.08129304484e-05,-9.183884304000004e-07,,-4.966056590496482,-6.03697359603178,2015,Pre-fire
2015-05-03,,1.05286673628e-05,-2.842630855999998e-07,,-4.977626594969127,-6.546279534122844,2015,Pre-fire
2015-05-04,,1.02662706684e-05,-2.623966943999989e-07,,-4.988587289827551,-6.5810416403820575,2015,Pre-fire
2015-05-05,,9.8836088224e-06,-3.826618460000013e-07,,-5.005084451618298,-6.417184837743385,2015,Pre-fire
2015-05-06,,9.664944910400002e-06,-2.1866391199999712e-07,,-5.0148006170805886,-6.660222886429686,2015,Pre-fire
2015-05-07,,9.402548216e-06,-2.623966944000023e-07,,-5.026754430850094,-6.581041640382052,2015,Pre-fire
2015-05-09,,8.790289262400002e-06,-4.482610195999989e-07,,-5.05599683334521,-6.3484690253739275,2015,Pre-fire
2015-05-10,,8.473226590000001e-06,-3.170626724000003e-07,,-5.0719511795873515,-6.498854884194706,2015,Pre-fire
2015-05-13,,8.691890502000002e-06,-9.949207995999976e-07,,-5.060885753437192,-6.002211489772569,2015,Pre-fire
2015-05-14,,8.188963504400002e-06,-5.029269976000003e-07,,-5.0867710643941955,-6.298495050412088,2015,Pre-fire
2015-05-15,2015-05-16,8.019498972600001e-06,-3.498622592000008e-07,Aggregated,-5.09585276391436,-6.456102903773755,2015,Pre-fire
2015-05-23,,9.8289428444e-06,-1.639979340000003e-06,,-5.007493190360433,-5.78516162303798,2015,Pre-fire
2015-05-24,,9.1729511084e-06,-6.559917359999998e-07,,-5.037490921264961,-6.183101631710018,2015,Pre-fire
2015-05-27,,8.735623284400002e-06,-2.514634987999993e-07,,-5.05870610277967,-6.59952504607607,2015,Pre-fire
2015-05-28,,8.309228656e-06,-4.263946284000014e-07,,-5.080439289812871,-6.370188275067161,2015,Pre-fire
2015-05-29,,7.368973834400002e-06,-9.402548215999988e-07,,-5.132592985558341,-6.026754430850095,2015,Pre-fire
2015-05-30,,7.150309922400001e-06,-2.186639120000005e-07,,-5.1456751337693944,-6.66022288642968,2015,Pre-fire
2015-06-01,,6.953512401600001e-06,-2.51463498800001e-07,,-5.157795766445248,-6.599525046076067,2015,Pre-fire
2015-06-04,,6.2428546876000005e-06,-4.810606064000003e-07,,-5.204616773847814,-6.317800205607474,2015,Pre-fire
2015-06-06,,5.783660472400001e-06,-3.607954548000004e-07,,-5.237797210058476,-6.442738942215774,2015,Pre-fire
2015-06-07,,5.433798213200001e-06,-3.4986225919999996e-07,,-5.26489649336033,-6.456102903773756,2015,Pre-fire
2015-06-02,2015-06-03,6.846913744500001e-06,-2.295971076000001e-07,Aggregated,-5.16450514321836,-6.639033587359743,2015,Pre-fire
2015-06-08,2015-06-09,5.332666153900001e-06,-2.51463498800001e-07,Aggregated,-5.273055604027106,-6.599525046076067,2015,Pre-fire
2015-06-11,2015-06-12,5.144068529800001e-06,-2.4053030320000056e-07,Aggregated,-5.288693254330386,-6.618830201271455,2015,Pre-fire
2015-06-13,2015-06-16,4.862538743100001e-06,-1.2026515159999986e-07,Aggregated,-5.313136925337699,-6.919860196935438,2015,Pre-fire
2015-06-19,2015-06-22,4.775073178300001e-06,-8.017676773333352e-08,Aggregated,-5.321019968438693,-7.095951455991117,2015,Pre-fire
2015-06-23,2015-06-25,4.537276174000001e-06,-1.0933195599999983e-07,Aggregated,-5.343204785381569,-6.961252882093662,2015,Pre-fire
2015-06-28,,4.395144631200001e-06,-2.7332988999999936e-07,,-5.357026829009191,-6.5633128734216255,2015,Pre-fire
2015-06-29,2015-06-30,4.277612778500001e-06,-2.295971076000001e-07,Aggregated,-5.368798531539157,-6.639033587359743,2015,Pre-fire
2015-07-01,2015-07-02,4.045282372000001e-06,-2.623966944000006e-07,Aggregated,-5.393051158026666,-6.581041640382055,2015,Pre-fire
2015-07-03,2015-07-04,3.7828856776000003e-06,-2.1866391199999924e-07,Aggregated,-5.422176783300885,-6.660222886429682,2015,Pre-fire
2015-07-11,,3.531422178800001e-06,-2.2959710759999884e-07,,-5.452050359762559,-6.639033587359744,2015,Pre-fire
2015-07-12,2015-07-13,3.419356923900001e-06,-2.0773071640000048e-07,Aggregated,-5.4660555637282044,-6.6824992811408315,2015,Pre-fire
2015-07-14,2015-07-17,3.1952264141e-06,-9.839876039999995e-08,Aggregated,-5.495498362259784,-7.007010372654337,2015,Pre-fire
2015-07-18,2015-07-20,2.8972968340000004e-06,-1.2026515160000007e-07,Aggregated,-5.538007008156854,-6.919860196935437,2015,Pre-fire
2015-07-26,2015-07-29,2.5720342649000003e-06,-9.47543618666666e-08,Aggregated,-5.589723249994367,-7.0234007888425065,2015,Pre-fire
2015-08-15,2015-08-18,2.0199078871e-06,-7.288797066666662e-08,Aggregated,-5.694668435026799,-7.1373441411493435,2015,Pre-fire
2016-04-15,,3.8550447685600005e-05,-1.6509125356000009e-06,,-4.413970574130358,-5.782275934800492,2016,Pre-fire
2016-04-16,,2.9760158423200004e-05,-8.790289262400002e-06,,-4.526364761226346,-5.05599683334521,2016,Pre-fire
2016-04-17,,2.513541668440001e-05,-4.624741738799994e-06,,-4.5997139108243825,-5.33491251471862,2016,Pre-fire
2016-04-18,,2.26426480876e-05,-2.492768596800011e-06,,-4.645072783200209,-5.603318035093206,2016,Pre-fire
2016-04-19,,2.12322658552e-05,-1.4103822323999995e-06,,-4.673003656521676,-5.850663171794413,2016,Pre-fire
2016-04-25,,2.8174845061200004e-05,-4.3951446312000026e-06,,-4.550138463542757,-5.357026829009191,2016,Pre-fire
2016-04-26,,2.4719955251600004e-05,-3.4548898095999995e-06,,-4.606952319748302,-5.461565799475258,2016,Pre-fire
2016-04-27,,2.2697314065600003e-05,-2.022641186000001e-06,,-4.644025532917241,-5.6940811536906475,2016,Pre-fire
2016-04-28,,2.0991735552000005e-05,-1.7055785135999989e-06,,-4.677951653390112,-5.7681282837392,2016,Pre-fire
2016-04-29,,1.9734418058000003e-05,-1.2573174940000016e-06,,-4.704775675851985,-5.900555041740049,2016,Pre-fire
2016-04-30,,1.8422434586000003e-05,-1.3119834719999997e-06,,-4.734652976886304,-5.882071636046037,2016,Pre-fire
2016-05-01,,1.7558712133600004e-05,-8.63722452399999e-07,,-4.755507341151,-6.063625790803221,2016,Pre-fire
2016-05-02,,1.67168560724e-05,-8.418560612000032e-07,,-4.776845396681342,-6.074762156921178,2016,Pre-fire
2016-05-03,,1.61592630968e-05,-5.575929756e-07,,-4.791578448034855,-6.253682705995725,2016,Pre-fire
2016-05-04,,1.5645402903600003e-05,-5.138601931999982e-07,,-4.805613248333885,-6.289155024157946,2016,Pre-fire
2016-05-05,,1.4792613646800003e-05,-8.527892567999994e-07,,-4.829955085496039,-6.069158279403181,2016,Pre-fire
2016-05-06,,1.44646177788e-05,-3.279958680000033e-07,,-4.8396930379061605,-6.484131627373995,2016,Pre-fire
2016-05-07,,1.3863292020800003e-05,-6.013257579999967e-07,,-4.8581336285479475,-6.220890192599421,2016,Pre-fire
2016-05-08,,1.3141701111200002e-05,-7.215909096000008e-07,,-4.881348414426941,-6.141708946551793,2016,Pre-fire
2016-05-09,,1.2682506896000002e-05,-4.591942152000002e-07,,-4.896794892866743,-6.338003591695761,2016,Pre-fire
2016-05-10,,1.2113980724800004e-05,-5.685261711999979e-07,,-4.9167131217012505,-6.245249538458864,2016,Pre-fire
2016-05-11,,1.1589187336000005e-05,-5.247933887999995e-07,,-4.935947016828892,-6.2800116447180745,2016,Pre-fire
2016-05-12,,1.1283057859200002e-05,-3.061294768000024e-07,,-4.947573184802469,-6.514094850751439,2016,Pre-fire
2016-05-13,,1.0976928382400003e-05,-3.06129476799999e-07,,-4.959519169284661,-6.514094850751444,2016,Pre-fire
2016-05-14,,1.0714531688e-05,-2.62396694400004e-07,,-4.970026806401167,-6.5810416403820495,2016,Pre-fire
2016-05-16,,1.0320936646400002e-05,-3.061294767999973e-07,,-4.986280887795592,-6.514094850751446,2016,Pre-fire
2016-05-17,,9.8726756268e-06,-4.482610196000023e-07,,-5.005565131780156,-6.348469025373924,2016,Pre-fire
2016-05-18,,9.6540117148e-06,-2.186639119999988e-07,,-5.015292178516093,-6.660222886429683,2016,Pre-fire
2016-05-24,,9.56654615e-06,-6.231921492000027e-07,,-5.019244829071348,-6.205378026421169,2016,Pre-fire
2016-05-25,,9.0526859568e-06,-5.138601931999999e-07,,-5.043222545308781,-6.289155024157944,2016,Pre-fire
2016-05-26,,8.560692154800002e-06,-4.91993801999999e-07,,-5.067491120035719,-6.308040368318319,2016,Pre-fire
2016-05-27,,8.134297526400002e-06,-4.263946283999997e-07,,-5.089679946547783,-6.370188275067163,2016,Pre-fire
2016-05-29,,7.65323692e-06,-3.717286504e-07,,-5.116154842079405,-6.429773965051407,2016,Pre-fire
2016-05-30,,7.423639812400002e-06,-2.2959710759999841e-07,,-5.12938310781316,-6.639033587359745,2016,Pre-fire
2016-05-31,,7.204975900400002e-06,-2.186639120000005e-07,,-5.142367467499652,-6.66022288642968,2016,Pre-fire
2016-06-03,,7.0519111620000015e-06,-3.2799586800000076e-07,,-5.151693167458394,-6.484131627373999,2016,Pre-fire
2016-06-07,,6.603650142400001e-06,-3.4986225919999996e-07,,-5.18021594347253,-6.456102903773756,2016,Pre-fire
2016-06-12,,6.559917360000001e-06,-7.325241052000013e-07,,-5.183101631710018,-6.135178079392834,2016,Pre-fire
2016-06-15,,7.762568876e-06,-1.5525137751999994e-06,,-5.109994533374587,-5.808964537710605,2016,Pre-fire
2016-06-16,,6.942579206e-06,-8.199896699999998e-07,,-5.158479156801686,-6.086191618701962,2016,Pre-fire
2016-06-19,,6.723915294000001e-06,-2.8426308560000066e-07,,-5.172377766318245,-6.546279534122843,2016,Pre-fire
2016-06-20,,6.395919426e-06,-3.2799586800000076e-07,,-5.194097016011481,-6.484131627373999,2016,Pre-fire
2016-06-21,,6.1007231448000014e-06,-2.9519628119999857e-07,,-5.214618683156083,-6.529889117934677,2016,Pre-fire
2016-06-22,2016-06-23,5.9831912921000015e-06,-2.733298900000002e-07,Aggregated,-5.223067111853692,-6.563312873421624,2016,Pre-fire
2016-06-28,,4.9418044112e-06,-6.450585404000011e-07,,-5.30611444728228,-6.1904008704515165,2016,Pre-fire
2016-06-29,,4.438877413600001e-06,-5.029269975999986e-07,,-5.352726848516467,-6.298495050412089,2016,Pre-fire
2016-06-30,2016-07-02,4.335012055400001e-06,-1.2026515160000028e-07,Aggregated,-5.363009690440039,-6.919860196935436,2016,Pre-fire
2016-07-03,2016-07-04,4.0917484533e-06,-2.0773071640000006e-07,Aggregated,-5.388091073078572,-6.682499281140832,2016,Pre-fire
2016-07-11,,5.914858819600001e-06,-1.8149104696e-06,,-5.228055616987092,-5.741144794053606,2016,Pre-fire
2016-07-12,,4.6028753476e-06,-1.3119834720000013e-06,,-5.336970786257994,-5.882071636046036,2016,Pre-fire
2016-07-13,,4.209280306000001e-06,-3.935950415999992e-07,,-5.375792152585161,-6.404950381326375,2016,Pre-fire
2016-07-14,,3.979683198400001e-06,-2.295971076000001e-07,,-5.400151498444606,-6.639033587359743,2016,Pre-fire
2016-07-15,2016-07-16,3.821151862200001e-06,-2.842630855999998e-07,Aggregated,-5.417805702011962,-6.546279534122844,2016,Pre-fire
2016-07-17,2016-07-20,3.5888214557000006e-06,-1.0204315893333343e-07,Aggregated,-5.445048147332145,-6.991216105471104,2016,Pre-fire
2016-07-21,2016-07-23,3.2580922888000008e-06,-1.0386535820000024e-07,Aggregated,-5.487036618017407,-6.983529276804813,2016,Pre-fire
2016-07-24,2016-07-26,3.0995609526000006e-06,-1.0933195599999962e-07,Aggregated,-5.508699818864736,-6.961252882093663,2016,Pre-fire
2016-07-27,2016-07-30,2.8426308560000007e-06,-9.110996333333355e-08,Aggregated,-5.546279534122844,-7.040434128141285,2016,Pre-fire
2016-08-05,2016-08-11,2.5091683902000005e-06,-4.0088383866666616e-08,Aggregated,-5.6004701922203814,-7.396981451655099,2016,Pre-fire
2016-08-12,2016-08-13,2.2385717991e-06,-2.295971076000001e-07,Aggregated,-5.6500289716612055,-6.639033587359743,2016,Pre-fire
2016-08-17,2016-08-20,1.9406422190000005e-06,-8.746556480000006e-08,Aggregated,-5.712054524702549,-7.0581628951017175,2016,Pre-fire
2017-05-17,,7.157963159320001e-05,-3.750086090799999e-06,,-4.145210541171665,-5.425958762050891,2017,Pre-fire
2017-05-18,,5.6754218359600007e-05,-1.4825413233600002e-05,,-4.246001853214812,-4.828993192562617,2017,Pre-fire
2017-05-19,,4.621461780120001e-05,-1.0539600558399996e-05,,-4.335220634264643,-4.977175848190831,2017,Pre-fire
2017-05-20,,3.882377757560001e-05,-7.390840225600002e-06,,-4.410902209792046,-5.131306186152026,2017,Pre-fire
2017-05-21,,3.32478478196e-05,-5.575929756000007e-06,,-4.478236461949529,-5.2536827059957245,2017,Pre-fire
2017-05-22,,2.9738292032000004e-05,-3.5095557875999975e-06,,-4.526683978059463,-5.45474784968879,2017,Pre-fire
2017-05-23,,2.6972193545200007e-05,-2.7660984867999975e-06,,-4.569083732603926,-5.558132360917845,2017,Pre-fire
2017-05-24,,2.4709022056e-05,-2.2631714892000057e-06,,-4.607144442946261,-5.645282536636743,2017,Pre-fire
2017-05-25,,2.3014376738000005e-05,-1.6946453179999959e-06,,-4.638000781921974,-5.770921183923371,2017,Pre-fire
2017-05-26,,2.16258608968e-05,-1.388515841200007e-06,,-4.665026594832502,-5.857449161137703,2017,Pre-fire
2017-05-27,,2.01061467084e-05,-1.5197141883999989e-06,,-4.6966711528555845,-5.818238081839567,2017,Pre-fire
2017-05-28,,1.9001893952800003e-05,-1.104252755599997e-06,,-4.721203109981014,-5.95693150831102,2017,Pre-fire
2017-05-29,,1.8050705935600003e-05,-9.511880171999992e-07,,-4.743505808830868,-6.021733629475044,2017,Pre-fire
2017-05-30,,1.7219783070000003e-05,-8.309228656000002e-07,,-4.7639723239680425,-6.08043928981287,2017,Pre-fire
2017-05-31,,1.64763257692e-05,-7.434573008000034e-07,,-4.78313962977903,-6.128743969387424,2017,Pre-fire
2017-06-01,,1.6268595052800004e-05,-2.0773071639999582e-07,,-4.788649950883801,-6.682499281140841,2017,Pre-fire
2017-06-02,,1.5361139818000003e-05,-9.074552348000008e-07,,-4.813576557852563,-6.0421747897175875,2017,Pre-fire
2017-06-03,,1.4814480038000004e-05,-5.466597799999987e-07,,-4.829313586883237,-6.262282877757644,2017,Pre-fire
2017-06-04,,1.41475551064e-05,-6.669249316000045e-07,,-4.84931860576098,-6.175923047082891,2017,Pre-fire
2017-06-05,,1.36774276956e-05,-4.701274107999998e-07,,-4.863995572400242,-6.327784426514075,2017,Pre-fire
2017-06-07,,1.3141701111200002e-05,-3.607954548000021e-07,,-4.881348414426941,-6.4427389422157715,2017,Pre-fire
2017-06-11,,1.3196367089200002e-05,-2.153839533199998e-06,,-4.8795456119963125,-5.66678665593207,2017,Pre-fire
2017-06-12,,1.1971849182e-05,-1.2245179072000028e-06,,-4.921838762917525,-5.912034859423479,2017,Pre-fire
2017-06-13,,1.1009727969200002e-05,-9.621212127999971e-07,,-4.958223411540044,-6.016770209943495,2017,Pre-fire
2017-06-14,,1.06161329276e-05,-3.935950416000026e-07,,-4.974033652185657,-6.404950381326372,2017,Pre-fire
2017-06-16,,1.1326790641600004e-05,-8.309228655999951e-07,,-4.945893126684448,-6.0804392898128725,2017,Pre-fire
2017-06-17,,1.0342803037600004e-05,-9.839876039999997e-07,,-4.985361745691868,-6.007010372654337,2017,Pre-fire
2017-06-18,,9.861742431200002e-06,-4.810606064000028e-07,,-5.00604634455172,-6.317800205607472,2017,Pre-fire
2017-06-19,,9.3588154336e-06,-5.02926997600002e-07,,-5.028779117416509,-6.298495050412086,2017,Pre-fire
2017-06-22,,9.2166838908e-06,-2.951962811999994e-07,,-5.03542530746892,-6.529889117934675,2017,Pre-fire
2017-06-23,,8.844955240400001e-06,-3.717286503999983e-07,,-5.053304360481389,-6.4297739650514085,2017,Pre-fire
2017-06-25,,8.429493807600001e-06,-2.186639120000005e-07,,-5.0741985040427044,-6.66022288642968,2017,Pre-fire
2017-06-29,,8.003099179200002e-06,-2.077307163999992e-07,,-5.09674180103527,-6.682499281140834,2017,Pre-fire
2017-07-03,,7.325241052000002e-06,-2.1866391199999797e-07,,-5.135178079392835,-6.660222886429684,2017,Pre-fire
2017-07-05,,6.909779619200001e-06,-2.51463498800001e-07,,-5.1605358038112765,-6.599525046076067,2017,Pre-fire
2017-07-11,,5.969524797600001e-06,-2.077307163999992e-07,,-5.224060239388924,-6.682499281140834,2017,Pre-fire
2017-06-26,2017-06-28,8.298295460400001e-06,-1.0933195600000025e-07,Aggregated,-5.081011106198181,-6.96125288209366,2017,Pre-fire
2017-06-30,2017-07-01,7.844567843e-06,-3.279958680000016e-07,Aggregated,-5.105430976687631,-6.484131627373997,2017,Pre-fire
2017-07-06,2017-07-07,6.7321151907000005e-06,-3.389290635999995e-07,Aggregated,-5.171848461582521,-6.46989118825939,2017,Pre-fire
2017-07-08,2017-07-09,6.417785817200002e-06,-3.2799586800000076e-07,Aggregated,-5.192614780846047,-6.484131627373999,2017,Pre-fire
2017-07-12,2017-07-13,5.851992944900001e-06,-2.077307164000009e-07,Aggregated,-5.232696206127185,-6.682499281140831,2017,Pre-fire
2017-07-14,2017-07-15,5.655195424100001e-06,-2.2959710759999841e-07,Aggregated,-5.24755238275589,-6.639033587359745,2017,Pre-fire
2017-07-16,2017-07-17,5.392798729700001e-06,-2.51463498800001e-07,Aggregated,-5.268185788169433,-6.599525046076067,2017,Pre-fire
2017-07-18,2017-07-19,5.146801828700001e-06,-2.2959710759999926e-07,Aggregated,-5.288462553404959,-6.6390335873597435,2017,Pre-fire
2017-07-20,2017-07-21,4.9445377101e-06,-2.077307164000009e-07,Aggregated,-5.30587430656181,-6.682499281140831,2017,Pre-fire
2017-07-22,2017-07-24,4.7067407058000005e-06,-1.2026515160000028e-07,Aggregated,-5.327279726303988,-6.919860196935436,2017,Pre-fire
2017-07-25,2017-07-26,4.488076793800001e-06,-2.4053030319999886e-07,Aggregated,-5.347939720638202,-6.618830201271457,2017,Pre-fire
2017-07-29,2017-07-30,4.187413914800001e-06,-2.405303031999997e-07,Aggregated,-5.378054108125039,-6.618830201271456,2017,Pre-fire
2017-07-31,2017-08-02,3.979683198400001e-06,-1.4759814060000055e-07,Aggregated,-5.400151498444606,-6.830919113598654,2017,Pre-fire
2017-08-03,2017-08-04,3.6188877436000003e-06,-2.4053030319999886e-07,Aggregated,-5.441424888317943,-6.618830201271457,2017,Pre-fire
2017-08-12,2017-08-15,3.2006930119e-06,-8.746556479999978e-08,Aggregated,-5.494755978349261,-7.058162895101719,2017,Pre-fire
2017-08-16,2017-08-17,2.9437629153000004e-06,-2.733298899999998e-07,Aggregated,-5.531097170123642,-6.563312873421625,2017,Pre-fire
2017-08-22,2017-08-25,2.651299933e-06,-8.017676773333338e-08,Aggregated,-5.576541139155379,-7.095951455991118,2017,Pre-fire
2018-04-09,,0.0001104580751468,-3.0219352638399997e-05,,-3.9568025291044373,-4.519714843391501,2018,Pre-fire
2018-04-10,,8.012939055240001e-05,-3.0328684594399993e-05,,-4.096208160400563,-4.518146425356396,2018,Pre-fire
2018-04-11,,6.510717979800001e-05,-1.5022210754399995e-05,,-4.186371116274866,-4.82326614937013,2018,Pre-fire
2018-04-18,,0.0001090804925012,-2.7770316824000073e-06,,-3.9622529098753416,-5.556419165473723,2018,Pre-fire
2018-04-19,,8.900714537960001e-05,-2.0073347121599987e-05,,-4.050575127350957,-4.697380205228439,2018,Pre-fire
2018-04-20,,7.16780303536e-05,-1.7329115026000006e-05,,-4.1446139371952,-4.761223615539891,2018,Pre-fire
2018-04-21,,5.941098489040001e-05,-1.2267045463199994e-05,,-4.22613324801179,-4.91126002517352,2018,Pre-fire
2018-04-22,,5.0248966977600006e-05,-9.162017912800005e-06,,-4.298872862077414,-5.038008863463385,2018,Pre-fire
2018-04-23,,4.225680099400001e-05,-7.992165983599994e-06,,-4.3741033838393175,-5.097335505135802,2018,Pre-fire
2018-04-24,,3.6320075783200005e-05,-5.936725210800007e-06,,-4.439853253978286,-5.226453052504814,2018,Pre-fire
2018-04-25,,3.2077995890400004e-05,-4.242079892800001e-06,,-4.4937927725863975,-5.372421156499454,2018,Pre-fire
2018-04-26,,2.91041666872e-05,-2.9738292032000035e-06,,-4.536044830955006,-5.526683978059462,2018,Pre-fire
2018-04-27,,2.6928460762800005e-05,-2.1757059243999953e-06,,-4.569788470254559,-5.662399805683956,2018,Pre-fire
2018-04-28,,2.55180785304e-05,-1.4103822324000062e-06,,-4.59315203038431,-5.850663171794411,2018,Pre-fire
2018-04-29,,2.4063963515600004e-05,-1.4541150147999945e-06,,-4.618632839540314,-5.837401241126577,2018,Pre-fire
2018-04-30,,2.2784779630400004e-05,-1.2791838852000008e-06,,-4.6423551674661745,-5.8930670203475,2018,Pre-fire
2018-05-01,,2.1636794092400005e-05,-1.1479855379999988e-06,,-4.664807087887265,-5.940063583023724,2018,Pre-fire
2018-05-02,,2.0488808554400003e-05,-1.1479855380000022e-06,,-4.688483295541902,-5.940063583023723,2018,Pre-fire
2018-05-03,,1.93408230164e-05,-1.1479855380000022e-06,,-4.713525049183938,-5.940063583023723,2018,Pre-fire
2018-05-04,,1.8520833346400003e-05,-8.199896699999972e-07,,-4.732339476098973,-6.086191618701963,2018,Pre-fire
2018-05-05,,1.7875774806000003e-05,-6.450585404000002e-07,,-4.747735125097357,-6.190400870451517,2018,Pre-fire
2018-05-06,,1.7274449048000004e-05,-6.013257579999984e-07,,-4.762595795139239,-6.220890192599419,2018,Pre-fire
2018-05-07,,1.67059228768e-05,-5.68526171200003e-07,,-4.77712952785399,-6.24524953845886,2018,Pre-fire
2018-05-08,,1.6060864336400005e-05,-6.450585403999968e-07,,-4.794231086303405,-6.19040087045152,2018,Pre-fire
2018-05-09,,1.56126033168e-05,-4.48261019600004e-07,,-4.806524674653506,-6.348469025373922,2018,Pre-fire
2018-05-10,,1.5251807862000004e-05,-3.60795454799997e-07,,-4.816678674484045,-6.442738942215778,2018,Pre-fire
2018-05-11,,1.4737947668800004e-05,-5.138601931999999e-07,,-4.831562989894361,-6.289155024157944,2018,Pre-fire
2018-05-12,,1.40928891284e-05,-6.450585404000036e-07,,-4.850999964740259,-6.190400870451515,2018,Pre-fire
2018-05-13,,1.3710227282400002e-05,-3.826618459999979e-07,,-4.862955345598964,-6.417184837743388,2018,Pre-fire
2018-05-14,,1.3240099871600002e-05,-4.701274107999998e-07,,-4.878108738950609,-6.327784426514075,2018,Pre-fire
2018-05-15,,1.2933970394800002e-05,-3.061294768000007e-07,,-4.888268137465731,-6.514094850751442,2018,Pre-fire
2018-05-16,,1.2693440091600002e-05,-2.405303031999997e-07,,-4.896420662355088,-6.618830201271456,2018,Pre-fire
2018-05-17,,1.229984505e-05,-3.935950416000026e-07,,-4.910100359646281,-6.404950381326372,2018,Pre-fire
2018-05-18,,1.1895316812800002e-05,-4.045282371999971e-07,,-4.9246239867315005,-6.39305115802667,2018,Pre-fire
2018-05-19,,1.11737259032e-05,-7.215909096000025e-07,,-4.951801986294968,-6.141708946551791,2018,Pre-fire
2018-05-20,,1.0867596426400002e-05,-3.061294767999973e-07,,-4.9638664976963485,-6.514094850751446,2018,Pre-fire
2018-05-24,,1.03974690156e-05,-2.951962812000011e-07,,-4.983072365156247,-6.5298891179346725,2018,Pre-fire
2018-05-25,,9.7414772796e-06,-6.559917360000015e-07,,-5.011375178056787,-6.183101631710017,2018,Pre-fire
2018-05-26,,9.402548216e-06,-3.389290635999995e-07,,-5.026754430850094,-6.46989118825939,2018,Pre-fire
2018-05-27,,9.1073519348e-06,-2.951962811999994e-07,,-5.040607880686874,-6.529889117934675,2018,Pre-fire
2018-05-28,,8.790289262400002e-06,-3.170626723999986e-07,,-5.05599683334521,-6.498854884194707,2018,Pre-fire
2018-05-31,,8.2654958736e-06,-2.295971076000018e-07,,-5.082731086592455,-6.639033587359739,2018,Pre-fire
2018-06-03,,7.6204373332e-06,-3.607954548000004e-07,,-5.1180201039956525,-6.442738942215774,2018,Pre-fire
2018-05-29,2018-05-30,8.661824214100003e-06,-2.951962811999994e-07,Aggregated,-5.062390634231323,-6.529889117934675,2018,Pre-fire
2018-06-01,2018-06-02,8.117897733e-06,-2.842630855999998e-07,Aggregated,-5.0905564241044114,-6.546279534122844,2018,Pre-fire
2018-06-10,,1.2452909788400002e-05,-8.527892567999994e-07,,-4.904729158014561,-6.069158279403181,2018,Pre-fire
2018-06-11,,9.56654615e-06,-2.8863636384000016e-06,,-5.019244829071348,-5.53964895522383,2018,Pre-fire
2018-06-12,,8.057765157200001e-06,-1.5087809927999993e-06,,-5.09378539423461,-5.821373795692425,2018,Pre-fire
2018-06-13,,7.292441465200002e-06,-7.653236919999992e-07,,-5.1371270481771125,-6.116154842079405,2018,Pre-fire
2018-06-14,,6.898846423600001e-06,-3.935950416000009e-07,,-5.161223522849528,-6.4049503813263735,2018,Pre-fire
2018-06-15,,6.647382924800001e-06,-2.5146349880000016e-07,,-5.177349302820927,-6.599525046076068,2018,Pre-fire
2018-06-18,,5.9804579932000016e-06,-3.1706267239999946e-07,,-5.223265555760231,-6.4988548841947065,2018,Pre-fire
2018-06-19,,5.3681990396e-06,-6.122589536000014e-07,,-5.2701713899706935,-6.2130648550874605,2018,Pre-fire
2018-06-16,2018-06-17,6.4615185996e-06,-3.4986225919999996e-07,Aggregated,-5.189665401212406,-6.456102903773756,2018,Pre-fire
2018-06-21,,6.2756542744e-06,-1.7821108828000012e-06,,-5.2023409896956885,-5.749065277689704,2018,Pre-fire
2018-06-22,,5.554063364800001e-06,-7.215909095999991e-07,,-5.255389169809742,-6.141708946551794,2018,Pre-fire
2018-06-23,,5.280733474800001e-06,-2.733298900000002e-07,,-5.2773057513421495,-6.563312873421624,2018,Pre-fire
2018-06-24,2018-06-25,5.116735540800001e-06,-3.0612947679999986e-07,Aggregated,-5.2910070290195375,-6.514094850751443,2018,Pre-fire
2018-06-26,2018-06-28,4.8434056508000015e-06,-1.311983472000003e-07,Aggregated,-5.314849155870592,-6.882071636046036,2018,Pre-fire
2018-06-30,2018-07-02,4.630208336600001e-06,-1.3119834719999988e-07,Aggregated,-5.334399467426936,-6.882071636046037,2018,Pre-fire
2018-07-03,2018-07-06,4.389678033400001e-06,-1.0204315893333357e-07,Aggregated,-5.357567332478962,-6.9912161054711035,2018,Pre-fire
2018-07-07,2018-07-09,4.045282372000001e-06,-1.2026515159999986e-07,Aggregated,-5.393051158026666,-6.919860196935438,2018,Pre-fire
2018-07-10,2018-07-12,3.843018253400001e-06,-1.421315427999999e-07,Aggregated,-5.415327552737819,-6.847309529786825,2018,Pre-fire
2018-07-13,2018-07-14,3.577888260100001e-06,-2.0773071640000006e-07,Aggregated,-5.446373226870868,-6.682499281140832,2018,Pre-fire
2018-07-15,2018-07-17,3.3838240382000004e-06,-1.1479855380000027e-07,Aggregated,-5.470592228737525,-6.940063583023723,2018,Pre-fire
2018-07-19,2018-07-22,3.1460270339e-06,-6.924357213333321e-08,Aggregated,-5.5022375497918325,-7.159620535860496,2018,Pre-fire
2018-07-23,2018-07-25,2.908230029600001e-06,-1.366649450000001e-07,Aggregated,-5.536371245462595,-6.864342869085605,2018,Pre-fire
2018-07-28,2018-08-02,2.5911673572000005e-06,-4.810606064000003e-08,Aggregated,-5.586504536083558,-7.317800205607474,2018,Pre-fire
2018-08-04,2018-08-08,2.3615702496000004e-06,-5.193267909999991e-08,Aggregated,-5.6267991309427305,-7.284559272468796,2018,Pre-fire
2019-04-12,,0.0002404428376352,-1.9603219710800018e-05,,-3.6189881552582497,-4.707672592531479,2019,Pre-fire
2019-04-13,,0.0001709623795972,-6.948045803799999e-05,,-3.767099445928563,-4.158137327203635,2019,Pre-fire
2019-04-14,,0.0001274591943048,-4.3503185292400015e-05,,-3.8946288311102357,-4.361478942947273,2019,Pre-fire
2019-04-15,,0.0001009789945616,-2.6480199743199998e-05,,-3.995768957848523,-4.577078743286628,2019,Pre-fire
2019-04-16,,8.464480033520002e-05,-1.6334194226399974e-05,,-4.072399715110725,-4.786902284614283,2019,Pre-fire
2019-04-17,,7.02676481212e-05,-1.4377152214000018e-05,,-4.1532445821832615,-4.8423271292678844,2019,Pre-fire
2019-04-18,,6.0056043430800015e-05,-1.0211604690399987e-05,,-4.221443283072302,-4.990906005863569,2019,Pre-fire
2019-04-19,,5.3015065464400014e-05,-7.040977966400001e-06,,-4.275600697978137,-5.15236701473385,2019,Pre-fire
2019-04-20,,4.746100209960001e-05,-5.554063364800001e-06,,-4.323663096254962,-5.255389169809742,2019,Pre-fire
2019-04-21,,4.0398157742000006e-05,-7.062844357600007e-06,,-4.393638439362817,-5.151020364098577,2019,Pre-fire
2019-04-22,,3.511742426720001e-05,-5.280733474799997e-06,,-4.454477345487018,-5.2773057513421495,2019,Pre-fire
2019-04-23,,3.17937328048e-05,-3.3236914624000077e-06,,-4.4976584799066615,-5.478379298484907,2019,Pre-fire
2019-04-24,,2.9005767926800007e-05,-2.7879648779999933e-06,,-4.537515632111332,-5.5547127016597075,2019,Pre-fire
2019-04-25,,2.6895661176000003e-05,-2.1101067508000045e-06,,-4.570317774990283,-5.675695573085887,2019,Pre-fire
2019-04-26,,2.4927685968e-05,-1.967975208000003e-06,,-4.603318035093208,-5.705980376990355,2019,Pre-fire
2019-04-27,,2.34735709532e-05,-1.4541150148000013e-06,,-4.629420837657413,-5.837401241126575,2019,Pre-fire
2019-04-28,,2.2150654285600003e-05,-1.3229166675999959e-06,,-4.6546134410694,-5.878467511777213,2019,Pre-fire
2019-04-29,,2.086053720480001e-05,-1.2901170807999937e-06,,-4.680674511725585,-5.889370874787539,2019,Pre-fire
2019-04-30,,1.9734418058000003e-05,-1.1261191468000064e-06,,-4.704775675851985,-5.948415657388487,2019,Pre-fire
2019-05-01,,1.86301653024e-05,-1.1042527556000038e-06,,-4.72978329166298,-5.956931508311017,2019,Pre-fire
2019-05-02,,1.78429752192e-05,-7.871900831999984e-07,,-4.748532727675819,-6.103920385662394,2019,Pre-fire
2019-05-03,,1.7066718331600002e-05,-7.762568875999988e-07,,-4.7678499790312445,-6.1099945333745875,2019,Pre-fire
2019-05-04,,1.64325929868e-05,-6.341253448000006e-07,,-4.784293901506754,-6.197824888530724,2019,Pre-fire
2019-05-05,,1.5711002077200004e-05,-7.215909095999974e-07,,-4.803796113959436,-6.141708946551795,2019,Pre-fire
2019-05-06,,1.4836346429200002e-05,-8.74655648000002e-07,,-4.828673034433924,-6.0581628951017175,2019,Pre-fire
2019-05-07,,1.4103822324000005e-05,-7.32524105199997e-07,,-4.850663171794412,-6.135178079392837,2019,Pre-fire
2019-05-08,,1.3644628108800004e-05,-4.591942152000002e-07,,-4.865038296747256,-6.338003591695761,2019,Pre-fire
2019-05-09,,1.32510330672e-05,-3.935950416000043e-07,,-4.877750262263394,-6.40495038132637,2019,Pre-fire
2019-05-10,,1.29667699816e-05,-2.842630855999998e-07,,-4.887168193065418,-6.546279534122844,2019,Pre-fire
2019-05-11,,1.2595041331200002e-05,-3.717286503999983e-07,,-4.899800403006468,-6.4297739650514085,2019,Pre-fire
2019-05-12,,1.2277978658800003e-05,-3.170626723999986e-07,,-4.910873125832204,-6.498854884194707,2019,Pre-fire
2019-05-13,,1.1807851248000002e-05,-4.701274108000015e-07,,-4.927829126606712,-6.327784426514074,2019,Pre-fire
2019-05-15,,1.1392389815200002e-05,-3.061294768000024e-07,,-4.943385163130156,-6.514094850751439,2019,Pre-fire
2019-05-22,,1.0747331274800002e-05,-4.373278239999976e-07,,-4.968699364261526,-6.359192890765701,2019,Pre-fire
2019-05-23,,1.03974690156e-05,-3.498622592000008e-07,,-4.983072365156247,-6.456102903773755,2019,Pre-fire
2019-05-24,,1.0080406343200002e-05,-3.170626723999986e-07,,-4.996521961040032,-6.498854884194707,2019,Pre-fire
2019-05-27,,1.01460055168e-05,-7.981232787999997e-07,,-4.993704905874799,-6.097930021973206,2019,Pre-fire
2019-05-28,,9.391615020400002e-06,-7.543904963999979e-07,,-5.027259718262419,-6.122403791356407,2019,Pre-fire
2019-05-29,,9.0308195656e-06,-3.607954548000021e-07,,-5.044272834773279,-6.4427389422157715,2019,Pre-fire
2019-05-30,,8.779356066800002e-06,-2.514634987999976e-07,,-5.056537336814981,-6.599525046076073,2019,Pre-fire
2019-05-31,,8.495092981200002e-06,-2.842630855999998e-07,,-5.070831863292748,-6.546279534122844,2019,Pre-fire
2019-06-01,,8.178030308800002e-06,-3.170626724000003e-07,,-5.0873512842292,-6.498854884194706,2019,Pre-fire
2019-06-03,,7.6313705288e-06,-3.717286504000017e-07,,-5.1173974594705,-6.429773965051405,2019,Pre-fire
2019-06-05,,7.281508269600002e-06,-2.0773071640000006e-07,,-5.137778652923361,-6.682499281140832,2019,Pre-fire
2019-06-06,,7.0519111620000015e-06,-2.295971076000001e-07,,-5.151693167458394,-6.639033587359743,2019,Pre-fire
2019-06-08,,7.226842291600001e-06,-5.903925624000005e-07,,-5.1410514226080215,-6.228859122270693,2019,Pre-fire
2019-06-09,,6.778581272000001e-06,-4.4826101959999977e-07,,-5.168861192595408,-6.348469025373927,2019,Pre-fire
2019-06-10,,6.494318186400001e-06,-2.8426308560000066e-07,,-5.187466437112469,-6.546279534122843,2019,Pre-fire
2019-06-11,,6.1663223184e-06,-3.2799586800000076e-07,,-5.209973778110319,-6.484131627373999,2019,Pre-fire
2019-06-12,,5.816460059200001e-06,-3.498622591999991e-07,,-5.235341249798614,-6.456102903773757,2019,Pre-fire
2019-06-21,2019-06-22,5.133135334200001e-06,-3.279958679999999e-07,Aggregated,-5.2896172854915315,-6.4841316273739995,2019,Pre-fire
2019-06-23,2019-06-25,4.805139466200001e-06,-1.311983472000003e-07,Aggregated,-5.318294002683871,-6.882071636046036,2019,Pre-fire
2019-06-28,,4.9418044112e-06,-8.309228656000011e-07,,-5.30611444728228,-6.08043928981287,2019,Pre-fire
2019-06-29,,4.6247417388e-06,-3.1706267239999946e-07,,-5.33491251471862,-6.4988548841947065,2019,Pre-fire
2019-06-30,2019-07-01,4.4716770004000015e-06,-2.4053030319999886e-07,Aggregated,-5.34952957408632,-6.618830201271457,2019,Pre-fire
2019-07-03,2019-07-04,4.236613295000001e-06,-2.842630855999998e-07,Aggregated,-5.372981175251333,-6.546279534122844,2019,Pre-fire
2019-07-05,2019-07-06,3.974216600600001e-06,-2.4053030320000056e-07,Aggregated,-5.400748466898605,-6.618830201271455,2019,Pre-fire
2019-07-07,2019-07-10,3.7500860908000006e-06,-9.110996333333326e-08,Aggregated,-5.425958762050891,-7.040434128141287,2019,Pre-fire
2019-07-11,2019-07-13,3.498622592000001e-06,-1.0933195600000025e-07,Aggregated,-5.456102903773756,-6.96125288209366,2019,Pre-fire
2019-07-14,2019-07-16,3.2362258976000003e-06,-1.0933195600000004e-07,Aggregated,-5.489961171034723,-6.961252882093661,2019,Pre-fire
2019-07-21,2019-07-26,2.9382963175000006e-06,-4.5919421519999854e-08,Aggregated,-5.53190440917,-7.338003591695763,2019,Pre-fire
2019-07-27,2019-07-29,2.7114325088000004e-06,-1.1479855380000027e-07,Aggregated,-5.566801201267445,-6.940063583023723,2019,Pre-fire
2019-08-11,,2.3943698364000005e-06,-4.2639462840000014e-07,,-5.620808767253544,-6.370188275067163,2019,Pre-fire
2019-08-12,,2.1866391200000004e-06,-2.0773071640000006e-07,,-5.660222886429681,-6.682499281140832,2019,Pre-fire
2019-08-13,2019-08-16,2.0390409794000003e-06,-6.924357213333335e-08,Aggregated,-5.6905740459489556,-7.159620535860495,2019,Pre-fire
2020-04-02,,7.91454029484e-05,-3.34337121448e-05,,-4.101574305465213,-4.4758154010173605,2020,Pre-fire
2020-04-03,,6.438558888840001e-05,-1.4759814059999991e-05,,-4.191211327773993,-4.830919113598656,2020,Pre-fire
2020-04-04,,5.6601153621200005e-05,-7.784435267200008e-06,,-4.247174717111806,-5.108772888456805,2020,Pre-fire
2020-04-05,,5.36491908092e-05,-2.9519628120000077e-06,,-4.270436824112746,-5.529889117934673,2020,Pre-fire
2020-04-06,,5.3397727310400014e-05,-2.5146349879998407e-07,,-4.272477226820817,-6.599525046076097,2020,Pre-fire
2020-04-07,,4.888231752760001e-05,-4.515409782800005e-06,,-4.31084821222563,-5.3453028304372605,2020,Pre-fire
2020-04-08,,4.511036504560001e-05,-3.771952481999998e-06,,-4.345723658456529,-5.423433787020388,2020,Pre-fire
2020-04-09,,4.096668391320001e-05,-4.143681132399998e-06,,-4.387569188999864,-5.38261367212559,2020,Pre-fire
2020-04-10,,3.58390151768e-05,-5.12766873640001e-06,,-4.4456439328591815,-5.290080039378577,2020,Pre-fire
2020-04-11,,3.1859331978400005e-05,-3.979683198399997e-06,,-4.496763334659691,-5.400151498444606,2020,Pre-fire
2020-04-12,,2.8393508973200003e-05,-3.4658230052000025e-06,,-4.546780932464359,-5.46019361987591,2020,Pre-fire
2020-04-13,,2.5550878117200008e-05,-2.8426308559999947e-06,,-4.592594169701434,-5.546279534122845,2020,Pre-fire
2020-04-14,,2.3407971779600005e-05,-2.1429063376000033e-06,,-4.630636214799224,-5.668996810737185,2020,Pre-fire
2020-04-15,,2.170239326600001e-05,-1.7055785135999955e-06,,-4.663492370994527,-5.768128283739201,2020,Pre-fire
2020-04-16,,2.0160812686400004e-05,-1.5415805796000048e-06,,-4.695491965376051,-5.812033769438281,2020,Pre-fire
2020-04-17,,1.8794163236400003e-05,-1.366649450000001e-06,,-4.72597700540661,-5.864342869085605,2020,Pre-fire
2020-04-18,,1.7646177698400004e-05,-1.1479855379999988e-06,,-4.75334935170761,-5.940063583023724,2020,Pre-fire
2020-04-19,,1.67933884416e-05,-8.527892568000028e-07,,-4.774861666398168,-6.0691582794031795,2020,Pre-fire
2020-04-20,,1.5831267228800003e-05,-9.621212127999988e-07,,-4.800484320232534,-6.016770209943494,2020,Pre-fire
2020-04-21,,1.4836346429200002e-05,-9.94920799600001e-07,,-4.828673034433924,-6.002211489772567,2020,Pre-fire
2020-04-28,,2.0390409794000003e-05,-8.855888435999982e-07,,-4.6905740459489556,-6.052767863215013,2020,Pre-fire
2020-04-29,,1.9056559930800004e-05,-1.3338498631999989e-06,,-4.719955494983669,-5.874893051418914,2020,Pre-fire
2020-04-30,,1.7504046155600003e-05,-1.552513775200001e-06,,-4.756861550174362,-5.808964537710605,2020,Pre-fire
2020-05-01,,1.6399793400000002e-05,-1.1042527556000004e-06,,-4.785161623037981,-5.956931508311019,2020,Pre-fire
2020-05-04,,1.9723484862400003e-05,-3.8812844379999976e-06,,-4.705016348887739,-5.411024529038568,2020,Pre-fire
2020-05-05,,1.82147038696e-05,-1.5087809928000026e-06,,-4.739577885022893,-5.821373795692424,2020,Pre-fire
2020-05-06,,1.7689910480800003e-05,-5.247933887999978e-07,,-4.752274364817408,-6.280011644718076,2020,Pre-fire
2020-05-07,,1.6257661857200004e-05,-1.4322486235999987e-06,,-4.7889419135717075,-5.843981586437898,2020,Pre-fire
2020-05-08,,1.5273674253200003e-05,-9.839876040000014e-07,,-4.8160564759794795,-6.007010372654336,2020,Pre-fire
2020-05-09,,1.4300619844800004e-05,-9.730544083999984e-07,,-4.844645138105413,-6.01186287544875,2020,Pre-fire
2020-05-10,,1.3655561304400002e-05,-6.450585404000019e-07,,-4.864690443719526,-6.1904008704515165,2020,Pre-fire
2020-05-11,,1.3371298218800004e-05,-2.842630855999981e-07,,-4.873826425057376,-6.546279534122847,2020,Pre-fire
2020-05-15,,2.0630940097200004e-05,-7.325241052000004e-07,,-4.68548098192873,-6.135178079392835,2020,Pre-fire
2020-05-16,,1.82803030432e-05,-2.3506370540000025e-06,,-4.738016608990664,-5.628814422178056,2020,Pre-fire
2020-05-17,,1.7974173566400003e-05,-3.06129476799999e-07,,-4.74535106888963,-6.514094850751444,2020,Pre-fire
2020-05-23,,2.2762913239200004e-05,-1.9242424256000045e-06,,-4.642772156919144,-5.715740214279511,2020,Pre-fire
2020-05-24,,2.12759986376e-05,-1.4869146016000034e-06,,-4.672110046161329,-5.827713973723443,2020,Pre-fire
2020-05-25,,1.9723484862400003e-05,-1.5525137751999977e-06,,-4.705016348887739,-5.808964537710606,2020,Pre-fire
2020-05-26,,1.8400568194800004e-05,-1.3229166675999993e-06,,-4.735168766117837,-5.878467511777212,2020,Pre-fire
2020-05-27,,1.7033918744800003e-05,-1.366649450000001e-06,,-4.768685428757116,-5.864342869085605,2020,Pre-fire
2020-05-28,,1.58640668156e-05,-1.1698519292000014e-06,,-4.799585469655926,-5.9318691044084515,2020,Pre-fire
2020-05-29,,1.4912878798400004e-05,-9.511880171999975e-07,,-4.826438511773201,-6.021733629475045,2020,Pre-fire
2020-05-30,,1.448648417e-05,-4.263946284000048e-07,,-4.8390370038208355,-6.370188275067157,2020,Pre-fire
2020-05-31,,1.3174500698000005e-05,-1.3119834719999946e-06,,-4.880265835182774,-5.882071636046039,2020,Pre-fire
2020-06-01,,1.2288911854400005e-05,-8.855888435999999e-07,,-4.910486570860619,-6.052767863215012,2020,Pre-fire
2020-06-02,,1.1447055793200002e-05,-8.418560612000032e-07,,-4.941306200414819,-6.074762156921178,2020,Pre-fire
2020-06-03,2020-06-04,1.1324057342700001e-05,-2.2959710759999672e-07,Aggregated,-4.9459979401233305,-6.639033587359749,2020,Pre-fire
2020-06-07,,1.1589187336000005e-05,-3.8266184599999453e-07,,-4.935947016828892,-6.417184837743393,2020,Pre-fire
2020-06-08,,1.1162792707600002e-05,-4.263946284000031e-07,,-4.952227140006752,-6.370188275067159,2020,Pre-fire
2020-06-10,,1.0102272734400005e-05,-9.621212127999988e-07,,-4.995580910873555,-6.016770209943494,2020,Pre-fire
2020-06-11,,9.533746563200002e-06,-5.68526171200003e-07,,-5.0207363971610945,-6.24524953845886,2020,Pre-fire
2020-06-17,,1.9843750014e-05,-9.074552348000042e-07,,-4.70237625272153,-6.042174789717586,2020,Pre-fire
2020-06-18,,1.7580578524800003e-05,-2.2631714891999955e-06,,-4.754966837681229,-5.645282536636745,2020,Pre-fire
2020-06-19,,1.5514204556400004e-05,-2.0663739683999993e-06,,-4.809270486636188,-5.684791077920417,2020,Pre-fire
2020-06-20,,1.3863292020800003e-05,-1.6509125356000009e-06,,-4.8581336285479475,-5.782275934800492,2020,Pre-fire
2020-06-21,,1.2649707309200003e-05,-1.2135847115999998e-06,,-4.897919523141912,-5.9159299033070045,2020,Pre-fire
2020-06-22,,1.15782541404e-05,-1.0714531688000033e-06,,-4.936356921986177,-5.970026806401165,2020,Pre-fire
2020-06-23,,1.09003960132e-05,-6.778581272000007e-07,,-4.962557723782006,-6.168861192595408,2020,Pre-fire
2020-06-24,,1.02881370596e-05,-6.122589535999997e-07,,-4.987663258666405,-6.213064855087461,2020,Pre-fire
2020-06-25,,9.818009648800002e-06,-4.701274107999981e-07,,-5.007976545426358,-6.327784426514077,2020,Pre-fire
2020-06-26,,9.3806818248e-06,-4.37327824000001e-07,,-5.027765594244956,-6.359192890765699,2020,Pre-fire
2020-06-27,,8.943354000800001e-06,-4.373278239999993e-07,,-5.048499578422339,-6.3591928907657,2020,Pre-fire
2020-06-29,,9.1948174996e-06,-2.405303032000014e-07,,-5.03645688629575,-6.618830201271453,2020,Pre-fire
2020-06-30,,8.571625350400001e-06,-6.231921491999993e-07,,-5.066936819409223,-6.205378026421171,2020,Pre-fire
2020-07-01,,8.287362264800001e-06,-2.842630855999998e-07,,-5.081583676461608,-6.546279534122844,2020,Pre-fire
2020-07-02,,7.981232788e-06,-3.061294768000007e-07,,-5.097930021973206,-6.514094850751442,2020,Pre-fire
2020-07-03,,7.6641701156e-06,-3.170626724000003e-07,,-5.115534864127003,-6.498854884194706,2020,Pre-fire
2020-07-04,,7.390840225600001e-06,-2.7332988999999936e-07,,-5.131306186152026,-6.5633128734216255,2020,Pre-fire
2020-07-05,,7.183109509200001e-06,-2.0773071640000006e-07,,-5.143687512533881,-6.682499281140832,2020,Pre-fire
2020-07-14,,5.892992428400001e-06,-2.186639120000005e-07,,-5.229664116906923,-6.66022288642968,2020,Pre-fire
2020-07-06,2020-07-08,7.046444564200001e-06,-1.421315427999999e-07,Aggregated,-5.152029960404239,-6.847309529786825,2020,Pre-fire
2020-07-09,2020-07-10,6.745781685200001e-06,-3.279958679999999e-07,Aggregated,-5.17096771806042,-6.4841316273739995,2020,Pre-fire
2020-07-11,2020-07-12,6.393186127100001e-06,-3.389290636000012e-07,Aggregated,-5.194282651612471,-6.469891188259387,2020,Pre-fire
2020-07-15,2020-07-16,5.737194391100001e-06,-2.9519628120000026e-07,Aggregated,-5.241300434839224,-6.529889117934674,2020,Pre-fire
2020-07-17,2020-07-18,5.496664087900001e-06,-2.0773071640000006e-07,Aggregated,-5.259900802824882,-6.682499281140832,2020,Pre-fire
2020-07-19,2020-07-21,5.2424672902000005e-06,-1.475981405999997e-07,Aggregated,-5.280464270586979,-6.8309191135986564,2020,Pre-fire
2020-07-22,2020-07-23,4.971870699100001e-06,-2.733298900000002e-07,Aggregated,-5.303480174358141,-6.563312873421624,2020,Pre-fire
2020-07-24,2020-07-25,4.6575413256000015e-06,-3.2799586800000076e-07,Aggregated,-5.331843282990943,-6.484131627373999,2020,Pre-fire
2020-07-26,2020-07-28,4.384211435600001e-06,-1.1479855380000005e-07,Aggregated,-5.358108509473479,-6.940063583023724,2020,Pre-fire
2020-07-30,2020-07-31,4.154614328e-06,-2.6239669439999976e-07,Aggregated,-5.381469285476852,-6.581041640382056,2020,Pre-fire
2020-08-01,2020-08-03,3.9250172204e-06,-1.257317494000005e-07,Aggregated,-5.406158433515342,-6.9005550417400485,2020,Pre-fire
2020-08-07,2020-08-09,3.689953515000001e-06,-1.2573174939999987e-07,Aggregated,-5.432979104926618,-6.90055504174005,2020,Pre-fire
2020-08-10,2020-08-12,3.4439566140000008e-06,-1.4213154280000012e-07,Aggregated,-5.462942328304061,-6.847309529786824,2020,Pre-fire
2020-08-13,2020-08-15,3.2362258976000007e-06,-1.0386535820000024e-07,Aggregated,-5.489961171034723,-6.983529276804813,2020,Pre-fire
2021-05-28,,9.326015846800004e-06,-1.0277203863999965e-06,,-5.030303850926138,-5.988125028493965,2021,Post-fire
2021-05-29,,8.473226590000001e-06,-8.527892568000028e-07,,-5.0719511795873515,-6.0691582794031795,2021,Post-fire
2021-05-30,,8.003099179200002e-06,-4.701274107999998e-07,,-5.09674180103527,-6.327784426514075,2021,Post-fire
2021-05-31,,7.65323692e-06,-3.498622592000008e-07,,-5.116154842079405,-6.456102903773755,2021,Post-fire
2021-06-15,,7.226842291600001e-06,-1.4103822324000011e-06,,-5.1410514226080215,-5.850663171794412,2021,Post-fire
2021-06-16,,6.778581272000001e-06,-4.4826101959999977e-07,,-5.168861192595408,-6.348469025373927,2021,Post-fire
2021-06-17,,6.4396522084e-06,-3.389290636000012e-07,,-5.19113758730656,-6.469891188259387,2021,Post-fire
2021-06-18,,6.1991219052e-06,-2.405303031999997e-07,,-5.207669823200755,-6.618830201271456,2021,Post-fire
2021-06-21,,5.4993973868000005e-06,-3.2799586800000076e-07,,-5.259684897037734,-6.484131627373999,2021,Post-fire
2021-06-22,,5.258867083600001e-06,-2.405303031999997e-07,,-5.27910780571983,-6.618830201271456,2021,Post-fire
2021-06-28,,4.1764807192e-06,-2.842630855999998e-07,,-5.379189519181953,-6.546279534122844,2021,Post-fire
2021-06-19,2021-06-20,6.018724177800001e-06,-3.7172865039999917e-07,Aggregated,-5.220495558785891,-6.429773965051408,2021,Post-fire
2021-06-23,2021-06-24,5.073002758400001e-06,-3.717286504e-07,Aggregated,-5.294734901538781,-6.429773965051407,2021,Post-fire
2021-06-25,2021-06-26,4.747740189300001e-06,-2.5146349880000016e-07,Aggregated,-5.3235130549745255,-6.599525046076068,2021,Post-fire
2021-07-03,,4.045282372000001e-06,-2.0773071640000006e-07,,-5.393051158026666,-6.682499281140832,2021,Post-fire
2021-07-04,2021-07-05,3.935950416000001e-06,-2.186639120000005e-07,Aggregated,-5.404950381326374,-6.66022288642968,2021,Post-fire
2021-07-06,2021-07-09,3.744619493000001e-06,-6.924357213333321e-08,Aggregated,-5.426592306265217,-7.159620535860496,2021,Post-fire
2021-07-10,2021-07-14,3.4767562008000004e-06,-5.739927690000003e-08,Aggregated,-5.458825762109229,-7.241093578687705,2021,Post-fire
2021-07-15,2021-07-19,3.2635588866000006e-06,-6.286587470000015e-08,Aggregated,-5.4863085466282735,-7.201585037404031,2021,Post-fire
2021-07-20,2021-07-23,3.0202952845000005e-06,-8.746556479999978e-08,Aggregated,-5.519950595400495,-7.058162895101719,2021,Post-fire
2021-07-28,2021-07-29,2.7223657044000004e-06,-2.8426308560000066e-07,Aggregated,-5.565053534997926,-6.546279534122843,2021,Post-fire
2021-08-01,2021-08-02,2.5747675638000002e-06,-2.1866391200000008e-07,Aggregated,-5.589261970628747,-6.66022288642968,2021,Post-fire
2021-08-06,2021-08-11,2.3451704562e-06,-4.810606064000011e-08,Aggregated,-5.6298255855729185,-7.317800205607473,2021,Post-fire
2022-06-13,,9.29977617736e-05,-1.6290461444000003e-05,,-4.031527503715657,-4.788066613681387,2022,Post-fire
2022-06-14,,7.883927347160002e-05,-1.4158488301999986e-05,,-4.1032573865327375,-4.8489831136763915,2022,Post-fire
2022-06-15,,6.663782718200001e-05,-1.2201446289600003e-05,,-4.176279172139261,-4.913588687492101,2022,Post-fire
2022-06-16,,5.653555444760001e-05,-1.0102272734400005e-05,,-4.247678344321592,-4.995580910873555,2022,Post-fire
2022-06-17,,5.0074035848000006e-05,-6.461518599600002e-06,,-4.3003874040897925,-5.189665401212406,2022,Post-fire
2022-06-18,,4.221306821160001e-05,-7.860967636399998e-06,,-4.374553080469613,-5.10452399171078,2022,Post-fire
2022-06-19,,3.6320075783200005e-05,-5.892992428400002e-06,,-4.439853253978286,-5.229664116906923,2022,Post-fire
2022-06-20,,3.199053032560001e-05,-4.329545457599998e-06,,-4.49497856030437,-5.36355769616815,2022,Post-fire
2022-06-21,,2.8710571645600005e-05,-3.2799586800000025e-06,,-4.541958160340201,-5.484131627373999,2022,Post-fire
2022-06-22,,2.6403667374000007e-05,-2.3069042715999973e-06,,-4.578335747006131,-5.63697042679597,2022,Post-fire
2022-06-23,,2.43482266012e-05,-2.0554407728000065e-06,,-4.613532665059624,-5.687095032829981,2022,Post-fire
2022-06-24,,2.2773846434800007e-05,-1.5743801663999935e-06,,-4.642563612145916,-5.802890389998414,2022,Post-fire
2022-06-25,,2.1669593679200004e-05,-1.1042527556000038e-06,,-4.664149231944405,-5.956931508311017,2022,Post-fire
2022-06-26,,2.0445075772000004e-05,-1.2245179071999994e-06,,-4.689411275557163,-5.91203485942348,2022,Post-fire
2022-06-27,,1.9329889820800004e-05,-1.1151859512e-06,,-4.713770621416607,-5.952652710331744,2022,Post-fire
2022-06-28,,1.8488033759600004e-05,-8.418560611999998e-07,,-4.73310927449592,-6.07476215692118,2022,Post-fire
2022-06-29,,1.7668044089600004e-05,-8.199896700000006e-07,,-4.752811525655094,-6.086191618701961,2022,Post-fire
2022-07-02,,1.6990185962400005e-05,-6.887913227999986e-07,,-4.769801867628766,-6.161912332640081,2022,Post-fire
2022-07-03,,1.6202995879200003e-05,-7.871900832000018e-07,,-4.7904046784503524,-6.103920385662392,2022,Post-fire
2022-07-04,,1.5459538578400003e-05,-7.434573008e-07,,-4.810803472632781,-6.1287439693874255,2022,Post-fire
2022-07-06,,1.5853133620000002e-05,-1.552513775200001e-06,,-4.799884879858687,-5.808964537710605,2022,Post-fire
2022-07-07,,1.45739497348e-05,-1.2791838852000025e-06,,-4.836422732679803,-5.893067020347499,2022,Post-fire
2022-07-08,,1.38742252164e-05,-6.997245183999999e-07,,-4.857791259998957,-6.155072908109775,2022,Post-fire
2022-07-09,,1.3382231414400002e-05,-4.919938019999973e-07,,-4.873471464284119,-6.308040368318321,2022,Post-fire
2022-07-10,,1.2933970394800002e-05,-4.482610196000006e-07,,-4.888268137465731,-6.348469025373926,2022,Post-fire
2022-07-11,,1.24857093752e-05,-4.482610196000023e-07,,-4.903586778183833,-6.348469025373924,2022,Post-fire
2022-07-12,,1.2092114333600002e-05,-3.935950415999975e-07,,-4.917497755124982,-6.404950381326377,2022,Post-fire
2022-07-13,,1.175318527e-05,-3.389290636000012e-07,,-4.9298444178420375,-6.469891188259387,2022,Post-fire
2022-07-14,,1.14033230108e-05,-3.498622592000008e-07,,-4.942968573667131,-6.456102903773755,2022,Post-fire
2022-07-15,,1.1064393947200004e-05,-3.389290635999961e-07,,-4.956072369589881,-6.469891188259394,2022,Post-fire
2022-07-16,,1.0703598492400003e-05,-3.607954548000004e-07,,-4.9704701902905235,-6.442738942215774,2022,Post-fire
2022-07-18,,1.0167871908000002e-05,-3.389290635999995e-07,,-4.992769933539726,-6.46989118825939,2022,Post-fire
2022-07-19,,9.916408409200005e-06,-2.514634987999976e-07,,-5.003645595033566,-6.599525046076073,2022,Post-fire
2022-07-20,,9.5446797588e-06,-3.717286504000051e-07,,-5.020238638388092,-6.4297739650514005,2022,Post-fire
2022-07-21,,9.3369490424e-06,-2.077307163999992e-07,,-5.029795011404657,-6.682499281140834,2022,Post-fire
2022-07-22,,9.129218326e-06,-2.077307164000009e-07,,-5.03956640661006,-6.682499281140831,2022,Post-fire
2022-07-23,,8.866821631600002e-06,-2.623966943999972e-07,,-5.052232027882505,-6.58104164038206,2022,Post-fire
2022-07-24,,8.593491741600002e-06,-2.733298900000002e-07,,-5.065830336054254,-6.563312873421624,2022,Post-fire
2022-07-25,,8.2654958736e-06,-3.279958680000016e-07,,-5.082731086592455,-6.484131627373997,2022,Post-fire
2022-07-26,,8.046831961600002e-06,-2.186639119999988e-07,,-5.094375067756163,-6.660222886429683,2022,Post-fire
2022-08-01,,7.117510335600001e-06,-2.4053030320000056e-07,,-5.1476718935254695,-6.618830201271455,2022,Post-fire
2022-08-02,,6.691115707200001e-06,-4.263946283999997e-07,,-5.1745014599481,-6.370188275067163,2022,Post-fire
2022-07-27,2022-07-28,7.880100728700001e-06,-2.951962812000011e-07,Aggregated,-5.103468231033416,-6.5298891179346725,2022,Post-fire
2022-07-29,2022-07-30,7.620437333200001e-06,-2.186639120000005e-07,Aggregated,-5.1180201039956525,-6.66022288642968,2022,Post-fire
2022-08-03,2022-08-04,6.516184577600001e-06,-3.0612947679999986e-07,Aggregated,-5.186006622353426,-6.514094850751443,2022,Post-fire
2022-08-07,,5.871126037200001e-06,-3.4986225919999827e-07,,-5.231278596394106,-6.456102903773758,2022,Post-fire
2022-08-10,,7.325241052000002e-06,-2.3943698364e-06,,-5.135178079392835,-5.620808767253544,2022,Post-fire
2022-08-11,,6.516184577600001e-06,-8.09056474400001e-07,,-5.186006622353426,-6.092021162362685,2022,Post-fire
2022-08-12,,6.056990362400001e-06,-4.5919421519999937e-07,,-5.217743117365232,-6.338003591695762,2022,Post-fire
2022-08-13,2022-08-14,5.879325933900001e-06,-3.170626724000003e-07,Aggregated,-5.2306724630341614,-6.498854884194706,2022,Post-fire
2022-08-15,2022-08-16,5.5731964571e-06,-3.3892906360000036e-07,Aggregated,-5.253895647643484,-6.469891188259389,2022,Post-fire
2022-08-19,2022-08-21,5.1222021386000015e-06,-1.4759814060000013e-07,Aggregated,-5.290543286869864,-6.830919113598656,2022,Post-fire
2022-08-22,2022-08-24,4.827005857400001e-06,-1.2026515160000028e-07,Aggregated,-5.316322174180074,-6.919860196935436,2022,Post-fire
2022-08-25,2022-08-27,4.5591425652e-06,-1.7493112959999956e-07,Aggregated,-5.3411168271199045,-6.757132899437738,2022,Post-fire
2022-08-28,2022-08-30,4.231146697200001e-06,-1.639979340000008e-07,Aggregated,-5.37354191707475,-6.785161623037978,2022,Post-fire
2022-08-31,2022-09-02,3.9195506226e-06,-1.2573174939999987e-07,Aggregated,-5.406763722089843,-6.90055504174005,2022,Post-fire
2022-09-03,2022-09-06,3.698153411700001e-06,-9.475436186666646e-08,Aggregated,-5.432015076824001,-7.023400788842507,2022,Post-fire
2023-04-22,,0.0001460893596072,-3.020841944280001e-05,,-3.83538141467598,-4.51987199717715,2023,Post-fire
2023-04-23,,0.0001235123106932,-2.257704891399999e-05,,-3.9082897533381584,-4.646332826101242,2023,Post-fire
2023-04-24,,0.0001058989325816,-1.7613378111599995e-05,,-3.975108417383141,-4.754157341674444,2023,Post-fire
2023-04-25,,8.58365186556e-05,-2.0062413926e-05,,-4.066327904734118,-4.697616813505554,2023,Post-fire
2023-04-26,,7.117510335600001e-05,-1.4661415299599995e-05,,-4.1476718935254695,-4.833824104242063,2023,Post-fire
2023-04-27,,6.153202483680001e-05,-9.643078519200001e-06,,-4.210898793330953,-5.015784296961842,2023,Post-fire
2023-04-28,,5.4447314088000016e-05,-7.084710748799993e-06,,-4.2640235393339445,-5.149677876223069,2023,Post-fire
2023-04-29,,4.8237258987200005e-05,-6.210055100800011e-06,,-4.316617378325509,-5.206904546382642,2023,Post-fire
2023-04-30,,4.270506201360001e-05,-5.532196973599995e-06,,-4.369520643141826,-5.257102365253863,2023,Post-fire
2023-05-01,,3.7796057189200006e-05,-4.909004824400004e-06,,-4.422553502551255,-5.309006541090338,2023,Post-fire
2023-05-02,,3.3313446993200006e-05,-4.482610195999999e-06,,-4.477380427870988,-5.348469025373927,2023,Post-fire
2023-05-03,,3.01974862472e-05,-3.115960746000005e-06,,-4.520029207851049,-5.506408022085151,2023,Post-fire
2023-05-08,,2.5835141202800004e-05,-2.5146349879999965e-06,,-4.587789160461293,-5.599525046076069,2023,Post-fire
2023-05-09,,2.4162362276000004e-05,-1.6727789268e-06,,-4.616860608408551,-5.776561451276063,2023,Post-fire
2023-05-11,,2.32986398236e-05,-1.913309230000005e-06,,-4.63266943237946,-5.718214833407366,2023,Post-fire
2023-05-12,,2.2041322329600004e-05,-1.2573174939999949e-06,,-4.656762354320174,-5.900555041740052,2023,Post-fire
2023-05-13,,2.1024535138800003e-05,-1.0167871908000002e-06,,-4.677273597855182,-5.992769933539726,2023,Post-fire
2023-05-14,,2.0466942163200003e-05,-5.575929756e-07,,-4.688947037691575,-6.253682705995725,2023,Post-fire
2023-05-15,,1.9646952493200003e-05,-8.199896700000006e-07,,-4.706704804984688,-6.086191618701961,2023,Post-fire
2023-05-17,,2.281757921720001e-05,-5.871126037199996e-06,,-4.641730433028208,-5.231278596394106,2023,Post-fire
2023-05-18,,2.0423209380800005e-05,-2.3943698364000043e-06,,-4.689876010199587,-5.620808767253543,2023,Post-fire
2023-05-19,,1.9176825082400003e-05,-1.246384298400002e-06,,-4.71722329306364,-5.9043480307571885,2023,Post-fire
2023-05-20,,1.7963240370800003e-05,-1.2135847115999998e-06,,-4.7456153186586,-5.9159299033070045,2023,Post-fire
2023-05-21,,1.7241649461200002e-05,-7.215909096000008e-07,,-4.763421188764759,-6.141708946551793,2023,Post-fire
2023-05-22,,1.66293905076e-05,-6.122589536000014e-07,,-4.779123668040663,-6.2130648550874605,2023,Post-fire
2023-05-23,,1.6257661857200004e-05,-3.717286503999966e-07,,-4.7889419135717075,-6.42977396505141,2023,Post-fire
2023-05-25,,1.5656336099200002e-05,-4.154614327999984e-07,,-4.805309864121825,-6.381469285476853,2023,Post-fire
2023-05-26,,1.53174070356e-05,-3.389290636000012e-07,,-4.814814746807887,-6.469891188259387,2023,Post-fire
2023-05-27,,1.4716081277600004e-05,-6.013257579999967e-07,,-4.832207822205704,-6.220890192599421,2023,Post-fire
2023-05-28,,1.4049156346000002e-05,-6.669249316000028e-07,,-4.852349754426348,-6.175923047082893,2023,Post-fire
2023-05-30,,1.3480630174800002e-05,-4.482610196000023e-07,,-4.87028980549793,-6.348469025373924,2023,Post-fire
2023-06-01,,1.3010502764000002e-05,-2.733298900000019e-07,,-4.885705920701131,-6.563312873421621,2023,Post-fire
2023-06-02,,1.2605974526800002e-05,-4.045282372000005e-07,,-4.899423574798963,-6.393051158026666,2023,Post-fire
2023-06-03,,1.2168646702800002e-05,-4.373278239999993e-07,,-4.914757717758953,-6.3591928907657,2023,Post-fire
2023-06-04,,1.1807851248000002e-05,-3.607954548000004e-07,,-4.927829126606712,-6.442738942215774,2023,Post-fire
2023-06-06,,1.1370523424e-05,-2.514634988000027e-07,,-4.944219542794881,-6.599525046076065,2023,Post-fire
2023-06-10,,1.0648932514400002e-05,-7.434573008e-07,,-4.972693925215046,-6.1287439693874255,2023,Post-fire
2023-06-11,,1.0430268602400005e-05,-2.1866391199999712e-07,,-4.9817045073895665,-6.660222886429686,2023,Post-fire
2023-06-13,,9.8726756268e-06,-3.717286504e-07,,-5.005565131780156,-6.429773965051407,2023,Post-fire
2023-06-14,,9.5884125412e-06,-2.842630855999998e-07,,-5.018253288727621,-6.546279534122844,2023,Post-fire
2023-06-15,,9.3588154336e-06,-2.295971076000001e-07,,-5.028779117416509,-6.639033587359743,2023,Post-fire
2023-06-16,,9.0417527612e-06,-3.170626724000003e-07,,-5.043747372541115,-6.498854884194706,2023,Post-fire
2023-06-17,,8.812155653600003e-06,-2.2959710759999672e-07,,-5.054917840288571,-6.639033587359749,2023,Post-fire
2023-06-20,,9.3697486292e-06,-3.498622592000025e-07,,-5.028272060170464,-6.456102903773752,2023,Post-fire
2023-06-21,,8.680957306400002e-06,-6.887913227999969e-07,,-5.061432379666566,-6.161912332640082,2023,Post-fire
2023-06-22,,8.3966942208e-06,-2.842630856000015e-07,,-5.0758916620621495,-6.546279534122841,2023,Post-fire
2023-06-23,2023-06-24,8.2572959769e-06,-2.295971076000001e-07,Aggregated,-5.083162148148344,-6.639033587359743,2023,Post-fire
2023-06-25,2023-06-26,8.0386320649e-06,-2.295971076000001e-07,Aggregated,-5.094817848914555,-6.639033587359743,2023,Post-fire
2023-06-27,2023-06-28,7.8035683595e-06,-2.295971076000001e-07,Aggregated,-5.107706760839757,-6.639033587359743,2023,Post-fire
2023-07-04,,7.0519111620000015e-06,-7.215909096e-07,,-5.151693167458394,-6.141708946551793,2023,Post-fire
2023-07-05,,6.6255165336e-06,-4.263946284000014e-07,,-5.178780257927375,-6.370188275067161,2023,Post-fire
2023-07-10,2023-07-11,6.486118289700001e-06,-2.077307164000009e-07,Aggregated,-5.188015135204285,-6.682499281140831,2023,Post-fire
2023-07-21,,5.7289944944000006e-06,-2.077307164000009e-07,,-5.241921595109935,-6.682499281140831,2023,Post-fire
2023-07-27,,5.0183367804e-06,-2.623966944000006e-07,,-5.2994401965564,-6.581041640382055,2023,Post-fire
2023-07-22,2023-07-24,5.603262745000001e-06,-1.366649450000001e-07,Aggregated,-5.2515590123658695,-6.864342869085605,2023,Post-fire
2023-08-03,,4.8215392596000014e-06,-2.733298900000002e-07,,-5.316814292625823,-6.563312873421624,2023,Post-fire
2023-07-31,2023-08-02,5.247933888e-06,-1.2573174939999966e-07,Aggregated,-5.2800116447180745,-6.900555041740051,2023,Post-fire
2023-08-06,,5.390065430800001e-06,-8.527892567999994e-07,,-5.2684059628164315,-6.069158279403181,2023,Post-fire
2023-08-07,,4.8980716288e-06,-4.919938020000007e-07,,-5.309974868095518,-6.308040368318317,2023,Post-fire
2023-08-08,,4.657541325600001e-06,-2.405303031999997e-07,,-5.331843282990943,-6.618830201271456,2023,Post-fire
2023-08-11,2023-08-12,4.630208336600001e-06,-2.4053030320000056e-07,Aggregated,-5.334399467426936,-6.618830201271455,2023,Post-fire
2023-08-21,2023-08-23,4.2858126752000015e-06,-1.4759814060000013e-07,Aggregated,-5.3679668150732045,-6.830919113598656,2023,Post-fire
2023-09-01,,5.4556646044e-06,-3.7172865040000086e-07,,-5.263152336470272,-6.429773965051406,2023,Post-fire
2023-09-02,,4.274879479600001e-06,-1.1807851247999993e-06,,-5.369076124697795,-5.927829126606713,2023,Post-fire
2023-09-06,2023-09-08,4.050748969800001e-06,-1.6946453180000018e-07,Aggregated,-5.392464669778315,-6.770921183923369,2023,Post-fire
2024-06-04,,3.720566462680001e-05,-2.6294335417999998e-05,,-4.429390932997852,-4.580137801383811,2024,Post-fire
2024-06-05,,2.8098312692000003e-05,-9.107351934800004e-06,,-4.551319758762367,-5.040607880686874,2024,Post-fire
2024-06-06,,2.383436640800001e-05,-4.263946283999994e-06,,-4.622796388489057,-5.3701882750671635,2024,Post-fire
2024-06-07,,2.1407196984800006e-05,-2.427169423200003e-06,,-4.669440194626542,-5.614899907643022,2024,Post-fire
2024-06-08,,1.940642219e-05,-2.000774794800005e-06,,-4.712054524702549,-5.6988017923632315,2024,Post-fire
2024-06-09,,1.7799242436800002e-05,-1.607179753199999e-06,,-4.749598481540479,-5.793935547345486,2024,Post-fire
2024-06-10,,1.6684056485600002e-05,-1.1151859512e-06,,-4.7776983484748,-5.952652710331744,2024,Post-fire
2024-06-11,,1.5765668055200002e-05,-9.183884304000004e-07,,-4.802287621710251,-6.03697359603178,2024,Post-fire
2024-06-12,,1.4869146016000002e-05,-8.965220391999995e-07,,-4.827713973723444,-6.047439029709945,2024,Post-fire
2024-06-13,,1.4366219018400002e-05,-5.029269976000003e-07,,-4.8426575168699,-6.298495050412088,2024,Post-fire
2024-06-14,,1.3644628108800004e-05,-7.215909095999974e-07,,-4.865038296747256,-6.141708946551795,2024,Post-fire
2024-06-16,,1.3010502764000002e-05,-9.511880171999975e-07,,-4.885705920701131,-6.021733629475045,2024,Post-fire
2024-06-17,,1.2737172874000004e-05,-2.733298899999985e-07,,-4.894926956731624,-6.563312873421626,2024,Post-fire
2024-06-18,,1.21249139204e-05,-6.122589536000031e-07,,-4.9163213359445015,-6.213064855087459,2024,Post-fire
2024-06-19,,1.17750516612e-05,-3.498622592000008e-07,,-4.929037178795681,-6.456102903773755,2024,Post-fire
2024-06-20,,1.15235881624e-05,-2.514634987999993e-07,,-4.938412271217134,-6.59952504607607,2024,Post-fire
2024-06-21,,1.120652549e-05,-3.170626724000003e-07,,-4.950529016701888,-6.498854884194706,2024,Post-fire
2024-06-22,,1.0834796839600002e-05,-3.717286503999983e-07,,-4.965179227608386,-6.4297739650514085,2024,Post-fire
2024-06-23,,1.0605199732000002e-05,-2.295971076000001e-07,,-4.974481147827417,-6.639033587359743,2024,Post-fire
2024-06-25,,1.0167871908000002e-05,-3.389290635999995e-07,,-4.992769933539726,-6.46989118825939,2024,Post-fire
2024-06-26,,9.861742431200002e-06,-3.061294768000007e-07,,-5.00604634455172,-6.514094850751442,2024,Post-fire
2024-06-30,,9.282283064400002e-06,-2.842630855999981e-07,,-5.032345191849709,-6.546279534122847,2024,Post-fire
2024-07-01,,8.998019978800001e-06,-2.842630856000015e-07,,-5.045853046881392,-6.546279534122841,2024,Post-fire
2024-06-27,2024-06-29,9.725077486200002e-06,-1.4759814060000055e-07,Aggregated,-5.012106929673718,-6.830919113598654,2024,Post-fire
2024-07-02,2024-07-04,8.899621218400001e-06,-1.3119834719999946e-07,Aggregated,-5.0506284772044605,-6.882071636046039,2024,Post-fire
2024-07-06,,8.462293394400002e-06,-3.170626724000003e-07,,-5.0725119214107695,-6.498854884194706,2024,Post-fire
2024-07-09,,7.9375000056e-06,-3.061294768000007e-07,,-5.100316261393568,-6.514094850751442,2024,Post-fire
2024-07-10,,7.073777553200001e-06,-8.637224523999999e-07,,-5.1503486014249615,-6.06362579080322,2024,Post-fire
2024-07-11,,6.855113641200001e-06,-2.1866391199999966e-07,,-5.163985341262945,-6.660222886429681,2024,Post-fire
2024-07-13,,6.505251382000001e-06,-2.733298900000002e-07,,-5.186735916365112,-6.563312873421624,2024,Post-fire
2024-07-14,,6.286587470000001e-06,-2.186639120000005e-07,,-5.2015850374040316,-6.66022288642968,2024,Post-fire
2024-07-16,,5.860192841600001e-06,-3.9359504160000006e-07,,-5.2320880924008915,-6.404950381326374,2024,Post-fire
2024-07-07,2024-07-08,8.331095047200002e-06,-2.186639120000005e-07,Aggregated,-5.079297910754061,-6.66022288642968,2024,Post-fire
2024-07-22,,5.2916666704e-06,-2.405303032000014e-07,,-5.276407520449249,-6.618830201271453,2024,Post-fire
2024-07-23,,5.0620695628e-06,-2.295971076000001e-07,,-5.295671891075709,-6.639033587359743,2024,Post-fire
2024-07-24,,4.745006890400001e-06,-3.1706267239999946e-07,,-5.323763152581151,-6.4988548841947065,2024,Post-fire
2024-07-30,2024-07-31,4.4306775169e-06,-2.9519628120000026e-07,Aggregated,-5.3535298585731095,-6.529889117934674,2024,Post-fire
2025-04-03,,6.804291066666667e-05,-1.0518380237037043e-05,,-4.167217116878476,-4.97805113359271,2025,Post-fire
2025-04-04,,5.689954522407408e-05,-1.1143365442592587e-05,,-4.244891204737871,-4.952983626719314,2025,Post-fire
2025-04-05,,4.855806814814815e-05,-8.341477075925931e-06,,-4.313738599718802,-5.078757039395267,2025,Post-fire
2025-04-06,,4.506905493148148e-05,-3.4890132166666662e-06,,-4.346121548703948,-5.45729738540585,2025,Post-fire
2025-04-10,,5.359778667962963e-05,-5.5664306759259326e-06,,-4.270853144125706,-5.2544231952455505,2025,Post-fire
2025-04-11,,4.6920413214814814e-05,-6.677373464814816e-06,,-4.3286381718309395,-5.175394333041276,2025,Post-fire
2025-04-12,,4.0517522620370366e-05,-6.402890594444448e-06,,-4.392357116746963,-5.193623918859106,2025,Post-fire
2025-04-13,,3.5293056633333334e-05,-5.224465987037032e-06,,-4.4523107269757185,-5.28195809387439,2025,Post-fire
2025-04-14,,3.186642886666667e-05,-3.4266277666666637e-06,,-4.496666603310083,-5.465133070260183,2025,Post-fire
2025-04-15,,2.9009938892592595e-05,-2.8564899740740747e-06,,-4.537453186007325,-5.544167295920585,2025,Post-fire
2025-04-16,,2.6617316775925924e-05,-2.3926221166666708e-06,,-4.574835726778062,-5.62112588709718,2025,Post-fire
2025-04-17,,2.4233494498148148e-05,-2.3838222777777763e-06,,-4.615583955576292,-5.622726125885455,2025,Post-fire
2025-04-18,,2.250049978333333e-05,-1.7329947148148197e-06,,-4.647807835189385,-5.761202761769788,2025,Post-fire
2025-04-19,,2.109845766851852e-05,-1.4020421148148071e-06,,-4.675749291173101,-5.853238940750978,2025,Post-fire
2025-04-20,,1.9906399046296297e-05,-1.1920586222222242e-06,,-4.701007294254988,-5.923702386641413,2025,Post-fire
2025-04-21,,1.8949592727777776e-05,-9.568063185185207e-07,,-4.722400119626224,-6.019175965370017,2025,Post-fire
2025-04-22,,1.8153854596296297e-05,-7.957381314814792e-07,,-4.741031147368033,-6.099229830206854,2025,Post-fire
2025-04-23,,1.7333224555555555e-05,-8.206300407407421e-07,,-4.761120636569683,-6.085852588893434,2025,Post-fire
2025-04-24,,1.6745601794444446e-05,-5.876227611111087e-07,,-4.776099240401799,-6.230901390496639,2025,Post-fire
2025-04-25,,1.5976689242592593e-05,-7.689125518518533e-07,,-4.796513212045851,-6.114123049545431,2025,Post-fire
2025-04-26,,1.5437932625925927e-05,-5.387566166666657e-07,,-4.81141085874559,-6.268607383069401,2025,Post-fire
2025-04-27,,1.4883985225925928e-05,-5.539473999999999e-07,,-4.827280769737714,-6.256531471687244,2025,Post-fire
2025-04-28,,1.4287660948148148e-05,-5.963242777777791e-07,,-4.845038864313273,-6.224517509134405,2025,Post-fire
2025-04-29,,1.4033121101851851e-05,-2.5453984629629697e-07,,-4.852845726935652,-6.594244222474376,2025,Post-fire
2025-04-30,,1.3762161444444444e-05,-2.709596574074077e-07,,-4.861313351734497,-6.567095365470919,2025,Post-fire
2025-05-01,,1.32735e-05,-4.886614444444445e-07,,-4.877014545841992,-6.310991925603666,2025,Post-fire
2025-05-02,,1.2848748e-05,-4.247519999999984e-07,,-4.891139188533598,-6.3718645675220875,2025,Post-fire
2025-05-03,,1.2489363890740742e-05,-3.5938410925925917e-07,,-4.903459680583133,-6.44444112982468,2025,Post-fire
2025-05-04,,1.2133060544444443e-05,-3.563033462962984e-07,,-4.916029635249806,-6.448180098863712,2025,Post-fire
2025-05-05,,1.1629831024074072e-05,-5.032295203703711e-07,,-4.934426595318442,-6.298233890301439,2025,Post-fire
2025-05-06,,1.1323868655555557e-05,-3.0596236851851544e-07,,-4.946005176616919,-6.514331985772558,2025,Post-fire
2025-05-07,,1.1032212170370373e-05,-2.9165648518518397e-07,,-4.957337394445059,-6.535128362286165,2025,Post-fire
2025-05-08,,1.0743325094444442e-05,-2.888870759259304e-07,,-4.968861282260883,-6.53927188695332,2025,Post-fire
2025-05-09,,1.0451258933333332e-05,-2.9206616111111007e-07,,-4.980831392340633,-6.534518757624294,2025,Post-fire
2025-05-10,,1.019095085e-05,-2.603080833333325e-07,,-4.9917852929668065,-6.584512345557477,2025,Post-fire
2025-05-13,,1.0924336305555557e-05,-1.423754938888887e-06,,-4.961604938576351,-5.846564756378361,2025,Post-fire
2025-05-14,,9.927775035185185e-06,-9.965612703703722e-07,,-5.003148072573453,-6.00149599494067,2025,Post-fire
2025-05-15,,9.333007525925926e-06,-5.947675092592586e-07,,-5.029978383966257,-6.2256527639813255,2025,Post-fire
2025-05-20,,9.715284325925926e-06,-1.8535377592592594e-06,,-5.012544484886764,-5.731998562334226,2025,Post-fire
2025-05-21,,8.8773168e-06,-8.379675259259257e-07,,-5.051718281411032,-6.076772811422764,2025,Post-fire
2025-05-22,,8.672265805555556e-06,-2.050509944444448e-07,,-5.061867419445341,-6.6881381201551475,2025,Post-fire
2025-05-23,,8.183882940740741e-06,-4.883828648148143e-07,,-5.087040591240414,-6.31123958192396,2025,Post-fire
2025-05-25,,7.729011566666665e-06,-2.8769082222222393e-07,,-5.111876042768627,-6.5410739925477035,2025,Post-fire
2025-05-26,,7.470915733333333e-06,-2.5809583333333175e-07,,-5.126626162099055,-6.5882190065950255,2025,Post-fire
2025-05-28,,7.020763825925926e-06,-2.633724592592599e-07,,-5.153615636112498,-6.579429640980448,2025,Post-fire
2025-05-29,,6.816515796296296e-06,-2.0424802962962938e-07,,-5.166437554536854,-6.689842124392153,2025,Post-fire
2025-05-31,,6.512077422222222e-06,-2.2448602037037006e-07,,-5.186280444752146,-6.648810699048385,2025,Post-fire
2025-06-01,,6.237414294444444e-06,-2.746631277777777e-07,,-5.20499540877626,-6.561199638640815,2025,Post-fire
2025-06-02,2025-06-03,6.0996157e-06,-2.736307444444449e-07,Aggregated,-5.214697526403486,-6.562835108002955,2025,Post-fire
2025-06-11,,5.215633374074074e-06,-2.3574391481481433e-07,,-5.282692944349109,-6.627559508755875,2025,Post-fire
2025-06-06,2025-06-07,6.072282122222222e-06,-2.254200814814822e-07,Aggregated,-5.216648059036487,-6.647007397570665,2025,Post-fire
2025-06-08,2025-06-09,5.784517558333333e-06,-3.118780888888887e-07,Aggregated,-5.237732856330334,-6.506015135691432,2025,Post-fire
2025-06-22,,9.582713196296295e-06,-2.8448715648148163e-06,,-5.018511509778273,-5.545937335578677,2025,Post-fire
2025-06-23,,6.501114494444444e-06,-3.0815987018518514e-06,,-5.187012185311455,-5.511223917505552,2025,Post-fire
2025-06-24,,5.5816050722222215e-06,-9.195094222222224e-07,,-5.2532408953684,-6.036443816183215,2025,Post-fire
2025-06-25,,4.901018649999999e-06,-6.805864222222225e-07,,-5.309713644849811,-6.167116719378889,2025,Post-fire
2025-07-01,,4.3147724e-06,-3.227426944444445e-07,,-5.365042107951329,-6.491143579575481,2025,Post-fire
2025-07-17,,3.393296533333333e-06,-2.640934888888889e-07,,-5.4693781865785285,-6.578242306004301,2025,Post-fire
2025-07-18,,2.933246855555556e-06,-4.600496777777769e-07,,-5.532651386220169,-6.337195269144819,2025,Post-fire
2025-07-20,,2.442733675925926e-06,-4.612131574074073e-07,,-5.612123880296617,-6.336098311724421,2025,Post-fire
2025-07-12,2025-07-14,3.884424226851852e-06,-1.1043224259259261e-07,Aggregated,-5.410673345880442,-6.956904108348939,2025,Post-fire
2025-07-21,2025-07-23,2.344763775e-06,-1.2566399351851848e-07,Aggregated,-5.629900904071127,-6.900789142809661,2025,Post-fire
2025-07-24,2025-07-27,2.0685520722222222e-06,-8.8943374691358e-08,Aggregated,-5.684333542018106,-7.050886396564277,2025,Post-fire
