START DATE,Q,dQdt,Mode,log_Q,log_dQdt,WATERYEAR,Fire,END DATE
2000-06-13,9.752410475200004e-05,-2.0882403595999958e-05,Raw,-4.010888027717539,-4.680219514845935,2000,Pre-fire,
2000-06-14,6.855113641200001e-05,-2.897296834000003e-05,Raw,-4.163985341262945,-4.538007008156853,2000,Pre-fire,
2000-06-15,5.4447314088000016e-05,-1.4103822323999995e-05,Raw,-4.2640235393339445,-4.850663171794413,2000,Pre-fire,
2000-06-16,4.581008956400001e-05,-8.637224524000004e-06,Raw,-4.339038859127366,-5.06362579080322,2000,Pre-fire,
2000-06-17,3.990616394e-05,-5.903925624000015e-06,Raw,-4.3989600176371875,-5.228859122270692,2000,Pre-fire,
2000-06-18,3.586088156800001e-05,-4.045282371999988e-06,Raw,-4.445379038381983,-5.393051158026668,2000,Pre-fire,
2000-06-19,3.269025484400001e-05,-3.1706267239999997e-06,Raw,-4.485581693769232,-5.498854884194706,2000,Pre-fire,
2000-06-20,3.0394283768000004e-05,-2.2959710760000045e-06,Raw,-4.517208086175585,-5.639033587359742,2000,Pre-fire,
2000-06-21,2.8098312692000003e-05,-2.295971076000001e-06,Raw,-4.551319758762367,-5.639033587359743,2000,Pre-fire,
2000-06-22,2.634900139600001e-05,-1.7493112959999939e-06,Raw,-4.579235839518793,-5.757132899437739,2000,Pre-fire,
2000-06-23,2.449035814400001e-05,-1.858643252e-06,Raw,-4.611004863759499,-5.730803960715388,2000,Pre-fire,
2000-06-24,2.317837467200001e-05,-1.3119834719999997e-06,Raw,-4.6349170211649104,-5.882071636046037,2000,Pre-fire,
2000-06-25,2.1757059244000004e-05,-1.4213154280000058e-06,Raw,-4.662399805683955,-5.847309529786823,2000,Pre-fire,
2000-06-26,2.0882403596e-05,-8.746556480000054e-07,Raw,-4.680219514845934,-6.058162895101716,2000,Pre-fire,
2000-06-27,1.9461088168000003e-05,-1.4213154279999957e-06,Raw,-4.710832879784768,-5.847309529786826,2000,Pre-fire,
2000-06-28,1.9023760344e-05,-4.373278240000044e-07,Raw,-4.720703633811062,-6.359192890765695,2000,Pre-fire,
2000-06-29,1.8149104696000003e-05,-8.746556479999952e-07,Raw,-4.741144794053606,-6.05816289510172,2000,Pre-fire,
2000-06-30,1.7274449048000004e-05,-8.746556479999986e-07,Raw,-4.762595795139239,-6.058162895101719,2000,Pre-fire,
2000-07-01,1.6837121224000003e-05,-4.37327824000001e-07,Raw,-4.773732161257199,-6.359192890765699,2000,Pre-fire,
2000-07-02,1.6290461444000003e-05,-5.466597800000004e-07,Raw,-4.788066613681387,-6.2622828777576425,2000,Pre-fire,
2000-07-09,1.3666494500000002e-05,-8.746556480000003e-07,Raw,-4.864342869085605,-6.058162895101718,2000,Pre-fire,
2000-07-10,1.3119834720000002e-05,-5.466597800000004e-07,Raw,-4.882071636046037,-6.2622828777576425,2000,Pre-fire,
2000-07-11,1.2682506896000002e-05,-4.373278239999993e-07,Raw,-4.896794892866743,-6.3591928907657,2000,Pre-fire,
2000-07-12,1.2245179072000005e-05,-4.373278239999976e-07,Raw,-4.91203485942348,-6.359192890765701,2000,Pre-fire,
2000-07-13,1.1807851248000002e-05,-4.373278240000027e-07,Raw,-4.927829126606712,-6.359192890765697,2000,Pre-fire,
2000-07-14,1.1370523424e-05,-4.373278240000027e-07,Raw,-4.944219542794881,-6.359192890765697,2000,Pre-fire,
2001-05-17,8.888688022800003e-05,-3.4111570271999964e-05,Raw,-4.051162336499593,-4.46709828807522,2001,Pre-fire,
2001-05-18,6.898846423600001e-05,-1.989841599200002e-05,Raw,-4.161223522849528,-4.701181494108586,2001,Pre-fire,
2001-05-19,5.7617940812e-05,-1.1370523424000006e-05,Raw,-4.239442266881115,-4.944219542794881,2001,Pre-fire,
2001-05-20,4.9418044112e-05,-8.1998967e-06,Raw,-4.30611444728228,-5.086191618701962,2001,Pre-fire,
2001-05-21,4.307679066400001e-05,-6.341253447999993e-06,Raw,-4.3657566602680875,-5.197824888530725,2001,Pre-fire,
2001-05-22,3.8594180468e-05,-4.482610196000013e-06,Raw,-4.413478176705839,-5.348469025373925,2001,Pre-fire,
2001-05-23,3.4986225920000006e-05,-3.6079545479999906e-06,Raw,-4.456102903773756,-5.442738942215775,2001,Pre-fire,
2001-05-24,3.181559919600001e-05,-3.1706267239999997e-06,Raw,-4.497359893107754,-5.498854884194706,2001,Pre-fire,
2001-05-25,2.951962812000001e-05,-2.2959710759999977e-06,Raw,-4.529889117934674,-5.639033587359743,2001,Pre-fire,
2001-05-26,2.7660984868e-05,-1.8586432520000102e-06,Raw,-4.558132360917844,-5.730803960715385,2001,Pre-fire,
2001-05-27,2.5911673572000005e-05,-1.7493112959999939e-06,Raw,-4.586504536083558,-5.757132899437739,2001,Pre-fire,
2001-05-28,2.449035814400001e-05,-1.4213154279999957e-06,Raw,-4.611004863759499,-5.847309529786826,2001,Pre-fire,
2001-05-29,2.317837467200001e-05,-1.3119834719999997e-06,Raw,-4.6349170211649104,-5.882071636046037,2001,Pre-fire,
2001-05-30,2.1757059244000004e-05,-1.4213154280000058e-06,Raw,-4.662399805683955,-5.847309529786823,2001,Pre-fire,
2001-05-31,2.0445075772000004e-05,-1.3119834719999997e-06,Raw,-4.689411275557163,-5.882071636046037,2001,Pre-fire,
2001-06-01,2.0007747948000003e-05,-4.37327824000001e-07,Raw,-4.698801792363232,-6.359192890765699,2001,Pre-fire,
2001-06-07,1.858643252e-05,-2.733298900000002e-06,Raw,-4.730803960715388,-5.563312873421624,2001,Pre-fire,
2001-06-08,1.7274449048000004e-05,-1.3119834719999963e-06,Raw,-4.762595795139239,-5.882071636046038,2001,Pre-fire,
2001-06-09,1.6837121224000003e-05,-4.37327824000001e-07,Raw,-4.773732161257199,-6.359192890765699,2001,Pre-fire,
2001-06-10,1.5853133620000002e-05,-9.839876040000014e-07,Raw,-4.799884879858687,-6.007010372654336,2001,Pre-fire,
2001-06-13,1.858643252e-05,-3.170626724000003e-06,Raw,-4.730803960715388,-5.498854884194706,2001,Pre-fire,
2001-06-14,1.6290461444000003e-05,-2.2959710759999977e-06,Raw,-4.788066613681387,-5.639033587359743,2001,Pre-fire,
2001-06-15,1.5415805796e-05,-8.74655648000002e-07,Raw,-4.8120337694382815,-6.0581628951017175,2001,Pre-fire,
2001-06-16,1.4978477972000003e-05,-4.373278239999976e-07,Raw,-4.8245323149372545,-6.359192890765701,2001,Pre-fire,
2001-06-17,1.4103822324000005e-05,-8.746556479999986e-07,Raw,-4.850663171794412,-6.058162895101719,2001,Pre-fire,
2001-06-18,1.3666494500000002e-05,-4.373278240000027e-07,Raw,-4.864342869085605,-6.359192890765697,2001,Pre-fire,
2001-06-19,1.2682506896000002e-05,-9.839876039999997e-07,Raw,-4.896794892866743,-6.007010372654337,2001,Pre-fire,
2001-06-20,1.2245179072000005e-05,-4.373278239999976e-07,Raw,-4.91203485942348,-6.359192890765701,2001,Pre-fire,
2001-06-21,1.1807851248000002e-05,-4.373278240000027e-07,Raw,-4.927829126606712,-6.359192890765697,2001,Pre-fire,
2001-06-22,1.1370523424e-05,-4.373278240000027e-07,Raw,-4.944219542794881,-6.359192890765697,2001,Pre-fire,
2001-06-23,1.0933195600000002e-05,-4.373278239999976e-07,Raw,-4.961252882093662,-6.359192890765701,2001,Pre-fire,
2001-06-28,1.1370523424e-05,-2.2959710760000028e-06,Raw,-4.944219542794881,-5.639033587359742,2001,Pre-fire,
2001-06-29,1.038653582e-05,-9.839876039999997e-07,Raw,-4.983529276804814,-6.007010372654337,2001,Pre-fire,
2001-06-30,9.949207996000002e-06,-4.373278239999976e-07,Raw,-5.002211489772568,-6.359192890765701,2001,Pre-fire,
2001-07-01,9.511880172e-06,-4.373278240000027e-07,Raw,-5.021733629475043,-6.359192890765697,2001,Pre-fire,
2001-07-02,9.074552348000002e-06,-4.373278239999976e-07,Raw,-5.0421747897175875,-6.359192890765701,2001,Pre-fire,
2001-07-04,8.637224524000002e-06,-4.373278239999993e-07,Raw,-5.06362579080322,-6.3591928907657,2001,Pre-fire,
2001-07-05,8.199896700000001e-06,-4.37327824000001e-07,Raw,-5.086191618701962,-6.359192890765699,2001,Pre-fire,
2001-07-06,7.762568876e-06,-4.37327824000001e-07,Raw,-5.109994533374587,-6.359192890765699,2001,Pre-fire,
2001-07-07,7.2159090960000015e-06,-5.466597799999987e-07,Raw,-5.141708946551793,-6.262282877757644,2001,Pre-fire,
2001-07-13,9.511880172e-06,-4.154614328000003e-06,Raw,-5.021733629475043,-5.381469285476851,2001,Pre-fire,
2001-07-14,8.199896700000001e-06,-1.311983471999998e-06,Raw,-5.086191618701962,-5.882071636046038,2001,Pre-fire,
2001-07-15,7.2159090960000015e-06,-9.839876039999997e-07,Raw,-5.141708946551793,-6.007010372654337,2001,Pre-fire,
2001-08-24,4.5919421520000005e-06,-8.746556480000003e-07,Raw,-5.338003591695761,-6.058162895101718,2001,Pre-fire,
2001-08-25,4.2639462840000006e-06,-3.279958679999999e-07,Raw,-5.370188275067163,-6.4841316273739995,2001,Pre-fire,
2001-08-26,4.154614328e-06,-1.0933195600000025e-07,Raw,-5.381469285476852,-6.96125288209366,2001,Pre-fire,
2001-08-27,4.045282372000001e-06,-1.093319559999994e-07,Raw,-5.393051158026666,-6.961252882093664,2001,Pre-fire,
2002-04-15,0.00023725034452,-0.000243591597968,Raw,-3.624793148245132,-3.6133376955919703,2002,Pre-fire,
2002-04-16,0.000153830062092,-8.3420282428e-05,Raw,-3.812958784658916,-4.078728344138781,2002,Pre-fire,
2002-04-17,0.000118843836172,-3.498622592000001e-05,Raw,-3.9250233380073674,-4.456102903773756,2002,Pre-fire,
2002-04-18,9.752410475200004e-05,-2.1319731419999955e-05,Raw,-4.010888027717539,-4.671218270731145,2002,Pre-fire,
2002-04-19,8.4404270032e-05,-1.3119834720000037e-05,Raw,-4.073635581757926,-4.882071636046036,2002,Pre-fire,
2002-04-20,7.3908402256e-05,-1.0495867775999997e-05,Raw,-4.131306186152026,-4.978981649054093,2002,Pre-fire,
2002-04-21,6.712982098400001e-05,-6.778581271999997e-06,Raw,-4.173084510952494,-5.168861192595408,2002,Pre-fire,
2002-04-22,6.264721078800001e-05,-4.482610195999999e-06,Raw,-4.203098260126271,-5.348469025373927,2002,Pre-fire,
2002-04-23,5.991391188800001e-05,-2.733298900000002e-06,Raw,-4.222472323609293,-5.563312873421624,2002,Pre-fire,
2002-04-24,5.6743285164000014e-05,-3.170626723999993e-06,Raw,-4.246085524245204,-5.4988548841947065,2002,Pre-fire,
2002-04-25,5.630595734000001e-05,-4.373278240000044e-07,Raw,-4.2494456530524705,-6.359192890765695,2002,Pre-fire,
2002-04-27,5.630595734000001e-05,-1.3119834719999929e-06,Raw,-4.2494456530524705,-5.88207163604604,2002,Pre-fire,
2002-04-28,5.1714015188000014e-05,-4.591942151999995e-06,Raw,-4.28639174135585,-5.338003591695761,2002,Pre-fire,
2002-04-29,5.0402031716000014e-05,-1.3119834719999997e-06,Raw,-4.297551956704013,-5.882071636046037,2002,Pre-fire,
2002-05-04,5.357265844000001e-05,-3.607954548000011e-06,Raw,-4.271056802065148,-5.442738942215773,2002,Pre-fire,
2002-05-05,5.083935954000001e-05,-2.7332988999999953e-06,Raw,-4.293799929203708,-5.563312873421625,2002,Pre-fire,
2002-05-06,4.810606064000001e-05,-2.733298900000002e-06,Raw,-4.317800205607474,-5.563312873421624,2002,Pre-fire,
2002-05-07,4.351411848800001e-05,-4.591942152000002e-06,Raw,-4.361369810019974,-5.338003591695761,2002,Pre-fire,
2002-05-08,4.034349176400001e-05,-3.1706267239999997e-06,Raw,-4.3942265159346015,-5.498854884194706,2002,Pre-fire,
2002-05-09,3.8594180468e-05,-1.7493112960000108e-06,Raw,-4.413478176705839,-5.757132899437734,2002,Pre-fire,
2002-05-10,3.6298209392000006e-05,-2.295971075999991e-06,Raw,-4.440114798389625,-5.639033587359744,2002,Pre-fire,
2002-05-11,3.586088156800001e-05,-4.373278239999976e-07,Raw,-4.445379038381983,-6.359192890765701,2002,Pre-fire,
2002-05-19,4.723140499200001e-05,-1.7493112960000108e-06,Raw,-4.325769135278749,-5.757132899437734,2002,Pre-fire,
2002-05-20,4.4935433916e-05,-2.2959710760000045e-06,Raw,-4.347411060217593,-5.639033587359742,2002,Pre-fire,
2002-05-21,4.351411848800001e-05,-1.4213154279999957e-06,Raw,-4.361369810019974,-5.847309529786826,2002,Pre-fire,
2002-05-30,6.942579206e-05,-9.511880172000006e-06,Raw,-4.158479156801686,-5.021733629475043,2002,Pre-fire,
2002-05-31,5.892992428400001e-05,-1.0495867775999997e-05,Raw,-4.229664116906923,-4.978981649054093,2002,Pre-fire,
2002-06-01,5.2151343012000005e-05,-6.778581272000004e-06,Raw,-4.282734503053548,-5.168861192595408,2002,Pre-fire,
2002-06-02,4.6247417388000016e-05,-5.903925623999988e-06,Raw,-4.334912514718619,-5.228859122270694,2002,Pre-fire,
2002-06-03,4.1764807192e-05,-4.48261019600002e-06,Raw,-4.379189519181953,-5.348469025373924,2002,Pre-fire,
2002-06-04,3.990616394e-05,-1.858643252e-06,Raw,-4.3989600176371875,-5.730803960715388,2002,Pre-fire,
2002-06-05,3.9031508292e-05,-8.746556479999952e-07,Raw,-4.4085846659814685,-6.05816289510172,2002,Pre-fire,
2002-06-06,3.6735537216e-05,-2.2959710760000045e-06,Raw,-4.434913604703818,-5.639033587359742,2002,Pre-fire,
2002-06-07,3.3127582668e-05,-3.6079545479999973e-06,Raw,-4.479810253591356,-5.442738942215774,2002,Pre-fire,
2002-06-08,2.9956955944000007e-05,-3.170626723999993e-06,Raw,-4.523502319273273,-5.4988548841947065,2002,Pre-fire,
2002-06-09,2.7223657044000008e-05,-2.7332988999999987e-06,Raw,-4.565053534997925,-5.563312873421625,2002,Pre-fire,
2002-06-10,2.5911673572000005e-05,-1.311983472000003e-06,Raw,-4.586504536083558,-5.882071636046036,2002,Pre-fire,
2002-06-19,2.6786329220000004e-05,-9.511880172000003e-06,Raw,-4.5720867977291295,-5.021733629475043,2002,Pre-fire,
2002-06-20,2.3615702496000004e-05,-3.1706267239999997e-06,Raw,-4.6267991309427305,-5.498854884194706,2002,Pre-fire,
2002-06-21,2.1757059244000004e-05,-1.858643252e-06,Raw,-4.662399805683955,-5.730803960715388,2002,Pre-fire,
2002-06-22,2.0882403596e-05,-8.746556480000054e-07,Raw,-4.680219514845934,-6.058162895101716,2002,Pre-fire,
2002-06-23,1.9461088168000003e-05,-1.4213154279999957e-06,Raw,-4.710832879784768,-5.847309529786826,2002,Pre-fire,
2002-06-24,1.8149104696000003e-05,-1.3119834719999997e-06,Raw,-4.741144794053606,-5.882071636046037,2002,Pre-fire,
2002-06-25,1.7274449048000004e-05,-8.746556479999986e-07,Raw,-4.762595795139239,-6.058162895101719,2002,Pre-fire,
2002-06-26,1.6290461444000003e-05,-9.839876040000014e-07,Raw,-4.788066613681387,-6.007010372654336,2002,Pre-fire,
2002-06-27,1.5853133620000002e-05,-4.37327824000001e-07,Raw,-4.799884879858687,-6.359192890765699,2002,Pre-fire,
2002-06-28,1.5415805796e-05,-4.37327824000001e-07,Raw,-4.8120337694382815,-6.359192890765699,2002,Pre-fire,
2002-06-30,1.6290461444000003e-05,-2.2959710759999977e-06,Raw,-4.788066613681387,-5.639033587359743,2002,Pre-fire,
2002-07-01,1.4978477972000003e-05,-1.3119834719999997e-06,Raw,-4.8245323149372545,-5.882071636046037,2002,Pre-fire,
2002-07-02,1.4103822324000005e-05,-8.746556479999986e-07,Raw,-4.850663171794412,-6.058162895101719,2002,Pre-fire,
2002-07-03,1.3666494500000002e-05,-4.373278240000027e-07,Raw,-4.864342869085605,-6.359192890765697,2002,Pre-fire,
2002-07-04,1.3119834720000002e-05,-5.466597800000004e-07,Raw,-4.882071636046037,-6.2622828777576425,2002,Pre-fire,
2002-07-05,1.2682506896000002e-05,-4.373278239999993e-07,Raw,-4.896794892866743,-6.3591928907657,2002,Pre-fire,
2002-07-06,1.2245179072000005e-05,-4.373278239999976e-07,Raw,-4.91203485942348,-6.359192890765701,2002,Pre-fire,
2002-07-08,1.1807851248000002e-05,-4.373278240000027e-07,Raw,-4.927829126606712,-6.359192890765697,2002,Pre-fire,
2002-07-09,1.1370523424e-05,-4.373278240000027e-07,Raw,-4.944219542794881,-6.359192890765697,2002,Pre-fire,
2002-07-10,1.0933195600000002e-05,-4.373278239999976e-07,Raw,-4.961252882093662,-6.359192890765701,2002,Pre-fire,
2002-07-11,1.038653582e-05,-5.466597800000021e-07,Raw,-4.983529276804814,-6.262282877757642,2002,Pre-fire,
2002-07-24,8.199896700000001e-06,-4.37327824000001e-07,Raw,-5.086191618701962,-6.359192890765699,2002,Pre-fire,
2002-07-25,7.762568876e-06,-4.37327824000001e-07,Raw,-5.109994533374587,-6.359192890765699,2002,Pre-fire,
2002-07-26,7.2159090960000015e-06,-5.466597799999987e-07,Raw,-5.141708946551793,-6.262282877757644,2002,Pre-fire,
2003-04-12,9.982007582800002e-05,-9.074552347999981e-06,Raw,-4.000782104559363,-5.042174789717588,2003,Pre-fire,
2003-04-13,9.83987604e-05,-1.4213154280000295e-06,Raw,-4.007010372654337,-5.847309529786816,2003,Pre-fire,
2003-04-14,8.757489675600001e-05,-1.0823863643999985e-05,Raw,-4.057620366009424,-4.965617687496112,2003,Pre-fire,
2003-04-15,7.937500005600001e-05,-8.1998967e-06,Raw,-4.100316261393568,-5.086191618701962,2003,Pre-fire,
2003-04-16,7.532971768400001e-05,-4.045282372000002e-06,Raw,-4.123033660186036,-5.393051158026666,2003,Pre-fire,
2003-04-19,7.303374660800001e-05,-7.215909096000008e-06,Raw,-4.136476419618116,-5.141708946551793,2003,Pre-fire,
2003-04-20,6.712982098400001e-05,-5.903925624000002e-06,Raw,-4.173084510952494,-5.228859122270693,2003,Pre-fire,
2003-04-21,6.483384990800001e-05,-2.2959710759999977e-06,Raw,-4.188198188729399,-5.639033587359743,2003,Pre-fire,
2003-04-22,6.122589536e-05,-3.607954548000004e-06,Raw,-4.213064855087461,-5.442738942215774,2003,Pre-fire,
2003-04-23,6.0351239712e-05,-8.746556480000088e-07,Raw,-4.219313804364463,-6.058162895101714,2003,Pre-fire,
2003-04-25,6.439652208400001e-05,-6.3412534479999994e-06,Raw,-4.19113758730656,-5.197824888530724,2003,Pre-fire,
2003-04-26,6.1663223184e-05,-2.733298900000009e-06,Raw,-4.209973778110319,-5.563312873421623,2003,Pre-fire,
2003-04-27,5.892992428400001e-05,-2.7332988999999953e-06,Raw,-4.229664116906923,-5.563312873421625,2003,Pre-fire,
2003-04-28,5.575929756e-05,-3.1706267240000065e-06,Raw,-4.253682705995725,-5.498854884194705,2003,Pre-fire,
2003-04-29,5.3135330616000016e-05,-2.6239669439999857e-06,Raw,-4.274616612831368,-5.581041640382058,2003,Pre-fire,
2003-04-30,5.1714015188000014e-05,-1.4213154280000024e-06,Raw,-4.28639174135585,-5.847309529786824,2003,Pre-fire,
2003-05-01,4.9855371936e-05,-1.8586432520000136e-06,Raw,-4.302288039429227,-5.7308039607153844,2003,Pre-fire,
2003-05-02,4.9418044112e-05,-4.373278239999976e-07,Raw,-4.30611444728228,-6.359192890765701,2003,Pre-fire,
2003-05-06,6.1663223184e-05,-4.591942151999995e-06,Raw,-4.209973778110319,-5.338003591695761,2003,Pre-fire,
2003-05-07,5.630595734000001e-05,-5.357265843999995e-06,Raw,-4.2494456530524705,-5.271056802065148,2003,Pre-fire,
2003-05-08,5.258867083600001e-05,-3.717286504e-06,Raw,-4.27910780571983,-5.429773965051407,2003,Pre-fire,
2003-05-09,4.898071628800002e-05,-3.6079545479999906e-06,Raw,-4.309974868095518,-5.442738942215775,2003,Pre-fire,
2003-05-10,4.6247417388000016e-05,-2.733298900000002e-06,Raw,-4.334912514718619,-5.563312873421624,2003,Pre-fire,
2003-05-15,5.0402031716000014e-05,-1.7493112959999905e-06,Raw,-4.297551956704013,-5.75713289943774,2003,Pre-fire,
2003-05-16,4.581008956400001e-05,-4.591942152000002e-06,Raw,-4.339038859127366,-5.338003591695761,2003,Pre-fire,
2003-05-17,4.2202135016e-05,-3.607954548000011e-06,Raw,-4.374665577421907,-5.442738942215773,2003,Pre-fire,
2003-05-18,3.8594180468e-05,-3.607954548000004e-06,Raw,-4.413478176705839,-5.442738942215774,2003,Pre-fire,
2003-05-19,3.586088156800001e-05,-2.7332988999999885e-06,Raw,-4.445379038381983,-5.563312873421626,2003,Pre-fire,
2003-05-20,3.4439566140000006e-05,-1.4213154280000024e-06,Raw,-4.462942328304061,-5.847309529786824,2003,Pre-fire,
2003-05-25,3.9031508292e-05,-2.2959710760000045e-06,Raw,-4.4085846659814685,-5.639033587359742,2003,Pre-fire,
2003-05-26,3.4439566140000006e-05,-4.591942151999995e-06,Raw,-4.462942328304061,-5.338003591695761,2003,Pre-fire,
2003-05-27,3.181559919600001e-05,-2.6239669439999993e-06,Raw,-4.497359893107754,-5.581041640382056,2003,Pre-fire,
2003-05-28,3.0831611592e-05,-9.839876040000048e-07,Raw,-4.5110037737743,-6.007010372654335,2003,Pre-fire,
2003-05-29,2.8535640516000004e-05,-2.2959710759999977e-06,Raw,-4.54461237475538,-5.639033587359743,2003,Pre-fire,
2003-05-30,2.7660984868e-05,-8.746556480000054e-07,Raw,-4.558132360917844,-6.058162895101716,2003,Pre-fire,
2003-05-31,2.4927685968e-05,-2.7332988999999987e-06,Raw,-4.603318035093208,-5.563312873421625,2003,Pre-fire,
2003-06-01,2.2741046848e-05,-2.1866391200000017e-06,Raw,-4.6431895471309,-5.66022288642968,2003,Pre-fire,
2003-06-02,2.1319731420000003e-05,-1.4213154279999957e-06,Raw,-4.671218270731144,-5.847309529786826,2003,Pre-fire,
2003-06-03,2.0007747948000003e-05,-1.3119834719999997e-06,Raw,-4.698801792363232,-5.882071636046037,2003,Pre-fire,
2003-06-04,1.858643252e-05,-1.4213154280000024e-06,Raw,-4.730803960715388,-5.847309529786824,2003,Pre-fire,
2003-06-05,1.7711776872000005e-05,-8.746556479999952e-07,Raw,-4.7517378675510304,-6.05816289510172,2003,Pre-fire,
2003-06-06,1.6837121224000003e-05,-8.74655648000002e-07,Raw,-4.773732161257199,-6.0581628951017175,2003,Pre-fire,
2003-06-07,1.5853133620000002e-05,-9.839876040000014e-07,Raw,-4.799884879858687,-6.007010372654336,2003,Pre-fire,
2003-06-08,1.5415805796e-05,-4.37327824000001e-07,Raw,-4.8120337694382815,-6.359192890765699,2003,Pre-fire,
2003-06-09,1.4978477972000003e-05,-4.373278239999976e-07,Raw,-4.8245323149372545,-6.359192890765701,2003,Pre-fire,
2003-06-10,1.4541150148000002e-05,-4.37327824000001e-07,Raw,-4.837401241126576,-6.359192890765699,2003,Pre-fire,
2003-06-11,1.4103822324000005e-05,-4.373278239999976e-07,Raw,-4.850663171794412,-6.359192890765701,2003,Pre-fire,
2003-06-12,1.3666494500000002e-05,-4.373278240000027e-07,Raw,-4.864342869085605,-6.359192890765697,2003,Pre-fire,
2003-06-25,9.949207996000002e-06,-4.373278239999976e-07,Raw,-5.002211489772568,-6.359192890765701,2003,Pre-fire,
2003-06-26,9.511880172e-06,-4.373278240000027e-07,Raw,-5.021733629475043,-6.359192890765697,2003,Pre-fire,
2003-06-27,9.074552348000002e-06,-4.373278239999976e-07,Raw,-5.0421747897175875,-6.359192890765701,2003,Pre-fire,
2004-06-11,6.1663223184e-05,-8.637224523999997e-06,Raw,-4.209973778110319,-5.06362579080322,2004,Pre-fire,
2004-06-12,5.357265844000001e-05,-8.090564743999997e-06,Raw,-4.271056802065148,-5.092021162362686,2004,Pre-fire,
2004-06-13,4.810606064000001e-05,-5.466597799999997e-06,Raw,-4.317800205607474,-5.262282877757643,2004,Pre-fire,
2004-06-14,4.2202135016e-05,-5.903925624000009e-06,Raw,-4.374665577421907,-5.228859122270692,2004,Pre-fire,
2004-06-15,3.7610192864000006e-05,-4.591942151999995e-06,Raw,-4.424694439522131,-5.338003591695761,2004,Pre-fire,
2004-06-16,3.4002238316e-05,-3.607954548000004e-06,Raw,-4.468492493066824,-5.442738942215774,2004,Pre-fire,
2004-06-17,3.1268939416000006e-05,-2.7332988999999953e-06,Raw,-4.5048868489646186,-5.563312873421625,2004,Pre-fire,
2004-06-18,2.8535640516000004e-05,-2.733298900000002e-06,Raw,-4.54461237475538,-5.563312873421624,2004,Pre-fire,
2004-06-19,2.634900139600001e-05,-2.186639119999995e-06,Raw,-4.579235839518793,-5.660222886429682,2004,Pre-fire,
2004-06-20,2.449035814400001e-05,-1.858643252e-06,Raw,-4.611004863759499,-5.730803960715388,2004,Pre-fire,
2004-06-21,2.317837467200001e-05,-1.3119834719999997e-06,Raw,-4.6349170211649104,-5.882071636046037,2004,Pre-fire,
2004-06-22,2.1757059244000004e-05,-1.4213154280000058e-06,Raw,-4.662399805683955,-5.847309529786823,2004,Pre-fire,
2004-06-23,2.0882403596e-05,-8.746556480000054e-07,Raw,-4.680219514845934,-6.058162895101716,2004,Pre-fire,
2004-06-24,1.9461088168000003e-05,-1.4213154279999957e-06,Raw,-4.710832879784768,-5.847309529786826,2004,Pre-fire,
2004-06-25,1.858643252e-05,-8.74655648000002e-07,Raw,-4.730803960715388,-6.0581628951017175,2004,Pre-fire,
2004-06-26,1.7711776872000005e-05,-8.746556479999952e-07,Raw,-4.7517378675510304,-6.05816289510172,2004,Pre-fire,
2004-06-27,1.6837121224000003e-05,-8.74655648000002e-07,Raw,-4.773732161257199,-6.0581628951017175,2004,Pre-fire,
2004-06-28,1.6290461444000003e-05,-5.466597800000004e-07,Raw,-4.788066613681387,-6.2622828777576425,2004,Pre-fire,
2004-06-29,1.5853133620000002e-05,-4.37327824000001e-07,Raw,-4.799884879858687,-6.359192890765699,2004,Pre-fire,
2004-06-30,1.4978477972000003e-05,-8.746556479999986e-07,Raw,-4.8245323149372545,-6.058162895101719,2004,Pre-fire,
2004-07-01,1.4541150148000002e-05,-4.37327824000001e-07,Raw,-4.837401241126576,-6.359192890765699,2004,Pre-fire,
2004-07-02,1.4103822324000005e-05,-4.373278239999976e-07,Raw,-4.850663171794412,-6.359192890765701,2004,Pre-fire,
2004-07-03,1.3666494500000002e-05,-4.373278240000027e-07,Raw,-4.864342869085605,-6.359192890765697,2004,Pre-fire,
2004-07-04,1.3119834720000002e-05,-5.466597800000004e-07,Raw,-4.882071636046037,-6.2622828777576425,2004,Pre-fire,
2004-07-05,1.2682506896000002e-05,-4.373278239999993e-07,Raw,-4.896794892866743,-6.3591928907657,2004,Pre-fire,
2004-07-06,1.2245179072000005e-05,-4.373278239999976e-07,Raw,-4.91203485942348,-6.359192890765701,2004,Pre-fire,
2004-07-07,1.1807851248000002e-05,-4.373278240000027e-07,Raw,-4.927829126606712,-6.359192890765697,2004,Pre-fire,
2004-07-08,1.1370523424e-05,-4.373278240000027e-07,Raw,-4.944219542794881,-6.359192890765697,2004,Pre-fire,
2005-06-09,5.488464191200001e-05,-1.1370523423999992e-05,Raw,-4.260549164948642,-4.944219542794881,2005,Pre-fire,
2005-06-10,4.723140499200001e-05,-7.653236919999999e-06,Raw,-4.325769135278749,-5.116154842079405,2005,Pre-fire,
2005-06-11,4.4935433916e-05,-2.2959710760000045e-06,Raw,-4.347411060217593,-5.639033587359742,2005,Pre-fire,
2005-06-12,4.2202135016e-05,-2.733298900000002e-06,Raw,-4.374665577421907,-5.563312873421624,2005,Pre-fire,
2005-06-13,3.8156852644000006e-05,-4.045282371999995e-06,Raw,-4.4184274551344815,-5.393051158026667,2005,Pre-fire,
2005-06-14,3.4986225920000006e-05,-3.1706267239999997e-06,Raw,-4.456102903773756,-5.498854884194706,2005,Pre-fire,
2005-06-15,3.2252927020000004e-05,-2.733298900000002e-06,Raw,-4.491430866115499,-5.563312873421624,2005,Pre-fire,
2005-06-16,3.181559919600001e-05,-4.373278239999976e-07,Raw,-4.497359893107754,-6.359192890765701,2005,Pre-fire,
2005-06-21,2.9082300296000005e-05,-3.1706267239999997e-06,Raw,-4.536371245462595,-5.498854884194706,2005,Pre-fire,
2005-06-22,2.7223657044000008e-05,-1.8586432519999967e-06,Raw,-4.565053534997925,-5.730803960715389,2005,Pre-fire,
2005-06-23,2.5365013792000005e-05,-1.8586432520000035e-06,Raw,-4.595764897202762,-5.730803960715387,2005,Pre-fire,
2005-06-24,2.4053030320000005e-05,-1.3119834719999997e-06,Raw,-4.6188302012714555,-5.882071636046037,2005,Pre-fire,
2005-06-25,2.2741046848e-05,-1.3119834720000064e-06,Raw,-4.6431895471309,-5.882071636046035,2005,Pre-fire,
2005-06-26,2.1319731420000003e-05,-1.4213154279999957e-06,Raw,-4.671218270731144,-5.847309529786826,2005,Pre-fire,
2005-06-27,2.0882403596e-05,-4.373278240000044e-07,Raw,-4.680219514845934,-6.359192890765695,2005,Pre-fire,
2005-06-29,2.0007747948000003e-05,-1.3119834719999997e-06,Raw,-4.698801792363232,-5.882071636046037,2005,Pre-fire,
2005-06-30,1.9023760344e-05,-9.839876040000048e-07,Raw,-4.720703633811062,-6.007010372654335,2005,Pre-fire,
2005-07-01,1.7711776872000005e-05,-1.3119834719999929e-06,Raw,-4.7517378675510304,-5.88207163604604,2005,Pre-fire,
2005-07-02,1.7274449048000004e-05,-4.37327824000001e-07,Raw,-4.762595795139239,-6.359192890765699,2005,Pre-fire,
2005-07-03,1.6290461444000003e-05,-9.839876040000014e-07,Raw,-4.788066613681387,-6.007010372654336,2005,Pre-fire,
2005-07-04,1.5853133620000002e-05,-4.37327824000001e-07,Raw,-4.799884879858687,-6.359192890765699,2005,Pre-fire,
2005-07-05,1.5415805796e-05,-4.37327824000001e-07,Raw,-4.8120337694382815,-6.359192890765699,2005,Pre-fire,
2005-07-06,1.4978477972000003e-05,-4.373278239999976e-07,Raw,-4.8245323149372545,-6.359192890765701,2005,Pre-fire,
2005-07-07,1.4541150148000002e-05,-4.37327824000001e-07,Raw,-4.837401241126576,-6.359192890765699,2005,Pre-fire,
2005-07-08,1.4103822324000005e-05,-4.373278239999976e-07,Raw,-4.850663171794412,-6.359192890765701,2005,Pre-fire,
2005-07-11,1.4103822324000005e-05,-4.373278239999976e-07,Raw,-4.850663171794412,-6.359192890765701,2005,Pre-fire,
2005-07-12,1.3119834720000002e-05,-9.839876040000031e-07,Raw,-4.882071636046037,-6.007010372654335,2005,Pre-fire,
2005-07-13,1.2682506896000002e-05,-4.373278239999993e-07,Raw,-4.896794892866743,-6.3591928907657,2005,Pre-fire,
2005-07-14,1.2245179072000005e-05,-4.373278239999976e-07,Raw,-4.91203485942348,-6.359192890765701,2005,Pre-fire,
2005-07-15,1.1807851248000002e-05,-4.373278240000027e-07,Raw,-4.927829126606712,-6.359192890765697,2005,Pre-fire,
2005-07-16,1.1370523424e-05,-4.373278240000027e-07,Raw,-4.944219542794881,-6.359192890765697,2005,Pre-fire,
2006-05-30,4.4935433916e-05,-8.637224524000004e-06,Raw,-4.347411060217593,-5.06362579080322,2006,Pre-fire,
2006-05-31,3.8156852644000006e-05,-6.778581271999997e-06,Raw,-4.4184274551344815,-5.168861192595408,2006,Pre-fire,
2006-06-01,3.542355374400001e-05,-2.7332988999999953e-06,Raw,-4.450707871887049,-5.563312873421625,2006,Pre-fire,
2006-06-05,4.9855371936e-05,-3.279958680000016e-06,Raw,-4.302288039429227,-5.484131627373997,2006,Pre-fire,
2006-06-06,4.2639462840000006e-05,-7.215909095999995e-06,Raw,-4.370188275067163,-5.141708946551794,2006,Pre-fire,
2006-06-07,3.7610192864000006e-05,-5.029269976e-06,Raw,-4.424694439522131,-5.298495050412088,2006,Pre-fire,
2006-06-08,3.3564910492000004e-05,-4.045282372000002e-06,Raw,-4.474114506616475,-5.393051158026666,2006,Pre-fire,
2006-06-09,3.0394283768000004e-05,-3.1706267239999997e-06,Raw,-4.517208086175585,-5.498854884194706,2006,Pre-fire,
2006-06-10,2.8098312692000003e-05,-2.295971076000001e-06,Raw,-4.551319758762367,-5.639033587359743,2006,Pre-fire,
2006-06-11,2.634900139600001e-05,-1.7493112959999939e-06,Raw,-4.579235839518793,-5.757132899437739,2006,Pre-fire,
2006-06-15,2.7223657044000008e-05,-4.3732782399999085e-07,Raw,-4.565053534997925,-6.3591928907657085,2006,Pre-fire,
2006-06-16,2.6786329220000004e-05,-4.373278240000044e-07,Raw,-4.5720867977291295,-6.359192890765695,2006,Pre-fire,
2006-06-17,2.634900139600001e-05,-4.3732782399999424e-07,Raw,-4.579235839518793,-6.359192890765705,2006,Pre-fire,
2006-06-18,2.4053030320000005e-05,-2.2959710760000045e-06,Raw,-4.6188302012714555,-5.639033587359742,2006,Pre-fire,
2006-06-19,2.2741046848e-05,-1.3119834720000064e-06,Raw,-4.6431895471309,-5.882071636046035,2006,Pre-fire,
2006-06-20,2.1757059244000004e-05,-9.839876039999947e-07,Raw,-4.662399805683955,-6.00701037265434,2006,Pre-fire,
2006-06-21,2.0445075772000004e-05,-1.3119834719999997e-06,Raw,-4.689411275557163,-5.882071636046037,2006,Pre-fire,
2006-06-22,1.9461088168000003e-05,-9.839876040000014e-07,Raw,-4.710832879784768,-6.007010372654336,2006,Pre-fire,
2006-06-23,1.858643252e-05,-8.74655648000002e-07,Raw,-4.730803960715388,-6.0581628951017175,2006,Pre-fire,
2006-06-24,1.7711776872000005e-05,-8.746556479999952e-07,Raw,-4.7517378675510304,-6.05816289510172,2006,Pre-fire,
2006-06-25,1.6837121224000003e-05,-8.74655648000002e-07,Raw,-4.773732161257199,-6.0581628951017175,2006,Pre-fire,
2006-06-26,1.5853133620000002e-05,-9.839876040000014e-07,Raw,-4.799884879858687,-6.007010372654336,2006,Pre-fire,
2006-06-27,1.5415805796e-05,-4.37327824000001e-07,Raw,-4.8120337694382815,-6.359192890765699,2006,Pre-fire,
2006-06-28,1.4978477972000003e-05,-4.373278239999976e-07,Raw,-4.8245323149372545,-6.359192890765701,2006,Pre-fire,
2006-06-30,1.7274449048000004e-05,-2.7332988999999987e-06,Raw,-4.762595795139239,-5.563312873421625,2006,Pre-fire,
2006-07-01,1.6290461444000003e-05,-9.839876040000014e-07,Raw,-4.788066613681387,-6.007010372654336,2006,Pre-fire,
2006-07-02,1.4978477972000003e-05,-1.3119834719999997e-06,Raw,-4.8245323149372545,-5.882071636046037,2006,Pre-fire,
2006-07-03,1.4103822324000005e-05,-8.746556479999986e-07,Raw,-4.850663171794412,-6.058162895101719,2006,Pre-fire,
2006-07-05,1.4103822324000005e-05,-1.3119834719999963e-06,Raw,-4.850663171794412,-5.882071636046038,2006,Pre-fire,
2006-07-06,1.3666494500000002e-05,-4.373278240000027e-07,Raw,-4.864342869085605,-6.359192890765697,2006,Pre-fire,
2006-07-07,1.3119834720000002e-05,-5.466597800000004e-07,Raw,-4.882071636046037,-6.2622828777576425,2006,Pre-fire,
2006-07-08,1.2682506896000002e-05,-4.373278239999993e-07,Raw,-4.896794892866743,-6.3591928907657,2006,Pre-fire,
2006-07-09,1.2245179072000005e-05,-4.373278239999976e-07,Raw,-4.91203485942348,-6.359192890765701,2006,Pre-fire,
2006-07-10,1.1807851248000002e-05,-4.373278240000027e-07,Raw,-4.927829126606712,-6.359192890765697,2006,Pre-fire,
2006-07-11,1.1370523424e-05,-4.373278240000027e-07,Raw,-4.944219542794881,-6.359192890765697,2006,Pre-fire,
2006-07-14,1.0933195600000002e-05,-4.373278239999976e-07,Raw,-4.961252882093662,-6.359192890765701,2006,Pre-fire,
2006-07-15,1.038653582e-05,-5.466597800000021e-07,Raw,-4.983529276804814,-6.262282877757642,2006,Pre-fire,
2006-07-16,9.949207996000002e-06,-4.373278239999976e-07,Raw,-5.002211489772568,-6.359192890765701,2006,Pre-fire,
2006-08-24,4.482610196000001e-06,-1.093319559999994e-07,Raw,-5.348469025373926,-6.961252882093664,2006,Pre-fire,
2006-08-25,4.373278240000001e-06,-1.0933195600000025e-07,Raw,-5.3591928907657,-6.96125288209366,2006,Pre-fire,
2006-08-26,4.2639462840000006e-06,-1.0933195600000025e-07,Raw,-5.370188275067163,-6.96125288209366,2006,Pre-fire,
2006-08-31,4.154614328e-06,-1.0933195600000025e-07,Raw,-5.381469285476852,-6.96125288209366,2006,Pre-fire,
2006-09-01,4.045282372000001e-06,-1.093319559999994e-07,Raw,-5.393051158026666,-6.961252882093664,2006,Pre-fire,
2006-09-02,3.935950416000001e-06,-1.0933195600000025e-07,Raw,-5.404950381326374,-6.96125288209366,2006,Pre-fire,
2007-04-10,5.5321969736e-05,-4.591942152000009e-06,Raw,-4.257102365253862,-5.33800359169576,2007,Pre-fire,
2007-04-11,5.127668736400001e-05,-4.045282371999988e-06,Raw,-4.290080039378578,-5.393051158026668,2007,Pre-fire,
2007-04-12,4.9855371936e-05,-1.4213154280000092e-06,Raw,-4.302288039429227,-5.8473095297868225,2007,Pre-fire,
2007-04-13,4.810606064000001e-05,-1.7493112959999905e-06,Raw,-4.317800205607474,-5.75713289943774,2007,Pre-fire,
2007-04-18,4.668474521200001e-05,-1.4213154280000024e-06,Raw,-4.330825007068638,-5.847309529786824,2007,Pre-fire,
2007-04-19,4.537276174000001e-05,-1.3119834719999997e-06,Raw,-4.343204785381569,-5.882071636046037,2007,Pre-fire,
2007-04-20,4.307679066400001e-05,-2.2959710759999977e-06,Raw,-4.3657566602680875,-5.639033587359743,2007,Pre-fire,
2007-04-23,5.2151343012000005e-05,-1.8586432520000068e-06,Raw,-4.282734503053548,-5.730803960715386,2007,Pre-fire,
2007-04-24,4.8543388464000014e-05,-3.6079545479999906e-06,Raw,-4.313869911979042,-5.442738942215775,2007,Pre-fire,
2007-04-25,4.6247417388000016e-05,-2.2959710759999977e-06,Raw,-4.334912514718619,-5.639033587359743,2007,Pre-fire,
2007-04-26,4.307679066400001e-05,-3.1706267240000065e-06,Raw,-4.3657566602680875,-5.498854884194705,2007,Pre-fire,
2007-04-27,4.034349176400001e-05,-2.733298900000002e-06,Raw,-4.3942265159346015,-5.563312873421624,2007,Pre-fire,
2007-04-29,3.9031508292e-05,-1.3119834720000064e-06,Raw,-4.4085846659814685,-5.882071636046035,2007,Pre-fire,
2007-04-30,3.717286504e-05,-1.858643252e-06,Raw,-4.429773965051407,-5.730803960715388,2007,Pre-fire,
2007-05-01,3.542355374400001e-05,-1.7493112959999905e-06,Raw,-4.450707871887049,-5.75713289943774,2007,Pre-fire,
2007-05-04,3.6735537216e-05,-1.858643252e-06,Raw,-4.434913604703818,-5.730803960715388,2007,Pre-fire,
2007-05-05,3.4986225920000006e-05,-1.7493112959999905e-06,Raw,-4.456102903773756,-5.75713289943774,2007,Pre-fire,
2007-05-06,3.3564910492000004e-05,-1.4213154280000024e-06,Raw,-4.474114506616475,-5.847309529786824,2007,Pre-fire,
2007-05-09,3.542355374400001e-05,-4.373278239999976e-07,Raw,-4.450707871887049,-6.359192890765701,2007,Pre-fire,
2007-05-10,3.3127582668e-05,-2.2959710760000112e-06,Raw,-4.479810253591356,-5.63903358735974,2007,Pre-fire,
2007-05-11,3.1268939416000006e-05,-1.8586432519999933e-06,Raw,-4.5048868489646186,-5.73080396071539,2007,Pre-fire,
2007-05-12,2.9956955944000007e-05,-1.3119834719999997e-06,Raw,-4.523502319273273,-5.882071636046037,2007,Pre-fire,
2007-05-13,2.7660984868e-05,-2.295971076000008e-06,Raw,-4.558132360917844,-5.639033587359741,2007,Pre-fire,
2007-05-14,2.634900139600001e-05,-1.3119834719999895e-06,Raw,-4.579235839518793,-5.8820716360460406,2007,Pre-fire,
2007-05-15,2.5911673572000005e-05,-4.373278240000044e-07,Raw,-4.586504536083558,-6.359192890765695,2007,Pre-fire,
2007-05-16,2.4927685968e-05,-9.839876040000048e-07,Raw,-4.603318035093208,-6.007010372654335,2007,Pre-fire,
2007-05-17,2.4053030320000005e-05,-8.746556479999952e-07,Raw,-4.6188302012714555,-6.05816289510172,2007,Pre-fire,
2007-05-18,2.2741046848e-05,-1.3119834720000064e-06,Raw,-4.6431895471309,-5.882071636046035,2007,Pre-fire,
2007-05-19,2.1757059244000004e-05,-9.839876039999947e-07,Raw,-4.662399805683955,-6.00701037265434,2007,Pre-fire,
2007-05-23,2.0882403596e-05,-1.858643252e-06,Raw,-4.680219514845934,-5.730803960715388,2007,Pre-fire,
2007-05-24,2.0007747948000003e-05,-8.746556479999952e-07,Raw,-4.698801792363232,-6.05816289510172,2007,Pre-fire,
2007-05-25,1.9023760344e-05,-9.839876040000048e-07,Raw,-4.720703633811062,-6.007010372654335,2007,Pre-fire,
2007-05-26,1.8149104696000003e-05,-8.746556479999952e-07,Raw,-4.741144794053606,-6.05816289510172,2007,Pre-fire,
2007-05-27,1.7711776872000005e-05,-4.373278239999976e-07,Raw,-4.7517378675510304,-6.359192890765701,2007,Pre-fire,
2007-05-28,1.7274449048000004e-05,-4.37327824000001e-07,Raw,-4.762595795139239,-6.359192890765699,2007,Pre-fire,
2007-05-29,1.6837121224000003e-05,-4.37327824000001e-07,Raw,-4.773732161257199,-6.359192890765699,2007,Pre-fire,
2007-05-30,1.6290461444000003e-05,-5.466597800000004e-07,Raw,-4.788066613681387,-6.2622828777576425,2007,Pre-fire,
2007-05-31,1.5853133620000002e-05,-4.37327824000001e-07,Raw,-4.799884879858687,-6.359192890765699,2007,Pre-fire,
2007-06-01,1.5415805796e-05,-4.37327824000001e-07,Raw,-4.8120337694382815,-6.359192890765699,2007,Pre-fire,
2007-06-02,1.4978477972000003e-05,-4.373278239999976e-07,Raw,-4.8245323149372545,-6.359192890765701,2007,Pre-fire,
2007-06-03,1.4103822324000005e-05,-8.746556479999986e-07,Raw,-4.850663171794412,-6.058162895101719,2007,Pre-fire,
2007-06-07,1.7274449048000004e-05,-1.3119834719999963e-06,Raw,-4.762595795139239,-5.882071636046038,2007,Pre-fire,
2007-06-08,1.5853133620000002e-05,-1.4213154280000024e-06,Raw,-4.799884879858687,-5.847309529786824,2007,Pre-fire,
2007-06-09,1.5415805796e-05,-4.37327824000001e-07,Raw,-4.8120337694382815,-6.359192890765699,2007,Pre-fire,
2007-06-11,1.7274449048000004e-05,-1.7493112959999939e-06,Raw,-4.762595795139239,-5.757132899437739,2007,Pre-fire,
2007-06-12,1.5853133620000002e-05,-1.4213154280000024e-06,Raw,-4.799884879858687,-5.847309529786824,2007,Pre-fire,
2007-06-13,1.4978477972000003e-05,-8.746556479999986e-07,Raw,-4.8245323149372545,-6.058162895101719,2007,Pre-fire,
2007-06-14,1.4103822324000005e-05,-8.746556479999986e-07,Raw,-4.850663171794412,-6.058162895101719,2007,Pre-fire,
2007-06-15,1.3666494500000002e-05,-4.373278240000027e-07,Raw,-4.864342869085605,-6.359192890765697,2007,Pre-fire,
2007-06-20,1.2245179072000005e-05,-4.373278239999976e-07,Raw,-4.91203485942348,-6.359192890765701,2007,Pre-fire,
2007-06-21,1.1807851248000002e-05,-4.373278240000027e-07,Raw,-4.927829126606712,-6.359192890765697,2007,Pre-fire,
2007-06-22,1.1370523424e-05,-4.373278240000027e-07,Raw,-4.944219542794881,-6.359192890765697,2007,Pre-fire,
2007-09-06,4.5919421520000005e-06,-4.3732782400000017e-07,Raw,-5.338003591695761,-6.3591928907657,2007,Pre-fire,
2007-09-07,4.482610196000001e-06,-1.093319559999994e-07,Raw,-5.348469025373926,-6.961252882093664,2007,Pre-fire,
2007-09-08,4.373278240000001e-06,-1.0933195600000025e-07,Raw,-5.3591928907657,-6.96125288209366,2007,Pre-fire,
2007-09-09,4.2639462840000006e-06,-1.0933195600000025e-07,Raw,-5.370188275067163,-6.96125288209366,2007,Pre-fire,
2008-05-18,0.00026950327154,-2.678632922e-05,Raw,-3.5694359584804127,-4.5720867977291295,2008,Pre-fire,
2008-05-19,0.000228613119996,-4.0890151544e-05,Raw,-3.64089884927599,-4.388381279893181,2008,Pre-fire,
2008-05-20,0.000216805268748,-1.1807851248000004e-05,Raw,-3.663930167888359,-4.927829126606712,2008,Pre-fire,
2008-05-21,0.00018149104696,-3.531422178799999e-05,Raw,-3.7411447940536067,-4.452050359762559,2008,Pre-fire,
2008-05-22,0.00014377152214,-3.771952482000001e-05,Raw,-3.842327129267885,-4.423433787020388,2008,Pre-fire,
2008-05-23,0.000115673209448,-2.8098312691999993e-05,Raw,-3.9367672143944947,-4.551319758762367,2008,Pre-fire,
2008-05-24,9.982007582800002e-05,-1.5853133619999978e-05,Raw,-4.000782104559363,-4.799884879858688,2008,Pre-fire,
2008-05-30,0.00012245179072,-2.3178374671999996e-05,Raw,-3.91203485942348,-4.6349170211649104,2008,Pre-fire,
2008-05-31,0.000116110537272,-6.341253448000013e-06,Raw,-3.9351283653482114,-5.197824888530723,2008,Pre-fire,
2008-06-01,0.000108019972528,-8.090564744000003e-06,Raw,-3.966495937506034,-5.092021162362685,2008,Pre-fire,
2008-06-02,9.3916150204e-05,-1.4103822324000001e-05,Raw,-4.027259718262419,-4.850663171794412,2008,Pre-fire,
2008-06-15,8.167097113200001e-05,-2.2959710760000112e-06,Raw,-4.087932280278263,-5.63903358735974,2008,Pre-fire,
2008-06-16,7.981232788000001e-05,-1.858643252e-06,Raw,-4.097930021973206,-5.730803960715388,2008,Pre-fire,
2008-06-17,7.664170115600001e-05,-3.170626723999993e-06,Raw,-4.115534864127003,-5.4988548841947065,2008,Pre-fire,
2008-06-18,6.898846423600001e-05,-7.653236920000006e-06,Raw,-4.161223522849528,-5.116154842079404,2008,Pre-fire,
2008-06-19,6.3084538612e-05,-5.903925624000002e-06,Raw,-4.20007706893793,-5.228859122270693,2008,Pre-fire,
2008-06-22,6.1663223184e-05,-5.0292699760000066e-06,Raw,-4.209973778110319,-5.298495050412087,2008,Pre-fire,
2008-06-23,5.5321969736e-05,-6.341253448000006e-06,Raw,-4.257102365253862,-5.197824888530724,2008,Pre-fire,
2008-06-24,5.0402031716000014e-05,-4.9199380199999834e-06,Raw,-4.297551956704013,-5.30804036831832,2008,Pre-fire,
2008-06-25,4.810606064000001e-05,-2.2959710760000045e-06,Raw,-4.317800205607474,-5.639033587359742,2008,Pre-fire,
2008-06-26,4.668474521200001e-05,-1.4213154280000024e-06,Raw,-4.330825007068638,-5.847309529786824,2008,Pre-fire,
2008-06-27,4.6247417388000016e-05,-4.3732782399999085e-07,Raw,-4.334912514718619,-6.3591928907657085,2008,Pre-fire,
2008-06-30,4.581008956400001e-05,-4.591942152000002e-06,Raw,-4.339038859127366,-5.338003591695761,2008,Pre-fire,
2008-07-01,4.0780819588000006e-05,-5.0292699760000066e-06,Raw,-4.389544050284974,-5.298495050412087,2008,Pre-fire,
2008-07-02,3.6735537216e-05,-4.0452823720000085e-06,Raw,-4.434913604703818,-5.393051158026666,2008,Pre-fire,
2008-07-03,3.3127582668e-05,-3.6079545479999973e-06,Raw,-4.479810253591356,-5.442738942215774,2008,Pre-fire,
2008-07-04,2.9956955944000007e-05,-3.170626723999993e-06,Raw,-4.523502319273273,-5.4988548841947065,2008,Pre-fire,
2008-07-05,2.7223657044000008e-05,-2.7332988999999987e-06,Raw,-4.565053534997925,-5.563312873421625,2008,Pre-fire,
2008-07-06,2.5365013792000005e-05,-1.8586432520000035e-06,Raw,-4.595764897202762,-5.730803960715387,2008,Pre-fire,
2008-07-07,2.3615702496000004e-05,-1.7493112960000007e-06,Raw,-4.6267991309427305,-5.757132899437737,2008,Pre-fire,
2008-07-08,2.2741046848e-05,-8.746556480000054e-07,Raw,-4.6431895471309,-6.058162895101716,2008,Pre-fire,
2008-07-09,2.1319731420000003e-05,-1.4213154279999957e-06,Raw,-4.671218270731144,-5.847309529786826,2008,Pre-fire,
2008-07-10,2.0445075772000004e-05,-8.746556479999986e-07,Raw,-4.689411275557163,-6.058162895101719,2008,Pre-fire,
2008-07-11,1.9461088168000003e-05,-9.839876040000014e-07,Raw,-4.710832879784768,-6.007010372654336,2008,Pre-fire,
2008-07-12,1.858643252e-05,-8.74655648000002e-07,Raw,-4.730803960715388,-6.0581628951017175,2008,Pre-fire,
2008-07-13,1.7711776872000005e-05,-8.746556479999952e-07,Raw,-4.7517378675510304,-6.05816289510172,2008,Pre-fire,
2008-07-14,1.7274449048000004e-05,-4.37327824000001e-07,Raw,-4.762595795139239,-6.359192890765699,2008,Pre-fire,
2008-07-15,1.6837121224000003e-05,-4.37327824000001e-07,Raw,-4.773732161257199,-6.359192890765699,2008,Pre-fire,
2008-07-16,1.6290461444000003e-05,-5.466597800000004e-07,Raw,-4.788066613681387,-6.2622828777576425,2008,Pre-fire,
2008-07-17,1.5853133620000002e-05,-4.37327824000001e-07,Raw,-4.799884879858687,-6.359192890765699,2008,Pre-fire,
2008-07-18,1.5415805796e-05,-4.37327824000001e-07,Raw,-4.8120337694382815,-6.359192890765699,2008,Pre-fire,
2008-07-19,1.4978477972000003e-05,-4.373278239999976e-07,Raw,-4.8245323149372545,-6.359192890765701,2008,Pre-fire,
2008-07-20,1.4541150148000002e-05,-4.37327824000001e-07,Raw,-4.837401241126576,-6.359192890765699,2008,Pre-fire,
2008-08-22,1.2682506896000002e-05,-5.466597800000001e-06,Raw,-4.896794892866743,-5.2622828777576425,2008,Pre-fire,
2008-08-23,1.1370523424e-05,-1.311983472000003e-06,Raw,-4.944219542794881,-5.882071636046036,2008,Pre-fire,
2008-08-24,1.038653582e-05,-9.839876039999997e-07,Raw,-4.983529276804814,-6.007010372654337,2008,Pre-fire,
2008-08-25,9.949207996000002e-06,-4.373278239999976e-07,Raw,-5.002211489772568,-6.359192890765701,2008,Pre-fire,
2009-05-18,9.0308195656e-05,-3.17062672400002e-06,Raw,-4.044272834773279,-5.498854884194703,2009,Pre-fire,
2009-05-19,8.298295460400001e-05,-7.325241051999991e-06,Raw,-4.081011106198181,-5.135178079392836,2009,Pre-fire,
2009-05-20,6.5817837512e-05,-1.7165117092000012e-05,Raw,-4.181656390835837,-4.765353229684428,2009,Pre-fire,
2009-05-21,5.6743285164000014e-05,-9.074552347999988e-06,Raw,-4.246085524245204,-5.042174789717588,2009,Pre-fire,
2009-05-22,5.3135330616000016e-05,-3.6079545479999973e-06,Raw,-4.274616612831368,-5.442738942215774,2009,Pre-fire,
2009-05-23,5.1714015188000014e-05,-1.4213154280000024e-06,Raw,-4.28639174135585,-5.847309529786824,2009,Pre-fire,
2009-05-24,4.9418044112e-05,-2.2959710760000112e-06,Raw,-4.30611444728228,-5.63903358735974,2009,Pre-fire,
2009-05-25,4.537276174000001e-05,-4.045282371999995e-06,Raw,-4.343204785381569,-5.393051158026667,2009,Pre-fire,
2009-05-26,4.1764807192e-05,-3.607954548000011e-06,Raw,-4.379189519181953,-5.442738942215773,2009,Pre-fire,
2009-05-27,3.990616394e-05,-1.858643252e-06,Raw,-4.3989600176371875,-5.730803960715388,2009,Pre-fire,
2009-05-28,3.9468836116000006e-05,-4.3732782399999085e-07,Raw,-4.4037456801880035,-6.3591928907657085,2009,Pre-fire,
2009-05-30,3.6735537216e-05,-2.733298900000009e-06,Raw,-4.434913604703818,-5.563312873421623,2009,Pre-fire,
2009-05-31,3.4002238316e-05,-2.7332988999999953e-06,Raw,-4.468492493066824,-5.563312873421625,2009,Pre-fire,
2009-06-01,3.1268939416000006e-05,-2.7332988999999953e-06,Raw,-4.5048868489646186,-5.563312873421625,2009,Pre-fire,
2009-06-02,2.9082300296000005e-05,-2.1866391200000017e-06,Raw,-4.536371245462595,-5.66022288642968,2009,Pre-fire,
2009-06-03,2.7223657044000008e-05,-1.8586432519999967e-06,Raw,-4.565053534997925,-5.730803960715389,2009,Pre-fire,
2009-06-05,2.5911673572000005e-05,-1.7493112959999939e-06,Raw,-4.586504536083558,-5.757132899437739,2009,Pre-fire,
2009-06-06,2.449035814400001e-05,-1.4213154279999957e-06,Raw,-4.611004863759499,-5.847309529786826,2009,Pre-fire,
2009-06-07,2.317837467200001e-05,-1.3119834719999997e-06,Raw,-4.6349170211649104,-5.882071636046037,2009,Pre-fire,
2009-06-08,2.1757059244000004e-05,-1.4213154280000058e-06,Raw,-4.662399805683955,-5.847309529786823,2009,Pre-fire,
2009-06-09,2.0882403596e-05,-8.746556480000054e-07,Raw,-4.680219514845934,-6.058162895101716,2009,Pre-fire,
2009-06-15,1.9461088168000003e-05,-1.4213154279999957e-06,Raw,-4.710832879784768,-5.847309529786826,2009,Pre-fire,
2009-06-16,1.858643252e-05,-8.74655648000002e-07,Raw,-4.730803960715388,-6.0581628951017175,2009,Pre-fire,
2009-06-17,1.7711776872000005e-05,-8.746556479999952e-07,Raw,-4.7517378675510304,-6.05816289510172,2009,Pre-fire,
2009-06-18,1.6837121224000003e-05,-8.74655648000002e-07,Raw,-4.773732161257199,-6.0581628951017175,2009,Pre-fire,
2009-06-23,1.4978477972000003e-05,-8.746556479999986e-07,Raw,-4.8245323149372545,-6.058162895101719,2009,Pre-fire,
2009-06-24,1.4541150148000002e-05,-4.37327824000001e-07,Raw,-4.837401241126576,-6.359192890765699,2009,Pre-fire,
2009-06-25,1.4103822324000005e-05,-4.373278239999976e-07,Raw,-4.850663171794412,-6.359192890765701,2009,Pre-fire,
2009-06-27,1.3119834720000002e-05,-9.839876040000031e-07,Raw,-4.882071636046037,-6.007010372654335,2009,Pre-fire,
2009-06-28,1.2682506896000002e-05,-4.373278239999993e-07,Raw,-4.896794892866743,-6.3591928907657,2009,Pre-fire,
2009-06-29,1.2245179072000005e-05,-4.373278239999976e-07,Raw,-4.91203485942348,-6.359192890765701,2009,Pre-fire,
2009-07-04,1.0933195600000002e-05,-4.373278239999976e-07,Raw,-4.961252882093662,-6.359192890765701,2009,Pre-fire,
2009-07-05,1.038653582e-05,-5.466597800000021e-07,Raw,-4.983529276804814,-6.262282877757642,2009,Pre-fire,
2009-07-06,9.949207996000002e-06,-4.373278239999976e-07,Raw,-5.002211489772568,-6.359192890765701,2009,Pre-fire,
2009-07-14,9.511880172e-06,-4.373278240000027e-07,Raw,-5.021733629475043,-6.359192890765697,2009,Pre-fire,
2009-07-15,9.074552348000002e-06,-4.373278239999976e-07,Raw,-5.0421747897175875,-6.359192890765701,2009,Pre-fire,
2009-07-16,8.637224524000002e-06,-4.373278239999993e-07,Raw,-5.06362579080322,-6.3591928907657,2009,Pre-fire,
2009-07-17,8.199896700000001e-06,-4.37327824000001e-07,Raw,-5.086191618701962,-6.359192890765699,2009,Pre-fire,
2009-08-08,6.778581272000001e-06,-4.3732782400000017e-07,Raw,-5.168861192595408,-6.3591928907657,2009,Pre-fire,
2009-08-09,6.341253448000001e-06,-4.3732782400000017e-07,Raw,-5.197824888530724,-6.3591928907657,2009,Pre-fire,
2009-08-10,5.903925624000001e-06,-4.3732782400000017e-07,Raw,-5.228859122270693,-6.3591928907657,2009,Pre-fire,
2010-06-05,0.000245887569044,-8.3420282428e-05,Raw,-3.6092634266580297,-4.078728344138781,2010,Pre-fire,
2010-06-06,0.000166075241164,-7.981232788e-05,Raw,-3.7796951082308756,-4.097930021973206,2010,Pre-fire,
2010-06-07,0.00013065168742,-3.5423553743999984e-05,Raw,-3.8838849768095054,-4.45070787188705,2010,Pre-fire,
2010-06-08,9.894542018e-05,-3.170626724000001e-05,Raw,-4.004604302888459,-4.498854884194706,2010,Pre-fire,
2010-06-09,9.1182851304e-05,-7.762568876000002e-06,Raw,-4.040086831455923,-5.109994533374587,2010,Pre-fire,
2010-06-11,8.844955240400002e-05,-8.637224524000024e-06,Raw,-4.053304360481389,-5.063625790803219,2010,Pre-fire,
2010-06-12,7.532971768400001e-05,-1.311983472000001e-05,Raw,-4.123033660186036,-4.882071636046037,2010,Pre-fire,
2010-06-13,6.395919426e-05,-1.1370523424000006e-05,Raw,-4.194097016011481,-4.944219542794881,2010,Pre-fire,
2010-06-14,5.488464191200001e-05,-9.074552347999995e-06,Raw,-4.260549164948642,-5.042174789717588,2010,Pre-fire,
2010-06-15,4.8543388464000014e-05,-6.341253447999993e-06,Raw,-4.313869911979042,-5.197824888530725,2010,Pre-fire,
2010-06-16,4.4935433916e-05,-3.607954548000011e-06,Raw,-4.347411060217593,-5.442738942215773,2010,Pre-fire,
2010-06-17,4.1327479368000006e-05,-3.6079545479999973e-06,Raw,-4.383761082256436,-5.442738942215774,2010,Pre-fire,
2010-06-18,3.717286504e-05,-4.1546143280000045e-06,Raw,-4.429773965051407,-5.381469285476851,2010,Pre-fire,
2010-06-19,3.4439566140000006e-05,-2.7332988999999953e-06,Raw,-4.462942328304061,-5.563312873421625,2010,Pre-fire,
2010-06-20,3.2252927020000004e-05,-2.1866391200000017e-06,Raw,-4.491430866115499,-5.66022288642968,2010,Pre-fire,
2010-06-21,2.9956955944000007e-05,-2.2959710759999977e-06,Raw,-4.523502319273273,-5.639033587359743,2010,Pre-fire,
2010-06-22,2.8098312692000003e-05,-1.8586432520000035e-06,Raw,-4.551319758762367,-5.730803960715387,2010,Pre-fire,
2010-06-23,2.6786329220000004e-05,-1.3119834719999997e-06,Raw,-4.5720867977291295,-5.882071636046037,2010,Pre-fire,
2010-06-24,2.4927685968e-05,-1.8586432520000035e-06,Raw,-4.603318035093208,-5.730803960715387,2010,Pre-fire,
2010-06-25,2.3615702496000004e-05,-1.3119834719999963e-06,Raw,-4.6267991309427305,-5.882071636046038,2010,Pre-fire,
2010-06-26,2.2741046848e-05,-8.746556480000054e-07,Raw,-4.6431895471309,-6.058162895101716,2010,Pre-fire,
2010-06-27,2.1319731420000003e-05,-1.4213154279999957e-06,Raw,-4.671218270731144,-5.847309529786826,2010,Pre-fire,
2010-06-28,2.0445075772000004e-05,-8.746556479999986e-07,Raw,-4.689411275557163,-6.058162895101719,2010,Pre-fire,
2010-06-29,1.9461088168000003e-05,-9.839876040000014e-07,Raw,-4.710832879784768,-6.007010372654336,2010,Pre-fire,
2010-06-30,1.9023760344e-05,-4.373278240000044e-07,Raw,-4.720703633811062,-6.359192890765695,2010,Pre-fire,
2010-07-01,1.858643252e-05,-4.373278239999976e-07,Raw,-4.730803960715388,-6.359192890765701,2010,Pre-fire,
2010-07-03,1.7711776872000005e-05,-8.746556479999952e-07,Raw,-4.7517378675510304,-6.05816289510172,2010,Pre-fire,
2010-07-04,1.7274449048000004e-05,-4.37327824000001e-07,Raw,-4.762595795139239,-6.359192890765699,2010,Pre-fire,
2010-07-05,1.6290461444000003e-05,-9.839876040000014e-07,Raw,-4.788066613681387,-6.007010372654336,2010,Pre-fire,
2010-07-06,1.5415805796e-05,-8.74655648000002e-07,Raw,-4.8120337694382815,-6.0581628951017175,2010,Pre-fire,
2010-07-07,1.4978477972000003e-05,-4.373278239999976e-07,Raw,-4.8245323149372545,-6.359192890765701,2010,Pre-fire,
2010-07-08,1.4541150148000002e-05,-4.37327824000001e-07,Raw,-4.837401241126576,-6.359192890765699,2010,Pre-fire,
2010-07-09,1.4103822324000005e-05,-4.373278239999976e-07,Raw,-4.850663171794412,-6.359192890765701,2010,Pre-fire,
2010-07-10,1.3666494500000002e-05,-4.373278240000027e-07,Raw,-4.864342869085605,-6.359192890765697,2010,Pre-fire,
2010-07-11,1.3119834720000002e-05,-5.466597800000004e-07,Raw,-4.882071636046037,-6.2622828777576425,2010,Pre-fire,
2010-07-13,1.2682506896000002e-05,-4.373278239999993e-07,Raw,-4.896794892866743,-6.3591928907657,2010,Pre-fire,
2010-07-14,1.2245179072000005e-05,-4.373278239999976e-07,Raw,-4.91203485942348,-6.359192890765701,2010,Pre-fire,
2010-07-15,1.1807851248000002e-05,-4.373278240000027e-07,Raw,-4.927829126606712,-6.359192890765697,2010,Pre-fire,
2010-07-16,1.1370523424e-05,-4.373278240000027e-07,Raw,-4.944219542794881,-6.359192890765697,2010,Pre-fire,
2010-07-17,1.0933195600000002e-05,-4.373278239999976e-07,Raw,-4.961252882093662,-6.359192890765701,2010,Pre-fire,
2011-05-29,0.000110643939472,-2.591167357199999e-05,Raw,-3.9560723695898816,-4.586504536083558,2011,Pre-fire,
2011-05-30,9.664944910400002e-05,-1.3994490367999978e-05,Raw,-4.0148006170805886,-4.854042912445794,2011,Pre-fire,
2011-05-31,9.621212128000002e-05,-4.373278239999976e-07,Raw,-4.016770209943493,-6.359192890765701,2011,Pre-fire,
2011-06-01,9.4790805852e-05,-1.421315428000016e-06,Raw,-4.023233784617451,-5.84730952978682,2011,Pre-fire,
2011-06-07,8.844955240400002e-05,-1.1807851247999977e-05,Raw,-4.053304360481389,-4.927829126606713,2011,Pre-fire,
2011-06-08,7.6204373332e-05,-1.2245179072000015e-05,Raw,-4.1180201039956525,-4.912034859423479,2011,Pre-fire,
2011-06-09,6.712982098400001e-05,-9.074552347999995e-06,Raw,-4.173084510952494,-5.042174789717588,2011,Pre-fire,
2011-06-10,6.5817837512e-05,-1.3119834720000064e-06,Raw,-4.181656390835837,-5.882071636046035,2011,Pre-fire,
2011-06-11,6.3084538612e-05,-2.7332988999999953e-06,Raw,-4.20007706893793,-5.563312873421625,2011,Pre-fire,
2011-06-12,5.849259646e-05,-4.591942152000009e-06,Raw,-4.232899100072434,-5.33800359169576,2011,Pre-fire,
2011-06-14,5.991391188800001e-05,-5.466597800000011e-06,Raw,-4.222472323609293,-5.2622828777576425,2011,Pre-fire,
2011-06-15,5.357265844000001e-05,-6.3412534479999994e-06,Raw,-4.271056802065148,-5.197824888530724,2011,Pre-fire,
2011-06-16,4.766873281600001e-05,-5.903925623999995e-06,Raw,-4.321766392825076,-5.228859122270694,2011,Pre-fire,
2011-06-17,4.351411848800001e-05,-4.1546143280000045e-06,Raw,-4.361369810019974,-5.381469285476851,2011,Pre-fire,
2011-06-23,3.9468836116000006e-05,-4.045282372000002e-06,Raw,-4.4037456801880035,-5.393051158026666,2011,Pre-fire,
2011-06-24,3.3127582668e-05,-6.341253448000006e-06,Raw,-4.479810253591356,-5.197824888530724,2011,Pre-fire,
2011-06-25,2.9956955944000007e-05,-3.170626723999993e-06,Raw,-4.523502319273273,-5.4988548841947065,2011,Pre-fire,
2011-06-26,2.8098312692000003e-05,-1.8586432520000035e-06,Raw,-4.551319758762367,-5.730803960715387,2011,Pre-fire,
2011-06-27,2.7223657044000008e-05,-8.746556479999952e-07,Raw,-4.565053534997925,-6.05816289510172,2011,Pre-fire,
2011-06-29,2.7223657044000008e-05,-2.295971076000001e-06,Raw,-4.565053534997925,-5.639033587359743,2011,Pre-fire,
2011-06-30,2.4927685968e-05,-2.295971076000008e-06,Raw,-4.603318035093208,-5.639033587359741,2011,Pre-fire,
2011-07-01,2.2741046848e-05,-2.1866391200000017e-06,Raw,-4.6431895471309,-5.66022288642968,2011,Pre-fire,
2011-07-02,2.1757059244000004e-05,-9.839876039999947e-07,Raw,-4.662399805683955,-6.00701037265434,2011,Pre-fire,
2011-07-03,2.0882403596e-05,-8.746556480000054e-07,Raw,-4.680219514845934,-6.058162895101716,2011,Pre-fire,
2011-07-04,2.0007747948000003e-05,-8.746556479999952e-07,Raw,-4.698801792363232,-6.05816289510172,2011,Pre-fire,
2011-07-05,1.858643252e-05,-1.4213154280000024e-06,Raw,-4.730803960715388,-5.847309529786824,2011,Pre-fire,
2011-07-06,1.8149104696000003e-05,-4.373278239999976e-07,Raw,-4.741144794053606,-6.359192890765701,2011,Pre-fire,
2011-07-07,1.7711776872000005e-05,-4.373278239999976e-07,Raw,-4.7517378675510304,-6.359192890765701,2011,Pre-fire,
2011-07-08,1.6837121224000003e-05,-8.74655648000002e-07,Raw,-4.773732161257199,-6.0581628951017175,2011,Pre-fire,
2011-07-09,1.5853133620000002e-05,-9.839876040000014e-07,Raw,-4.799884879858687,-6.007010372654336,2011,Pre-fire,
2011-07-10,1.4978477972000003e-05,-8.746556479999986e-07,Raw,-4.8245323149372545,-6.058162895101719,2011,Pre-fire,
2011-07-11,1.4541150148000002e-05,-4.37327824000001e-07,Raw,-4.837401241126576,-6.359192890765699,2011,Pre-fire,
2011-07-20,1.7711776872000005e-05,-4.482610195999996e-06,Raw,-4.7517378675510304,-5.348469025373927,2011,Pre-fire,
2011-07-21,1.4978477972000003e-05,-2.733298900000002e-06,Raw,-4.8245323149372545,-5.563312873421624,2011,Pre-fire,
2011-07-22,1.4541150148000002e-05,-4.37327824000001e-07,Raw,-4.837401241126576,-6.359192890765699,2011,Pre-fire,
2011-07-23,1.3119834720000002e-05,-1.4213154280000008e-06,Raw,-4.882071636046037,-5.847309529786825,2011,Pre-fire,
2011-07-24,1.2682506896000002e-05,-4.373278239999993e-07,Raw,-4.896794892866743,-6.3591928907657,2011,Pre-fire,
2011-07-26,1.2245179072000005e-05,-4.373278239999976e-07,Raw,-4.91203485942348,-6.359192890765701,2011,Pre-fire,
2011-07-27,1.1807851248000002e-05,-4.373278240000027e-07,Raw,-4.927829126606712,-6.359192890765697,2011,Pre-fire,
2011-07-28,1.1370523424e-05,-4.373278240000027e-07,Raw,-4.944219542794881,-6.359192890765697,2011,Pre-fire,
2012-04-27,0.000161483299012,-1.683712122400001e-05,Raw,-3.791872386781712,-4.773732161257199,2012,Pre-fire,
2012-04-28,0.000137867596516,-2.3615702496000007e-05,Raw,-3.86053779552058,-4.6267991309427305,2012,Pre-fire,
2012-04-29,0.000117969180524,-1.9898415991999994e-05,Raw,-3.928231437410751,-4.701181494108587,2012,Pre-fire,
2012-05-05,0.0001147985538,-1.7711776871999992e-05,Raw,-3.940063583023724,-4.751737867551031,2012,Pre-fire,
2012-05-06,9.894542018e-05,-1.5853133620000005e-05,Raw,-4.004604302888459,-4.799884879858687,2012,Pre-fire,
2012-05-07,8.757489675600001e-05,-1.1370523423999992e-05,Raw,-4.057620366009424,-4.944219542794881,2012,Pre-fire,
2012-05-08,8.571625350400001e-05,-1.858643252e-06,Raw,-4.066936819409223,-5.730803960715388,2012,Pre-fire,
2012-05-09,8.167097113200001e-05,-4.045282372000002e-06,Raw,-4.087932280278263,-5.393051158026666,2012,Pre-fire,
2012-05-10,7.172176313600002e-05,-9.94920799599999e-06,Raw,-4.144349042718002,-5.002211489772568,2012,Pre-fire,
2012-05-11,6.3521866436e-05,-8.199896700000013e-06,Raw,-4.197076749703331,-5.086191618701961,2012,Pre-fire,
2012-05-12,5.947658406400001e-05,-4.045282371999995e-06,Raw,-4.225653982395482,-5.393051158026667,2012,Pre-fire,
2012-05-15,6.538050968800002e-05,-4.3732782399998407e-07,Raw,-4.184551698105251,-6.359192890765716,2012,Pre-fire,
2012-05-16,6.0351239712e-05,-5.02926997600002e-06,Raw,-4.219313804364463,-5.298495050412086,2012,Pre-fire,
2012-05-17,5.2151343012000005e-05,-8.199896699999993e-06,Raw,-4.282734503053548,-5.086191618701962,2012,Pre-fire,
2012-05-18,4.537276174000001e-05,-6.778581271999997e-06,Raw,-4.343204785381569,-5.168861192595408,2012,Pre-fire,
2012-05-19,4.0780819588000006e-05,-4.591942152000002e-06,Raw,-4.389544050284974,-5.338003591695761,2012,Pre-fire,
2012-05-20,3.8156852644000006e-05,-2.6239669439999993e-06,Raw,-4.4184274551344815,-5.581041640382056,2012,Pre-fire,
2012-05-26,5.5321969736e-05,-7.325241052000011e-06,Raw,-4.257102365253862,-5.135178079392834,2012,Pre-fire,
2012-05-27,4.8543388464000014e-05,-6.7785812719999835e-06,Raw,-4.313869911979042,-5.168861192595409,2012,Pre-fire,
2012-05-28,4.406077826800001e-05,-4.482610196000006e-06,Raw,-4.355947835952552,-5.348469025373926,2012,Pre-fire,
2012-05-29,3.9468836116000006e-05,-4.591942152000002e-06,Raw,-4.4037456801880035,-5.338003591695761,2012,Pre-fire,
2012-05-30,3.6298209392000006e-05,-3.1706267239999997e-06,Raw,-4.440114798389625,-5.498854884194706,2012,Pre-fire,
2012-05-31,3.4439566140000006e-05,-1.858643252e-06,Raw,-4.462942328304061,-5.730803960715388,2012,Pre-fire,
2012-06-01,3.3127582668e-05,-1.3119834720000064e-06,Raw,-4.479810253591356,-5.882071636046035,2012,Pre-fire,
2012-06-10,7.3908402256e-05,-1.0058539952000013e-05,Raw,-4.131306186152026,-4.997465054748106,2012,Pre-fire,
2012-06-11,6.078856753600001e-05,-1.3119834719999997e-05,Raw,-4.216178090511605,-4.882071636046037,2012,Pre-fire,
2012-06-12,5.2151343012000005e-05,-8.637224524000004e-06,Raw,-4.282734503053548,-5.06362579080322,2012,Pre-fire,
2012-06-13,4.668474521200001e-05,-5.466597799999997e-06,Raw,-4.330825007068638,-5.262282877757643,2012,Pre-fire,
2012-06-14,4.1327479368000006e-05,-5.357265844000001e-06,Raw,-4.383761082256436,-5.271056802065148,2012,Pre-fire,
2012-06-15,3.717286504e-05,-4.1546143280000045e-06,Raw,-4.429773965051407,-5.381469285476851,2012,Pre-fire,
2012-06-16,3.4439566140000006e-05,-2.7332988999999953e-06,Raw,-4.462942328304061,-5.563312873421625,2012,Pre-fire,
2012-06-17,3.181559919600001e-05,-2.6239669439999993e-06,Raw,-4.497359893107754,-5.581041640382056,2012,Pre-fire,
2012-06-18,3.0831611592e-05,-9.839876040000048e-07,Raw,-4.5110037737743,-6.007010372654335,2012,Pre-fire,
2012-06-19,2.9082300296000005e-05,-1.7493112959999973e-06,Raw,-4.536371245462595,-5.757132899437738,2012,Pre-fire,
2012-06-20,2.6786329220000004e-05,-2.295971076000001e-06,Raw,-4.5720867977291295,-5.639033587359743,2012,Pre-fire,
2012-06-21,2.5365013792000005e-05,-1.421315427999999e-06,Raw,-4.595764897202762,-5.847309529786825,2012,Pre-fire,
2012-06-22,2.4927685968e-05,-4.373278240000044e-07,Raw,-4.603318035093208,-6.359192890765695,2012,Pre-fire,
2012-06-27,3.2252927020000004e-05,-1.3119834719999997e-06,Raw,-4.491430866115499,-5.882071636046037,2012,Pre-fire,
2012-06-28,2.951962812000001e-05,-2.7332988999999953e-06,Raw,-4.529889117934674,-5.563312873421625,2012,Pre-fire,
2012-06-29,2.7223657044000008e-05,-2.295971076000001e-06,Raw,-4.565053534997925,-5.639033587359743,2012,Pre-fire,
2012-06-30,2.5911673572000005e-05,-1.311983472000003e-06,Raw,-4.586504536083558,-5.882071636046036,2012,Pre-fire,
2012-07-01,2.5365013792000005e-05,-5.466597800000004e-07,Raw,-4.595764897202762,-6.2622828777576425,2012,Pre-fire,
2012-07-02,2.3615702496000004e-05,-1.7493112960000007e-06,Raw,-4.6267991309427305,-5.757132899437737,2012,Pre-fire,
2012-07-03,2.2741046848e-05,-8.746556480000054e-07,Raw,-4.6431895471309,-6.058162895101716,2012,Pre-fire,
2012-07-04,2.1757059244000004e-05,-9.839876039999947e-07,Raw,-4.662399805683955,-6.00701037265434,2012,Pre-fire,
2012-07-05,2.0882403596e-05,-8.746556480000054e-07,Raw,-4.680219514845934,-6.058162895101716,2012,Pre-fire,
2012-07-06,2.0007747948000003e-05,-8.746556479999952e-07,Raw,-4.698801792363232,-6.05816289510172,2012,Pre-fire,
2012-07-07,1.9023760344e-05,-9.839876040000048e-07,Raw,-4.720703633811062,-6.007010372654335,2012,Pre-fire,
2012-07-08,1.8149104696000003e-05,-8.746556479999952e-07,Raw,-4.741144794053606,-6.05816289510172,2012,Pre-fire,
2012-07-09,1.7711776872000005e-05,-4.373278239999976e-07,Raw,-4.7517378675510304,-6.359192890765701,2012,Pre-fire,
2012-07-10,1.6837121224000003e-05,-8.74655648000002e-07,Raw,-4.773732161257199,-6.0581628951017175,2012,Pre-fire,
2012-07-11,1.6290461444000003e-05,-5.466597800000004e-07,Raw,-4.788066613681387,-6.2622828777576425,2012,Pre-fire,
2012-07-12,1.5853133620000002e-05,-4.37327824000001e-07,Raw,-4.799884879858687,-6.359192890765699,2012,Pre-fire,
2012-07-13,1.4978477972000003e-05,-8.746556479999986e-07,Raw,-4.8245323149372545,-6.058162895101719,2012,Pre-fire,
2012-07-14,1.4541150148000002e-05,-4.37327824000001e-07,Raw,-4.837401241126576,-6.359192890765699,2012,Pre-fire,
2012-07-19,1.3666494500000002e-05,-4.373278240000027e-07,Raw,-4.864342869085605,-6.359192890765697,2012,Pre-fire,
2012-07-20,1.3119834720000002e-05,-5.466597800000004e-07,Raw,-4.882071636046037,-6.2622828777576425,2012,Pre-fire,
2012-07-21,1.2682506896000002e-05,-4.373278239999993e-07,Raw,-4.896794892866743,-6.3591928907657,2012,Pre-fire,
2012-07-22,1.2245179072000005e-05,-4.373278239999976e-07,Raw,-4.91203485942348,-6.359192890765701,2012,Pre-fire,
2013-05-29,8.932420805200003e-05,-5.466597799999977e-06,Raw,-4.049030825561246,-5.262282877757645,2013,Pre-fire,
2013-05-30,8.298295460400001e-05,-6.341253448000013e-06,Raw,-4.081011106198181,-5.197824888530723,2013,Pre-fire,
2013-05-31,6.538050968800002e-05,-1.7602444915999996e-05,Raw,-4.184551698105251,-4.754427006061812,2013,Pre-fire,
2013-06-01,5.258867083600001e-05,-1.2791838852000008e-05,Raw,-4.27910780571983,-4.8930670203475,2013,Pre-fire,
2013-06-02,4.449810609200001e-05,-8.090564743999997e-06,Raw,-4.351658472868442,-5.092021162362686,2013,Pre-fire,
2013-06-03,3.8156852644000006e-05,-6.341253448000006e-06,Raw,-4.4184274551344815,-5.197824888530724,2013,Pre-fire,
2013-06-04,3.3564910492000004e-05,-4.591942152000002e-06,Raw,-4.474114506616475,-5.338003591695761,2013,Pre-fire,
2013-06-05,2.9956955944000007e-05,-3.6079545479999973e-06,Raw,-4.523502319273273,-5.442738942215774,2013,Pre-fire,
2013-06-06,2.7223657044000008e-05,-2.7332988999999987e-06,Raw,-4.565053534997925,-5.563312873421625,2013,Pre-fire,
2013-06-07,2.4927685968e-05,-2.295971076000008e-06,Raw,-4.603318035093208,-5.639033587359741,2013,Pre-fire,
2013-06-08,2.317837467200001e-05,-1.7493112959999905e-06,Raw,-4.6349170211649104,-5.75713289943774,2013,Pre-fire,
2013-06-09,2.1757059244000004e-05,-1.4213154280000058e-06,Raw,-4.662399805683955,-5.847309529786823,2013,Pre-fire,
2013-06-10,2.0445075772000004e-05,-1.3119834719999997e-06,Raw,-4.689411275557163,-5.882071636046037,2013,Pre-fire,
2013-06-11,1.9461088168000003e-05,-9.839876040000014e-07,Raw,-4.710832879784768,-6.007010372654336,2013,Pre-fire,
2013-06-12,1.858643252e-05,-8.74655648000002e-07,Raw,-4.730803960715388,-6.0581628951017175,2013,Pre-fire,
2013-06-13,1.8149104696000003e-05,-4.373278239999976e-07,Raw,-4.741144794053606,-6.359192890765701,2013,Pre-fire,
2013-06-14,1.7711776872000005e-05,-4.373278239999976e-07,Raw,-4.7517378675510304,-6.359192890765701,2013,Pre-fire,
2013-06-15,1.6837121224000003e-05,-8.74655648000002e-07,Raw,-4.773732161257199,-6.0581628951017175,2013,Pre-fire,
2013-06-16,1.5853133620000002e-05,-9.839876040000014e-07,Raw,-4.799884879858687,-6.007010372654336,2013,Pre-fire,
2013-06-17,1.5415805796e-05,-4.37327824000001e-07,Raw,-4.8120337694382815,-6.359192890765699,2013,Pre-fire,
2013-06-18,1.4978477972000003e-05,-4.373278239999976e-07,Raw,-4.8245323149372545,-6.359192890765701,2013,Pre-fire,
2013-06-27,1.9461088168000003e-05,-1.4213154279999957e-06,Raw,-4.710832879784768,-5.847309529786826,2013,Pre-fire,
2013-06-28,1.7274449048000004e-05,-2.1866391199999983e-06,Raw,-4.762595795139239,-5.660222886429681,2013,Pre-fire,
2013-06-29,1.5853133620000002e-05,-1.4213154280000024e-06,Raw,-4.799884879858687,-5.847309529786824,2013,Pre-fire,
2013-06-30,1.4541150148000002e-05,-1.3119834719999997e-06,Raw,-4.837401241126576,-5.882071636046037,2013,Pre-fire,
2013-07-01,1.4103822324000005e-05,-4.373278239999976e-07,Raw,-4.850663171794412,-6.359192890765701,2013,Pre-fire,
2013-07-02,1.3119834720000002e-05,-9.839876040000031e-07,Raw,-4.882071636046037,-6.007010372654335,2013,Pre-fire,
2013-07-03,1.2682506896000002e-05,-4.373278239999993e-07,Raw,-4.896794892866743,-6.3591928907657,2013,Pre-fire,
2013-07-04,1.2245179072000005e-05,-4.373278239999976e-07,Raw,-4.91203485942348,-6.359192890765701,2013,Pre-fire,
2013-07-05,1.1807851248000002e-05,-4.373278240000027e-07,Raw,-4.927829126606712,-6.359192890765697,2013,Pre-fire,
2013-07-06,1.1370523424e-05,-4.373278240000027e-07,Raw,-4.944219542794881,-6.359192890765697,2013,Pre-fire,
2013-07-07,1.0933195600000002e-05,-4.373278239999976e-07,Raw,-4.961252882093662,-6.359192890765701,2013,Pre-fire,
2013-07-08,1.038653582e-05,-5.466597800000021e-07,Raw,-4.983529276804814,-6.262282877757642,2013,Pre-fire,
2013-08-11,6.341253448000001e-06,-1.421315427999999e-06,Raw,-5.197824888530724,-5.847309529786825,2013,Pre-fire,
2013-08-12,5.903925624000001e-06,-4.3732782400000017e-07,Raw,-5.228859122270693,-6.3591928907657,2013,Pre-fire,
2013-08-13,5.466597800000001e-06,-4.3732782400000017e-07,Raw,-5.2622828777576425,-6.3591928907657,2013,Pre-fire,
2014-05-11,0.00013885158412,-2.6239669439999993e-05,Raw,-3.857449161137705,-4.581041640382056,2014,Pre-fire,
2014-05-12,0.000108894628176,-2.9956955944000007e-05,Raw,-3.962993543669963,-4.523502319273273,2014,Pre-fire,
2014-05-13,8.844955240400002e-05,-2.0445075771999987e-05,Raw,-4.053304360481389,-4.689411275557163,2014,Pre-fire,
2014-05-14,7.347107443200001e-05,-1.497847797200001e-05,Raw,-4.133883609039836,-4.8245323149372545,2014,Pre-fire,
2014-05-15,6.264721078800001e-05,-1.0823863643999999e-05,Raw,-4.203098260126271,-4.9656176874961115,2014,Pre-fire,
2014-05-16,5.4447314088000016e-05,-8.199896699999993e-06,Raw,-4.2640235393339445,-5.086191618701962,2014,Pre-fire,
2014-05-17,4.810606064000001e-05,-6.341253448000006e-06,Raw,-4.317800205607474,-5.197824888530724,2014,Pre-fire,
2014-05-20,4.723140499200001e-05,-8.09056474399999e-06,Raw,-4.325769135278749,-5.092021162362686,2014,Pre-fire,
2014-05-21,4.2202135016e-05,-5.0292699760000066e-06,Raw,-4.374665577421907,-5.298495050412087,2014,Pre-fire,
2014-05-22,3.9031508292e-05,-3.1706267239999997e-06,Raw,-4.4085846659814685,-5.498854884194706,2014,Pre-fire,
2014-05-23,3.6298209392000006e-05,-2.7332988999999953e-06,Raw,-4.440114798389625,-5.563312873421625,2014,Pre-fire,
2014-05-24,3.4002238316e-05,-2.2959710760000045e-06,Raw,-4.468492493066824,-5.639033587359742,2014,Pre-fire,
2014-05-25,3.181559919600001e-05,-2.186639119999995e-06,Raw,-4.497359893107754,-5.660222886429682,2014,Pre-fire,
2014-05-26,2.9956955944000007e-05,-1.858643252e-06,Raw,-4.523502319273273,-5.730803960715388,2014,Pre-fire,
2014-05-27,2.8098312692000003e-05,-1.8586432520000035e-06,Raw,-4.551319758762367,-5.730803960715387,2014,Pre-fire,
2014-05-29,2.7223657044000008e-05,-8.746556479999952e-07,Raw,-4.565053534997925,-6.05816289510172,2014,Pre-fire,
2014-05-30,2.5365013792000005e-05,-1.8586432520000035e-06,Raw,-4.595764897202762,-5.730803960715387,2014,Pre-fire,
2014-05-31,2.4053030320000005e-05,-1.3119834719999997e-06,Raw,-4.6188302012714555,-5.882071636046037,2014,Pre-fire,
2014-06-01,2.317837467200001e-05,-8.746556479999952e-07,Raw,-4.6349170211649104,-6.05816289510172,2014,Pre-fire,
2014-06-02,2.2194387068e-05,-9.839876040000082e-07,Raw,-4.653756844180449,-6.007010372654333,2014,Pre-fire,
2014-06-03,2.0882403596e-05,-1.311983472000003e-06,Raw,-4.680219514845934,-5.882071636046036,2014,Pre-fire,
2014-06-04,2.0007747948000003e-05,-8.746556479999952e-07,Raw,-4.698801792363232,-6.05816289510172,2014,Pre-fire,
2014-06-05,1.9461088168000003e-05,-5.466597800000004e-07,Raw,-4.710832879784768,-6.2622828777576425,2014,Pre-fire,
2014-06-06,1.858643252e-05,-8.74655648000002e-07,Raw,-4.730803960715388,-6.0581628951017175,2014,Pre-fire,
2014-06-07,1.7711776872000005e-05,-8.746556479999952e-07,Raw,-4.7517378675510304,-6.05816289510172,2014,Pre-fire,
2014-06-08,1.7274449048000004e-05,-4.37327824000001e-07,Raw,-4.762595795139239,-6.359192890765699,2014,Pre-fire,
2014-06-09,1.6837121224000003e-05,-4.37327824000001e-07,Raw,-4.773732161257199,-6.359192890765699,2014,Pre-fire,
2014-06-10,1.6290461444000003e-05,-5.466597800000004e-07,Raw,-4.788066613681387,-6.2622828777576425,2014,Pre-fire,
2014-06-11,1.5415805796e-05,-8.74655648000002e-07,Raw,-4.8120337694382815,-6.0581628951017175,2014,Pre-fire,
2014-06-18,1.6837121224000003e-05,-3.6079545480000007e-06,Raw,-4.773732161257199,-5.442738942215774,2014,Pre-fire,
2014-06-19,1.5415805796e-05,-1.4213154280000024e-06,Raw,-4.8120337694382815,-5.847309529786824,2014,Pre-fire,
2014-06-20,1.4541150148000002e-05,-8.746556479999986e-07,Raw,-4.837401241126576,-6.058162895101719,2014,Pre-fire,
2014-06-21,1.4103822324000005e-05,-4.373278239999976e-07,Raw,-4.850663171794412,-6.359192890765701,2014,Pre-fire,
2014-06-22,1.3666494500000002e-05,-4.373278240000027e-07,Raw,-4.864342869085605,-6.359192890765697,2014,Pre-fire,
2014-06-23,1.3119834720000002e-05,-5.466597800000004e-07,Raw,-4.882071636046037,-6.2622828777576425,2014,Pre-fire,
2014-06-24,1.2682506896000002e-05,-4.373278239999993e-07,Raw,-4.896794892866743,-6.3591928907657,2014,Pre-fire,
2014-06-28,2.0882403596e-05,-4.373278240000044e-07,Raw,-4.680219514845934,-6.359192890765695,2014,Pre-fire,
2014-06-29,1.7711776872000005e-05,-3.170626723999993e-06,Raw,-4.7517378675510304,-5.4988548841947065,2014,Pre-fire,
2014-06-30,1.5853133620000002e-05,-1.8586432520000035e-06,Raw,-4.799884879858687,-5.730803960715387,2014,Pre-fire,
2014-07-01,1.4541150148000002e-05,-1.3119834719999997e-06,Raw,-4.837401241126576,-5.882071636046037,2014,Pre-fire,
2014-07-02,1.4103822324000005e-05,-4.373278239999976e-07,Raw,-4.850663171794412,-6.359192890765701,2014,Pre-fire,
2014-07-03,1.3119834720000002e-05,-9.839876040000031e-07,Raw,-4.882071636046037,-6.007010372654335,2014,Pre-fire,
2014-07-04,1.2682506896000002e-05,-4.373278239999993e-07,Raw,-4.896794892866743,-6.3591928907657,2014,Pre-fire,
2014-07-05,1.2245179072000005e-05,-4.373278239999976e-07,Raw,-4.91203485942348,-6.359192890765701,2014,Pre-fire,
2014-07-06,1.1807851248000002e-05,-4.373278240000027e-07,Raw,-4.927829126606712,-6.359192890765697,2014,Pre-fire,
2014-07-07,1.1370523424e-05,-4.373278240000027e-07,Raw,-4.944219542794881,-6.359192890765697,2014,Pre-fire,
2014-07-08,1.0933195600000002e-05,-4.373278239999976e-07,Raw,-4.961252882093662,-6.359192890765701,2014,Pre-fire,
2014-07-09,1.038653582e-05,-5.466597800000021e-07,Raw,-4.983529276804814,-6.262282877757642,2014,Pre-fire,
2014-07-10,9.949207996000002e-06,-4.373278239999976e-07,Raw,-5.002211489772568,-6.359192890765701,2014,Pre-fire,
2014-07-24,1.0933195600000002e-05,-8.746556480000003e-07,Raw,-4.961252882093662,-6.058162895101718,2014,Pre-fire,
2014-07-25,8.637224524000002e-06,-2.2959710759999994e-06,Raw,-5.06362579080322,-5.639033587359743,2014,Pre-fire,
2014-07-26,8.199896700000001e-06,-4.37327824000001e-07,Raw,-5.086191618701962,-6.359192890765699,2014,Pre-fire,
2014-07-27,7.762568876e-06,-4.37327824000001e-07,Raw,-5.109994533374587,-6.359192890765699,2014,Pre-fire,
2015-04-02,3.586088156800001e-05,-1.7493112959999973e-06,Raw,-4.445379038381983,-5.757132899437738,2015,Pre-fire,
2015-04-03,3.4439566140000006e-05,-1.4213154280000024e-06,Raw,-4.462942328304061,-5.847309529786824,2015,Pre-fire,
2015-04-04,3.3564910492000004e-05,-8.74655648000002e-07,Raw,-4.474114506616475,-6.0581628951017175,2015,Pre-fire,
2015-04-05,3.2252927020000004e-05,-1.3119834719999997e-06,Raw,-4.491430866115499,-5.882071636046037,2015,Pre-fire,
2015-04-15,3.542355374400001e-05,-8.746556479999952e-07,Raw,-4.450707871887049,-6.05816289510172,2015,Pre-fire,
2015-04-16,3.4986225920000006e-05,-4.373278240000044e-07,Raw,-4.456102903773756,-6.359192890765695,2015,Pre-fire,
2015-04-17,3.4002238316e-05,-9.839876040000048e-07,Raw,-4.468492493066824,-6.007010372654335,2015,Pre-fire,
2015-04-18,3.2252927020000004e-05,-1.7493112959999973e-06,Raw,-4.491430866115499,-5.757132899437738,2015,Pre-fire,
2015-04-19,3.0394283768000004e-05,-1.858643252e-06,Raw,-4.517208086175585,-5.730803960715388,2015,Pre-fire,
2015-04-20,2.8535640516000004e-05,-1.858643252e-06,Raw,-4.54461237475538,-5.730803960715388,2015,Pre-fire,
2015-04-21,2.6786329220000004e-05,-1.7493112960000007e-06,Raw,-4.5720867977291295,-5.757132899437737,2015,Pre-fire,
2015-04-22,2.4927685968e-05,-1.8586432520000035e-06,Raw,-4.603318035093208,-5.730803960715387,2015,Pre-fire,
2015-04-23,2.449035814400001e-05,-4.3732782399999085e-07,Raw,-4.611004863759499,-6.3591928907657085,2015,Pre-fire,
2015-04-27,2.4927685968e-05,-1.8586432520000035e-06,Raw,-4.603318035093208,-5.730803960715387,2015,Pre-fire,
2015-04-28,2.3615702496000004e-05,-1.3119834719999963e-06,Raw,-4.6267991309427305,-5.882071636046038,2015,Pre-fire,
2015-04-29,2.2741046848e-05,-8.746556480000054e-07,Raw,-4.6431895471309,-6.058162895101716,2015,Pre-fire,
2015-04-30,2.1319731420000003e-05,-1.4213154279999957e-06,Raw,-4.671218270731144,-5.847309529786826,2015,Pre-fire,
2015-05-01,2.0445075772000004e-05,-8.746556479999986e-07,Raw,-4.689411275557163,-6.058162895101719,2015,Pre-fire,
2015-05-02,1.9461088168000003e-05,-9.839876040000014e-07,Raw,-4.710832879784768,-6.007010372654336,2015,Pre-fire,
2015-05-03,1.858643252e-05,-8.74655648000002e-07,Raw,-4.730803960715388,-6.0581628951017175,2015,Pre-fire,
2015-05-04,1.7711776872000005e-05,-8.746556479999952e-07,Raw,-4.7517378675510304,-6.05816289510172,2015,Pre-fire,
2015-05-05,1.6837121224000003e-05,-8.74655648000002e-07,Raw,-4.773732161257199,-6.0581628951017175,2015,Pre-fire,
2015-05-06,1.6290461444000003e-05,-5.466597800000004e-07,Raw,-4.788066613681387,-6.2622828777576425,2015,Pre-fire,
2015-05-07,1.5853133620000002e-05,-4.37327824000001e-07,Raw,-4.799884879858687,-6.359192890765699,2015,Pre-fire,
2015-05-08,1.5415805796e-05,-4.37327824000001e-07,Raw,-4.8120337694382815,-6.359192890765699,2015,Pre-fire,
2015-05-09,1.4541150148000002e-05,-8.746556479999986e-07,Raw,-4.837401241126576,-6.058162895101719,2015,Pre-fire,
2015-05-10,1.4103822324000005e-05,-4.373278239999976e-07,Raw,-4.850663171794412,-6.359192890765701,2015,Pre-fire,
2015-05-23,1.6290461444000003e-05,-1.4213154280000024e-06,Raw,-4.788066613681387,-5.847309529786824,2015,Pre-fire,
2015-05-24,1.5415805796e-05,-8.74655648000002e-07,Raw,-4.8120337694382815,-6.0581628951017175,2015,Pre-fire,
2015-05-25,1.4541150148000002e-05,-8.746556479999986e-07,Raw,-4.837401241126576,-6.058162895101719,2015,Pre-fire,
2015-05-26,1.4103822324000005e-05,-4.373278239999976e-07,Raw,-4.850663171794412,-6.359192890765701,2015,Pre-fire,
2015-05-27,1.3119834720000002e-05,-9.839876040000031e-07,Raw,-4.882071636046037,-6.007010372654335,2015,Pre-fire,
2015-05-29,1.2682506896000002e-05,-4.373278239999993e-07,Raw,-4.896794892866743,-6.3591928907657,2015,Pre-fire,
2015-05-30,1.2245179072000005e-05,-4.373278239999976e-07,Raw,-4.91203485942348,-6.359192890765701,2015,Pre-fire,
2015-05-31,1.1807851248000002e-05,-4.373278240000027e-07,Raw,-4.927829126606712,-6.359192890765697,2015,Pre-fire,
2015-06-01,1.1370523424e-05,-4.373278240000027e-07,Raw,-4.944219542794881,-6.359192890765697,2015,Pre-fire,
2015-06-04,1.1370523424e-05,-8.746556480000054e-07,Raw,-4.944219542794881,-6.058162895101716,2015,Pre-fire,
2015-06-05,1.0933195600000002e-05,-4.373278239999976e-07,Raw,-4.961252882093662,-6.359192890765701,2015,Pre-fire,
2015-06-06,1.038653582e-05,-5.466597800000021e-07,Raw,-4.983529276804814,-6.262282877757642,2015,Pre-fire,
2015-06-07,9.949207996000002e-06,-4.373278239999976e-07,Raw,-5.002211489772568,-6.359192890765701,2015,Pre-fire,
2015-06-08,9.511880172e-06,-4.373278240000027e-07,Raw,-5.021733629475043,-6.359192890765697,2015,Pre-fire,
2015-06-09,9.074552348000002e-06,-4.373278239999976e-07,Raw,-5.0421747897175875,-6.359192890765701,2015,Pre-fire,
2015-07-27,4.154614328e-06,-1.0933195600000025e-07,Raw,-5.381469285476852,-6.96125288209366,2015,Pre-fire,
2015-07-28,4.045282372000001e-06,-1.093319559999994e-07,Raw,-5.393051158026666,-6.961252882093664,2015,Pre-fire,
2015-07-29,3.935950416000001e-06,-1.0933195600000025e-07,Raw,-5.404950381326374,-6.96125288209366,2015,Pre-fire,
2015-07-30,3.717286504000001e-06,-2.1866391199999966e-07,Raw,-5.429773965051407,-6.660222886429681,2015,Pre-fire,
2015-07-31,3.6079545480000007e-06,-1.0933195600000025e-07,Raw,-5.442738942215774,-6.96125288209366,2015,Pre-fire,
2015-08-01,3.4986225920000005e-06,-1.0933195600000025e-07,Raw,-5.456102903773756,-6.96125288209366,2015,Pre-fire,
2016-04-09,5.630595734000001e-05,-2.186639119999988e-06,Raw,-4.2494456530524705,-5.660222886429683,2016,Pre-fire,
2016-04-10,5.0402031716000014e-05,-5.903925623999995e-06,Raw,-4.297551956704013,-5.228859122270694,2016,Pre-fire,
2016-04-11,4.449810609200001e-05,-5.903925624000002e-06,Raw,-4.351658472868442,-5.228859122270693,2016,Pre-fire,
2016-04-12,4.1546143280000005e-05,-2.9519628120000077e-06,Raw,-4.381469285476851,-5.529889117934673,2016,Pre-fire,
2016-04-13,4.121814741200001e-05,-3.2799586799999483e-07,Raw,-4.384911531887869,-6.484131627374006,2016,Pre-fire,
2016-04-16,5.5321969736e-05,-5.903925624000009e-06,Raw,-4.257102365253862,-5.228859122270692,2016,Pre-fire,
2016-04-17,5.3135330616000016e-05,-2.1866391199999813e-06,Raw,-4.274616612831368,-5.660222886429684,2016,Pre-fire,
2016-04-18,5.1714015188000014e-05,-1.4213154280000024e-06,Raw,-4.28639174135585,-5.847309529786824,2016,Pre-fire,
2016-04-19,4.9418044112e-05,-2.2959710760000112e-06,Raw,-4.30611444728228,-5.63903358735974,2016,Pre-fire,
2016-04-20,4.8543388464000014e-05,-8.746556479999885e-07,Raw,-4.313869911979042,-6.058162895101724,2016,Pre-fire,
2016-04-21,4.6247417388000016e-05,-2.2959710759999977e-06,Raw,-4.334912514718619,-5.639033587359743,2016,Pre-fire,
2016-04-22,4.1764807192e-05,-4.48261019600002e-06,Raw,-4.379189519181953,-5.348469025373924,2016,Pre-fire,
2016-04-23,3.979683198400001e-05,-1.9679752079999893e-06,Raw,-4.400151498444606,-5.705980376990358,2016,Pre-fire,
2016-04-25,5.357265844000001e-05,-3.1706267240000065e-06,Raw,-4.271056802065148,-5.498854884194705,2016,Pre-fire,
2016-04-26,4.766873281600001e-05,-5.903925623999995e-06,Raw,-4.321766392825076,-5.228859122270694,2016,Pre-fire,
2016-04-27,4.3186122620000006e-05,-4.482610196000006e-06,Raw,-4.3646557864672015,-5.348469025373926,2016,Pre-fire,
2016-04-28,3.935950416e-05,-3.826618460000003e-06,Raw,-4.404950381326374,-5.4171848377433856,2016,Pre-fire,
2016-04-29,3.6844869172000007e-05,-2.5146349879999965e-06,Raw,-4.433622981222323,-5.599525046076069,2016,Pre-fire,
2016-04-30,3.476756200800001e-05,-2.077307163999999e-06,Raw,-4.458825762109229,-5.682499281140833,2016,Pre-fire,
2016-05-01,3.2580922888000006e-05,-2.1866391200000017e-06,Raw,-4.487036618017407,-5.66022288642968,2016,Pre-fire,
2016-05-02,3.1159607460000004e-05,-1.4213154280000024e-06,Raw,-4.506408022085152,-5.847309529786824,2016,Pre-fire,
2016-05-03,2.9738292032000004e-05,-1.421315427999999e-06,Raw,-4.526683978059463,-5.847309529786825,2016,Pre-fire,
2016-05-05,2.7660984868e-05,-2.295971076000008e-06,Raw,-4.558132360917844,-5.639033587359741,2016,Pre-fire,
2016-05-06,2.6021005528000004e-05,-1.6399793399999945e-06,Raw,-4.58467592503715,-5.785161623037982,2016,Pre-fire,
2016-05-07,2.4818354012000004e-05,-1.2026515160000002e-06,Raw,-4.605227024900539,-5.919860196935437,2016,Pre-fire,
2016-05-08,2.339703858400001e-05,-1.4213154279999957e-06,Raw,-4.630839108744471,-5.847309529786826,2016,Pre-fire,
2016-05-09,2.2522382936000003e-05,-8.746556480000054e-07,Raw,-4.647385661724508,-6.058162895101716,2016,Pre-fire,
2016-05-10,2.1319731420000003e-05,-1.2026515160000002e-06,Raw,-4.671218270731144,-5.919860196935437,2016,Pre-fire,
2016-05-11,2.0335743816000005e-05,-9.83987603999998e-07,Raw,-4.691739937875745,-6.007010372654338,2016,Pre-fire,
2016-05-12,1.9570420124e-05,-7.65323692000006e-07,Raw,-4.708399851113769,-6.116154842079402,2016,Pre-fire,
2016-05-13,1.8695764476000003e-05,-8.746556479999952e-07,Raw,-4.728256771701508,-6.05816289510172,2016,Pre-fire,
2016-05-14,1.8258436652e-05,-4.373278240000044e-07,Raw,-4.738536410946079,-6.359192890765695,2016,Pre-fire,
2016-05-16,1.858643252e-05,-1.093319560000028e-07,Raw,-4.730803960715388,-6.961252882093651,2016,Pre-fire,
2016-05-17,1.7493112960000003e-05,-1.0933195599999974e-06,Raw,-4.757132899437737,-5.961252882093663,2016,Pre-fire,
2016-05-18,1.6618457312e-05,-8.74655648000002e-07,Raw,-4.7794092941488895,-6.0581628951017175,2016,Pre-fire,
2016-05-24,2.1210399464000003e-05,-2.2959710759999977e-06,Raw,-4.673451152163436,-5.639033587359743,2016,Pre-fire,
2016-05-25,1.9789084036000004e-05,-1.421315427999999e-06,Raw,-4.703574307224478,-5.847309529786825,2016,Pre-fire,
2016-05-26,1.858643252e-05,-1.2026515160000036e-06,Raw,-4.730803960715388,-5.919860196935435,2016,Pre-fire,
2016-05-27,1.7602444916000003e-05,-9.83987603999998e-07,Raw,-4.754427006061812,-6.007010372654338,2016,Pre-fire,
2016-05-28,1.6727789268000004e-05,-8.746556479999986e-07,Raw,-4.776561451276063,-6.058162895101719,2016,Pre-fire,
2016-05-29,1.5962465576e-05,-7.653236920000026e-07,Raw,-4.796900026309225,-6.116154842079403,2016,Pre-fire,
2016-05-30,1.530647384e-05,-6.559917359999998e-07,Raw,-4.815124846415424,-6.183101631710018,2016,Pre-fire,
2016-05-31,1.4759814060000005e-05,-5.46659779999997e-07,Raw,-4.830919113598656,-6.262282877757645,2016,Pre-fire,
2016-06-01,1.4103822324000005e-05,-6.559917359999998e-07,Raw,-4.850663171794412,-6.183101631710018,2016,Pre-fire,
2016-06-02,1.3775826456000005e-05,-3.279958679999999e-07,Raw,-4.860882336976099,-6.4841316273739995,2016,Pre-fire,
2016-06-03,1.3447830588e-05,-3.27995868000005e-07,Raw,-4.871347770654264,-6.484131627373992,2016,Pre-fire,
2016-06-04,1.3119834720000002e-05,-3.279958679999982e-07,Raw,-4.882071636046037,-6.484131627374001,2016,Pre-fire,
2016-06-05,1.2354511028e-05,-7.653236920000009e-07,Raw,-4.908174438610242,-6.116154842079404,2016,Pre-fire,
2016-06-06,1.1917183204000005e-05,-4.3732782399999593e-07,Raw,-4.923826384153038,-6.359192890765703,2016,Pre-fire,
2016-06-07,1.1589187336000005e-05,-3.279958679999999e-07,Raw,-4.935947016828892,-6.4841316273739995,2016,Pre-fire,
2016-06-08,1.1261191468000002e-05,-3.279958680000033e-07,Raw,-4.948415657388489,-6.484131627373995,2016,Pre-fire,
2016-06-09,1.0933195600000002e-05,-3.279958679999999e-07,Raw,-4.961252882093662,-6.4841316273739995,2016,Pre-fire,
2016-06-15,1.3119834720000002e-05,-2.186639119999988e-07,Raw,-4.882071636046037,-6.660222886429683,2016,Pre-fire,
2016-06-16,1.2245179072000005e-05,-8.746556479999969e-07,Raw,-4.91203485942348,-6.058162895101719,2016,Pre-fire,
2016-06-17,1.1479855380000002e-05,-7.653236920000026e-07,Raw,-4.940063583023724,-6.116154842079403,2016,Pre-fire,
2016-06-19,1.1042527556000004e-05,-5.466597800000004e-07,Raw,-4.956931508311019,-6.2622828777576425,2016,Pre-fire,
2016-06-20,1.038653582e-05,-6.559917360000049e-07,Raw,-4.983529276804814,-6.183101631710015,2016,Pre-fire,
2016-06-21,9.949207996000002e-06,-4.373278239999976e-07,Raw,-5.002211489772568,-6.359192890765701,2016,Pre-fire,
2016-06-22,9.511880172e-06,-4.373278240000027e-07,Raw,-5.021733629475043,-6.359192890765697,2016,Pre-fire,
2016-06-23,9.29321626e-06,-2.186639119999988e-07,Raw,-5.031833956379369,-6.660222886429683,2016,Pre-fire,
2016-06-25,9.074552348000002e-06,-4.373278239999976e-07,Raw,-5.0421747897175875,-6.359192890765701,2016,Pre-fire,
2016-06-26,8.855888436000003e-06,-2.186639119999988e-07,Raw,-5.052767863215012,-6.660222886429683,2016,Pre-fire,
2016-06-27,8.418560612000002e-06,-4.37327824000001e-07,Raw,-5.07476215692118,-6.359192890765699,2016,Pre-fire,
2016-06-28,8.199896700000001e-06,-2.186639120000005e-07,Raw,-5.086191618701962,-6.66022288642968,2016,Pre-fire,
2016-06-29,7.871900832000001e-06,-3.279958679999999e-07,Raw,-5.103920385662393,-6.4841316273739995,2016,Pre-fire,
2016-06-30,7.762568876e-06,-1.093319560000011e-07,Raw,-5.109994533374587,-6.961252882093658,2016,Pre-fire,
2016-07-01,7.543904964e-06,-2.186639120000005e-07,Raw,-5.122403791356406,-6.66022288642968,2016,Pre-fire,
2016-07-02,7.434573008000001e-06,-1.0933195599999856e-07,Raw,-5.1287439693874255,-6.961252882093667,2016,Pre-fire,
2016-07-03,7.2159090960000015e-06,-2.1866391199999966e-07,Raw,-5.141708946551793,-6.660222886429681,2016,Pre-fire,
2016-07-04,7.106577140000002e-06,-1.093319559999994e-07,Raw,-5.148339525450806,-6.961252882093664,2016,Pre-fire,
2016-07-05,6.997245184000001e-06,-1.093319560000011e-07,Raw,-5.155072908109775,-6.961252882093658,2016,Pre-fire,
2016-07-06,6.778581272000001e-06,-2.1866391199999966e-07,Raw,-5.168861192595408,-6.660222886429681,2016,Pre-fire,
2016-07-07,6.669249316e-06,-1.093319560000011e-07,Raw,-5.175923047082895,-6.961252882093658,2016,Pre-fire,
2016-07-12,1.1042527556000004e-05,-2.6239669439999976e-06,Raw,-4.956931508311019,-5.581041640382056,2016,Pre-fire,
2016-07-13,9.730544084e-06,-1.3119834720000047e-06,Raw,-5.011862875448749,-5.882071636046035,2016,Pre-fire,
2016-07-14,9.074552348000002e-06,-6.559917359999981e-07,Raw,-5.0421747897175875,-6.183101631710019,2016,Pre-fire,
2016-07-15,8.418560612000002e-06,-6.559917359999998e-07,Raw,-5.07476215692118,-6.183101631710018,2016,Pre-fire,
2016-07-16,8.090564744000002e-06,-3.279958679999999e-07,Raw,-5.092021162362686,-6.4841316273739995,2016,Pre-fire,
2016-07-17,7.762568876e-06,-3.279958680000016e-07,Raw,-5.109994533374587,-6.484131627373997,2016,Pre-fire,
2016-07-18,7.543904964e-06,-2.186639120000005e-07,Raw,-5.122403791356406,-6.66022288642968,2016,Pre-fire,
2016-07-19,7.434573008000001e-06,-1.0933195599999856e-07,Raw,-5.1287439693874255,-6.961252882093667,2016,Pre-fire,
2016-07-20,7.2159090960000015e-06,-2.1866391199999966e-07,Raw,-5.141708946551793,-6.660222886429681,2016,Pre-fire,
2016-07-21,6.997245184000001e-06,-2.186639120000005e-07,Raw,-5.155072908109775,-6.66022288642968,2016,Pre-fire,
2016-07-22,6.669249316e-06,-3.2799586800000076e-07,Raw,-5.175923047082895,-6.484131627373999,2016,Pre-fire,
2016-07-23,6.559917360000001e-06,-1.093319559999994e-07,Raw,-5.183101631710018,-6.961252882093664,2016,Pre-fire,
2016-07-24,6.4505854040000005e-06,-1.0933195600000025e-07,Raw,-5.190400870451517,-6.96125288209366,2016,Pre-fire,
2016-07-25,6.341253448000001e-06,-1.093319559999994e-07,Raw,-5.197824888530724,-6.961252882093664,2016,Pre-fire,
2016-07-26,6.122589536000002e-06,-2.186639119999988e-07,Raw,-5.213064855087461,-6.660222886429683,2016,Pre-fire,
2016-07-27,6.013257580000001e-06,-1.093319560000011e-07,Raw,-5.220890192599418,-6.961252882093658,2016,Pre-fire,
2016-07-28,5.903925624000001e-06,-1.0933195600000025e-07,Raw,-5.228859122270693,-6.96125288209366,2016,Pre-fire,
2016-07-29,5.6852617120000005e-06,-2.186639120000005e-07,Raw,-5.245249538458863,-6.66022288642968,2016,Pre-fire,
2016-07-30,5.575929756000001e-06,-1.093319559999994e-07,Raw,-5.253682705995725,-6.961252882093664,2016,Pre-fire,
2016-07-31,5.466597800000001e-06,-1.0933195600000025e-07,Raw,-5.2622828777576425,-6.96125288209366,2016,Pre-fire,
2016-08-01,5.247933888000001e-06,-2.1866391199999966e-07,Raw,-5.2800116447180745,-6.660222886429681,2016,Pre-fire,
2016-08-03,5.138601932e-06,-1.093319560000011e-07,Raw,-5.289155024157944,-6.961252882093658,2016,Pre-fire,
2016-08-04,5.029269976000001e-06,-1.093319559999994e-07,Raw,-5.298495050412088,-6.961252882093664,2016,Pre-fire,
2016-08-05,4.91993802e-06,-1.0933195600000025e-07,Raw,-5.308040368318318,-6.96125288209366,2016,Pre-fire,
2016-08-06,4.810606064000001e-06,-1.093319559999994e-07,Raw,-5.317800205607474,-6.961252882093664,2016,Pre-fire,
2016-08-18,4.2639462840000006e-06,-1.0933195600000025e-07,Raw,-5.370188275067163,-6.96125288209366,2016,Pre-fire,
2016-08-19,4.154614328e-06,-1.0933195600000025e-07,Raw,-5.381469285476852,-6.96125288209366,2016,Pre-fire,
2016-08-20,4.045282372000001e-06,-1.093319559999994e-07,Raw,-5.393051158026666,-6.961252882093664,2016,Pre-fire,
2017-05-17,0.0001147985538,-8.746556479999952e-07,Raw,-3.940063583023724,-6.05816289510172,2017,Pre-fire,
2017-05-18,9.4790805852e-05,-2.0007747948000003e-05,Raw,-4.023233784617451,-4.698801792363232,2017,Pre-fire,
2017-05-19,8.352961438400001e-05,-1.1261191467999996e-05,Raw,-4.0781595235179715,-4.94841565738849,2017,Pre-fire,
2017-05-20,7.8063016584e-05,-5.466597800000004e-06,Raw,-4.107554670317487,-5.2622828777576425,2017,Pre-fire,
2017-05-21,7.532971768400001e-05,-2.7332988999999953e-06,Raw,-4.123033660186036,-5.563312873421625,2017,Pre-fire,
2017-05-24,6.7567148808e-05,-9.074552348000008e-06,Raw,-4.170264407004846,-5.0421747897175875,2017,Pre-fire,
2017-05-25,5.718061298800002e-05,-1.0386535819999988e-05,Raw,-4.242751193226387,-4.9835292768048145,2017,Pre-fire,
2017-05-26,5.1714015188000014e-05,-5.466597800000004e-06,Raw,-4.28639174135585,-5.2622828777576425,2017,Pre-fire,
2017-05-27,4.9418044112e-05,-2.2959710760000112e-06,Raw,-4.30611444728228,-5.63903358735974,2017,Pre-fire,
2017-05-28,4.8543388464000014e-05,-8.746556479999885e-07,Raw,-4.313869911979042,-6.058162895101724,2017,Pre-fire,
2017-05-29,4.766873281600001e-05,-8.74655648000002e-07,Raw,-4.321766392825076,-6.0581628951017175,2017,Pre-fire,
2017-05-30,4.460743804800001e-05,-3.0612947680000037e-06,Raw,-4.350592719003782,-5.514094850751442,2017,Pre-fire,
2017-05-31,3.9250172204e-05,-5.357265844000008e-06,Raw,-4.406158433515342,-5.271056802065147,2017,Pre-fire,
2017-06-01,3.739152895200001e-05,-1.8586432519999933e-06,Raw,-4.427226776037527,-5.73080396071539,2017,Pre-fire,
2017-06-02,3.4439566140000006e-05,-2.951962812000001e-06,Raw,-4.462942328304061,-5.529889117934674,2017,Pre-fire,
2017-06-03,3.2252927020000004e-05,-2.1866391200000017e-06,Raw,-4.491430866115499,-5.66022288642968,2017,Pre-fire,
2017-06-04,2.9847623988000004e-05,-2.4053030320000005e-06,Raw,-4.525090235052906,-5.6188302012714555,2017,Pre-fire,
2017-06-05,2.7332989000000004e-05,-2.514634988e-06,Raw,-4.563312873421624,-5.599525046076069,2017,Pre-fire,
2017-06-06,2.6021005528000004e-05,-1.3119834719999997e-06,Raw,-4.58467592503715,-5.882071636046037,2017,Pre-fire,
2017-06-07,2.514634988e-05,-8.746556480000054e-07,Raw,-4.599525046076069,-6.058162895101716,2017,Pre-fire,
2017-06-11,2.787964878e-05,-1.639979340000008e-06,Raw,-4.554712701659707,-5.785161623037978,2017,Pre-fire,
2017-06-12,2.514634988e-05,-2.733298900000002e-06,Raw,-4.599525046076069,-5.563312873421624,2017,Pre-fire,
2017-06-13,2.45996901e-05,-5.466597800000004e-07,Raw,-4.609070363982299,-6.2622828777576425,2017,Pre-fire,
2017-06-14,2.3069042716000003e-05,-1.530647383999995e-06,Raw,-4.636970426795969,-5.815124846415425,2017,Pre-fire,
2017-06-17,2.383436640800001e-05,-2.514634988e-06,Raw,-4.622796388489057,-5.599525046076069,2017,Pre-fire,
2017-06-18,2.2194387068e-05,-1.639979340000008e-06,Raw,-4.653756844180449,-5.785161623037978,2017,Pre-fire,
2017-06-19,2.0991735552000005e-05,-1.2026515159999969e-06,Raw,-4.677951653390112,-5.919860196935438,2017,Pre-fire,
2017-06-20,1.9570420124e-05,-1.4213154280000058e-06,Raw,-4.708399851113769,-5.847309529786823,2017,Pre-fire,
2017-06-21,1.8477100564e-05,-1.0933195599999974e-06,Raw,-4.733366177479988,-5.961252882093663,2017,Pre-fire,
2017-06-22,1.7602444916000003e-05,-8.746556479999986e-07,Raw,-4.754427006061812,-6.058162895101719,2017,Pre-fire,
2017-06-23,1.6837121224000003e-05,-7.653236919999992e-07,Raw,-4.773732161257199,-6.116154842079405,2017,Pre-fire,
2017-06-24,1.6071797532e-05,-7.653236920000026e-07,Raw,-4.793935547345486,-6.116154842079403,2017,Pre-fire,
2017-06-25,1.530647384e-05,-7.653236919999992e-07,Raw,-4.815124846415424,-6.116154842079405,2017,Pre-fire,
2017-06-26,1.4978477972000003e-05,-3.279958679999982e-07,Raw,-4.8245323149372545,-6.484131627374001,2017,Pre-fire,
2017-06-27,1.4431818192000005e-05,-5.466597799999987e-07,Raw,-4.840678950887812,-6.262282877757644,2017,Pre-fire,
2017-06-28,1.4103822324000005e-05,-3.279958679999999e-07,Raw,-4.850663171794412,-6.4841316273739995,2017,Pre-fire,
2017-06-29,1.3666494500000002e-05,-4.373278240000027e-07,Raw,-4.864342869085605,-6.359192890765697,2017,Pre-fire,
2017-06-30,1.3229166676000004e-05,-4.373278239999976e-07,Raw,-4.878467511777211,-6.359192890765701,2017,Pre-fire,
2017-07-01,1.2901170808e-05,-3.27995868000005e-07,Raw,-4.889370874787536,-6.484131627373992,2017,Pre-fire,
2017-07-02,1.257317494e-05,-3.279958679999999e-07,Raw,-4.90055504174005,-6.4841316273739995,2017,Pre-fire,
2017-07-03,1.2135847116000004e-05,-4.3732782399999593e-07,Raw,-4.9159299033070045,-6.359192890765703,2017,Pre-fire,
2017-07-04,1.1807851248000002e-05,-3.279958680000016e-07,Raw,-4.927829126606712,-6.484131627373997,2017,Pre-fire,
2017-07-05,1.1479855380000002e-05,-3.279958679999999e-07,Raw,-4.940063583023724,-6.4841316273739995,2017,Pre-fire,
2017-07-06,1.1151859512000002e-05,-3.279958679999999e-07,Raw,-4.952652710331744,-6.4841316273739995,2017,Pre-fire,
2017-07-07,1.0933195600000002e-05,-2.186639120000005e-07,Raw,-4.961252882093662,-6.66022288642968,2017,Pre-fire,
2017-07-08,1.0605199732000002e-05,-3.279958679999999e-07,Raw,-4.974481147827417,-6.4841316273739995,2017,Pre-fire,
2017-07-09,1.038653582e-05,-2.186639120000022e-07,Raw,-4.983529276804814,-6.660222886429676,2017,Pre-fire,
2017-07-10,1.0167871908000002e-05,-2.1866391199999712e-07,Raw,-4.992769933539726,-6.660222886429686,2017,Pre-fire,
2017-07-11,9.949207996000002e-06,-2.186639120000005e-07,Raw,-5.002211489772568,-6.66022288642968,2017,Pre-fire,
2017-07-12,9.621212128000002e-06,-3.279958679999999e-07,Raw,-5.016770209943493,-6.4841316273739995,2017,Pre-fire,
2017-07-13,9.402548216e-06,-2.186639120000022e-07,Raw,-5.026754430850094,-6.660222886429676,2017,Pre-fire,
2017-07-15,9.074552348000002e-06,-3.279958679999982e-07,Raw,-5.0421747897175875,-6.484131627374001,2017,Pre-fire,
2017-07-16,8.965220392000002e-06,-1.093319559999994e-07,Raw,-5.0474390297099445,-6.961252882093664,2017,Pre-fire,
2017-07-17,8.746556480000002e-06,-2.186639120000005e-07,Raw,-5.058162895101718,-6.66022288642968,2017,Pre-fire,
2017-07-18,8.527892568000001e-06,-2.186639120000005e-07,Raw,-5.069158279403181,-6.66022288642968,2017,Pre-fire,
2017-07-19,8.418560612000002e-06,-1.093319559999994e-07,Raw,-5.07476215692118,-6.961252882093664,2017,Pre-fire,
2017-07-20,8.309228656e-06,-1.093319560000011e-07,Raw,-5.080439289812871,-6.961252882093658,2017,Pre-fire,
2017-07-21,8.090564744000002e-06,-2.186639119999988e-07,Raw,-5.092021162362686,-6.660222886429683,2017,Pre-fire,
2017-07-22,7.871900832000001e-06,-2.186639120000005e-07,Raw,-5.103920385662393,-6.66022288642968,2017,Pre-fire,
2017-07-24,7.762568876e-06,-1.093319560000011e-07,Raw,-5.109994533374587,-6.961252882093658,2017,Pre-fire,
2017-07-25,7.543904964e-06,-2.186639120000005e-07,Raw,-5.122403791356406,-6.66022288642968,2017,Pre-fire,
2017-07-26,7.325241052000002e-06,-2.1866391199999797e-07,Raw,-5.135178079392835,-6.660222886429684,2017,Pre-fire,
2017-07-27,7.2159090960000015e-06,-1.0933195600000025e-07,Raw,-5.141708946551793,-6.96125288209366,2017,Pre-fire,
2017-07-28,7.106577140000002e-06,-1.093319559999994e-07,Raw,-5.148339525450806,-6.961252882093664,2017,Pre-fire,
2017-07-29,6.997245184000001e-06,-1.093319560000011e-07,Raw,-5.155072908109775,-6.961252882093658,2017,Pre-fire,
2017-07-30,6.778581272000001e-06,-2.1866391199999966e-07,Raw,-5.168861192595408,-6.660222886429681,2017,Pre-fire,
2017-07-31,6.669249316e-06,-1.093319560000011e-07,Raw,-5.175923047082895,-6.961252882093658,2017,Pre-fire,
2017-08-01,6.4505854040000005e-06,-2.1866391199999966e-07,Raw,-5.190400870451517,-6.660222886429681,2017,Pre-fire,
2017-08-02,6.341253448000001e-06,-1.093319559999994e-07,Raw,-5.197824888530724,-6.961252882093664,2017,Pre-fire,
2017-08-03,6.122589536000002e-06,-2.186639119999988e-07,Raw,-5.213064855087461,-6.660222886429683,2017,Pre-fire,
2017-08-04,6.013257580000001e-06,-1.093319560000011e-07,Raw,-5.220890192599418,-6.961252882093658,2017,Pre-fire,
2017-08-05,5.903925624000001e-06,-1.0933195600000025e-07,Raw,-5.228859122270693,-6.96125288209366,2017,Pre-fire,
2018-04-09,0.000181928374784,-5.083935954000002e-05,Raw,-3.740099560138957,-4.293799929203708,2018,Pre-fire,
2018-04-10,0.000146942148864,-3.498622592e-05,Raw,-3.8328536133758555,-4.456102903773756,2018,Pre-fire,
2018-04-11,0.000131089015244,-1.5853133619999992e-05,Raw,-3.882433698994813,-4.799884879858687,2018,Pre-fire,
2018-04-12,0.000117094524876,-1.3994490367999992e-05,Raw,-3.931463411261806,-4.854042912445793,2018,Pre-fire,
2018-04-13,0.000115673209448,-1.4213154280000024e-06,Raw,-3.9367672143944947,-5.847309529786824,2018,Pre-fire,
2018-04-17,0.000118406508348,-3.607954548000004e-06,Raw,-3.9266244254683413,-5.442738942215774,2018,Pre-fire,
2018-04-18,0.000109331956,-9.074552347999995e-06,Raw,-3.9612528820936617,-5.042174789717588,2018,Pre-fire,
2018-04-19,9.621212128000002e-05,-1.3119834719999983e-05,Raw,-4.016770209943493,-4.882071636046038,2018,Pre-fire,
2018-04-20,8.527892568000001e-05,-1.0933195600000008e-05,Raw,-4.069158279403181,-4.961252882093661,2018,Pre-fire,
2018-04-21,7.981232788000001e-05,-5.466597800000004e-06,Raw,-4.097930021973206,-5.2622828777576425,2018,Pre-fire,
2018-04-22,7.303374660800001e-05,-6.778581271999997e-06,Raw,-4.136476419618116,-5.168861192595408,2018,Pre-fire,
2018-04-23,6.7567148808e-05,-5.466597800000004e-06,Raw,-4.170264407004846,-5.2622828777576425,2018,Pre-fire,
2018-04-24,6.538050968800002e-05,-2.186639119999988e-06,Raw,-4.184551698105251,-5.660222886429683,2018,Pre-fire,
2018-04-28,6.898846423600001e-05,-1.2682506895999999e-05,Raw,-4.161223522849528,-4.896794892866743,2018,Pre-fire,
2018-04-29,6.3521866436e-05,-5.466597800000004e-06,Raw,-4.197076749703331,-5.2622828777576425,2018,Pre-fire,
2018-04-30,6.122589536e-05,-2.2959710759999977e-06,Raw,-4.213064855087461,-5.639033587359743,2018,Pre-fire,
2018-05-01,5.400998626400001e-05,-7.215909095999995e-06,Raw,-4.267525933170015,-5.141708946551794,2018,Pre-fire,
2018-05-02,4.898071628800002e-05,-5.029269975999993e-06,Raw,-4.309974868095518,-5.298495050412089,2018,Pre-fire,
2018-05-03,4.810606064000001e-05,-8.746556480000088e-07,Raw,-4.317800205607474,-6.058162895101714,2018,Pre-fire,
2018-05-05,4.6247417388000016e-05,-1.8586432519999933e-06,Raw,-4.334912514718619,-5.73080396071539,2018,Pre-fire,
2018-05-06,4.537276174000001e-05,-8.746556480000088e-07,Raw,-4.343204785381569,-6.058162895101714,2018,Pre-fire,
2018-05-07,4.2748794796e-05,-2.623966944000006e-06,Raw,-4.369076124697795,-5.581041640382055,2018,Pre-fire,
2018-05-08,4.1764807192e-05,-9.839876040000048e-07,Raw,-4.379189519181953,-6.007010372654335,2018,Pre-fire,
2018-05-09,4.056215567600001e-05,-1.20265151599999e-06,Raw,-4.391878972478616,-5.91986019693544,2018,Pre-fire,
2018-05-10,3.771952482000001e-05,-2.842630855999998e-06,Raw,-4.423433787020388,-5.546279534122844,2018,Pre-fire,
2018-05-11,3.454889809600001e-05,-3.1706267239999997e-06,Raw,-4.461565799475258,-5.498854884194706,2018,Pre-fire,
2018-05-12,3.1487603328000005e-05,-3.0612947680000037e-06,Raw,-4.501860394334431,-5.514094850751442,2018,Pre-fire,
2018-05-13,2.9738292032000004e-05,-1.7493112960000007e-06,Raw,-4.526683978059463,-5.757132899437737,2018,Pre-fire,
2018-05-14,2.8098312692000003e-05,-1.6399793400000013e-06,Raw,-4.551319758762367,-5.78516162303798,2018,Pre-fire,
2018-05-15,2.6676997264e-05,-1.4213154280000024e-06,Raw,-4.5738630557549325,-5.847309529786824,2018,Pre-fire,
2018-05-16,2.5474345748000007e-05,-1.2026515159999935e-06,Raw,-4.593896961067642,-5.919860196935439,2018,Pre-fire,
2018-05-17,2.3725034452000003e-05,-1.749311296000004e-06,Raw,-4.624793148245132,-5.757132899437736,2018,Pre-fire,
2018-05-18,2.2085055112000005e-05,-1.6399793399999979e-06,Raw,-4.655901512647038,-5.785161623037981,2018,Pre-fire,
2018-05-19,2.0663739684000003e-05,-1.4213154280000024e-06,Raw,-4.684791077920417,-5.847309529786824,2018,Pre-fire,
2018-05-20,1.9570420124e-05,-1.0933195600000042e-06,Raw,-4.708399851113769,-5.96125288209366,2018,Pre-fire,
2018-05-21,1.8695764476000003e-05,-8.746556479999952e-07,Raw,-4.728256771701508,-6.05816289510172,2018,Pre-fire,
2018-05-22,1.7821108828e-05,-8.74655648000002e-07,Raw,-4.749065277689704,-6.0581628951017175,2018,Pre-fire,
2018-05-23,1.7055785136000002e-05,-7.653236919999992e-07,Raw,-4.7681282837392,-6.116154842079405,2018,Pre-fire,
2018-05-24,1.6290461444000003e-05,-7.653236919999992e-07,Raw,-4.788066613681387,-6.116154842079405,2018,Pre-fire,
2018-05-25,1.5962465576e-05,-3.279958680000016e-07,Raw,-4.796900026309225,-6.484131627373997,2018,Pre-fire,
2018-05-26,1.5525137752e-05,-4.37327824000001e-07,Raw,-4.808964537710605,-6.359192890765699,2018,Pre-fire,
2018-05-27,1.4869146016000002e-05,-6.559917359999981e-07,Raw,-4.827713973723444,-6.183101631710019,2018,Pre-fire,
2018-05-28,1.4213154280000004e-05,-6.559917359999981e-07,Raw,-4.847309529786825,-6.183101631710019,2018,Pre-fire,
2018-05-29,1.3885158412e-05,-3.279958680000033e-07,Raw,-4.857449161137705,-6.484131627373995,2018,Pre-fire,
2018-05-30,1.3447830588e-05,-4.37327824000001e-07,Raw,-4.871347770654264,-6.359192890765699,2018,Pre-fire,
2018-05-31,1.3229166676000004e-05,-2.1866391199999542e-07,Raw,-4.878467511777211,-6.66022288642969,2018,Pre-fire,
2018-06-01,1.2901170808e-05,-3.27995868000005e-07,Raw,-4.889370874787536,-6.484131627373992,2018,Pre-fire,
2018-06-02,1.2354511028e-05,-5.466597799999987e-07,Raw,-4.908174438610242,-6.262282877757644,2018,Pre-fire,
2018-06-03,1.1917183204000005e-05,-4.3732782399999593e-07,Raw,-4.923826384153038,-6.359192890765703,2018,Pre-fire,
2018-06-04,1.1589187336000005e-05,-3.279958679999999e-07,Raw,-4.935947016828892,-6.4841316273739995,2018,Pre-fire,
2018-06-05,1.1261191468000002e-05,-3.279958680000033e-07,Raw,-4.948415657388489,-6.484131627373995,2018,Pre-fire,
2018-06-06,1.0933195600000002e-05,-3.279958679999999e-07,Raw,-4.961252882093662,-6.4841316273739995,2018,Pre-fire,
2018-06-07,1.0714531688e-05,-2.186639120000022e-07,Raw,-4.970026806401167,-6.660222886429676,2018,Pre-fire,
2018-06-11,1.5634469708000003e-05,-2.514634988e-06,Raw,-4.8059168446286,-5.599525046076069,2018,Pre-fire,
2018-06-12,1.3229166676000004e-05,-2.405303031999999e-06,Raw,-4.878467511777211,-5.6188302012714555,2018,Pre-fire,
2018-06-13,1.2026515160000002e-05,-1.202651516000002e-06,Raw,-4.919860196935437,-5.919860196935436,2018,Pre-fire,
2018-06-14,1.1261191468000002e-05,-7.653236920000009e-07,Raw,-4.948415657388489,-6.116154842079404,2018,Pre-fire,
2018-06-15,1.0714531688e-05,-5.466597800000021e-07,Raw,-4.970026806401167,-6.262282877757642,2018,Pre-fire,
2018-06-16,1.0605199732000002e-05,-1.0933195599999771e-07,Raw,-4.974481147827417,-6.961252882093671,2018,Pre-fire,
2018-06-17,1.0495867776000002e-05,-1.093319559999994e-07,Raw,-4.978981649054093,-6.961252882093664,2018,Pre-fire,
2018-06-18,1.0167871908000002e-05,-3.279958679999999e-07,Raw,-4.992769933539726,-6.4841316273739995,2018,Pre-fire,
2018-06-19,9.730544084e-06,-4.373278240000027e-07,Raw,-5.011862875448749,-6.359192890765697,2018,Pre-fire,
2018-06-22,1.0933195600000002e-05,-1.8586432519999984e-06,Raw,-4.961252882093662,-5.730803960715388,2018,Pre-fire,
2018-06-23,1.0495867776000002e-05,-4.373278239999993e-07,Raw,-4.978981649054093,-6.3591928907657,2018,Pre-fire,
2018-06-24,1.0167871908000002e-05,-3.279958679999999e-07,Raw,-4.992769933539726,-6.4841316273739995,2018,Pre-fire,
2018-06-25,9.730544084e-06,-4.373278240000027e-07,Raw,-5.011862875448749,-6.359192890765697,2018,Pre-fire,
2018-06-26,9.621212128000002e-06,-1.0933195599999771e-07,Raw,-5.016770209943493,-6.961252882093671,2018,Pre-fire,
2018-06-27,9.402548216e-06,-2.186639120000022e-07,Raw,-5.026754430850094,-6.660222886429676,2018,Pre-fire,
2018-06-28,9.074552348000002e-06,-3.279958679999982e-07,Raw,-5.0421747897175875,-6.484131627374001,2018,Pre-fire,
2018-06-29,8.965220392000002e-06,-1.093319559999994e-07,Raw,-5.0474390297099445,-6.961252882093664,2018,Pre-fire,
2018-06-30,8.855888436000003e-06,-1.093319559999994e-07,Raw,-5.052767863215012,-6.961252882093664,2018,Pre-fire,
2018-07-01,8.527892568000001e-06,-3.279958680000016e-07,Raw,-5.069158279403181,-6.484131627373997,2018,Pre-fire,
2018-07-02,8.418560612000002e-06,-1.093319559999994e-07,Raw,-5.07476215692118,-6.961252882093664,2018,Pre-fire,
2018-07-03,8.090564744000002e-06,-3.279958679999999e-07,Raw,-5.092021162362686,-6.4841316273739995,2018,Pre-fire,
2018-07-04,7.762568876e-06,-3.279958680000016e-07,Raw,-5.109994533374587,-6.484131627373997,2018,Pre-fire,
2018-07-05,7.65323692e-06,-1.093319559999994e-07,Raw,-5.116154842079405,-6.961252882093664,2018,Pre-fire,
2018-07-06,7.543904964e-06,-1.093319560000011e-07,Raw,-5.122403791356406,-6.961252882093658,2018,Pre-fire,
2018-07-07,7.325241052000002e-06,-2.1866391199999797e-07,Raw,-5.135178079392835,-6.660222886429684,2018,Pre-fire,
2018-07-08,7.2159090960000015e-06,-1.0933195600000025e-07,Raw,-5.141708946551793,-6.96125288209366,2018,Pre-fire,
2018-07-09,6.997245184000001e-06,-2.186639120000005e-07,Raw,-5.155072908109775,-6.66022288642968,2018,Pre-fire,
2018-07-10,6.8879132280000016e-06,-1.093319559999994e-07,Raw,-5.16191233264008,-6.961252882093664,2018,Pre-fire,
2018-07-11,6.778581272000001e-06,-1.0933195600000025e-07,Raw,-5.168861192595408,-6.96125288209366,2018,Pre-fire,
2018-07-12,6.669249316e-06,-1.093319560000011e-07,Raw,-5.175923047082895,-6.961252882093658,2018,Pre-fire,
2018-07-13,6.4505854040000005e-06,-2.1866391199999966e-07,Raw,-5.190400870451517,-6.660222886429681,2018,Pre-fire,
2018-07-14,6.341253448000001e-06,-1.093319559999994e-07,Raw,-5.197824888530724,-6.961252882093664,2018,Pre-fire,
2018-07-15,6.122589536000002e-06,-2.186639119999988e-07,Raw,-5.213064855087461,-6.660222886429683,2018,Pre-fire,
2018-07-16,6.013257580000001e-06,-1.093319560000011e-07,Raw,-5.220890192599418,-6.961252882093658,2018,Pre-fire,
2018-07-17,5.903925624000001e-06,-1.0933195600000025e-07,Raw,-5.228859122270693,-6.96125288209366,2018,Pre-fire,
2018-07-18,5.7945936680000016e-06,-1.093319559999994e-07,Raw,-5.236977012492873,-6.961252882093664,2018,Pre-fire,
2018-07-20,5.6852617120000005e-06,-1.093319560000011e-07,Raw,-5.245249538458863,-6.961252882093658,2018,Pre-fire,
2018-07-21,5.575929756000001e-06,-1.093319559999994e-07,Raw,-5.253682705995725,-6.961252882093664,2018,Pre-fire,
2018-07-22,5.466597800000001e-06,-1.0933195600000025e-07,Raw,-5.2622828777576425,-6.96125288209366,2018,Pre-fire,
2018-07-23,5.3572658440000005e-06,-1.0933195600000025e-07,Raw,-5.271056802065148,-6.96125288209366,2018,Pre-fire,
2018-07-27,5.029269976000001e-06,-1.093319559999994e-07,Raw,-5.298495050412088,-6.961252882093664,2018,Pre-fire,
2018-07-28,4.91993802e-06,-1.0933195600000025e-07,Raw,-5.308040368318318,-6.96125288209366,2018,Pre-fire,
2018-07-29,4.810606064000001e-06,-1.093319559999994e-07,Raw,-5.317800205607474,-6.961252882093664,2018,Pre-fire,
2018-08-08,4.373278240000001e-06,-1.0933195600000025e-07,Raw,-5.3591928907657,-6.96125288209366,2018,Pre-fire,
2018-08-09,4.2639462840000006e-06,-1.0933195600000025e-07,Raw,-5.370188275067163,-6.96125288209366,2018,Pre-fire,
2018-08-10,4.154614328e-06,-1.0933195600000025e-07,Raw,-5.381469285476852,-6.96125288209366,2018,Pre-fire,
2019-04-09,0.000535289256576,-0.00032668388452800003,Raw,-3.271411472956157,-3.4858722889503007,2019,Pre-fire,
2019-04-10,0.000298913567704,-0.000236375688872,Raw,-3.524454371861858,-3.6263971924763703,2019,Pre-fire,
2019-04-11,0.000284044421688,-1.4869146016e-05,Raw,-3.5466137353566527,-4.827713973723444,2019,Pre-fire,
2019-04-12,0.000243591597968,-4.045282372000002e-05,Raw,-3.6133376955919703,-4.393051158026666,2019,Pre-fire,
2019-04-13,0.000189581611704,-5.4009986263999984e-05,Raw,-3.72220378895347,-4.267525933170015,2019,Pre-fire,
2019-04-14,0.000157000688816,-3.2580922888000006e-05,Raw,-3.8040984421873802,-4.487036618017407,2019,Pre-fire,
2019-04-15,0.000126169077224,-3.083161159199999e-05,Raw,-3.899047073273949,-4.511003773774301,2019,Pre-fire,
2019-04-16,0.000110206611648,-1.5962465576000015e-05,Raw,-3.9577923499841554,-4.796900026309224,2019,Pre-fire,
2019-04-17,9.708677692800004e-05,-1.3119834719999956e-05,Raw,-4.012839916315061,-4.882071636046039,2019,Pre-fire,
2019-04-18,9.3916150204e-05,-3.170626724000047e-06,Raw,-4.027259718262419,-5.498854884194699,2019,Pre-fire,
2019-04-21,9.3916150204e-05,-1.5853133620000005e-05,Raw,-4.027259718262419,-4.799884879858687,2019,Pre-fire,
2019-04-22,7.937500005600001e-05,-1.4541150147999985e-05,Raw,-4.100316261393568,-4.837401241126576,2019,Pre-fire,
2019-04-23,7.532971768400001e-05,-4.045282372000002e-06,Raw,-4.123033660186036,-5.393051158026666,2019,Pre-fire,
2019-04-24,7.4455062036e-05,-8.746556480000088e-07,Raw,-4.128105770180877,-6.058162895101714,2019,Pre-fire,
2019-04-25,6.942579206e-05,-5.029269975999993e-06,Raw,-4.158479156801686,-5.298495050412089,2019,Pre-fire,
2019-04-26,6.3084538612e-05,-6.3412534479999994e-06,Raw,-4.20007706893793,-5.197824888530724,2019,Pre-fire,
2019-04-27,5.630595734000001e-05,-6.778581271999997e-06,Raw,-4.2494456530524705,-5.168861192595408,2019,Pre-fire,
2019-04-28,4.9855371936e-05,-6.450585404000009e-06,Raw,-4.302288039429227,-5.1904008704515165,2019,Pre-fire,
2019-04-29,4.5044765872000006e-05,-4.810606063999994e-06,Raw,-4.346355666060527,-5.317800205607475,2019,Pre-fire,
2019-04-30,4.1108815456e-05,-3.935950416000006e-06,Raw,-4.386065037166,-5.4049503813263735,2019,Pre-fire,
2019-05-01,3.8156852644000006e-05,-2.951962811999994e-06,Raw,-4.4184274551344815,-5.529889117934675,2019,Pre-fire,
2019-05-02,3.5642217656e-05,-2.5146349880000033e-06,Raw,-4.448035282025723,-5.599525046076068,2019,Pre-fire,
2019-05-03,3.3892906360000006e-05,-1.7493112959999973e-06,Raw,-4.469891188259389,-5.757132899437738,2019,Pre-fire,
2019-05-04,3.3346246580000005e-05,-5.466597800000004e-07,Raw,-4.476953042746876,-6.2622828777576425,2019,Pre-fire,
2019-05-08,3.247159093200001e-05,-1.2026515159999969e-06,Raw,-4.488496432776449,-5.919860196935438,2019,Pre-fire,
2019-05-09,3.1924931152e-05,-5.466597800000072e-07,Raw,-4.495870030645244,-6.262282877757637,2019,Pre-fire,
2019-05-10,3.0394283768000004e-05,-1.5306473839999985e-06,Raw,-4.517208086175585,-5.815124846415424,2019,Pre-fire,
2019-05-11,2.897296834e-05,-1.4213154280000058e-06,Raw,-4.538007008156854,-5.847309529786823,2019,Pre-fire,
2019-05-12,2.7770316824e-05,-1.2026515159999969e-06,Raw,-4.556419165473724,-5.919860196935438,2019,Pre-fire,
2019-05-13,2.6239669440000003e-05,-1.5306473839999985e-06,Raw,-4.581041640382056,-5.815124846415424,2019,Pre-fire,
2019-05-14,2.514634988e-05,-1.0933195600000042e-06,Raw,-4.599525046076069,-5.96125288209366,2019,Pre-fire,
2019-05-15,2.4053030320000005e-05,-1.093319559999994e-06,Raw,-4.6188302012714555,-5.961252882093664,2019,Pre-fire,
2019-05-16,2.3069042716000003e-05,-9.839876040000014e-07,Raw,-4.636970426795969,-6.007010372654336,2019,Pre-fire,
2019-05-17,2.2850378804e-05,-2.186639120000022e-07,Raw,-4.641106595982608,-6.660222886429676,2019,Pre-fire,
2019-05-18,2.1866391200000003e-05,-9.83987603999998e-07,Raw,-4.660222886429681,-6.007010372654338,2019,Pre-fire,
2019-05-27,2.0226411860000005e-05,-5.466597799999936e-07,Raw,-4.6940811536906475,-6.262282877757648,2019,Pre-fire,
2019-05-28,1.9023760344e-05,-1.202651516000007e-06,Raw,-4.720703633811062,-5.919860196935434,2019,Pre-fire,
2019-05-29,1.7930440784000004e-05,-1.093319559999994e-06,Raw,-4.746409034045964,-5.961252882093664,2019,Pre-fire,
2019-05-30,1.7055785136000002e-05,-8.74655648000002e-07,Raw,-4.7681282837392,-6.0581628951017175,2019,Pre-fire,
2019-05-31,1.6509125356000002e-05,-5.466597800000004e-07,Raw,-4.782275934800492,-6.2622828777576425,2019,Pre-fire,
2019-06-01,1.5743801664000003e-05,-7.653236919999992e-07,Raw,-4.802890389998412,-6.116154842079405,2019,Pre-fire,
2019-06-02,1.5087809928e-05,-6.559917360000032e-07,Raw,-4.821373795692425,-6.183101631710016,2019,Pre-fire,
2019-06-03,1.4431818192000005e-05,-6.559917359999947e-07,Raw,-4.840678950887812,-6.183101631710022,2019,Pre-fire,
2019-06-04,1.3885158412e-05,-5.466597800000038e-07,Raw,-4.857449161137705,-6.26228287775764,2019,Pre-fire,
2019-06-05,1.3447830588e-05,-4.37327824000001e-07,Raw,-4.871347770654264,-6.359192890765699,2019,Pre-fire,
2019-06-06,1.3119834720000002e-05,-3.279958679999982e-07,Raw,-4.882071636046037,-6.484131627374001,2019,Pre-fire,
2019-06-08,1.3775826456000005e-05,-2.1866391199999712e-07,Raw,-4.860882336976099,-6.660222886429686,2019,Pre-fire,
2019-06-09,1.2682506896000002e-05,-1.0933195600000025e-06,Raw,-4.896794892866743,-5.96125288209366,2019,Pre-fire,
2019-06-10,1.2026515160000002e-05,-6.559917359999998e-07,Raw,-4.919860196935437,-6.183101631710018,2019,Pre-fire,
2019-06-11,1.1589187336000005e-05,-4.373278239999976e-07,Raw,-4.935947016828892,-6.359192890765701,2019,Pre-fire,
2019-06-12,1.1042527556000004e-05,-5.466597800000004e-07,Raw,-4.956931508311019,-6.2622828777576425,2019,Pre-fire,
2019-06-13,1.0714531688e-05,-3.27995868000005e-07,Raw,-4.970026806401167,-6.484131627373992,2019,Pre-fire,
2019-06-14,1.038653582e-05,-3.279958679999999e-07,Raw,-4.983529276804814,-6.4841316273739995,2019,Pre-fire,
2019-06-15,1.0167871908000002e-05,-2.1866391199999712e-07,Raw,-4.992769933539726,-6.660222886429686,2019,Pre-fire,
2019-06-16,9.949207996000002e-06,-2.186639120000005e-07,Raw,-5.002211489772568,-6.66022288642968,2019,Pre-fire,
2019-06-17,9.621212128000002e-06,-3.279958679999999e-07,Raw,-5.016770209943493,-6.4841316273739995,2019,Pre-fire,
2019-06-18,9.402548216e-06,-2.186639120000022e-07,Raw,-5.026754430850094,-6.660222886429676,2019,Pre-fire,
2019-06-19,9.29321626e-06,-1.093319559999994e-07,Raw,-5.031833956379369,-6.961252882093664,2019,Pre-fire,
2019-06-20,9.183884304e-06,-1.093319560000011e-07,Raw,-5.03697359603178,-6.961252882093658,2019,Pre-fire,
2019-06-21,9.074552348000002e-06,-1.0933195599999771e-07,Raw,-5.0421747897175875,-6.961252882093671,2019,Pre-fire,
2019-06-22,8.965220392000002e-06,-1.093319559999994e-07,Raw,-5.0474390297099445,-6.961252882093664,2019,Pre-fire,
2019-06-23,8.746556480000002e-06,-2.186639120000005e-07,Raw,-5.058162895101718,-6.66022288642968,2019,Pre-fire,
2019-06-24,8.637224524000002e-06,-1.093319559999994e-07,Raw,-5.06362579080322,-6.961252882093664,2019,Pre-fire,
2019-06-25,8.527892568000001e-06,-1.093319560000011e-07,Raw,-5.069158279403181,-6.961252882093658,2019,Pre-fire,
2019-06-28,9.183884304e-06,-4.373278240000027e-07,Raw,-5.03697359603178,-6.359192890765697,2019,Pre-fire,
2019-06-29,8.527892568000001e-06,-6.559917359999981e-07,Raw,-5.069158279403181,-6.183101631710019,2019,Pre-fire,
2019-06-30,8.309228656e-06,-2.186639120000005e-07,Raw,-5.080439289812871,-6.66022288642968,2019,Pre-fire,
2019-07-01,8.199896700000001e-06,-1.093319559999994e-07,Raw,-5.086191618701962,-6.961252882093664,2019,Pre-fire,
2019-07-03,7.981232788e-06,-2.186639120000005e-07,Raw,-5.097930021973206,-6.66022288642968,2019,Pre-fire,
2019-07-04,7.762568876e-06,-2.186639120000005e-07,Raw,-5.109994533374587,-6.66022288642968,2019,Pre-fire,
2019-07-05,7.543904964e-06,-2.186639120000005e-07,Raw,-5.122403791356406,-6.66022288642968,2019,Pre-fire,
2019-07-22,6.122589536000002e-06,-2.186639119999988e-07,Raw,-5.213064855087461,-6.660222886429683,2019,Pre-fire,
2019-07-23,5.903925624000001e-06,-2.1866391200000135e-07,Raw,-5.228859122270693,-6.660222886429678,2019,Pre-fire,
2019-07-24,5.6852617120000005e-06,-2.186639120000005e-07,Raw,-5.245249538458863,-6.66022288642968,2019,Pre-fire,
2019-07-25,5.575929756000001e-06,-1.093319559999994e-07,Raw,-5.253682705995725,-6.961252882093664,2019,Pre-fire,
2019-07-26,5.3572658440000005e-06,-2.186639120000005e-07,Raw,-5.271056802065148,-6.66022288642968,2019,Pre-fire,
2019-07-27,5.247933888000001e-06,-1.093319559999994e-07,Raw,-5.2800116447180745,-6.961252882093664,2019,Pre-fire,
2019-07-28,5.029269976000001e-06,-2.186639120000005e-07,Raw,-5.298495050412088,-6.66022288642968,2019,Pre-fire,
2019-07-29,4.810606064000001e-06,-2.1866391199999966e-07,Raw,-5.317800205607474,-6.660222886429681,2019,Pre-fire,
2019-07-30,4.5919421520000005e-06,-2.186639120000005e-07,Raw,-5.338003591695761,-6.66022288642968,2019,Pre-fire,
2019-07-31,4.482610196000001e-06,-1.093319559999994e-07,Raw,-5.348469025373926,-6.961252882093664,2019,Pre-fire,
2019-08-01,4.373278240000001e-06,-1.0933195600000025e-07,Raw,-5.3591928907657,-6.96125288209366,2019,Pre-fire,
2019-08-11,4.701274108000001e-06,-1.0933195600000025e-07,Raw,-5.327784426514075,-6.96125288209366,2019,Pre-fire,
2019-08-12,4.2639462840000006e-06,-4.3732782400000017e-07,Raw,-5.370188275067163,-6.3591928907657,2019,Pre-fire,
2019-08-13,3.935950416000001e-06,-3.279958679999999e-07,Raw,-5.404950381326374,-6.4841316273739995,2019,Pre-fire,
2019-08-14,3.82661846e-06,-1.0933195600000025e-07,Raw,-5.417184837743386,-6.96125288209366,2019,Pre-fire,
2019-08-15,3.717286504000001e-06,-1.093319559999994e-07,Raw,-5.429773965051407,-6.961252882093664,2019,Pre-fire,
2020-06-17,5.127668736400001e-05,-3.1706267240000065e-06,Raw,-4.290080039378578,-5.498854884194705,2020,Pre-fire,
2020-06-18,4.2858126752e-05,-8.418560612000012e-06,Raw,-4.3679668150732045,-5.074762156921179,2020,Pre-fire,
2020-06-19,3.662620526000001e-05,-6.23192149199999e-06,Raw,-4.4362080750568165,-5.205378026421171,2020,Pre-fire,
2020-06-20,3.247159093200001e-05,-4.154614327999998e-06,Raw,-4.488496432776449,-5.381469285476852,2020,Pre-fire,
2020-06-21,3.0175619856e-05,-2.2959710760000112e-06,Raw,-4.520343800028444,-5.63903358735974,2020,Pre-fire,
2020-06-22,2.7332989000000004e-05,-2.8426308559999947e-06,Raw,-4.563312873421624,-5.546279534122845,2020,Pre-fire,
2020-06-23,2.5255681836000005e-05,-2.077307163999999e-06,Raw,-4.597640902201517,-5.682499281140833,2020,Pre-fire,
2020-06-24,2.350637054e-05,-1.749311296000004e-06,Raw,-4.628814422178056,-5.757132899437736,2020,Pre-fire,
2020-06-25,2.2194387068e-05,-1.3119834719999997e-06,Raw,-4.653756844180449,-5.882071636046037,2020,Pre-fire,
2020-06-26,2.0882403596e-05,-1.311983472000003e-06,Raw,-4.680219514845934,-5.882071636046036,2020,Pre-fire,
2020-06-27,1.9898415992000004e-05,-9.839876039999947e-07,Raw,-4.701181494108587,-6.00701037265434,2020,Pre-fire,
2020-06-28,1.9570420124e-05,-3.27995868000005e-07,Raw,-4.708399851113769,-6.484131627373992,2020,Pre-fire,
2020-06-29,1.9242424256000004e-05,-3.2799586799999483e-07,Raw,-4.715740214279512,-6.484131627374006,2020,Pre-fire,
2020-06-30,1.8149104696000003e-05,-1.0933195600000008e-06,Raw,-4.741144794053606,-5.961252882093661,2020,Pre-fire,
2020-07-01,1.7383781004000004e-05,-7.653236919999992e-07,Raw,-4.75985575777321,-6.116154842079405,2020,Pre-fire,
2020-07-02,1.6618457312e-05,-7.653236920000026e-07,Raw,-4.7794092941488895,-6.116154842079403,2020,Pre-fire,
2020-07-03,1.5853133620000002e-05,-7.653236919999992e-07,Raw,-4.799884879858687,-6.116154842079405,2020,Pre-fire,
2020-07-04,1.5197141884000002e-05,-6.559917359999998e-07,Raw,-4.818238081839566,-6.183101631710018,2020,Pre-fire,
2020-07-05,1.4759814060000005e-05,-4.373278239999976e-07,Raw,-4.830919113598656,-6.359192890765701,2020,Pre-fire,
2020-07-06,1.4431818192000005e-05,-3.279958679999999e-07,Raw,-4.840678950887812,-6.4841316273739995,2020,Pre-fire,
2020-07-07,1.3994490368000002e-05,-4.373278240000027e-07,Raw,-4.854042912445793,-6.359192890765697,2020,Pre-fire,
2020-07-08,1.3557162544000004e-05,-4.373278239999976e-07,Raw,-4.8678311969314265,-6.359192890765701,2020,Pre-fire,
2020-07-09,1.3119834720000002e-05,-4.373278240000027e-07,Raw,-4.882071636046037,-6.359192890765697,2020,Pre-fire,
2020-07-10,1.2791838852e-05,-3.279958680000016e-07,Raw,-4.8930670203475,-6.484131627373997,2020,Pre-fire,
2020-07-11,1.2354511028e-05,-4.373278239999993e-07,Raw,-4.908174438610242,-6.3591928907657,2020,Pre-fire,
2020-07-12,1.2026515160000002e-05,-3.279958679999982e-07,Raw,-4.919860196935437,-6.484131627374001,2020,Pre-fire,
2020-07-13,1.1698519292000004e-05,-3.279958679999982e-07,Raw,-4.931869104408452,-6.484131627374001,2020,Pre-fire,
2020-07-14,1.1370523424e-05,-3.27995868000005e-07,Raw,-4.944219542794881,-6.484131627373992,2020,Pre-fire,
2020-07-15,1.1042527556000004e-05,-3.2799586799999483e-07,Raw,-4.956931508311019,-6.484131627374006,2020,Pre-fire,
2020-07-16,1.0714531688e-05,-3.27995868000005e-07,Raw,-4.970026806401167,-6.484131627373992,2020,Pre-fire,
2020-07-17,1.038653582e-05,-3.279958679999999e-07,Raw,-4.983529276804814,-6.4841316273739995,2020,Pre-fire,
2020-07-18,1.0058539952e-05,-3.279958679999999e-07,Raw,-4.9974650547481065,-6.4841316273739995,2020,Pre-fire,
2020-07-19,9.949207996000002e-06,-1.0933195599999771e-07,Raw,-5.002211489772568,-6.961252882093671,2020,Pre-fire,
2020-07-20,9.621212128000002e-06,-3.279958679999999e-07,Raw,-5.016770209943493,-6.4841316273739995,2020,Pre-fire,
2020-07-21,9.402548216e-06,-2.186639120000022e-07,Raw,-5.026754430850094,-6.660222886429676,2020,Pre-fire,
2020-07-22,9.074552348000002e-06,-3.279958679999982e-07,Raw,-5.0421747897175875,-6.484131627374001,2020,Pre-fire,
2020-07-23,8.855888436000003e-06,-2.186639119999988e-07,Raw,-5.052767863215012,-6.660222886429683,2020,Pre-fire,
2020-07-24,8.637224524000002e-06,-2.186639120000005e-07,Raw,-5.06362579080322,-6.66022288642968,2020,Pre-fire,
2020-07-25,8.527892568000001e-06,-1.093319560000011e-07,Raw,-5.069158279403181,-6.961252882093658,2020,Pre-fire,
2020-07-26,8.309228656e-06,-2.186639120000005e-07,Raw,-5.080439289812871,-6.66022288642968,2020,Pre-fire,
2020-07-27,8.090564744000002e-06,-2.186639119999988e-07,Raw,-5.092021162362686,-6.660222886429683,2020,Pre-fire,
2020-07-28,7.871900832000001e-06,-2.186639120000005e-07,Raw,-5.103920385662393,-6.66022288642968,2020,Pre-fire,
2020-07-29,7.65323692e-06,-2.186639120000005e-07,Raw,-5.116154842079405,-6.66022288642968,2020,Pre-fire,
2020-07-30,7.434573008000001e-06,-2.1866391199999966e-07,Raw,-5.1287439693874255,-6.660222886429681,2020,Pre-fire,
2020-07-31,7.325241052000002e-06,-1.093319559999994e-07,Raw,-5.135178079392835,-6.961252882093664,2020,Pre-fire,
2020-08-01,7.2159090960000015e-06,-1.0933195600000025e-07,Raw,-5.141708946551793,-6.96125288209366,2020,Pre-fire,
2020-08-02,6.997245184000001e-06,-2.186639120000005e-07,Raw,-5.155072908109775,-6.66022288642968,2020,Pre-fire,
2020-08-08,6.4505854040000005e-06,-2.1866391199999966e-07,Raw,-5.190400870451517,-6.660222886429681,2020,Pre-fire,
2020-08-09,6.231921492e-06,-2.186639120000005e-07,Raw,-5.205378026421171,-6.66022288642968,2020,Pre-fire,
2020-08-10,6.122589536000002e-06,-1.0933195599999771e-07,Raw,-5.213064855087461,-6.961252882093671,2020,Pre-fire,
2020-08-11,6.013257580000001e-06,-1.093319560000011e-07,Raw,-5.220890192599418,-6.961252882093658,2020,Pre-fire,
2020-08-12,5.903925624000001e-06,-1.0933195600000025e-07,Raw,-5.228859122270693,-6.96125288209366,2020,Pre-fire,
2020-08-13,5.7945936680000016e-06,-1.093319559999994e-07,Raw,-5.236977012492873,-6.961252882093664,2020,Pre-fire,
2020-08-14,5.6852617120000005e-06,-1.093319560000011e-07,Raw,-5.245249538458863,-6.961252882093658,2020,Pre-fire,
2020-08-15,5.575929756000001e-06,-1.093319559999994e-07,Raw,-5.253682705995725,-6.961252882093664,2020,Pre-fire,
2021-05-02,4.2748794796e-05,-8.965220392000012e-06,Raw,-4.369076124697795,-5.0474390297099445,2021,Pre-fire,
2021-05-03,3.6298209392000006e-05,-6.4505854039999955e-06,Raw,-4.440114798389625,-5.190400870451517,2021,Pre-fire,
2021-05-04,3.4111570272000004e-05,-2.1866391200000017e-06,Raw,-4.467098288075219,-5.66022288642968,2021,Pre-fire,
2021-05-05,3.2908918756e-05,-1.2026515160000036e-06,Raw,-4.482686386499818,-5.919860196935435,2021,Pre-fire,
2021-05-07,3.269025484400001e-05,-6.559917359999964e-07,Raw,-4.485581693769232,-6.18310163171002,2021,Pre-fire,
2021-05-08,2.8535640516000004e-05,-4.1546143280000045e-06,Raw,-4.54461237475538,-5.381469285476851,2021,Pre-fire,
2021-05-09,2.6130337484000007e-05,-2.405303031999997e-06,Raw,-4.582854981145524,-5.618830201271456,2021,Pre-fire,
2021-05-10,2.4927685968e-05,-1.202651516000007e-06,Raw,-4.603318035093208,-5.919860196935434,2021,Pre-fire,
2021-05-11,2.4162362276000004e-05,-7.653236919999958e-07,Raw,-4.616860608408551,-6.116154842079407,2021,Pre-fire,
2021-05-15,2.3725034452000003e-05,-8.746556479999952e-07,Raw,-4.624793148245132,-6.05816289510172,2021,Pre-fire,
2021-05-16,2.2741046848e-05,-9.839876040000048e-07,Raw,-4.6431895471309,-6.007010372654335,2021,Pre-fire,
2021-05-17,2.1538395332000005e-05,-1.2026515159999935e-06,Raw,-4.666786655932069,-5.919860196935439,2021,Pre-fire,
2021-05-18,2.0991735552000005e-05,-5.466597800000004e-07,Raw,-4.677951653390112,-6.2622828777576425,2021,Pre-fire,
2021-05-19,1.9789084036000004e-05,-1.2026515160000002e-06,Raw,-4.703574307224478,-5.919860196935437,2021,Pre-fire,
2021-05-20,1.9242424256000004e-05,-5.466597800000004e-07,Raw,-4.715740214279512,-6.2622828777576425,2021,Pre-fire,
2021-05-21,1.9023760344e-05,-2.186639120000056e-07,Raw,-4.720703633811062,-6.660222886429669,2021,Pre-fire,
2021-05-22,1.7930440784000004e-05,-1.093319559999994e-06,Raw,-4.746409034045964,-5.961252882093664,2021,Pre-fire,
2021-05-23,1.7711776872000005e-05,-2.186639119999988e-07,Raw,-4.7517378675510304,-6.660222886429683,2021,Pre-fire,
2021-05-27,2.7114325088000005e-05,-2.514634988e-06,Raw,-4.566801201267445,-5.599525046076069,2021,Pre-fire,
2021-05-28,2.4927685968e-05,-2.186639120000005e-06,Raw,-4.603318035093208,-5.66022288642968,2021,Pre-fire,
2021-05-29,2.2741046848e-05,-2.1866391200000017e-06,Raw,-4.6431895471309,-5.66022288642968,2021,Pre-fire,
2021-05-30,2.0882403596e-05,-1.858643252e-06,Raw,-4.680219514845934,-5.730803960715388,2021,Pre-fire,
2021-05-31,1.9242424256000004e-05,-1.6399793399999945e-06,Raw,-4.715740214279512,-5.785161623037982,2021,Pre-fire,
2021-06-01,1.803977274e-05,-1.2026515160000036e-06,Raw,-4.743768937879755,-5.919860196935435,2021,Pre-fire,
2021-06-02,1.7055785136000002e-05,-9.83987603999998e-07,Raw,-4.7681282837392,-6.007010372654338,2021,Pre-fire,
2021-06-03,1.6181129488000004e-05,-8.746556479999986e-07,Raw,-4.790991166698705,-6.058162895101719,2021,Pre-fire,
2021-06-04,1.530647384e-05,-8.74655648000002e-07,Raw,-4.815124846415424,-6.0581628951017175,2021,Pre-fire,
2021-06-05,1.4431818192000005e-05,-8.746556479999969e-07,Raw,-4.840678950887812,-6.058162895101719,2021,Pre-fire,
2021-06-06,1.3994490368000002e-05,-4.373278240000027e-07,Raw,-4.854042912445793,-6.359192890765697,2021,Pre-fire,
2021-06-07,1.3557162544000004e-05,-4.373278239999976e-07,Raw,-4.8678311969314265,-6.359192890765701,2021,Pre-fire,
2021-06-08,1.3229166676000004e-05,-3.279958679999999e-07,Raw,-4.878467511777211,-6.4841316273739995,2021,Pre-fire,
2021-06-09,1.2791838852e-05,-4.373278240000044e-07,Raw,-4.8930670203475,-6.359192890765695,2021,Pre-fire,
2021-06-10,1.2463842984e-05,-3.279958679999999e-07,Raw,-4.904348030757189,-6.4841316273739995,2021,Pre-fire,
2021-06-15,1.2791838852e-05,-9.839876040000048e-07,Raw,-4.8930670203475,-6.007010372654335,2021,Pre-fire,
2021-06-16,1.2026515160000002e-05,-7.653236919999975e-07,Raw,-4.919860196935437,-6.116154842079406,2021,Pre-fire,
2021-06-17,1.1589187336000005e-05,-4.373278239999976e-07,Raw,-4.935947016828892,-6.359192890765701,2021,Pre-fire,
2021-06-18,1.1151859512000002e-05,-4.373278240000027e-07,Raw,-4.952652710331744,-6.359192890765697,2021,Pre-fire,
2021-06-19,1.0605199732000002e-05,-5.466597800000004e-07,Raw,-4.974481147827417,-6.2622828777576425,2021,Pre-fire,
2021-06-20,1.038653582e-05,-2.186639120000022e-07,Raw,-4.983529276804814,-6.660222886429676,2021,Pre-fire,
2021-06-21,9.949207996000002e-06,-4.373278239999976e-07,Raw,-5.002211489772568,-6.359192890765701,2021,Pre-fire,
2021-06-22,9.621212128000002e-06,-3.279958679999999e-07,Raw,-5.016770209943493,-6.4841316273739995,2021,Pre-fire,
2021-06-23,9.402548216e-06,-2.186639120000022e-07,Raw,-5.026754430850094,-6.660222886429676,2021,Pre-fire,
2021-06-24,9.29321626e-06,-1.093319559999994e-07,Raw,-5.031833956379369,-6.961252882093664,2021,Pre-fire,
2021-06-25,8.965220392000002e-06,-3.279958679999982e-07,Raw,-5.0474390297099445,-6.484131627374001,2021,Pre-fire,
2021-06-26,8.746556480000002e-06,-2.186639120000005e-07,Raw,-5.058162895101718,-6.66022288642968,2021,Pre-fire,
2021-06-27,8.418560612000002e-06,-3.279958679999999e-07,Raw,-5.07476215692118,-6.4841316273739995,2021,Pre-fire,
2021-06-28,8.199896700000001e-06,-2.186639120000005e-07,Raw,-5.086191618701962,-6.66022288642968,2021,Pre-fire,
2021-06-29,7.871900832000001e-06,-3.279958679999999e-07,Raw,-5.103920385662393,-6.4841316273739995,2021,Pre-fire,
2021-06-30,7.762568876e-06,-1.093319560000011e-07,Raw,-5.109994533374587,-6.961252882093658,2021,Pre-fire,
2021-07-02,7.65323692e-06,-1.093319559999994e-07,Raw,-5.116154842079405,-6.961252882093664,2021,Pre-fire,
2021-07-03,7.434573008000001e-06,-2.1866391199999966e-07,Raw,-5.1287439693874255,-6.660222886429681,2021,Pre-fire,
2021-07-04,7.2159090960000015e-06,-2.1866391199999966e-07,Raw,-5.141708946551793,-6.660222886429681,2021,Pre-fire,
2021-07-05,6.997245184000001e-06,-2.186639120000005e-07,Raw,-5.155072908109775,-6.66022288642968,2021,Pre-fire,
2021-07-06,6.8879132280000016e-06,-1.093319559999994e-07,Raw,-5.16191233264008,-6.961252882093664,2021,Pre-fire,
2021-07-07,6.669249316e-06,-2.1866391200000135e-07,Raw,-5.175923047082895,-6.660222886429678,2021,Pre-fire,
2021-07-09,6.4505854040000005e-06,-2.1866391199999966e-07,Raw,-5.190400870451517,-6.660222886429681,2021,Pre-fire,
2021-07-10,6.341253448000001e-06,-1.093319559999994e-07,Raw,-5.197824888530724,-6.961252882093664,2021,Pre-fire,
2021-07-11,6.231921492e-06,-1.093319560000011e-07,Raw,-5.205378026421171,-6.961252882093658,2021,Pre-fire,
2021-07-12,6.122589536000002e-06,-1.0933195599999771e-07,Raw,-5.213064855087461,-6.961252882093671,2021,Pre-fire,
2021-07-13,6.013257580000001e-06,-1.093319560000011e-07,Raw,-5.220890192599418,-6.961252882093658,2021,Pre-fire,
2021-07-14,5.903925624000001e-06,-1.0933195600000025e-07,Raw,-5.228859122270693,-6.96125288209366,2021,Pre-fire,
2021-07-15,5.7945936680000016e-06,-1.093319559999994e-07,Raw,-5.236977012492873,-6.961252882093664,2021,Pre-fire,
2021-07-17,5.6852617120000005e-06,-1.093319560000011e-07,Raw,-5.245249538458863,-6.961252882093658,2021,Pre-fire,
2021-07-18,5.575929756000001e-06,-1.093319559999994e-07,Raw,-5.253682705995725,-6.961252882093664,2021,Pre-fire,
2021-07-19,5.466597800000001e-06,-1.0933195600000025e-07,Raw,-5.2622828777576425,-6.96125288209366,2021,Pre-fire,
2021-07-20,5.3572658440000005e-06,-1.0933195600000025e-07,Raw,-5.271056802065148,-6.96125288209366,2021,Pre-fire,
2021-07-21,5.247933888000001e-06,-1.093319559999994e-07,Raw,-5.2800116447180745,-6.961252882093664,2021,Pre-fire,
2021-07-23,5.138601932e-06,-1.093319560000011e-07,Raw,-5.289155024157944,-6.961252882093658,2021,Pre-fire,
2021-07-24,5.029269976000001e-06,-1.093319559999994e-07,Raw,-5.298495050412088,-6.961252882093664,2021,Pre-fire,
2021-07-25,4.91993802e-06,-1.0933195600000025e-07,Raw,-5.308040368318318,-6.96125288209366,2021,Pre-fire,
2021-07-26,4.810606064000001e-06,-1.093319559999994e-07,Raw,-5.317800205607474,-6.961252882093664,2021,Pre-fire,
2021-07-28,4.810606064000001e-06,-1.093319559999994e-07,Raw,-5.317800205607474,-6.961252882093664,2021,Pre-fire,
2021-07-29,4.701274108000001e-06,-1.0933195600000025e-07,Raw,-5.327784426514075,-6.96125288209366,2021,Pre-fire,
2021-07-30,4.5919421520000005e-06,-1.0933195600000025e-07,Raw,-5.338003591695761,-6.96125288209366,2021,Pre-fire,
2021-08-01,4.5919421520000005e-06,-1.0933195600000025e-07,Raw,-5.338003591695761,-6.96125288209366,2021,Pre-fire,
2021-08-02,4.373278240000001e-06,-2.1866391199999966e-07,Raw,-5.3591928907657,-6.660222886429681,2021,Pre-fire,
2021-08-03,4.2639462840000006e-06,-1.0933195600000025e-07,Raw,-5.370188275067163,-6.96125288209366,2021,Pre-fire,
2021-08-04,4.154614328e-06,-1.0933195600000025e-07,Raw,-5.381469285476852,-6.96125288209366,2021,Pre-fire,
2022-06-12,0.000170120523536,-8.746556479999952e-07,Raw,-3.7692432894399914,-6.05816289510172,2022,Pre-fire,
2022-06-13,0.000148800792116,-2.131973142000001e-05,Raw,-3.8273947568903273,-4.671218270731144,2022,Pre-fire,
2022-06-14,0.00012518508962,-2.3615702496000007e-05,Raw,-3.902447395417755,-4.6267991309427305,2022,Pre-fire,
2022-06-15,9.894542018e-05,-2.6239669439999993e-05,Raw,-4.004604302888459,-4.581041640382056,2022,Pre-fire,
2022-06-16,7.937500005600001e-05,-1.9570420123999992e-05,Raw,-4.100316261393568,-4.708399851113769,2022,Pre-fire,
2022-06-17,6.898846423600001e-05,-1.0386535820000001e-05,Raw,-4.161223522849528,-4.983529276804814,2022,Pre-fire,
2022-06-18,6.078856753600001e-05,-8.1998967e-06,Raw,-4.216178090511605,-5.086191618701962,2022,Pre-fire,
2022-06-19,5.630595734000001e-05,-4.482610195999999e-06,Raw,-4.2494456530524705,-5.348469025373927,2022,Pre-fire,
2022-06-20,5.083935954000001e-05,-5.466597799999997e-06,Raw,-4.293799929203708,-5.262282877757643,2022,Pre-fire,
2022-06-21,4.581008956400001e-05,-5.029269976e-06,Raw,-4.339038859127366,-5.298495050412088,2022,Pre-fire,
2022-06-22,4.1655475236000014e-05,-4.154614327999998e-06,Raw,-4.380327906418042,-5.381469285476852,2022,Pre-fire,
2022-06-23,3.8156852644000006e-05,-3.498622592000008e-06,Raw,-4.4184274551344815,-5.456102903773755,2022,Pre-fire,
2022-06-24,3.5095557876e-05,-3.0612947680000037e-06,Raw,-4.45474784968879,-5.514094850751442,2022,Pre-fire,
2022-06-25,3.269025484400001e-05,-2.4053030319999937e-06,Raw,-4.485581693769232,-5.618830201271456,2022,Pre-fire,
2022-06-26,3.061294768e-05,-2.0773071640000057e-06,Raw,-4.514094850751443,-5.6824992811408315,2022,Pre-fire,
2022-06-27,2.8754304428000003e-05,-1.858643252e-06,Raw,-4.541297133603904,-5.730803960715388,2022,Pre-fire,
2022-06-28,2.7114325088000005e-05,-1.6399793399999979e-06,Raw,-4.566801201267445,-5.785161623037981,2022,Pre-fire,
2022-06-29,2.5693009660000003e-05,-1.4213154280000024e-06,Raw,-4.590185019821925,-5.847309529786824,2022,Pre-fire,
2022-06-30,2.449035814400001e-05,-1.2026515159999935e-06,Raw,-4.611004863759499,-5.919860196935439,2022,Pre-fire,
2022-07-01,2.350637054e-05,-9.839876040000082e-07,Raw,-4.628814422178056,-6.007010372654333,2022,Pre-fire,
2022-07-02,2.2522382936000003e-05,-9.83987603999998e-07,Raw,-4.647385661724508,-6.007010372654338,2022,Pre-fire,
2022-07-03,2.1647727288e-05,-8.74655648000002e-07,Raw,-4.66458769183213,-6.0581628951017175,2022,Pre-fire,
2022-07-04,2.077307164e-05,-8.74655648000002e-07,Raw,-4.682499281140833,-6.0581628951017175,2022,Pre-fire,
2022-07-07,1.967975208e-05,-1.8586432520000035e-06,Raw,-4.705980376990356,-5.730803960715387,2022,Pre-fire,
2022-07-08,1.8805096432000003e-05,-8.746556479999986e-07,Raw,-4.7257244351861125,-6.058162895101719,2022,Pre-fire,
2022-07-09,1.803977274e-05,-7.653236920000026e-07,Raw,-4.743768937879755,-6.116154842079403,2022,Pre-fire,
2022-07-10,1.7383781004000004e-05,-6.559917359999964e-07,Raw,-4.75985575777321,-6.18310163171002,2022,Pre-fire,
2022-07-11,1.6837121224000003e-05,-5.466597800000004e-07,Raw,-4.773732161257199,-6.2622828777576425,2022,Pre-fire,
2022-07-12,1.6290461444000003e-05,-5.466597800000004e-07,Raw,-4.788066613681387,-6.2622828777576425,2022,Pre-fire,
2022-07-13,1.5743801664000003e-05,-5.466597800000004e-07,Raw,-4.802890389998412,-6.2622828777576425,2022,Pre-fire,
2022-07-14,1.5197141884000002e-05,-5.466597800000004e-07,Raw,-4.818238081839566,-6.2622828777576425,2022,Pre-fire,
2022-07-15,1.4650482104000003e-05,-5.466597799999987e-07,Raw,-4.834148083728854,-6.262282877757644,2022,Pre-fire,
2022-07-16,1.4213154280000004e-05,-4.373278239999993e-07,Raw,-4.847309529786825,-6.3591928907657,2022,Pre-fire,
2022-07-17,1.3994490368000002e-05,-2.186639120000022e-07,Raw,-4.854042912445793,-6.660222886429676,2022,Pre-fire,
2022-07-18,1.3557162544000004e-05,-4.373278239999976e-07,Raw,-4.8678311969314265,-6.359192890765701,2022,Pre-fire,
2022-07-19,1.3119834720000002e-05,-4.373278240000027e-07,Raw,-4.882071636046037,-6.359192890765697,2022,Pre-fire,
2022-07-20,1.2682506896000002e-05,-4.373278239999993e-07,Raw,-4.896794892866743,-6.3591928907657,2022,Pre-fire,
2022-07-21,1.2354511028e-05,-3.279958680000016e-07,Raw,-4.908174438610242,-6.484131627373997,2022,Pre-fire,
2022-07-22,1.2026515160000002e-05,-3.279958679999982e-07,Raw,-4.919860196935437,-6.484131627374001,2022,Pre-fire,
2022-07-23,1.1917183204000005e-05,-1.0933195599999771e-07,Raw,-4.923826384153038,-6.961252882093671,2022,Pre-fire,
2022-07-24,1.1479855380000002e-05,-4.373278240000027e-07,Raw,-4.940063583023724,-6.359192890765697,2022,Pre-fire,
2022-07-25,1.1151859512000002e-05,-3.279958679999999e-07,Raw,-4.952652710331744,-6.4841316273739995,2022,Pre-fire,
2022-07-26,1.0933195600000002e-05,-2.186639120000005e-07,Raw,-4.961252882093662,-6.66022288642968,2022,Pre-fire,
2022-07-27,1.0605199732000002e-05,-3.279958679999999e-07,Raw,-4.974481147827417,-6.4841316273739995,2022,Pre-fire,
2022-07-28,1.038653582e-05,-2.186639120000022e-07,Raw,-4.983529276804814,-6.660222886429676,2022,Pre-fire,
2022-07-29,1.0167871908000002e-05,-2.1866391199999712e-07,Raw,-4.992769933539726,-6.660222886429686,2022,Pre-fire,
2022-07-30,9.83987604e-06,-3.279958680000016e-07,Raw,-5.007010372654337,-6.484131627373997,2022,Pre-fire,
2022-07-31,9.621212128000002e-06,-2.186639119999988e-07,Raw,-5.016770209943493,-6.660222886429683,2022,Pre-fire,
2022-08-01,9.402548216e-06,-2.186639120000022e-07,Raw,-5.026754430850094,-6.660222886429676,2022,Pre-fire,
2022-08-02,9.183884304e-06,-2.186639120000005e-07,Raw,-5.03697359603178,-6.66022288642968,2022,Pre-fire,
2022-08-03,9.074552348000002e-06,-1.0933195599999771e-07,Raw,-5.0421747897175875,-6.961252882093671,2022,Pre-fire,
2022-08-04,8.855888436000003e-06,-2.186639119999988e-07,Raw,-5.052767863215012,-6.660222886429683,2022,Pre-fire,
2022-08-06,8.527892568000001e-06,-3.279958680000016e-07,Raw,-5.069158279403181,-6.484131627373997,2022,Pre-fire,
2022-08-07,8.309228656e-06,-2.186639120000005e-07,Raw,-5.080439289812871,-6.66022288642968,2022,Pre-fire,
2022-08-08,8.199896700000001e-06,-1.093319559999994e-07,Raw,-5.086191618701962,-6.961252882093664,2022,Pre-fire,
2022-08-10,8.309228656e-06,-2.186639120000005e-07,Raw,-5.080439289812871,-6.66022288642968,2022,Pre-fire,
2022-08-11,7.981232788e-06,-3.279958679999999e-07,Raw,-5.097930021973206,-6.4841316273739995,2022,Pre-fire,
2022-08-12,7.762568876e-06,-2.186639120000005e-07,Raw,-5.109994533374587,-6.66022288642968,2022,Pre-fire,
2022-08-13,7.65323692e-06,-1.093319559999994e-07,Raw,-5.116154842079405,-6.961252882093664,2022,Pre-fire,
2022-08-14,7.543904964e-06,-1.093319560000011e-07,Raw,-5.122403791356406,-6.961252882093658,2022,Pre-fire,
2022-08-15,7.325241052000002e-06,-2.1866391199999797e-07,Raw,-5.135178079392835,-6.660222886429684,2022,Pre-fire,
2022-08-16,7.106577140000002e-06,-2.1866391199999966e-07,Raw,-5.148339525450806,-6.660222886429681,2022,Pre-fire,
2022-08-17,6.997245184000001e-06,-1.093319560000011e-07,Raw,-5.155072908109775,-6.961252882093658,2022,Pre-fire,
2022-08-19,6.8879132280000016e-06,-1.093319559999994e-07,Raw,-5.16191233264008,-6.961252882093664,2022,Pre-fire,
2022-08-20,6.669249316e-06,-2.1866391200000135e-07,Raw,-5.175923047082895,-6.660222886429678,2022,Pre-fire,
2022-08-21,6.559917360000001e-06,-1.093319559999994e-07,Raw,-5.183101631710018,-6.961252882093664,2022,Pre-fire,
2022-08-22,6.341253448000001e-06,-2.1866391199999966e-07,Raw,-5.197824888530724,-6.660222886429681,2022,Pre-fire,
2022-08-23,6.231921492e-06,-1.093319560000011e-07,Raw,-5.205378026421171,-6.961252882093658,2022,Pre-fire,
2022-08-30,5.575929756000001e-06,-1.093319559999994e-07,Raw,-5.253682705995725,-6.961252882093664,2022,Pre-fire,
2022-08-31,5.466597800000001e-06,-1.0933195600000025e-07,Raw,-5.2622828777576425,-6.96125288209366,2022,Pre-fire,
2022-09-01,5.3572658440000005e-06,-1.0933195600000025e-07,Raw,-5.271056802065148,-6.96125288209366,2022,Pre-fire,
2022-09-05,5.247933888000001e-06,-1.093319559999994e-07,Raw,-5.2800116447180745,-6.961252882093664,2022,Pre-fire,
2022-09-06,5.138601932e-06,-1.093319560000011e-07,Raw,-5.289155024157944,-6.961252882093658,2022,Pre-fire,
2022-09-07,5.029269976000001e-06,-1.093319559999994e-07,Raw,-5.298495050412088,-6.961252882093664,2022,Pre-fire,
2023-04-30,0.00018422434586,-4.0343491763999994e-05,Raw,-3.7346529768863044,-4.3942265159346015,2023,Pre-fire,
2023-05-01,0.00013065168742,-5.357265844e-05,Raw,-3.8838849768095054,-4.271056802065148,2023,Pre-fire,
2023-05-02,9.752410475200004e-05,-3.312758266799997e-05,Raw,-4.010888027717539,-4.479810253591357,2023,Pre-fire,
2023-05-03,8.571625350400001e-05,-1.180785124800003e-05,Raw,-4.066936819409223,-4.927829126606711,2023,Pre-fire,
2023-05-08,7.1284435312e-05,-1.4431818192000003e-05,Raw,-4.1470052863617415,-4.840678950887812,2023,Pre-fire,
2023-05-09,6.220988296400001e-05,-9.074552347999995e-06,Raw,-4.20614061569859,-5.042174789717588,2023,Pre-fire,
2023-05-10,5.849259646e-05,-3.7172865040000137e-06,Raw,-4.232899100072434,-5.429773965051405,2023,Pre-fire,
2023-05-11,5.7617940812e-05,-8.746556479999952e-07,Raw,-4.239442266881115,-6.05816289510172,2023,Pre-fire,
2023-05-17,7.303374660800001e-05,-5.466597799999991e-06,Raw,-4.136476419618116,-5.262282877757643,2023,Pre-fire,
2023-05-18,6.8004476632e-05,-5.0292699760000066e-06,Raw,-4.167462497402843,-5.298495050412087,2023,Pre-fire,
2023-05-19,6.1663223184e-05,-6.3412534479999994e-06,Raw,-4.209973778110319,-5.197824888530724,2023,Pre-fire,
2023-05-20,5.575929756e-05,-5.903925624000002e-06,Raw,-4.253682705995725,-5.228859122270693,2023,Pre-fire,
2023-05-21,4.723140499200001e-05,-8.527892567999994e-06,Raw,-4.325769135278749,-5.069158279403181,2023,Pre-fire,
2023-05-22,3.8594180468e-05,-8.63722452400001e-06,Raw,-4.413478176705839,-5.063625790803219,2023,Pre-fire,
2023-05-23,3.3236914624e-05,-5.357265843999995e-06,Raw,-4.478379298484908,-5.271056802065148,2023,Pre-fire,
2023-05-24,3.0066287900000003e-05,-3.1706267239999997e-06,Raw,-4.521920188263399,-5.498854884194706,2023,Pre-fire,
2023-05-25,2.8426308560000008e-05,-1.6399793399999945e-06,Raw,-4.546279534122844,-5.785161623037982,2023,Pre-fire,
2023-05-26,2.7223657044000008e-05,-1.2026515160000002e-06,Raw,-4.565053534997925,-5.919860196935437,2023,Pre-fire,
2023-05-27,2.6021005528000004e-05,-1.2026515160000036e-06,Raw,-4.58467592503715,-5.919860196935435,2023,Pre-fire,
2023-05-28,2.45996901e-05,-1.4213154280000058e-06,Raw,-4.609070363982299,-5.847309529786823,2023,Pre-fire,
2023-05-29,2.339703858400001e-05,-1.20265151599999e-06,Raw,-4.630839108744471,-5.91986019693544,2023,Pre-fire,
2023-05-30,2.1975723156000003e-05,-1.4213154280000058e-06,Raw,-4.658056824673173,-5.847309529786823,2023,Pre-fire,
2023-05-31,2.077307164e-05,-1.2026515160000036e-06,Raw,-4.682499281140833,-5.919860196935435,2023,Pre-fire,
2023-06-01,1.967975208e-05,-1.0933195599999974e-06,Raw,-4.705980376990356,-5.961252882093663,2023,Pre-fire,
2023-06-02,1.8695764476000003e-05,-9.83987603999998e-07,Raw,-4.728256771701508,-6.007010372654338,2023,Pre-fire,
2023-06-03,1.7930440784000004e-05,-7.653236919999992e-07,Raw,-4.746409034045964,-6.116154842079405,2023,Pre-fire,
2023-06-04,1.7383781004000004e-05,-5.466597800000004e-07,Raw,-4.75985575777321,-6.2622828777576425,2023,Pre-fire,
2023-06-05,1.6837121224000003e-05,-5.466597800000004e-07,Raw,-4.773732161257199,-6.2622828777576425,2023,Pre-fire,
2023-06-06,1.6181129488000004e-05,-6.559917359999998e-07,Raw,-4.790991166698705,-6.183101631710018,2023,Pre-fire,
2023-06-07,1.5634469708000003e-05,-5.466597800000004e-07,Raw,-4.8059168446286,-6.2622828777576425,2023,Pre-fire,
2023-06-08,1.5197141884000002e-05,-4.37327824000001e-07,Raw,-4.818238081839566,-6.359192890765699,2023,Pre-fire,
2023-06-09,1.4650482104000003e-05,-5.466597799999987e-07,Raw,-4.834148083728854,-6.262282877757644,2023,Pre-fire,
2023-06-10,1.4213154280000004e-05,-4.373278239999993e-07,Raw,-4.847309529786825,-6.3591928907657,2023,Pre-fire,
2023-06-11,1.3557162544000004e-05,-6.559917359999998e-07,Raw,-4.8678311969314265,-6.183101631710018,2023,Pre-fire,
2023-06-12,1.3119834720000002e-05,-4.373278240000027e-07,Raw,-4.882071636046037,-6.359192890765697,2023,Pre-fire,
2023-06-13,1.257317494e-05,-5.466597800000021e-07,Raw,-4.90055504174005,-6.262282877757642,2023,Pre-fire,
2023-06-14,1.2245179072000005e-05,-3.2799586799999483e-07,Raw,-4.91203485942348,-6.484131627374006,2023,Pre-fire,
2023-06-15,1.1917183204000005e-05,-3.279958679999999e-07,Raw,-4.923826384153038,-6.4841316273739995,2023,Pre-fire,
2023-06-16,1.1479855380000002e-05,-4.373278240000027e-07,Raw,-4.940063583023724,-6.359192890765697,2023,Pre-fire,
2023-06-17,1.1370523424e-05,-1.093319560000028e-07,Raw,-4.944219542794881,-6.961252882093651,2023,Pre-fire,
2023-06-20,1.2245179072000005e-05,-1.0933195599999602e-07,Raw,-4.91203485942348,-6.961252882093677,2023,Pre-fire,
2023-06-21,1.1151859512000002e-05,-1.0933195600000025e-06,Raw,-4.952652710331744,-5.96125288209366,2023,Pre-fire,
2023-06-22,1.0714531688e-05,-4.373278240000027e-07,Raw,-4.970026806401167,-6.359192890765697,2023,Pre-fire,
2023-06-23,1.0167871908000002e-05,-5.46659779999997e-07,Raw,-4.992769933539726,-6.262282877757645,2023,Pre-fire,
2023-06-24,9.949207996000002e-06,-2.186639120000005e-07,Raw,-5.002211489772568,-6.66022288642968,2023,Pre-fire,
2023-06-25,9.621212128000002e-06,-3.279958679999999e-07,Raw,-5.016770209943493,-6.4841316273739995,2023,Pre-fire,
2023-06-26,9.511880172e-06,-1.093319560000028e-07,Raw,-5.021733629475043,-6.961252882093651,2023,Pre-fire,
2023-06-27,9.29321626e-06,-2.186639119999988e-07,Raw,-5.031833956379369,-6.660222886429683,2023,Pre-fire,
2023-06-28,8.965220392000002e-06,-3.279958679999982e-07,Raw,-5.0474390297099445,-6.484131627374001,2023,Pre-fire,
2023-06-29,8.746556480000002e-06,-2.186639120000005e-07,Raw,-5.058162895101718,-6.66022288642968,2023,Pre-fire,
2023-06-30,8.637224524000002e-06,-1.093319559999994e-07,Raw,-5.06362579080322,-6.961252882093664,2023,Pre-fire,
2023-07-01,8.309228656e-06,-3.279958680000016e-07,Raw,-5.080439289812871,-6.484131627373997,2023,Pre-fire,
2023-07-02,8.090564744000002e-06,-2.186639119999988e-07,Raw,-5.092021162362686,-6.660222886429683,2023,Pre-fire,
2023-07-03,7.981232788e-06,-1.093319560000011e-07,Raw,-5.097930021973206,-6.961252882093658,2023,Pre-fire,
2023-07-04,7.762568876e-06,-2.186639120000005e-07,Raw,-5.109994533374587,-6.66022288642968,2023,Pre-fire,
2023-07-06,7.65323692e-06,-1.093319559999994e-07,Raw,-5.116154842079405,-6.961252882093664,2023,Pre-fire,
2023-07-07,7.543904964e-06,-1.093319560000011e-07,Raw,-5.122403791356406,-6.961252882093658,2023,Pre-fire,
2023-07-08,7.434573008000001e-06,-1.0933195599999856e-07,Raw,-5.1287439693874255,-6.961252882093667,2023,Pre-fire,
2023-07-09,7.325241052000002e-06,-1.093319559999994e-07,Raw,-5.135178079392835,-6.961252882093664,2023,Pre-fire,
2023-07-10,7.2159090960000015e-06,-1.0933195600000025e-07,Raw,-5.141708946551793,-6.96125288209366,2023,Pre-fire,
2023-07-11,7.106577140000002e-06,-1.093319559999994e-07,Raw,-5.148339525450806,-6.961252882093664,2023,Pre-fire,
2023-07-12,6.997245184000001e-06,-1.093319560000011e-07,Raw,-5.155072908109775,-6.961252882093658,2023,Pre-fire,
2023-07-13,6.8879132280000016e-06,-1.093319559999994e-07,Raw,-5.16191233264008,-6.961252882093664,2023,Pre-fire,
2023-07-14,6.669249316e-06,-2.1866391200000135e-07,Raw,-5.175923047082895,-6.660222886429678,2023,Pre-fire,
2023-07-18,6.341253448000001e-06,-1.093319559999994e-07,Raw,-5.197824888530724,-6.961252882093664,2023,Pre-fire,
2023-07-19,6.231921492e-06,-1.093319560000011e-07,Raw,-5.205378026421171,-6.961252882093658,2023,Pre-fire,
2023-07-20,6.122589536000002e-06,-1.0933195599999771e-07,Raw,-5.213064855087461,-6.961252882093671,2023,Pre-fire,
2023-07-21,6.013257580000001e-06,-1.093319560000011e-07,Raw,-5.220890192599418,-6.961252882093658,2023,Pre-fire,
2023-07-22,5.903925624000001e-06,-1.0933195600000025e-07,Raw,-5.228859122270693,-6.96125288209366,2023,Pre-fire,
2023-07-23,5.7945936680000016e-06,-1.093319559999994e-07,Raw,-5.236977012492873,-6.961252882093664,2023,Pre-fire,
2023-07-24,5.6852617120000005e-06,-1.093319560000011e-07,Raw,-5.245249538458863,-6.961252882093658,2023,Pre-fire,
2023-07-26,5.575929756000001e-06,-1.093319559999994e-07,Raw,-5.253682705995725,-6.961252882093664,2023,Pre-fire,
2023-07-27,5.466597800000001e-06,-1.0933195600000025e-07,Raw,-5.2622828777576425,-6.96125288209366,2023,Pre-fire,
2023-07-28,5.3572658440000005e-06,-1.0933195600000025e-07,Raw,-5.271056802065148,-6.96125288209366,2023,Pre-fire,
2023-08-06,5.3572658440000005e-06,-2.186639120000005e-07,Raw,-5.271056802065148,-6.66022288642968,2023,Pre-fire,
2023-08-07,5.029269976000001e-06,-3.279958679999999e-07,Raw,-5.298495050412088,-6.4841316273739995,2023,Pre-fire,
2023-08-08,4.91993802e-06,-1.0933195600000025e-07,Raw,-5.308040368318318,-6.96125288209366,2023,Pre-fire,
2023-08-09,4.810606064000001e-06,-1.093319559999994e-07,Raw,-5.317800205607474,-6.961252882093664,2023,Pre-fire,
2024-06-04,7.0300447708e-05,-5.5321969736000004e-05,Raw,-4.153041909169439,-4.257102365253862,2024,Post-fire,
2024-06-05,5.2151343012000005e-05,-1.8149104695999996e-05,Raw,-4.282734503053548,-4.741144794053607,2024,Post-fire,
2024-06-06,4.3732782400000006e-05,-8.418560611999998e-06,Raw,-4.3591928907657,-5.07476215692118,2024,Post-fire,
2024-06-07,3.870351242400001e-05,-5.029269976e-06,Raw,-4.412249620067874,-5.298495050412088,2024,Post-fire,
2024-06-08,3.4986225920000006e-05,-3.717286504e-06,Raw,-4.456102903773756,-5.429773965051407,2024,Post-fire,
2024-06-09,3.236225897600001e-05,-2.6239669439999993e-06,Raw,-4.489961171034723,-5.581041640382056,2024,Post-fire,
2024-06-10,3.0175619856e-05,-2.1866391200000085e-06,Raw,-4.520343800028444,-5.660222886429679,2024,Post-fire,
2024-06-11,2.8316976604000005e-05,-1.8586432519999933e-06,Raw,-4.54795311801241,-5.73080396071539,2024,Post-fire,
2024-06-12,2.6676997264e-05,-1.6399793400000046e-06,Raw,-4.5738630557549325,-5.785161623037979,2024,Post-fire,
2024-06-13,2.5365013792000005e-05,-1.3119834719999963e-06,Raw,-4.595764897202762,-5.882071636046038,2024,Post-fire,
2024-06-14,2.4162362276000004e-05,-1.2026515160000002e-06,Raw,-4.616860608408551,-5.919860196935437,2024,Post-fire,
2024-06-16,2.317837467200001e-05,-1.5306473839999917e-06,Raw,-4.6349170211649104,-5.815124846415426,2024,Post-fire,
2024-06-17,2.3069042716000003e-05,-1.0933195600000618e-07,Raw,-4.636970426795969,-6.961252882093637,2024,Post-fire,
2024-06-18,2.1757059244000004e-05,-1.3119834719999997e-06,Raw,-4.662399805683955,-5.882071636046037,2024,Post-fire,
2024-06-19,2.077307164e-05,-9.839876040000048e-07,Raw,-4.682499281140833,-6.007010372654335,2024,Post-fire,
2024-06-20,1.9789084036000004e-05,-9.839876039999947e-07,Raw,-4.703574307224478,-6.00701037265434,2024,Post-fire,
2024-06-21,1.8914428388e-05,-8.746556480000054e-07,Raw,-4.723206778964866,-6.058162895101716,2024,Post-fire,
2024-06-22,1.8367768608e-05,-5.466597800000004e-07,Raw,-4.735943600367799,-6.2622828777576425,2024,Post-fire,
2024-06-23,1.7493112960000003e-05,-8.746556479999952e-07,Raw,-4.757132899437737,-6.05816289510172,2024,Post-fire,
2024-06-24,1.6837121224000003e-05,-6.559917359999998e-07,Raw,-4.773732161257199,-6.183101631710018,2024,Post-fire,
2024-06-25,1.6290461444000003e-05,-5.466597800000004e-07,Raw,-4.788066613681387,-6.2622828777576425,2024,Post-fire,
2024-06-26,1.5634469708000003e-05,-6.559917359999998e-07,Raw,-4.8059168446286,-6.183101631710018,2024,Post-fire,
2024-06-27,1.5197141884000002e-05,-4.37327824000001e-07,Raw,-4.818238081839566,-6.359192890765699,2024,Post-fire,
2024-06-28,1.4650482104000003e-05,-5.466597799999987e-07,Raw,-4.834148083728854,-6.262282877757644,2024,Post-fire,
2024-06-29,1.4213154280000004e-05,-4.373278239999993e-07,Raw,-4.847309529786825,-6.3591928907657,2024,Post-fire,
2024-06-30,1.3994490368000002e-05,-2.186639120000022e-07,Raw,-4.854042912445793,-6.660222886429676,2024,Post-fire,
2024-07-01,1.3557162544000004e-05,-4.373278239999976e-07,Raw,-4.8678311969314265,-6.359192890765701,2024,Post-fire,
2024-07-02,1.3119834720000002e-05,-4.373278240000027e-07,Raw,-4.882071636046037,-6.359192890765697,2024,Post-fire,
2024-07-03,1.2791838852e-05,-3.279958680000016e-07,Raw,-4.8930670203475,-6.484131627373997,2024,Post-fire,
2024-07-04,1.2354511028e-05,-4.373278239999993e-07,Raw,-4.908174438610242,-6.3591928907657,2024,Post-fire,
2024-07-05,1.2026515160000002e-05,-3.279958679999982e-07,Raw,-4.919860196935437,-6.484131627374001,2024,Post-fire,
2024-07-06,1.1698519292000004e-05,-3.279958679999982e-07,Raw,-4.931869104408452,-6.484131627374001,2024,Post-fire,
2024-07-07,1.1479855380000002e-05,-2.186639120000022e-07,Raw,-4.940063583023724,-6.660222886429676,2024,Post-fire,
2024-07-08,1.1261191468000002e-05,-2.186639120000005e-07,Raw,-4.948415657388489,-6.66022288642968,2024,Post-fire,
2024-07-09,1.1151859512000002e-05,-1.093319559999994e-07,Raw,-4.952652710331744,-6.961252882093664,2024,Post-fire,
2024-07-10,1.1042527556000004e-05,-1.0933195599999771e-07,Raw,-4.956931508311019,-6.961252882093671,2024,Post-fire,
2024-07-11,1.0823863644e-05,-2.186639120000039e-07,Raw,-4.9656176874961115,-6.660222886429673,2024,Post-fire,
2024-07-12,1.0605199732000002e-05,-2.186639119999988e-07,Raw,-4.974481147827417,-6.660222886429683,2024,Post-fire,
2024-07-13,1.038653582e-05,-2.186639120000022e-07,Raw,-4.983529276804814,-6.660222886429676,2024,Post-fire,
2024-07-14,1.0277203864e-05,-1.093319559999994e-07,Raw,-4.988125028493963,-6.961252882093664,2024,Post-fire,
2024-07-15,1.0058539952e-05,-2.186639120000005e-07,Raw,-4.9974650547481065,-6.66022288642968,2024,Post-fire,
2024-07-16,9.949207996000002e-06,-1.0933195599999771e-07,Raw,-5.002211489772568,-6.961252882093671,2024,Post-fire,
2024-07-17,9.730544084e-06,-2.186639120000022e-07,Raw,-5.011862875448749,-6.660222886429676,2024,Post-fire,
2024-07-18,9.621212128000002e-06,-1.0933195599999771e-07,Raw,-5.016770209943493,-6.961252882093671,2024,Post-fire,
2024-07-19,9.29321626e-06,-3.279958680000016e-07,Raw,-5.031833956379369,-6.484131627373997,2024,Post-fire,
2024-07-20,9.183884304e-06,-1.093319560000011e-07,Raw,-5.03697359603178,-6.961252882093658,2024,Post-fire,
2024-07-21,9.074552348000002e-06,-1.0933195599999771e-07,Raw,-5.0421747897175875,-6.961252882093671,2024,Post-fire,
2024-07-23,8.855888436000003e-06,-2.186639119999988e-07,Raw,-5.052767863215012,-6.660222886429683,2024,Post-fire,
2024-07-24,8.746556480000002e-06,-1.093319560000011e-07,Raw,-5.058162895101718,-6.961252882093658,2024,Post-fire,
2024-07-25,8.637224524000002e-06,-1.093319559999994e-07,Raw,-5.06362579080322,-6.961252882093664,2024,Post-fire,
2024-07-26,8.527892568000001e-06,-1.093319560000011e-07,Raw,-5.069158279403181,-6.961252882093658,2024,Post-fire,
2024-07-27,8.418560612000002e-06,-1.093319559999994e-07,Raw,-5.07476215692118,-6.961252882093664,2024,Post-fire,
2024-07-28,8.309228656e-06,-1.093319560000011e-07,Raw,-5.080439289812871,-6.961252882093658,2024,Post-fire,
2024-07-31,8.090564744000002e-06,-2.186639119999988e-07,Raw,-5.092021162362686,-6.660222886429683,2024,Post-fire,
2024-08-01,7.871900832000001e-06,-2.186639120000005e-07,Raw,-5.103920385662393,-6.66022288642968,2024,Post-fire,
2024-08-02,7.65323692e-06,-2.186639120000005e-07,Raw,-5.116154842079405,-6.66022288642968,2024,Post-fire,
2024-08-04,7.65323692e-06,-1.093319559999994e-07,Raw,-5.116154842079405,-6.961252882093664,2024,Post-fire,
2024-08-05,7.434573008000001e-06,-2.1866391199999966e-07,Raw,-5.1287439693874255,-6.660222886429681,2024,Post-fire,
2024-08-06,7.2159090960000015e-06,-2.1866391199999966e-07,Raw,-5.141708946551793,-6.660222886429681,2024,Post-fire,
2024-08-07,7.106577140000002e-06,-1.093319559999994e-07,Raw,-5.148339525450806,-6.961252882093664,2024,Post-fire,
2024-08-08,6.997245184000001e-06,-1.093319560000011e-07,Raw,-5.155072908109775,-6.961252882093658,2024,Post-fire,
2024-08-10,6.8879132280000016e-06,-1.093319559999994e-07,Raw,-5.16191233264008,-6.961252882093664,2024,Post-fire,
2024-08-11,6.778581272000001e-06,-1.0933195600000025e-07,Raw,-5.168861192595408,-6.96125288209366,2024,Post-fire,
2024-08-12,6.669249316e-06,-1.093319560000011e-07,Raw,-5.175923047082895,-6.961252882093658,2024,Post-fire,
2024-08-19,6.8879132280000016e-06,-1.3119834719999997e-06,Raw,-5.16191233264008,-5.882071636046037,2024,Post-fire,
2024-08-20,6.559917360000001e-06,-3.2799586800000076e-07,Raw,-5.183101631710018,-6.484131627373999,2024,Post-fire,
2024-08-21,6.4505854040000005e-06,-1.0933195600000025e-07,Raw,-5.190400870451517,-6.96125288209366,2024,Post-fire,
2024-08-24,8.090564744000002e-06,-6.559917359999998e-07,Raw,-5.092021162362686,-6.183101631710018,2024,Post-fire,
2024-08-25,6.997245184000001e-06,-1.0933195600000008e-06,Raw,-5.155072908109775,-5.961252882093661,2024,Post-fire,
2024-08-26,6.669249316e-06,-3.2799586800000076e-07,Raw,-5.175923047082895,-6.484131627373999,2024,Post-fire,
2024-08-27,6.341253448000001e-06,-3.2799586799999907e-07,Raw,-5.197824888530724,-6.484131627374,2024,Post-fire,
2024-08-28,6.122589536000002e-06,-2.186639119999988e-07,Raw,-5.213064855087461,-6.660222886429683,2024,Post-fire,
2024-08-30,5.903925624000001e-06,-2.1866391200000135e-07,Raw,-5.228859122270693,-6.660222886429678,2024,Post-fire,
2024-08-31,5.7945936680000016e-06,-1.093319559999994e-07,Raw,-5.236977012492873,-6.961252882093664,2024,Post-fire,
2024-09-01,5.6852617120000005e-06,-1.093319560000011e-07,Raw,-5.245249538458863,-6.961252882093658,2024,Post-fire,
2024-09-03,5.575929756000001e-06,-1.093319559999994e-07,Raw,-5.253682705995725,-6.961252882093664,2024,Post-fire,
2024-09-04,5.466597800000001e-06,-1.0933195600000025e-07,Raw,-5.2622828777576425,-6.96125288209366,2024,Post-fire,
2024-09-05,5.3572658440000005e-06,-1.0933195600000025e-07,Raw,-5.271056802065148,-6.96125288209366,2024,Post-fire,
2025-04-10,0.0001224853572572,-1.224853572579998e-05,,-3.9119158267484107,-4.911915826745575,2025,Post-fire,
2025-04-11,0.0001115977699455,-1.0887587311700012e-05,,-3.9523444838038198,-4.9630683491978305,2025,Post-fire,
2025-04-12,9.027624479333546e-05,-2.1321525152164533e-05,,-4.044426514497374,-4.671181732971981,2025,Post-fire,
2025-04-13,7.575946171099007e-05,-1.4516783082345395e-05,,-4.120563119759498,-4.838129612587175,2025,Post-fire,
2025-04-14,6.759377122717078e-05,-8.165690483819292e-06,,-4.170093322494807,-5.088007085803775,2025,Post-fire,
2025-04-15,6.57791733418776e-05,-1.8145978852931744e-06,,-4.181911588672106,-5.741219599579119,2025,Post-fire,
2025-04-16,6.351092598526115e-05,-2.268247356616458e-06,,-4.197151555228843,-5.644309586571064,2025,Post-fire,
2025-04-17,5.761348285805831e-05,-5.897443127202834e-06,,-4.239475869951124,-5.2293362386002435,2025,Post-fire,
2025-04-18,5.216968920217878e-05,-5.44379365587953e-06,,-4.28258175055347,-5.264098344859456,2025,Post-fire,
2025-04-19,4.899414290291573e-05,-3.175546299263052e-06,,-4.309855835420131,-5.498181550892825,2025,Post-fire,
2025-04-20,4.581859660365267e-05,-3.1755462992630586e-06,,-4.338958217124438,-5.4981815508928245,2025,Post-fire,
2025-04-21,4.332352451137456e-05,-2.495072092278113e-06,,-4.3632762193233345,-5.602916901412838,2025,Post-fire,
2025-04-22,4.110064210189042e-05,-2.222882409484139e-06,,-4.386151393230268,-5.6530835108785675,2025,Post-fire,
2025-04-23,3.9195314322332586e-05,-1.9053277795578325e-06,,-4.406765848428188,-5.720030300509181,2025,Post-fire,
2025-04-24,3.774363601409805e-05,-1.4516783082345355e-06,,-4.423156264616357,-5.838129612587177,2025,Post-fire,
2025-04-25,3.733535148990708e-05,-4.0828452419097136e-07,,-4.4278797556948115,-6.389037081467749,2025,Post-fire,
2025-04-26,3.7199256648510096e-05,-1.3609484139698368e-07,,-4.429465738523365,-6.866158336187433,2025,Post-fire,
2025-04-27,3.538465876321692e-05,-1.8145978852931744e-06,,-4.451184988216601,-5.741219599579119,2025,Post-fire,
2025-04-28,3.36607907721884e-05,-1.7238679910285232e-06,,-4.472875685628054,-5.7634959942902695,2025,Post-fire,
2025-04-29,3.3161776353732776e-05,-4.990144184556226e-07,,-4.479362213949221,-6.301886905748857,2025,Post-fire,
2025-04-30,3.202765267542454e-05,-1.1341236783082357e-06,,-4.494474889855278,-5.945339582235043,2025,Post-fire,
2025-05-01,3.180082793976289e-05,-2.268247356616485e-07,,-4.497561572940422,-6.644309586571059,2025,Post-fire,
2025-05-03,3.1846192886895224e-05,-7.258391541172711e-07,,-4.496942478777276,-6.1391596082511555,2025,Post-fire,
2025-05-04,2.916966100608779e-05,-2.6765318808074326e-06,,-4.535068617982859,-5.572427579264937,2025,Post-fire,
2025-05-05,2.7445793015059275e-05,-1.7238679910285164e-06,,-4.561524216254612,-5.763495994290271,2025,Post-fire,
2025-05-06,2.667458891380967e-05,-7.712041012496035e-07,,-4.573902264830942,-6.112830669528805,2025,Post-fire,
2025-05-07,2.644776417814803e-05,-2.2682473566164172e-07,,-4.577611036148067,-6.644309586571072,2025,Post-fire,
2025-05-08,2.608484460108939e-05,-3.6291957705863895e-07,,-4.583611746217451,-6.440189603915133,2025,Post-fire,
2025-05-09,2.549510028836911e-05,-5.897443127202807e-07,,-4.59354327533802,-6.229336238600245,2025,Post-fire,
2025-05-10,2.481462608138417e-05,-6.804742069849387e-07,,-4.6052922645736505,-6.167188331851401,2025,Post-fire,
2025-05-11,2.3907327138737584e-05,-9.072989426465872e-07,,-4.621468975694534,-6.0422495952431,2025,Post-fire,
2025-05-13,2.495072092278116e-05,-4.536494713232902e-07,,-4.602916901412837,-6.343279590907085,2025,Post-fire,
2025-05-14,2.386196219160525e-05,-1.08875873117591e-06,,-4.622293846753342,-5.963068349195473,2025,Post-fire,
2025-05-15,2.2546378724767707e-05,-1.3155834668375416e-06,,-4.646923202173749,-5.880881593008128,2025,Post-fire,
2025-05-16,2.154834988785645e-05,-9.980288369112554e-07,,-4.666585981282215,-6.000856910084871,2025,Post-fire,
2025-05-21,2.40887869272669e-05,-1.9960576738224905e-06,,-4.618185069825612,-5.699826914420894,2025,Post-fire,
2025-05-22,2.2909298301826336e-05,-1.1794886254405647e-06,,-4.6399882127884196,-5.928306242936263,2025,Post-fire,
2025-05-23,2.1593714834988784e-05,-1.3155834668375518e-06,,-4.665672638186588,-5.880881593008125,2025,Post-fire,
2025-05-24,2.0641050945209868e-05,-9.526638897789162e-07,,-4.685268194249969,-6.021060296173162,2025,Post-fire,
2025-05-25,2.0142036526754245e-05,-4.990144184556226e-07,,-4.695896620792461,-6.301886905748857,2025,Post-fire,
2025-05-26,1.923473758410765e-05,-9.07298942646594e-07,,-4.7159137343143485,-6.042249595243097,2025,Post-fire,
2025-05-27,1.814597885293175e-05,-1.0887587311759e-06,,-4.741219599579119,-5.963068349195477,2025,Post-fire,
2025-05-28,1.7102585068888177e-05,-1.0433937840435743e-06,,-4.766938240701288,-5.981551754889489,2025,Post-fire,
2025-05-29,1.6422110861903238e-05,-6.804742069849387e-07,,-4.784571020373916,-6.167188331851401,2025,Post-fire,
2025-05-30,1.5741636654918296e-05,-6.804742069849421e-07,,-4.802950116116207,-6.167188331851399,2025,Post-fire,
2025-05-31,1.5151892342198014e-05,-5.897443127202824e-07,,-4.819533124095517,-6.229336238600244,2025,Post-fire,
2025-06-01,1.4562148029477731e-05,-5.897443127202824e-07,,-4.836774558502209,-6.229336238600244,2025,Post-fire,
2025-06-02,1.383630887536046e-05,-7.258391541172711e-07,,-4.8589797515602955,-6.1391596082511555,2025,Post-fire,
2025-06-03,1.3428024351169495e-05,-4.082845241909646e-07,,-4.871987879848143,-6.389037081467756,2025,Post-fire,
2025-06-04,1.2974374879846202e-05,-4.536494713232936e-07,,-4.886913557778038,-6.343279590907081,2025,Post-fire,
2025-06-05,1.2611455302787568e-05,-3.6291957705863387e-07,,-4.899234794989005,-6.440189603915139,2025,Post-fire,
2025-06-06,1.2293900672861265e-05,-3.1755462992630315e-07,,-4.910310300032675,-6.498181550892828,2025,Post-fire,
2025-06-07,1.1930981095802628e-05,-3.6291957705863726e-07,,-4.923323842417323,-6.440189603915135,2025,Post-fire,
2025-06-08,1.1658791413008652e-05,-2.721896827939758e-07,,-4.933346467575786,-6.565128340523438,2025,Post-fire,
2025-06-09,1.1250506888817687e-05,-4.082845241909646e-07,,-4.9488279100808645,-6.389037081467756,2025,Post-fire,
2025-06-10,1.102368215315604e-05,-2.268247356616468e-07,,-4.957673317308769,-6.644309586571063,2025,Post-fire,
2025-06-11,1.0796857417494392e-05,-2.268247356616485e-07,,-4.966702633850569,-6.644309586571059,2025,Post-fire,
2025-06-12,1.0479302787568089e-05,-3.1755462992630315e-07,,-4.9796676110149365,-6.498181550892828,2025,Post-fire,
2025-06-13,1.03432079461711e-05,-1.3609484139698876e-07,,-4.985344743906627,-6.866158336187417,2025,Post-fire,
2025-06-14,1.0116383210509451e-05,-2.268247356616485e-07,,-4.994974727858921,-6.644309586571059,2025,Post-fire,
2025-06-15,9.980288369112464e-06,-1.3609484139698707e-07,,-5.000856910084875,-6.866158336187422,2025,Post-fire,
2025-06-16,9.708098686318489e-06,-2.721896827939758e-07,,-5.01286581755789,-6.565128340523438,2025,Post-fire,
2025-06-17,9.52663889778917e-06,-1.8145978852931778e-07,,-5.021060296173162,-6.741219599579118,2025,Post-fire,
2025-06-18,9.435909003524513e-06,-9.072989426465804e-08,,-5.025216255944319,-7.042249595243104,2025,Post-fire,
2025-06-19,9.299814162127524e-06,-1.3609484139698876e-07,,-5.031525729851327,-6.866158336187417,2025,Post-fire,
2025-06-23,1.2021710990067287e-05,-1.8599628324255034e-06,,-4.9200337169702735,-5.730495734187346,2025,Post-fire,
2025-06-24,1.1205141941685358e-05,-8.165690483819292e-07,,-4.950582637647416,-6.088007085803775,2025,Post-fire,
2025-06-25,1.0751492470362065e-05,-4.536494713232936e-07,,-4.968531244896977,-6.343279590907081,2025,Post-fire,
2025-06-26,1.043393784043576e-05,-3.1755462992630485e-07,,-4.981551754889488,-6.498181550892825,2025,Post-fire,
2025-06-27,1.0071018263377122e-05,-3.6291957705863726e-07,,-4.9969266164564425,-6.440189603915135,2025,Post-fire,
2025-06-28,9.798828580583148e-06,-2.7218968279397413e-07,,-5.00882583975615,-6.565128340523441,2025,Post-fire,
2025-06-29,9.617368792053829e-06,-1.8145978852931948e-07,,-5.01694372997833,-6.741219599579114,2025,Post-fire,
2025-06-30,9.39054405639218e-06,-2.268247356616485e-07,,-5.027309245450163,-6.644309586571059,2025,Post-fire,
2025-07-01,9.072989426465875e-06,-3.1755462992630485e-07,,-5.0422495952431,-6.498181550892825,2025,Post-fire,
2025-07-02,8.89152963793656e-06,-1.814597885293161e-07,,-5.051023519550605,-6.741219599579122,2025,Post-fire,
2025-07-03,8.71006984940724e-06,-1.8145978852931948e-07,,-5.059978362203531,-6.741219599579114,2025,Post-fire,
2025-07-04,8.528610060877924e-06,-1.814597885293161e-07,,-5.069121741643401,-6.741219599579122,2025,Post-fire,
2025-07-05,8.437880166613266e-06,-9.072989426465804e-08,,-5.073766646689164,-7.042249595243104,2025,Post-fire,
2025-07-06,8.256420378083946e-06,-1.8145978852931948e-07,,-5.083208202922006,-6.741219599579114,2025,Post-fire,
2025-07-07,8.16569048381929e-06,-9.072989426465635e-08,,-5.088007085803775,-7.042249595243112,2025,Post-fire,
2025-07-08,7.938865748157643e-06,-2.268247356616468e-07,,-5.100241542220787,-6.644309586571063,2025,Post-fire,
2025-07-09,7.712041012495995e-06,-2.268247356616485e-07,,-5.112830669528807,-6.644309586571059,2025,Post-fire,
2025-07-10,7.621311118231336e-06,-9.072989426465889e-08,,-5.117970309181218,-7.042249595243099,2025,Post-fire,
2025-07-11,7.530581223966679e-06,-9.07298942646572e-08,,-5.123171502867026,-7.042249595243107,2025,Post-fire,
2025-07-13,7.439851329702018e-06,-1.3609484139698876e-07,,-5.128435742859383,-6.866158336187417,2025,Post-fire,
2025-07-14,7.167661646908042e-06,-2.721896827939758e-07,,-5.144622503952658,-6.565128340523438,2025,Post-fire,
2025-07-15,7.076931752643383e-06,-9.072989426465889e-08,,-5.150154992552619,-7.042249595243099,2025,Post-fire,
2025-07-16,6.940836911246395e-06,-1.360948413969879e-07,,-5.158588160089482,-6.86615833618742,2025,Post-fire,
2025-07-17,6.8501070169817365e-06,-9.072989426465889e-08,,-5.164302643613912,-7.042249595243099,2025,Post-fire,
2025-07-18,6.7593771227170784e-06,-9.072989426465804e-08,,-5.170093322494807,-7.042249595243104,2025,Post-fire,
2025-07-19,6.668647228452418e-06,-9.072989426466058e-08,,-5.175962256158905,-7.042249595243091,2025,Post-fire,
2025-07-21,6.6232822813200905e-06,-9.072989426465804e-08,,-5.178926735122644,-7.042249595243104,2025,Post-fire,
2025-07-23,6.487187439923101e-06,-9.072989426465974e-08,,-5.187943553442019,-7.042249595243096,2025,Post-fire,
2025-07-24,6.305727651393784e-06,-1.8145978852931693e-07,,-5.200264790652986,-6.74121959957912,2025,Post-fire,
2025-07-28,6.124267862864466e-06,-9.072989426465804e-08,,-5.212945822412075,-7.042249595243104,2025,Post-fire,
2025-07-29,6.033537968599808e-06,-9.072989426465804e-08,,-5.219427949939996,-7.042249595243104,2025,Post-fire,
2025-08-01,5.9428080743351484e-06,-9.072989426465974e-08,,-5.226008295251317,-7.042249595243096,2025,Post-fire,
2025-08-02,5.85207818007049e-06,-9.072989426465804e-08,,-5.232689880607833,-7.042249595243104,2025,Post-fire,
2025-08-08,5.8067132329381605e-06,-2.2682473566164765e-07,,-5.236069621259213,-6.644309586571061,2025,Post-fire,
2025-08-09,5.625253444408844e-06,-1.8145978852931693e-07,,-5.249857905744846,-6.74121959957912,2025,Post-fire,
2025-08-11,5.443793655879526e-06,-1.360948413969879e-07,,-5.264098344859456,-6.86615833618742,2025,Post-fire,
2025-08-17,5.9428080743351484e-06,-4.990144184556235e-07,,-5.226008295251317,-6.301886905748856,2025,Post-fire,
2025-08-18,5.625253444408844e-06,-3.1755462992630485e-07,,-5.249857905744846,-6.498181550892825,2025,Post-fire,
2025-08-19,5.443793655879526e-06,-1.8145978852931778e-07,,-5.264098344859456,-6.741219599579118,2025,Post-fire,
2025-08-22,5.21696892021788e-06,-1.360948413969879e-07,,-5.28258175055347,-6.86615833618742,2025,Post-fire,
2025-08-24,5.080874078820889e-06,-9.072989426466058e-08,,-5.294061568236899,-7.042249595243091,2025,Post-fire,
2025-08-20,5.398428708747196e-06,-9.072989426465804e-08,Aggregated,-5.26773262951455,-7.042249595243104,2025,Post-fire,2025-08-21
