START DATE,END DATE,Q,dQdt,Mode,log_Q,log_dQdt,WATERYEAR,Fire
2000-06-13,,0.000140710227372,-7.707902898000001e-05,,-3.851674335189275,-4.113063765102263,2000,Pre-fire
2000-06-14,,8.859168394680001e-05,-5.2118543425199986e-05,,-4.052607043186549,-4.28300773016662,2000,Pre-fire
2000-06-15,,6.545704205720001e-05,-2.3134641889599998e-05,,-4.184043623947977,-4.6357372187305135,2000,Pre-fire
2000-06-16,,5.423958337160002e-05,-1.1217458685599998e-05,,-4.265683655057476,-4.950105521317864,2000,Pre-fire
2000-06-17,,4.7395402926e-05,-6.844180445600015e-06,,-4.3242637802814325,-5.164678548883231,2000,Pre-fire
2000-06-18,,4.1874139148000006e-05,-5.521263777999995e-06,,-4.378054108125039,-5.257961503975,2000,Pre-fire
2000-06-19,,3.719473143120001e-05,-4.679407716799999e-06,,-4.429518572817112,-5.32980911308049,2000,Pre-fire
2000-06-20,,3.363050966560001e-05,-3.564221765599999e-06,,-4.473266550964269,-5.448035282025723,2000,Pre-fire
2000-06-21,,3.1323605394000004e-05,-2.306904271600004e-06,,-4.504128255790253,-5.636970426795968,2000,Pre-fire
2000-06-22,,2.9290031012400004e-05,-2.0335743816000005e-06,,-4.533280168485453,-5.691739937875745,2000,Pre-fire
2000-06-23,,2.756258610760001e-05,-1.7274449047999947e-06,,-4.559680036417216,-5.762595795139241,2000,Pre-fire
2000-06-24,,2.60319387236e-05,-1.5306473840000086e-06,,-4.584493486688782,-5.815124846415421,2000,Pre-fire
2000-06-25,,2.43482266012e-05,-1.6837121223999997e-06,,-4.613532665059624,-5.773732161257199,2000,Pre-fire
2000-06-26,,2.299251034680001e-05,-1.3557162543999913e-06,,-4.6384136094073405,-5.867831196931429,2000,Pre-fire
2000-06-27,,2.1571194918800004e-05,-1.4213154280000058e-06,,-4.66612579684147,-5.847309529786823,2000,Pre-fire
2000-06-28,,2.02482782512e-05,-1.3229166676000026e-06,,-4.693611899747746,-5.8784675117772105,2000,Pre-fire
2000-06-29,,1.88269628232e-05,-1.4213154280000024e-06,,-4.725219734976026,-5.847309529786824,2000,Pre-fire
2000-06-30,,1.8236570260800003e-05,-5.903925623999954e-07,,-4.739056835791942,-6.228859122270697,2000,Pre-fire
2000-07-01,,1.7558712133600004e-05,-6.77858127199999e-07,,-4.755507341151,-6.168861192595409,2000,Pre-fire
2000-07-02,,1.7077651527200005e-05,-4.810606063999994e-07,,-4.76757185255238,-6.317800205607475,2000,Pre-fire
2000-07-08,,1.64216597912e-05,-8.965220392000012e-07,,-4.784582949425512,-6.0474390297099445,2000,Pre-fire
2000-07-09,,1.54923381652e-05,-9.29321626e-07,,-4.809883031846201,-6.031833956379369,2000,Pre-fire
2000-07-10,,1.5142475906000002e-05,-3.498622591999991e-07,,-4.819803108693194,-6.456102903773757,2000,Pre-fire
2000-07-11,,1.4453684583200002e-05,-6.887913228000003e-07,,-4.84002142694404,-6.16191233264008,2000,Pre-fire
2000-07-12,,1.3568095739600002e-05,-8.855888435999999e-07,,-4.867481100594932,-6.052767863215012,2000,Pre-fire
2000-07-13,,1.3218233480400005e-05,-3.498622591999974e-07,,-4.8788265812328895,-6.456102903773759,2000,Pre-fire
2000-07-14,,1.2977703177200003e-05,-2.405303032000014e-07,,-4.886802163139071,-6.618830201271453,2000,Pre-fire
2000-07-15,,1.2420110201600002e-05,-5.575929756000017e-07,,-4.905874550718662,-6.253682705995724,2000,Pre-fire
2000-07-16,,1.2103047529200005e-05,-3.170626723999969e-07,,-4.917105261214939,-6.49885488419471,2000,Pre-fire
2000-07-18,,1.1982782377600002e-05,-1.530647384000012e-07,,-4.921442327945312,-6.81512484641542,2000,Pre-fire
2000-07-19,,1.1818784443600002e-05,-1.639979340000008e-07,,-4.927427188140351,-6.785161623037978,2000,Pre-fire
2000-07-20,,1.14907885756e-05,-3.279958680000016e-07,,-4.9396501660654195,-6.484131627373997,2000,Pre-fire
2000-07-21,,1.1195592294400002e-05,-2.951962811999977e-07,,-4.95095292545385,-6.529889117934678,2000,Pre-fire
2000-07-22,,1.1108126729600002e-05,-8.74655648000002e-08,,-4.954359174145761,-7.0581628951017175,2000,Pre-fire
2000-07-23,,1.0780130861600002e-05,-3.279958679999999e-07,,-4.96737596715245,-6.4841316273739995,2000,Pre-fire
2000-07-24,,1.0605199732000002e-05,-1.749311296000004e-07,,-4.974481147827417,-6.757132899437736,2000,Pre-fire
2000-07-25,,1.02881370596e-05,-3.17062672400002e-07,,-4.987663258666405,-6.498854884194703,2000,Pre-fire
2000-07-26,,9.9710743872e-06,-3.170626724000003e-07,,-5.001258043765246,-6.498854884194706,2000,Pre-fire
2000-07-27,,9.632145323600002e-06,-3.389290635999978e-07,,-5.016276973681614,-6.469891188259392,2000,Pre-fire
2000-07-28,,9.282283064400002e-06,-3.498622591999991e-07,,-5.032345191849709,-6.456102903773757,2000,Pre-fire
2000-07-29,,9.0964187392e-06,-1.858643252000017e-07,,-5.041129555802938,-6.730803960715384,2000,Pre-fire
2000-07-30,,8.713756893200001e-06,-3.826618459999996e-07,,-5.059794560697549,-6.417184837743386,2000,Pre-fire
2000-07-31,,8.549758959200002e-06,-1.639979339999991e-07,,-5.068046129033814,-6.7851616230379825,2000,Pre-fire
2000-08-01,,8.003099179200002e-06,-5.466597800000004e-07,,-5.09674180103527,-6.2622828777576425,2000,Pre-fire
2000-08-02,,7.5657713552e-06,-4.3732782400000186e-07,,-5.121146787636904,-6.359192890765698,2000,Pre-fire
2000-08-03,,7.270575074000001e-06,-2.9519628119999857e-07,,-5.138431236790557,-6.529889117934677,2000,Pre-fire
2000-08-04,,6.975378792800002e-06,-2.951962811999994e-07,,-5.156432203372499,-6.529889117934675,2000,Pre-fire
2000-08-05,,6.734848489600001e-06,-2.4053030320000056e-07,,-5.171672169929236,-6.618830201271455,2000,Pre-fire
2000-08-08,,6.384986230400001e-06,-2.514634987999993e-07,,-5.1948400349812625,-6.59952504607607,2000,Pre-fire
2000-08-09,,6.253787883200001e-06,-1.311983472000003e-07,,-5.203856853300637,-6.882071636046036,2000,Pre-fire
2000-08-13,,6.046057166800001e-06,-1.20265151599999e-07,,-5.218527750788963,-6.91986019693544,2000,Pre-fire
2000-08-16,,5.838326450400002e-06,-8.74655648000002e-08,,-5.233711625065105,-7.0581628951017175,2000,Pre-fire
2000-08-17,,5.641528929600001e-06,-1.9679752080000046e-07,,-5.24860318046645,-6.705980376990355,2000,Pre-fire
2000-08-06,2000-08-07,6.699315603900001e-06,-9.839876040000065e-08,Aggregated,-5.173969562169546,-7.007010372654334,2000,Pre-fire
2000-08-10,2000-08-12,6.1827221118e-06,-4.3732782400000525e-08,Aggregated,-5.208820272832187,-7.359192890765694,2000,Pre-fire
2000-08-14,2000-08-15,5.994124487700001e-06,-1.20265151599999e-07,Aggregated,-5.222274241744101,-6.91986019693544,2000,Pre-fire
2000-08-20,,5.860192841600001e-06,-4.0452823719999967e-07,,-5.2320880924008915,-6.393051158026667,2000,Pre-fire
2000-08-21,,5.6852617120000005e-06,-1.749311296000004e-07,,-5.245249538458863,-6.757132899437736,2000,Pre-fire
2000-08-22,,5.586862951600001e-06,-9.83987603999998e-08,,-5.252831981958949,-7.007010372654338,2000,Pre-fire
2000-08-23,,5.477530995600001e-06,-1.093319559999994e-07,,-5.261415156226416,-6.961252882093664,2000,Pre-fire
2000-08-29,2000-08-31,5.3408660506e-06,-4.37327824000001e-08,Aggregated,-5.27238831403887,-7.359192890765699,2000,Pre-fire
2000-09-03,,7.139376726800002e-06,-1.0933195600000025e-07,,-5.146339700818587,-6.96125288209366,2000,Pre-fire
2000-09-04,,6.4396522084e-06,-6.997245184000016e-07,,-5.19113758730656,-6.155072908109774,2000,Pre-fire
2000-09-05,,5.871126037200001e-06,-5.685261711999988e-07,,-5.231278596394106,-6.2452495384588635,2000,Pre-fire
2000-09-06,,5.411931822e-06,-4.5919421520000106e-07,,-5.266647683160093,-6.33800359169576,2000,Pre-fire
2000-09-07,,5.2698002792e-06,-1.421315427999999e-07,,-5.2782058438548125,-6.847309529786825,2000,Pre-fire
2000-09-11,,6.330320252400001e-06,-3.826618459999996e-07,,-5.198574318366226,-6.417184837743386,2000,Pre-fire
2000-09-12,,5.739927690000001e-06,-5.903925623999997e-07,,-5.241093578687705,-6.228859122270693,2000,Pre-fire
2000-09-13,,5.379132235200001e-06,-3.607954548000004e-07,,-5.2692877793263015,-6.442738942215774,2000,Pre-fire
2000-09-14,,4.974603998000001e-06,-4.0452823719999967e-07,,-5.3032414854365495,-6.393051158026667,2000,Pre-fire
2001-05-17,,9.705397734120004e-05,-5.415211780679995e-05,,-4.0129866622133665,-4.266384554111206,2001,Pre-fire
2001-05-18,,7.113137057360001e-05,-2.592260676760003e-05,,-4.147938823147827,-4.586321328115473,2001,Pre-fire
2001-05-19,,5.673235196840001e-05,-1.4399018605200004e-05,,-4.246169211398734,-4.841667107131878,2001,Pre-fire
2001-05-20,,4.942897730760001e-05,-7.303374660799998e-06,,-4.3060183750593675,-5.136476419618116,2001,Pre-fire
2001-05-21,,4.43669077448e-05,-5.062069562800012e-06,,-4.352940839396335,-5.295671891075708,2001,Pre-fire
2001-05-22,,4.0048295482800005e-05,-4.318612261999992e-06,,-4.397415963429117,-5.364655786467202,2001,Pre-fire
2001-05-23,,3.65387396952e-05,-3.5095557876000077e-06,,-4.437246436536289,-5.454747849688789,2001,Pre-fire
2001-05-24,,3.3685175643600006e-05,-2.853564051599991e-06,,-4.472561183776721,-5.544612374755382,2001,Pre-fire
2001-05-25,,3.084254478760001e-05,-2.842630855999998e-06,,-4.510849795938295,-5.546279534122844,2001,Pre-fire
2001-05-26,,2.8273243821600004e-05,-2.5693009660000047e-06,,-4.548624361549287,-5.5901850198219245,2001,Pre-fire
2001-05-27,,2.5999139136800005e-05,-2.2741046847999985e-06,,-4.585041031810989,-5.6431895471309,2001,Pre-fire
2001-05-28,,2.4227961449600005e-05,-1.7711776871999999e-06,,-4.615683126037269,-5.7517378675510304,2001,Pre-fire
2001-05-29,,2.2697314065600003e-05,-1.5306473840000019e-06,,-4.644025532917241,-5.815124846415423,2001,Pre-fire
2001-05-30,,2.0882403596e-05,-1.814910469600005e-06,,-4.680219514845934,-5.741144794053605,2001,Pre-fire
2001-05-31,,1.94829545592e-05,-1.3994490367999999e-06,,-4.710345182392806,-5.854042912445793,2001,Pre-fire
2001-06-01,,1.9275223842800003e-05,-2.0773071639999582e-07,,-4.71500056979434,-6.682499281140841,2001,Pre-fire
2001-06-06,,2.150559574520001e-05,-2.7332988999999005e-07,,-4.6674485221743245,-6.56331287342164,2001,Pre-fire
2001-06-07,,1.7996039957600002e-05,-3.5095557876000077e-06,,-4.744823051217411,-5.454747849688789,2001,Pre-fire
2001-06-08,,1.6399793400000002e-05,-1.5962465575999995e-06,,-4.785161623037981,-5.796900026309225,2001,Pre-fire
2001-06-13,,2.0423209380800005e-05,-5.171401518800001e-06,,-4.689876010199587,-5.28639174135585,2001,Pre-fire
2001-06-14,,1.8291236238800005e-05,-2.1319731420000003e-06,,-4.737756941131267,-5.671218270731144,2001,Pre-fire
2001-06-15,,1.7066718331600002e-05,-1.2245179072000028e-06,,-4.7678499790312445,-5.912034859423479,2001,Pre-fire
2001-06-16,,1.56126033168e-05,-1.4541150148000013e-06,,-4.806524674653506,-5.837401241126575,2001,Pre-fire
2001-06-17,,1.4705148082000005e-05,-9.074552347999957e-07,,-4.832530597755235,-6.04217478971759,2001,Pre-fire
2001-06-18,,1.38742252164e-05,-8.309228656000053e-07,,-4.857791259998957,-6.080439289812867,2001,Pre-fire
2001-06-19,,1.30979683288e-05,-7.762568875999988e-07,,-4.882796064040369,-6.1099945333745875,2001,Pre-fire
2001-06-20,,1.2507575766400002e-05,-5.903925623999988e-07,,-4.902826857636656,-6.228859122270694,2001,Pre-fire
2001-06-21,,1.1862517226000002e-05,-6.450585404000002e-07,,-4.925823143909113,-6.190400870451517,2001,Pre-fire
2001-06-22,,1.14579889888e-05,-4.045282372000022e-07,,-4.940891599445954,-6.3930511580266645,2001,Pre-fire
2001-06-23,,1.0933195600000002e-05,-5.247933887999978e-07,,-4.961252882093662,-6.280011644718076,2001,Pre-fire
2001-06-27,,1.3054235546400002e-05,-6.122589535999997e-07,,-4.884248555300311,-6.213064855087461,2001,Pre-fire
2001-06-28,,1.1436122597600002e-05,-1.6181129488000004e-06,,-4.941721197562406,-5.790991166698705,2001,Pre-fire
2001-06-29,,1.0867596426400002e-05,-5.685261711999996e-07,,-4.9638664976963485,-6.245249538458863,2001,Pre-fire
2001-06-30,,1.0550533754e-05,-3.17062672400002e-07,,-4.9767255687498695,-6.498854884194703,2001,Pre-fire
2001-07-01,,1.0047606756400002e-05,-5.029269975999986e-07,,-4.99793737070755,-6.298495050412089,2001,Pre-fire
2001-07-02,,9.818009648800002e-06,-2.295971076000001e-07,,-5.007976545426358,-6.639033587359743,2001,Pre-fire
2001-07-03,,9.4790805852e-06,-3.389290636000012e-07,,-5.023233784617451,-6.469891188259387,2001,Pre-fire
2001-07-04,,9.2057506952e-06,-2.733298900000002e-07,,-5.035940790594013,-6.563312873421624,2001,Pre-fire
2001-07-05,,8.998019978800001e-06,-2.077307163999992e-07,,-5.045853046881392,-6.682499281140834,2001,Pre-fire
2001-07-06,,8.790289262400002e-06,-2.077307163999992e-07,,-5.05599683334521,-6.682499281140834,2001,Pre-fire
2001-07-07,,8.670024110800001e-06,-1.202651516000007e-07,,-5.061979694776058,-6.919860196935434,2001,Pre-fire
2001-07-08,,8.462293394400002e-06,-2.077307163999992e-07,,-5.0725119214107695,-6.682499281140834,2001,Pre-fire
2001-07-09,,8.342028242800001e-06,-1.202651516000007e-07,,-5.078728344138781,-6.919860196935434,2001,Pre-fire
2001-07-10,,8.035898766e-06,-3.061294768000007e-07,,-5.094965543009467,-6.514094850751442,2001,Pre-fire
2001-07-12,,1.0069473147600004e-05,-3.6188877436000003e-06,,-4.9969932518968125,-5.441424888317943,2001,Pre-fire
2001-07-13,,8.637224524000002e-06,-1.432248623600002e-06,,-5.06362579080322,-5.843981586437897,2001,Pre-fire
2001-07-14,,8.145230722000002e-06,-4.919938020000007e-07,,-5.0890966093453684,-6.308040368318317,2001,Pre-fire
2001-07-15,,7.871900832000001e-06,-2.733298900000002e-07,,-5.103920385662393,-6.563312873421624,2001,Pre-fire
2001-07-17,,7.696969702400001e-06,-1.639979340000008e-07,,-5.113680222951549,-6.785161623037978,2001,Pre-fire
2001-07-22,,7.390840225600001e-06,-8.746556480000105e-08,,-5.131306186152026,-7.058162895101713,2001,Pre-fire
2001-07-23,,7.259641878400001e-06,-1.311983472000003e-07,,-5.139084802725645,-6.882071636046036,2001,Pre-fire
2001-07-24,,7.139376726800002e-06,-1.20265151599999e-07,,-5.146339700818587,-6.91986019693544,2001,Pre-fire
2001-07-25,,6.855113641200001e-06,-2.8426308560000066e-07,,-5.163985341262945,-6.546279534122843,2001,Pre-fire
2001-07-26,,6.767648076400001e-06,-8.74655648000002e-08,,-5.169562233073544,-7.0581628951017175,2001,Pre-fire
2001-07-27,,6.647382924800001e-06,-1.2026515159999986e-07,,-5.177349302820927,-6.919860196935438,2001,Pre-fire
2001-07-28,,6.559917360000001e-06,-8.74655648000002e-08,,-5.183101631710018,-7.0581628951017175,2001,Pre-fire
2001-07-18,2001-07-19,7.6231706321e-06,-1.421315427999999e-07,Aggregated,-5.117864359155575,-6.847309529786825,2001,Pre-fire
2001-07-31,,6.931646010400002e-06,-1.7383781003999994e-06,,-5.159163624211929,-5.75985575777321,2001,Pre-fire
2001-08-01,,6.505251382000001e-06,-4.2639462840000056e-07,,-5.186735916365112,-6.370188275067162,2001,Pre-fire
2001-08-02,,6.3193870568e-06,-1.8586432520000085e-07,,-5.199325043673133,-6.730803960715386,2001,Pre-fire
2001-08-05,,6.210055100800001e-06,-1.530647383999995e-07,,-5.206904546382643,-6.815124846415425,2001,Pre-fire
2001-08-06,,6.067923558000002e-06,-1.4213154279999906e-07,,-5.216959898970986,-6.847309529786828,2001,Pre-fire
2001-08-07,,5.9804579932000016e-06,-8.74655648000002e-08,,-5.223265555760231,-7.0581628951017175,2001,Pre-fire
2001-08-08,,5.816460059200001e-06,-1.639979340000008e-07,,-5.235341249798614,-6.785161623037978,2001,Pre-fire
2001-08-09,,5.586862951600001e-06,-2.295971076000001e-07,,-5.252831981958949,-6.639033587359743,2001,Pre-fire
2001-08-10,,5.433798213200001e-06,-1.530647383999995e-07,,-5.26489649336033,-6.815124846415425,2001,Pre-fire
2001-08-12,,5.193267910000001e-06,-2.0773071640000006e-07,,-5.284559272468795,-6.682499281140832,2001,Pre-fire
2001-08-14,,5.073002758400001e-06,-1.2026515159999986e-07,,-5.294734901538781,-6.919860196935438,2001,Pre-fire
2001-08-15,,4.909004824400001e-06,-1.6399793399999996e-07,,-5.309006541090339,-6.785161623037981,2001,Pre-fire
2001-08-16,,4.8215392596000014e-06,-8.746556479999936e-08,,-5.316814292625823,-7.058162895101721,2001,Pre-fire
2001-08-18,,4.6356749344000006e-06,-1.0933195600000025e-07,,-5.333887025500929,-6.96125288209366,2001,Pre-fire
2001-08-19,,4.515409782800001e-06,-1.2026515159999986e-07,,-5.3453028304372605,-6.919860196935438,2001,Pre-fire
2001-08-20,,4.384211435600001e-06,-1.3119834719999946e-07,,-5.358108509473479,-6.882071636046039,2001,Pre-fire
2001-08-24,,4.6028753476e-06,-1.5743801664000003e-06,,-5.336970786257994,-5.802890389998412,2001,Pre-fire
2001-08-25,,4.395144631200001e-06,-2.077307163999992e-07,,-5.357026829009191,-6.682499281140834,2001,Pre-fire
2001-08-26,,4.274879479600001e-06,-1.2026515159999986e-07,,-5.369076124697795,-6.919860196935438,2001,Pre-fire
2001-08-27,,4.154614328e-06,-1.202651516000007e-07,,-5.381469285476852,-6.919860196935434,2001,Pre-fire
2001-08-28,,3.979683198400001e-06,-1.7493112959999956e-07,,-5.400151498444606,-6.757132899437738,2001,Pre-fire
2001-08-29,,3.8703512424000005e-06,-1.0933195600000025e-07,,-5.412249620067874,-6.96125288209366,2001,Pre-fire
2002-04-15,,0.000277593836284,-0.0003990616394,Raw,-3.5565901812199394,-3.398960017637187,2002,Pre-fire
2002-04-16,,0.000173947141996,-0.00010364669428799997,Raw,-3.75958270244708,-3.9844445447555956,2002,Pre-fire
2002-04-17,,0.000124857093752,-4.9090048244e-05,Raw,-3.9035867781838323,-4.309006541090339,2002,Pre-fire
2002-04-18,,9.948114676440002e-05,-2.5375946987599984e-05,Raw,-4.002259217063336,-4.595577741637745,2002,Pre-fire
2002-04-19,,8.392320942560002e-05,-1.5557937338800003e-05,Raw,-4.076117916030228,-4.808047982009377,2002,Pre-fire
2002-04-20,,7.363507236600002e-05,-1.0288137059600005e-05,Raw,-4.1329152820346575,-4.987663258666404,2002,Pre-fire
2002-04-21,,6.711888778840001e-05,-6.516184577600007e-06,Raw,-4.173155248713364,-5.186006622353425,2002,Pre-fire
2002-04-22,,6.569757236040002e-05,-1.4213154279999889e-06,Raw,-4.182450678080423,-5.847309529786829,2002,Pre-fire
2002-05-04,,7.986699385800002e-05,-1.1173725903199986e-05,Raw,-4.097632661823346,-4.951801986294968,2002,Pre-fire
2002-05-05,,7.290254826080001e-05,-6.964445597200004e-06,Raw,-4.137257290937694,-5.157113449758311,2002,Pre-fire
2002-05-06,,6.35546660228e-05,-9.347882238000012e-06,Raw,-4.196852559137273,-5.029286767365488,2002,Pre-fire
2002-05-07,,5.315719700720001e-05,-1.0397469015599994e-05,Raw,-4.274437927586344,-4.983072365156248,2002,Pre-fire
2002-05-08,,4.629115017040001e-05,-6.866046836800001e-06,Raw,-4.334502028410268,-5.163293238356466,2002,Pre-fire
2002-05-09,,4.4257575788800014e-05,-2.0335743815999937e-06,Raw,-4.354012378261919,-5.691739937875747,2002,Pre-fire
2002-05-10,,4.184133956120001e-05,-2.416236227600007e-06,Raw,-4.378394419869163,-5.61686060840855,2002,Pre-fire
2002-05-19,,7.419266534160001e-05,-5.018336780400007e-06,Raw,-4.129639026784563,-5.2994401965564,2002,Pre-fire
2002-05-20,,6.633169770520001e-05,-7.860967636399998e-06,Raw,-4.178278887149613,-5.10452399171078,2002,Pre-fire
2002-05-21,,6.268001037480001e-05,-3.6516873304000025e-06,Raw,-4.202870940318986,-5.437506415282097,2002,Pre-fire
2002-05-30,,0.000110315943604,-2.2413050979999997e-05,Raw,-3.9573617158567513,-4.649499021037908,2002,Pre-fire
2002-05-31,,8.952100557280002e-05,-2.0794938031199974e-05,Raw,-4.048075048103193,-4.682042369492267,2002,Pre-fire
2002-06-01,,7.51001205764e-05,-1.4420884996400017e-05,Raw,-4.124359365717228,-4.841008086547296,2002,Pre-fire
2002-06-02,,6.316107098120002e-05,-1.1939049595199985e-05,Raw,-4.199550514552249,-4.923030243724944,2002,Pre-fire
2002-06-03,,5.517983819320001e-05,-7.981232788000007e-06,Raw,-4.258219577359975,-5.097930021973205,2002,Pre-fire
2002-06-04,,5.2457472488800014e-05,-2.7223657043999957e-06,Raw,-4.28019263846185,-5.565053534997926,2002,Pre-fire
2002-06-05,,5.15172176672e-05,-9.402548216000132e-07,Raw,-4.288047600314616,-6.0267544308500876,2002,Pre-fire
2002-06-06,,4.7854597141200005e-05,-3.6626205259999954e-06,Raw,-4.320076335480548,-5.436208075056817,2002,Pre-fire
2002-06-07,,4.17538739964e-05,-6.100723144800008e-06,Raw,-4.379303223720344,-5.214618683156083,2002,Pre-fire
2002-06-08,,3.6680871238000006e-05,-5.073002758399991e-06,Raw,-4.435560357588651,-5.2947349015387815,2002,Pre-fire
2002-06-09,,3.3127582668e-05,-3.553288570000006e-06,Raw,-4.479810253591356,-5.449369521114787,2002,Pre-fire
2002-06-10,,3.107214189520001e-05,-2.055440772799993e-06,Raw,-4.5076288085022105,-5.687095032829983,2002,Pre-fire
2002-06-11,,3.0722279636000006e-05,-3.498622592000008e-07,Raw,-4.512546562188581,-6.456102903773755,2002,Pre-fire
2002-06-19,,3.5401687352800005e-05,-1.4803546842399996e-05,Raw,-4.450976037676306,-4.829634217744537,2002,Pre-fire
2002-06-20,,2.960709368480001e-05,-5.794593667999996e-06,Raw,-4.5286042220805545,-5.236977012492873,2002,Pre-fire
2002-06-21,,2.75297865208e-05,-2.077307164000009e-06,Raw,-4.560197156321818,-5.682499281140831,2002,Pre-fire
2002-06-22,,2.5944473158800007e-05,-1.585313361999993e-06,Raw,-4.585955143876323,-5.799884879858689,2002,Pre-fire
2002-06-23,,2.4009297537600006e-05,-1.9351756212000007e-06,Raw,-4.619620546315607,-5.713279615731855,2002,Pre-fire
2002-06-24,,2.2303719024000004e-05,-1.7055785136000023e-06,Raw,-4.651622714667763,-5.768128283739199,2002,Pre-fire
2002-06-25,,2.06528064884e-05,-1.6509125356000042e-06,Raw,-4.685020924171829,-5.7822759348004915,2002,Pre-fire
2002-06-26,,1.8990960757200003e-05,-1.661845731199997e-06,Raw,-4.721453063646563,-5.77940929414889,2002,Pre-fire
2002-06-27,,1.7504046155600003e-05,-1.4869146016e-06,Raw,-4.756861550174362,-5.827713973723444,2002,Pre-fire
2002-06-28,,1.7012052353600004e-05,-4.91993801999999e-07,Raw,-4.769243289439991,-6.308040368318319,2002,Pre-fire
2002-06-30,,1.71760502876e-05,-5.007403584799997e-06,Raw,-4.765076697053688,-5.3003874040897925,2002,Pre-fire
2002-07-01,,1.5831267228800003e-05,-1.3447830587999985e-06,Raw,-4.800484320232534,-5.871347770654264,2002,Pre-fire
2002-07-02,,1.4694214886400002e-05,-1.137052342400001e-06,Raw,-4.832853613375855,-5.944219542794881,2002,Pre-fire
2002-07-03,,1.3885158412e-05,-8.09056474400001e-07,Raw,-4.857449161137705,-6.092021162362685,2002,Pre-fire
2002-07-04,,1.3218233480400005e-05,-6.66924931599996e-07,Raw,-4.8788265812328895,-6.175923047082898,2002,Pre-fire
2002-07-05,,1.2452909788400002e-05,-7.653236920000026e-07,Raw,-4.904729158014561,-6.116154842079403,2002,Pre-fire
2002-07-06,,1.175318527e-05,-6.997245184000016e-07,Raw,-4.9298444178420375,-6.155072908109774,2002,Pre-fire
2002-07-07,,1.1567320944800002e-05,-1.858643251999983e-07,Raw,-4.936767214394495,-6.7308039607153916,2002,Pre-fire
2002-07-08,,1.1348657032800002e-05,-2.186639120000005e-07,Raw,-4.945055528581222,-6.66022288642968,2002,Pre-fire
2002-07-09,,1.1020661164800002e-05,-3.279958679999999e-07,Raw,-4.957792349984155,-6.4841316273739995,2002,Pre-fire
2002-07-10,,1.04630681892e-05,-5.575929756000017e-07,Raw,-4.9803409443168185,-6.253682705995724,2002,Pre-fire
2002-07-11,,1.0135072321200002e-05,-3.279958679999982e-07,Raw,-4.994173147949165,-6.484131627374001,2002,Pre-fire
2002-07-12,,9.807076453200002e-06,-3.279958679999999e-07,Raw,-5.0084604390495695,-6.4841316273739995,2002,Pre-fire
2002-07-13,,9.3806818248e-06,-4.263946284000014e-07,Raw,-5.027765594244956,-6.370188275067161,2002,Pre-fire
2002-07-14,,9.1620179128e-06,-2.186639120000005e-07,Raw,-5.038008863463385,-6.66022288642968,2002,Pre-fire
2002-07-15,,8.9761535876e-06,-1.858643252e-07,Raw,-5.046909724974221,-6.730803960715388,2002,Pre-fire
2002-07-16,,8.834022044800002e-06,-1.421315427999982e-07,Raw,-5.053841521319075,-6.8473095297868305,2002,Pre-fire
2002-07-17,,8.342028242800001e-06,-4.919938020000007e-07,Raw,-5.078728344138781,-6.308040368318317,2002,Pre-fire
2002-07-18,,8.068698352800001e-06,-2.733298900000002e-07,Raw,-5.09319652027062,-6.563312873421624,2002,Pre-fire
2002-07-21,,7.7953684628e-06,-1.967975207999996e-07,Raw,-5.108163352241796,-6.7059803769903565,2002,Pre-fire
2002-07-24,,7.696969702400001e-06,-9.94920799600001e-07,Raw,-5.113680222951549,-6.002211489772567,2002,Pre-fire
2002-07-25,,7.467372594800002e-06,-2.2959710759999926e-07,Raw,-5.126832178412129,-6.6390335873597435,2002,Pre-fire
2002-07-27,,7.172176313600001e-06,-2.51463498800001e-07,Raw,-5.144349042718002,-6.599525046076067,2002,Pre-fire
2002-07-28,,6.997245184000001e-06,-1.749311296000004e-07,Raw,-5.155072908109775,-6.757132899437736,2002,Pre-fire
2002-07-30,,6.7567148808e-06,-2.1866391200000135e-07,Raw,-5.170264407004846,-6.660222886429678,2002,Pre-fire
2002-08-01,,6.603650142400001e-06,-8.74655648000002e-08,Raw,-5.18021594347253,-7.0581628951017175,2002,Pre-fire
2002-08-06,,6.505251382000001e-06,-9.83987603999998e-08,Raw,-5.186735916365112,-7.007010372654338,2002,Pre-fire
2002-08-08,,6.286587470000001e-06,-1.4213154280000075e-07,Raw,-5.2015850374040316,-6.8473095297868225,2002,Pre-fire
2002-08-09,,6.177255514e-06,-1.0933195600000025e-07,Raw,-5.209204434274223,-6.96125288209366,2002,Pre-fire
2002-08-11,,5.925792015200002e-06,-2.40530303199998e-07,Raw,-5.227253595555275,-6.618830201271459,2002,Pre-fire
2002-08-13,,5.597796147200001e-06,-2.51463498800001e-07,Raw,-5.251982921117831,-6.599525046076067,2002,Pre-fire
2002-08-16,,5.4447314088e-06,-8.74655648000019e-08,Raw,-5.2640235393339445,-7.058162895101709,2002,Pre-fire
2002-08-25,,5.1823347144e-06,-6.778581272000007e-07,Raw,-5.285474540419576,-6.168861192595408,2002,Pre-fire
2002-08-26,,5.0183367804e-06,-1.6399793399999996e-07,Raw,-5.2994401965564,-6.785161623037981,2002,Pre-fire
2002-08-28,,4.887138433200001e-06,-9.83987603999998e-08,Raw,-5.3109453589617255,-7.007010372654338,2002,Pre-fire
2002-09-05,,4.766873281600001e-06,-2.733298900000002e-07,Raw,-5.321766392825076,-6.563312873421624,2002,Pre-fire
2002-09-07,,4.559142565200001e-06,-1.3119834719999946e-07,Raw,-5.3411168271199045,-6.882071636046039,2002,Pre-fire
2003-04-12,,0.0001392123795748,-2.8885502775200005e-05,,-3.8563221430159214,-4.539320068815154,2003,Pre-fire
2003-04-13,,0.0001270327996764,-1.217957989839999e-05,,-3.8960841303879166,-4.914367691255952,2003,Pre-fire
2003-04-14,,0.0001085228995256,-1.8509900150800003e-05,,-3.9644786112323573,-4.732595923984727,2003,Pre-fire
2003-04-15,,9.56763946956e-05,-1.2846504830000006e-05,,-4.019195198252267,-4.891215015485907,2003,Pre-fire
2003-04-16,,8.88759470324e-05,-6.800447663199996e-06,,-4.051215758540611,-5.167462497402843,2003,Pre-fire
2003-04-18,,8.87994146632e-05,-5.313533061600037e-06,,-4.051589896939643,-5.274616612831365,2003,Pre-fire
2003-04-19,,7.973579551080002e-05,-9.063619152399982e-06,,-4.098346668530663,-5.042698351543389,2003,Pre-fire
2003-04-20,,7.449879481840001e-05,-5.2370006924000126e-06,,-4.127850752861803,-5.280917368679098,2003,Pre-fire
2003-04-25,,7.060657718480002e-05,-8.396694220799992e-06,,-4.151154841412519,-5.07589166206215,2003,Pre-fire
2003-04-26,,6.42762569324e-05,-6.330320252400013e-06,,-4.19194942190458,-5.198574318366225,2003,Pre-fire
2003-04-27,,5.838326450400001e-05,-5.8929924283999954e-06,,-4.233711625065105,-5.229664116906924,2003,Pre-fire
2003-04-28,,5.4895575107600006e-05,-3.4876893964000017e-06,,-4.260462660719314,-5.45746219903648,2003,Pre-fire
2003-04-29,,5.391158750360001e-05,-9.83987603999998e-07,,-4.268317879562524,-6.007010372654338,2003,Pre-fire
2003-05-06,,7.858780997280001e-05,-8.713756893200008e-06,,-4.1046448136567255,-5.059794560697549,2003,Pre-fire
2003-05-07,,7.101110542200002e-05,-7.576704550799995e-06,,-4.148673726684615,-5.1205196474818555,2003,Pre-fire
2003-05-08,,6.468078516960002e-05,-6.3303202524e-06,,-4.189224716768806,-5.198574318366226,2003,Pre-fire
2003-05-09,,5.91048554136e-05,-5.575929756000014e-06,,-4.228376840730955,-5.2536827059957245,2003,Pre-fire
2003-05-10,,5.726807855280001e-05,-1.836776860799994e-06,,-4.242087388004449,-5.735943600367801,2003,Pre-fire
2003-05-15,,7.403960060320001e-05,-3.979683198400004e-06,,-4.130535932656764,-5.400151498444606,2003,Pre-fire
2003-05-16,,6.289867428680001e-05,-1.11409263164e-05,,-4.201358508068163,-4.953078698087236,2003,Pre-fire
2003-05-17,,5.556250003920001e-05,-7.336174247600004e-06,,-4.2552182213793115,-5.13453036192467,2003,Pre-fire
2003-05-18,,5.031456615120001e-05,-5.247933887999999e-06,,-4.298306267761037,-5.2800116447180745,2003,Pre-fire
2003-05-19,,4.6728477994400006e-05,-3.586088156800005e-06,,-4.330418364265611,-5.445379038381982,2003,Pre-fire
2003-05-20,,4.52852961752e-05,-1.4431818192000084e-06,,-4.344042787536228,-5.840678950887809,2003,Pre-fire
2003-05-25,,5.310253102920001e-05,-2.5365013792000025e-06,,-4.274884778620626,-5.595764897202762,2003,Pre-fire
2003-05-26,,4.67831439724e-05,-6.319387056800014e-06,,-4.329910595609729,-5.199325043673132,2003,Pre-fire
2003-05-27,,4.223493460280001e-05,-4.54820936959999e-06,,-4.374328173948841,-5.34215955146692,2003,Pre-fire
2003-05-28,,4.0234159808000005e-05,-2.0007747948000017e-06,,-4.395405063420144,-5.6988017923632315,2003,Pre-fire
2003-05-29,,3.7960055123200007e-05,-2.2741046847999985e-06,,-4.420673165589207,-5.6431895471309,2003,Pre-fire
2003-05-30,,3.65387396952e-05,-1.4213154280000092e-06,,-4.437246436536289,-5.8473095297868225,2003,Pre-fire
2003-05-31,,3.200146352120001e-05,-4.537276173999991e-06,,-4.49483015965987,-5.34320478538157,2003,Pre-fire
2003-06-01,,2.7988980736000004e-05,-4.012482785200003e-06,,-4.553012916781812,-5.396586817841572,2003,Pre-fire
2003-06-02,,2.5474345748000007e-05,-2.5146349879999965e-06,,-4.593896961067642,-5.599525046076069,2003,Pre-fire
2003-06-03,,2.3462637757600003e-05,-2.0117079904000047e-06,,-4.629623164463729,-5.696435059084124,2003,Pre-fire
2003-06-04,,2.1899190786800005e-05,-1.5634469707999973e-06,,-4.659571932800086,-5.805916844628601,2003,Pre-fire
2003-06-05,,2.0182679077600004e-05,-1.7165117092000019e-06,,-4.6950211854037684,-5.765353229684427,2003,Pre-fire
2003-06-06,,1.8684831280400004e-05,-1.4978477971999997e-06,,-4.728510819372925,-5.824532314937255,2003,Pre-fire
2003-06-07,,1.6946453180000003e-05,-1.738378100400001e-06,,-4.77092118392337,-5.75985575777321,2003,Pre-fire
2003-06-08,,1.58968664024e-05,-1.0495867776000024e-06,,-4.798688475570643,-5.978981649054092,2003,Pre-fire
2003-06-09,,1.4628615712800004e-05,-1.2682506895999962e-06,,-4.834796768661858,-5.896794892866745,2003,Pre-fire
2003-06-14,,1.3130767915600005e-05,-1.0823863643999995e-06,,-4.881709874690755,-5.965617687496112,2003,Pre-fire
2003-06-15,,1.2092114333600002e-05,-1.0386535820000028e-06,,-4.917497755124982,-5.983529276804813,2003,Pre-fire
2003-06-16,,1.1862517226000002e-05,-2.295971076000001e-07,,-4.925823143909113,-6.639033587359743,2003,Pre-fire
2003-06-17,,1.12939910548e-05,-5.685261712000013e-07,,-4.947152560574041,-6.245249538458862,2003,Pre-fire
2003-06-18,,1.09659951868e-05,-3.279958679999999e-07,,-4.959951949073243,-6.4841316273739995,2003,Pre-fire
2003-06-19,,1.0780130861600002e-05,-1.858643251999983e-07,,-4.96737596715245,-6.7308039607153916,2003,Pre-fire
2003-06-22,,1.05286673628e-05,-5.685261712000013e-07,,-4.977626594969127,-6.245249538458862,2003,Pre-fire
2003-06-23,,9.982007582800002e-06,-5.46659779999997e-07,,-5.000782104559363,-6.262282877757645,2003,Pre-fire
2003-06-24,,9.6102789324e-06,-3.717286504000017e-07,,-5.0172640070198895,-6.429773965051405,2003,Pre-fire
2003-06-25,,9.2057506952e-06,-4.045282372000005e-07,,-5.035940790594013,-6.393051158026666,2003,Pre-fire
2003-06-26,,8.899621218400001e-06,-3.06129476799999e-07,,-5.0506284772044605,-6.514094850751444,2003,Pre-fire
2003-06-27,,8.648157719600002e-06,-2.514634987999993e-07,,-5.063076398595985,-6.59952504607607,2003,Pre-fire
2003-06-28,,8.276429069200002e-06,-3.717286504e-07,,-5.082157002593589,-6.429773965051407,2003,Pre-fire
2003-06-29,,8.0796315484e-06,-1.967975208000013e-07,,-5.092608443698836,-6.705980376990353,2003,Pre-fire
2003-07-02,,7.7188360936e-06,-2.842630856000015e-07,,-5.112448181041858,-6.546279534122841,2003,Pre-fire
2003-07-03,,7.489238986000002e-06,-2.2959710759999841e-07,,-5.125562310601236,-6.639033587359745,2003,Pre-fire
2003-07-05,,7.336174247600002e-06,-1.3119834719999946e-07,,-5.13453036192467,-6.882071636046039,2003,Pre-fire
2003-07-09,,7.172176313600001e-06,-9.83987603999998e-08,,-5.144349042718002,-7.007010372654338,2003,Pre-fire
2003-07-10,,6.9863119884000005e-06,-1.8586432520000085e-07,,-5.155752023935261,-6.730803960715386,2003,Pre-fire
2003-07-14,,6.7020489028000015e-06,-1.093319559999994e-07,,-5.173792407575246,-6.961252882093664,2003,Pre-fire
2003-07-15,,6.461518599600001e-06,-2.4053030320000056e-07,,-5.189665401212406,-6.618830201271455,2003,Pre-fire
2003-07-17,,6.3084538612e-06,-8.74655648000002e-08,,-5.20007706893793,-7.0581628951017175,2003,Pre-fire
2003-07-18,,6.1663223184e-06,-1.421315427999999e-07,,-5.209973778110319,-6.847309529786825,2003,Pre-fire
2003-07-19,,6.046057166800001e-06,-1.20265151599999e-07,,-5.218527750788963,-6.91986019693544,2003,Pre-fire
2003-07-20,,5.947658406400001e-06,-9.83987603999998e-08,,-5.225653982395482,-7.007010372654338,2003,Pre-fire
2003-07-22,,5.7508608856000015e-06,-1.749311296000004e-07,,-5.240267137939923,-6.757132899437736,2003,Pre-fire
2003-07-23,,5.5649965604000015e-06,-1.858643252e-07,,-5.254535099756903,-6.730803960715388,2003,Pre-fire
2003-07-24,,5.4556646044e-06,-1.093319560000011e-07,,-5.263152336470272,-6.961252882093658,2003,Pre-fire
2003-07-25,,5.280733474800001e-06,-1.7493112959999956e-07,,-5.2773057513421495,-6.757132899437738,2003,Pre-fire
2003-07-26,,5.073002758400001e-06,-2.0773071640000006e-07,,-5.294734901538781,-6.682499281140832,2003,Pre-fire
2003-07-28,,4.8980716288e-06,-1.530647384000012e-07,,-5.309974868095518,-6.81512484641542,2003,Pre-fire
2003-08-08,,4.9636708024000005e-06,-9.074552348000008e-07,,-5.3041970292365574,-6.0421747897175875,2003,Pre-fire
2003-08-13,,4.5482093696e-06,-2.077307163999992e-07,,-5.342159551466919,-6.682499281140834,2003,Pre-fire
2003-08-09,2003-08-10,4.8980716288e-06,-1.3119834719999946e-07,Aggregated,-5.309974868095518,-6.882071636046039,2003,Pre-fire
2003-08-17,,4.307679066400001e-06,-1.0933195600000025e-07,,-5.3657566602680875,-6.96125288209366,2003,Pre-fire
2003-08-19,,4.154614328e-06,-1.4213154280000075e-07,,-5.381469285476852,-6.8473095297868225,2003,Pre-fire
2003-08-27,2003-08-28,3.864884644600001e-06,-8.746556479999978e-08,Aggregated,-5.412863463960743,-7.058162895101719,2003,Pre-fire
2003-08-29,2003-08-30,3.733686297400001e-06,-1.3119834719999988e-07,Aggregated,-5.42786217407611,-6.882071636046037,2003,Pre-fire
2003-08-31,2003-09-02,3.6298209392000008e-06,-6.559917359999994e-08,Aggregated,-5.440114798389625,-7.183101631710018,2003,Pre-fire
2004-06-11,,7.876274110240002e-05,-1.2912104003599977e-05,Raw,-4.103679177946166,-4.889002984480148,2004,Pre-fire
2004-06-12,,6.35000000448e-05,-1.5262741057600013e-05,Raw,-4.197226274401625,-4.816367463806519,2004,Pre-fire
2004-06-13,,5.417398419800001e-05,-9.326015846799992e-06,Raw,-4.266209223272368,-5.030303850926139,2004,Pre-fire
2004-06-14,,4.6936208710800005e-05,-7.2377754872000074e-06,Raw,-4.3284919936142225,-5.140394892653961,2004,Pre-fire
2004-06-15,,4.1535210084400005e-05,-5.4009986264e-06,Raw,-4.381583588538941,-5.267525933170015,2004,Pre-fire
2004-06-16,,3.732592977840001e-05,-4.209280305999996e-06,Raw,-4.4279893653149465,-5.375792152585161,2004,Pre-fire
2004-06-17,,3.43521005752e-05,-2.973829203200007e-06,Raw,-4.464046701389707,-5.526683978059462,2004,Pre-fire
2004-06-18,,3.15750688928e-05,-2.7770316824000005e-06,Raw,-4.500655693196061,-5.556419165473724,2004,Pre-fire
2004-06-19,,2.9202565447600004e-05,-2.3725034451999983e-06,Raw,-4.534578994072289,-5.624793148245133,2004,Pre-fire
2004-06-20,,2.6862861589200004e-05,-2.3397038583999995e-06,Raw,-4.57084772561358,-5.630839108744471,2004,Pre-fire
2004-06-21,,2.50042183372e-05,-1.8586432520000035e-06,Raw,-4.601986717486914,-5.730803960715387,2004,Pre-fire
2004-06-22,,2.3451704562000003e-05,-1.5525137751999977e-06,Raw,-4.6298255855729185,-5.808964537710606,2004,Pre-fire
2004-06-23,,2.20959883076e-05,-1.3557162544000014e-06,Raw,-4.655686568578358,-5.8678311969314265,2004,Pre-fire
2004-06-24,,2.08714704004e-05,-1.2245179072000028e-06,Raw,-4.680446953699995,-5.912034859423479,2004,Pre-fire
2004-06-25,,1.95813533196e-05,-1.2901170808000004e-06,Raw,-4.7081572962446305,-5.889370874787536,2004,Pre-fire
2004-06-26,,1.84989669552e-05,-1.0823863643999978e-06,Raw,-4.732852523390657,-5.965617687496112,2004,Pre-fire
2004-06-27,,1.7558712133600004e-05,-9.402548215999962e-07,Raw,-4.755507341151,-6.0267544308500955,2004,Pre-fire
2004-06-28,,1.6771522050400002e-05,-7.871900832000018e-07,Raw,-4.775427522480699,-6.103920385662392,2004,Pre-fire
2004-06-29,,1.6093663923200003e-05,-6.77858127199999e-07,Raw,-4.7933450720921815,-6.168861192595409,2004,Pre-fire
2004-06-30,,1.55032713608e-05,-5.903925624000022e-07,Raw,-4.809576651246614,-6.228859122270691,2004,Pre-fire
2004-07-01,,1.4891012407200005e-05,-6.122589535999963e-07,Raw,-4.827075774516895,-6.213064855087464,2004,Pre-fire
2004-07-02,,1.4300619844800004e-05,-5.903925624000005e-07,Raw,-4.844645138105413,-6.228859122270693,2004,Pre-fire
2004-07-03,,1.3721160478000002e-05,-5.794593668000026e-07,Raw,-4.862609156276605,-6.236977012492871,2004,Pre-fire
2004-07-04,,1.3305699045200002e-05,-4.154614328000001e-07,Raw,-4.875962303863597,-6.381469285476851,2004,Pre-fire
2004-07-05,,1.2868371221200002e-05,-4.373278239999993e-07,Raw,-4.890476419250227,-6.3591928907657,2004,Pre-fire
2004-07-06,,1.2354511028e-05,-5.138601932000016e-07,Raw,-4.908174438610242,-6.289155024157943,2004,Pre-fire
2004-07-07,,1.2048381551200003e-05,-3.061294767999973e-07,Raw,-4.9190712875778955,-6.514094850751446,2004,Pre-fire
2004-07-08,,1.1534521358000002e-05,-5.138601932000016e-07,Raw,-4.93800042245995,-6.289155024157943,2004,Pre-fire
2004-07-09,,1.09441287956e-05,-5.903925624000022e-07,Raw,-4.960818804614343,-6.228859122270691,2004,Pre-fire
2004-07-10,,1.0681732101200002e-05,-2.623966943999972e-07,Raw,-4.971358318374889,-6.58104164038206,2004,Pre-fire
2004-07-11,,1.0331869842e-05,-3.498622592000025e-07,Raw,-4.985821073584399,-6.456102903773752,2004,Pre-fire
2004-07-12,,1.0233471081600002e-05,-9.839876039999811e-08,Raw,-4.989977033355556,-7.007010372654345,2004,Pre-fire
2004-07-14,,9.894542018000002e-06,-5.575929755999983e-07,Raw,-5.004604302888458,-6.253682705995726,2004,Pre-fire
2004-07-15,,9.5446797588e-06,-3.498622592000025e-07,Raw,-5.020238638388092,-6.456102903773752,2004,Pre-fire
2004-07-16,,9.1401515216e-06,-4.045282371999988e-07,Raw,-5.039046604654645,-6.393051158026668,2004,Pre-fire
2004-07-17,,8.877754827200002e-06,-2.623966943999989e-07,Raw,-5.051696852852486,-6.5810416403820575,2004,Pre-fire
2004-07-18,,8.702823697600002e-06,-1.749311296000004e-07,Raw,-5.060339814355992,-6.757132899437736,2004,Pre-fire
2004-07-20,,8.571625350400001e-06,-6.559917359999981e-07,Raw,-5.066936819409223,-6.183101631710019,2004,Pre-fire
2004-07-21,,8.3966942208e-06,-1.749311296000004e-07,Raw,-5.0758916620621495,-6.757132899437736,2004,Pre-fire
2004-07-22,,8.2108298956e-06,-1.858643252e-07,Raw,-5.085612945089493,-6.730803960715388,2004,Pre-fire
2004-07-23,,7.860967636400002e-06,-3.498622591999991e-07,Raw,-5.104523991710779,-6.456102903773757,2004,Pre-fire
2004-07-24,,7.6204373332e-06,-2.405303032000014e-07,Raw,-5.1180201039956525,-6.618830201271453,2004,Pre-fire
2004-07-25,,7.325241052000002e-06,-2.9519628119999857e-07,Raw,-5.135178079392835,-6.529889117934677,2004,Pre-fire
2004-07-26,,7.019111575200002e-06,-3.0612947679999986e-07,Raw,-5.1537178540248085,-6.514094850751443,2004,Pre-fire
2004-07-28,,6.680182511600001e-06,-2.951962812000011e-07,Raw,-5.175211671851107,-6.5298891179346725,2004,Pre-fire
2004-08-01,,6.4505854040000005e-06,-2.8426308560000066e-07,Raw,-5.190400870451517,-6.546279534122843,2004,Pre-fire
2004-08-04,,6.2647210788000005e-06,-1.5306473840000035e-07,Raw,-5.203098260126271,-6.815124846415423,2004,Pre-fire
2004-08-05,,6.111656340400002e-06,-1.5306473839999866e-07,Raw,-5.213841074207238,-6.8151248464154275,2004,Pre-fire
2004-08-07,,6.3084538612e-06,-2.4053030320000056e-07,Raw,-5.20007706893793,-6.618830201271455,2004,Pre-fire
2004-08-08,,5.892992428400001e-06,-4.154614327999984e-07,Raw,-5.229664116906923,-6.381469285476853,2004,Pre-fire
2004-08-09,,5.521263778000001e-06,-3.717286504e-07,Raw,-5.257961503975,-6.429773965051407,2004,Pre-fire
2004-08-12,,5.3572658440000005e-06,-1.639979340000008e-07,Raw,-5.271056802065148,-6.785161623037978,2004,Pre-fire
2004-08-13,,5.193267910000001e-06,-1.6399793399999996e-07,Raw,-5.284559272468795,-6.785161623037981,2004,Pre-fire
2005-06-08,,9.3533488358e-05,-9.511880172000006e-06,,-4.029032868216543,-5.021733629475043,2005,Pre-fire
2005-06-09,,7.235588848080001e-05,-2.1177599877199988e-05,,-4.140526119269827,-4.674123261374551,2005,Pre-fire
2005-06-10,,5.6743285164000014e-05,-1.5612603316799994e-05,,-4.246085524245204,-4.806524674653506,2005,Pre-fire
2005-06-11,,5.408651863320001e-05,-2.656766530800005e-06,,-4.26691097172948,-5.575646608495349,2005,Pre-fire
2005-06-12,,5.01177686304e-05,-3.968750002800011e-06,,-4.3000082731343285,-5.401346257057548,2005,Pre-fire
2005-06-13,,4.553675967400001e-05,-4.581008956399989e-06,,-4.341637876350855,-5.339038859127368,2005,Pre-fire
2005-06-14,,4.127281339000001e-05,-4.2639462840000006e-06,,-4.384335926128455,-5.370188275067163,2005,Pre-fire
2005-06-15,,3.7260330604800005e-05,-4.012482785200003e-06,,-4.428753295998999,-5.396586817841572,2005,Pre-fire
2005-06-18,,3.58171487856e-05,-1.749311296000004e-06,,-4.4459089890052805,-5.757132899437736,2005,Pre-fire
2005-06-19,,3.47019628344e-05,-1.1151859512e-06,,-4.459645959674832,-5.952652710331744,2005,Pre-fire
2005-06-20,,3.253719010560001e-05,-2.1647727287999957e-06,,-4.48761995521982,-5.664587691832131,2005,Pre-fire
2005-06-21,,2.997882233520001e-05,-2.5583677703999983e-06,,-4.523185431640168,-5.59203702468352,2005,Pre-fire
2005-06-22,,2.8251377430400008e-05,-1.7274449048000015e-06,,-4.548960372770615,-5.762595795139239,2005,Pre-fire
2005-06-23,,2.65457989168e-05,-1.705578513600009e-06,,-4.576004199690442,-5.768128283739198,2005,Pre-fire
2005-06-24,,2.46215564912e-05,-1.9242424255999977e-06,,-4.608684495914353,-5.715740214279513,2005,Pre-fire
2005-06-25,,2.31893078676e-05,-1.432248623600002e-06,,-4.6347122135770995,-5.843981586437897,2005,Pre-fire
2005-06-26,,2.2205320263600004e-05,-9.839876039999947e-07,,-4.653542958688855,-6.00701037265434,2005,Pre-fire
2005-06-29,,2.0259211446800004e-05,-2.3834366407999945e-06,,-4.693377462774764,-5.622796388489058,2005,Pre-fire
2005-06-30,,1.8925361583600005e-05,-1.3338498631999989e-06,,-4.722955814218268,-5.874893051418914,2005,Pre-fire
2005-07-01,,1.7766442850000003e-05,-1.1589187336000018e-06,,-4.750399516778768,-5.935947016828891,2005,Pre-fire
2005-07-02,,1.6760588854800003e-05,-1.0058539952000006e-06,,-4.775710727239287,-5.9974650547481065,2005,Pre-fire
2005-07-03,,1.6017131554000003e-05,-7.434573008e-07,,-4.795415257403533,-6.1287439693874255,2005,Pre-fire
2005-07-04,,1.5229941470800004e-05,-7.871900831999984e-07,,-4.817301765669698,-6.103920385662394,2005,Pre-fire
2005-07-05,,1.4442751387600004e-05,-7.871900832000001e-07,,-4.840350064479135,-6.103920385662393,2005,Pre-fire
2005-07-07,,1.39616907812e-05,-7.106577140000046e-07,,-4.855061984830247,-6.148339525450804,2005,Pre-fire
2005-07-08,,1.38523588252e-05,-1.093319559999994e-07,,-4.858476267210221,-6.961252882093664,2005,Pre-fire
2005-07-11,,1.30761019376e-05,-1.322916667600001e-06,,-4.88352170244127,-5.878467511777211,2005,Pre-fire
2005-07-12,,1.1829717639200005e-05,-1.2463842983999953e-06,,-4.927025621323111,-5.904348030757191,2005,Pre-fire
2005-07-13,,1.1261191468000002e-05,-5.68526171200003e-07,,-4.948415657388489,-6.24524953845886,2005,Pre-fire
2005-07-14,,1.1064393947200004e-05,-1.9679752079999791e-07,,-4.956072369589881,-6.70598037699036,2005,Pre-fire
2005-07-15,,1.0878529622000002e-05,-1.858643252000017e-07,,-4.963429801347936,-6.730803960715384,2005,Pre-fire
2005-07-16,,1.05177341672e-05,-3.607954548000021e-07,,-4.978077810055849,-6.4427389422157715,2005,Pre-fire
2005-07-17,,1.0113205930000004e-05,-4.0452823719999543e-07,,-4.995111149354629,-6.393051158026672,2005,Pre-fire
2005-07-18,,9.861742431200002e-06,-2.514634988000027e-07,,-5.00604634455172,-6.599525046076065,2005,Pre-fire
2005-07-19,,9.4244146072e-06,-4.37327824000001e-07,,-5.025745616268949,-6.359192890765699,2005,Pre-fire
2005-07-20,,9.008953174400002e-06,-4.154614327999984e-07,,-5.0453256703965454,-6.381469285476853,2005,Pre-fire
2005-07-21,,8.834022044800002e-06,-1.749311296000004e-07,,-5.053841521319075,-6.757132899437736,2005,Pre-fire
2005-07-22,,8.648157719600002e-06,-1.858643252e-07,,-5.063076398595985,-6.730803960715388,2005,Pre-fire
2005-07-23,,8.560692154800002e-06,-8.74655648000002e-08,,-5.067491120035719,-7.0581628951017175,2005,Pre-fire
2005-07-24,,8.287362264800001e-06,-2.733298900000002e-07,,-5.081583676461608,-6.563312873421624,2005,Pre-fire
2005-07-25,,8.068698352800001e-06,-2.186639120000005e-07,,-5.09319652027062,-6.66022288642968,2005,Pre-fire
2005-07-26,,7.8500344408e-06,-2.186639120000005e-07,,-5.105128437851361,-6.66022288642968,2005,Pre-fire
2005-07-27,,7.6204373332e-06,-2.295971076000001e-07,,-5.1180201039956525,-6.639033587359743,2005,Pre-fire
2005-07-28,,7.5329717684e-06,-8.74655648000002e-08,,-5.123033660186036,-7.0581628951017175,2005,Pre-fire
2005-07-30,,7.379907030000002e-06,-8.746556479999936e-08,,-5.131949109262637,-7.058162895101721,2005,Pre-fire
2005-07-31,2005-08-01,7.314307856400001e-06,-1.311983472000003e-07,Aggregated,-5.135826764325839,-6.882071636046036,2005,Pre-fire
2005-08-03,,6.811380858800001e-06,-5.794593668000001e-07,,-5.166764835434492,-6.236977012492873,2005,Pre-fire
2005-08-04,,6.570850555600001e-06,-2.405303031999997e-07,,-5.182378410090922,-6.618830201271456,2005,Pre-fire
2005-08-05,,6.297520665600001e-06,-2.733298900000002e-07,,-5.200830398670449,-6.563312873421624,2005,Pre-fire
2005-08-06,,6.133522731600001e-06,-1.6399793399999996e-07,,-5.2122900208375,-6.785161623037981,2005,Pre-fire
2005-08-08,,5.783660472400001e-06,-2.733298900000002e-07,,-5.237797210058476,-6.563312873421624,2005,Pre-fire
2005-08-09,,5.466597800000001e-06,-3.170626724000003e-07,,-5.2622828777576425,-6.498854884194706,2005,Pre-fire
2005-08-13,,5.390065430800001e-06,-1.967975207999996e-07,,-5.2684059628164315,-6.7059803769903565,2005,Pre-fire
2005-08-14,,5.2698002792e-06,-1.202651516000007e-07,,-5.2782058438548125,-6.919860196935434,2005,Pre-fire
2005-08-19,,5.0074035848000014e-06,-2.186639119999988e-07,,-5.3003874040897925,-6.660222886429683,2005,Pre-fire
2005-08-20,,4.91993802e-06,-8.746556480000105e-08,,-5.308040368318318,-7.058162895101713,2005,Pre-fire
2005-08-25,,4.6356749344000006e-06,-9.83987603999998e-08,,-5.333887025500929,-7.007010372654338,2005,Pre-fire
2005-08-26,,4.515409782800001e-06,-1.2026515159999986e-07,,-5.3453028304372605,-6.919860196935438,2005,Pre-fire
2005-08-21,2005-08-22,4.8461389497000005e-06,-1.421315427999999e-07,Aggregated,-5.314604137820706,-6.847309529786825,2005,Pre-fire
2005-09-06,,4.1764807192e-06,-8.74655648000002e-08,,-5.379189519181953,-7.0581628951017175,2005,Pre-fire
2006-05-29,,9.04503271988e-05,-6.177255514000005e-06,,-4.043589857766287,-5.2092044342742225,2006,Pre-fire
2006-05-30,,6.8387138478e-05,-2.2063188720799996e-05,,-4.165025568064223,-4.65633172019277,2006,Pre-fire
2006-05-31,,5.366012400480001e-05,-1.4727014473199992e-05,,-4.270348328038695,-4.831885286370676,2006,Pre-fire
2006-06-01,,4.77124655984e-05,-5.947658406400014e-06,,-4.321368140177357,-5.225653982395481,2006,Pre-fire
2006-06-05,,7.13281680944e-05,-8.954287196400013e-06,,-4.146738929725424,-5.047968980333243,2006,Pre-fire
2006-06-06,,5.772727276800001e-05,-1.3600895326399993e-05,,-4.238618959559849,-4.866432501738862,2006,Pre-fire
2006-06-07,,4.882765154960001e-05,-8.899621218400001e-06,,-4.311334163358243,-5.0506284772044605,2006,Pre-fire
2006-06-08,,4.221306821160001e-05,-6.614583338000003e-06,,-4.374553080469613,-5.179497507441193,2006,Pre-fire
2006-06-09,,3.715099864880001e-05,-5.062069562799999e-06,,-4.430029507560635,-5.295671891075709,2006,Pre-fire
2006-06-10,,3.3368112971200004e-05,-3.7828856776000045e-06,,-4.476668352810819,-5.422176783300885,2006,Pre-fire
2006-06-11,,3.0558281702000005e-05,-2.8098312691999993e-06,,-4.514871069871219,-5.551319758762367,2006,Pre-fire
2006-06-17,,3.50846246804e-05,-1.5853133620000032e-06,,-4.454883164998158,-5.799884879858686,2006,Pre-fire
2006-06-18,,3.2274793411200004e-05,-2.8098312691999993e-06,,-4.491136528942658,-5.551319758762367,2006,Pre-fire
2006-06-19,,2.97273588364e-05,-2.547434574800002e-06,,-4.5268436745061615,-5.593896961067642,2006,Pre-fire
2006-06-20,,2.7595385694400005e-05,-2.131973141999997e-06,,-4.559163531521565,-5.671218270731145,2006,Pre-fire
2006-06-21,,2.570394285560001e-05,-1.8914428387999955e-06,,-4.590000252968722,-5.723206778964867,2006,Pre-fire
2006-06-22,,2.39546315596e-05,-1.7493112960000074e-06,,-4.620610504532956,-5.757132899437735,2006,Pre-fire
2006-06-23,,2.2467716958e-05,-1.4869146016e-06,,-4.648441055881574,-5.827713973723444,2006,Pre-fire
2006-06-24,,2.0991735552000005e-05,-1.475981405999997e-06,,-4.677951653390112,-5.8309191135986564,2006,Pre-fire
2006-06-25,,1.9526687341600004e-05,-1.4650482104000009e-06,,-4.709371427541134,-5.834148083728854,2006,Pre-fire
2006-06-26,,1.8367768608e-05,-1.1589187336000052e-06,,-4.735943600367799,-5.93594701682889,2006,Pre-fire
2006-06-27,,1.72853822436e-05,-1.0823863643999978e-06,,-4.762321012161452,-5.965617687496112,2006,Pre-fire
2006-06-28,,1.6323261030800005e-05,-9.621212127999955e-07,,-4.787193074368636,-6.016770209943495,2006,Pre-fire
2006-07-04,,1.7668044089600004e-05,-8.418560611999998e-07,,-4.752811525655094,-6.07476215692118,2006,Pre-fire
2006-07-05,,1.65309917472e-05,-1.1370523424000026e-06,,-4.781701090928474,-5.9442195427948805,2006,Pre-fire
2006-07-06,,1.5929665989200003e-05,-6.013257579999984e-07,,-4.797793330323672,-6.220890192599419,2006,Pre-fire
2006-07-07,,1.5459538578400003e-05,-4.701274107999998e-07,,-4.810803472632781,-6.327784426514075,2006,Pre-fire
2006-07-08,,1.4759814060000005e-05,-6.997245183999982e-07,,-4.830919113598656,-6.1550729081097755,2006,Pre-fire
2006-07-09,,1.4213154280000004e-05,-5.466597800000004e-07,,-4.847309529786825,-6.2622828777576425,2006,Pre-fire
2006-07-10,,1.3863292020800003e-05,-3.498622592000008e-07,,-4.8581336285479475,-6.456102903773755,2006,Pre-fire
2006-07-11,,1.31854338936e-05,-6.778581272000041e-07,,-4.87990557428953,-6.168861192595405,2006,Pre-fire
2006-07-13,,1.26387741136e-05,-4.701274108000015e-07,,-4.898295048009151,-6.327784426514074,2006,Pre-fire
2006-07-14,,1.2092114333600002e-05,-5.466597799999987e-07,,-4.917497755124982,-6.262282877757644,2006,Pre-fire
2006-07-15,,1.1556387749200004e-05,-5.357265843999974e-07,,-4.9371778947862355,-6.27105680206515,2006,Pre-fire
2006-07-16,,1.1151859512000002e-05,-4.045282372000022e-07,,-4.952652710331744,-6.3930511580266645,2006,Pre-fire
2006-07-17,,1.09113292088e-05,-2.405303032000014e-07,,-4.962122340806291,-6.618830201271453,2006,Pre-fire
2006-07-18,,1.06270661232e-05,-2.842630856000015e-07,,-4.9735866171673875,-6.546279534122841,2006,Pre-fire
2006-07-19,,1.0506800971600002e-05,-1.2026515159999731e-07,,-4.978529494425116,-6.9198601969354465,2006,Pre-fire
2006-07-20,,1.0277203864e-05,-2.295971076000018e-07,,-4.988125028493963,-6.639033587359739,2006,Pre-fire
2006-07-21,,1.0189738299200003e-05,-8.746556479999681e-08,,-4.99183696973968,-7.058162895101734,2006,Pre-fire
2006-07-22,,9.992940778400002e-06,-1.967975208000013e-07,,-5.00030668635983,-6.705980376990353,2006,Pre-fire
2006-07-23,,9.730544084e-06,-2.623966944000023e-07,,-5.011862875448749,-6.581041640382052,2006,Pre-fire
2006-07-24,,9.0854855436e-06,-6.450585404000002e-07,,-5.04165185830955,-6.190400870451517,2006,Pre-fire
2006-07-25,,8.462293394400002e-06,-6.231921491999976e-07,,-5.0725119214107695,-6.205378026421172,2006,Pre-fire
2006-07-26,,7.981232788e-06,-4.810606064000011e-07,,-5.097930021973206,-6.317800205607473,2006,Pre-fire
2006-07-27,,7.817234854000002e-06,-1.639979339999991e-07,,-5.106946840292581,-6.7851616230379825,2006,Pre-fire
2006-07-28,,7.6751033112e-06,-1.421315428000016e-07,,-5.114915769963856,-6.84730952978682,2006,Pre-fire
2006-07-29,,7.587637746400001e-06,-8.746556479999936e-08,,-5.119893411638807,-7.058162895101721,2006,Pre-fire
2006-07-30,,7.412706616800002e-06,-1.749311295999987e-07,,-5.130023188226598,-6.75713289943774,2006,Pre-fire
2006-07-31,,7.270575074000001e-06,-1.4213154280000075e-07,,-5.138431236790557,-6.8473095297868225,2006,Pre-fire
2006-08-01,,7.172176313600001e-06,-9.83987603999998e-08,,-5.144349042718002,-7.007010372654338,2006,Pre-fire
2006-08-02,,6.898846423600001e-06,-2.733298900000002e-07,,-5.161223522849528,-6.563312873421624,2006,Pre-fire
2006-08-03,,6.691115707200001e-06,-2.0773071640000006e-07,,-5.1745014599481,-6.682499281140832,2006,Pre-fire
2006-08-08,,6.472451795200001e-06,-1.0933195600000025e-07,,-5.188931175370742,-6.96125288209366,2006,Pre-fire
2006-08-09,,5.991391188800001e-06,-4.810606063999994e-07,,-5.222472323609293,-6.317800205607475,2006,Pre-fire
2006-08-11,,5.838326450400002e-06,-8.74655648000002e-08,,-5.233711625065105,-7.0581628951017175,2006,Pre-fire
2006-08-13,,5.641528929600001e-06,-1.639979340000008e-07,,-5.24860318046645,-6.785161623037978,2006,Pre-fire
2006-08-14,,5.521263778000001e-06,-1.2026515159999986e-07,,-5.257961503975,-6.919860196935438,2006,Pre-fire
2006-08-18,,5.204201105600001e-06,-1.858643252e-07,,-5.283645929373169,-6.730803960715388,2006,Pre-fire
2006-08-19,,5.0183367804e-06,-1.8586432520000085e-07,,-5.2994401965564,-6.730803960715386,2006,Pre-fire
2006-08-15,2006-08-17,5.4829975934e-06,-6.559917360000015e-08,Aggregated,-5.260981944737225,-7.183101631710017,2006,Pre-fire
2006-08-25,,4.865272042000001e-06,-1.749311296000004e-07,,-5.31289287111273,-6.757132899437736,2006,Pre-fire
2006-08-27,,4.6903409124e-06,-1.202651516000007e-07,,-5.328795589908937,-6.919860196935434,2006,Pre-fire
2006-09-01,,4.471677000400001e-06,-1.6399793399999996e-07,,-5.34952957408632,-6.785161623037981,2006,Pre-fire
2007-04-10,,6.84090048692e-05,-1.1840650834800016e-05,,-4.164886727116141,-4.926624425468341,2007,Pre-fire
2007-04-11,,6.34781336536e-05,-4.930871215599997e-06,,-4.197375850598007,-5.307076340215701,2007,Pre-fire
2007-04-12,,5.888619150160001e-05,-4.591942151999995e-06,,-4.22998653301817,-5.338003591695761,2007,Pre-fire
2007-04-18,,6.38170627172e-05,-6.439652208400009e-06,,-4.195063188783502,-5.191137587306559,2007,Pre-fire
2007-04-19,,5.850352965560001e-05,-5.313533061599996e-06,,-4.232817931119407,-5.274616612831369,2007,Pre-fire
2007-04-20,,5.448011367480001e-05,-4.0234159808000025e-06,,-4.263761994922604,-5.395405063420144,2007,Pre-fire
2007-04-23,,6.340160128440001e-05,-3.771952481999998e-06,,-4.197899773345446,-5.423433787020388,2007,Pre-fire
2007-04-24,,6.137896009840001e-05,-2.022641185999994e-06,,-4.211980473795241,-5.694081153690649,2007,Pre-fire
2007-04-25,,5.8809659132400006e-05,-2.569300966000008e-06,,-4.230551337811816,-5.5901850198219245,2007,Pre-fire
2007-04-26,,5.407558543760001e-05,-4.734073694799997e-06,,-4.266998770068383,-5.3247649857402966,2007,Pre-fire
2007-04-27,,5.15172176672e-05,-2.5583677704000085e-06,,-4.288047600314616,-5.592037024683518,2007,Pre-fire
2007-04-29,,5.100335747400001e-05,-8.965220391999945e-07,,-4.292401234011143,-6.047439029709948,2007,Pre-fire
2007-04-30,,4.921031339560001e-05,-1.7930440784000025e-06,,-4.307943869155182,-5.746409034045963,2007,Pre-fire
2007-05-01,,4.676127758120001e-05,-2.449035814399999e-06,,-4.33011363183685,-5.611004863759499,2007,Pre-fire
2007-05-03,,5.00084366744e-05,-2.7442320956000085e-06,,-4.300956721822932,-5.561579160612622,2007,Pre-fire
2007-05-04,,4.8751119180400007e-05,-1.2573174939999949e-06,,-4.312015409744054,-5.900555041740052,2007,Pre-fire
2007-05-05,,4.641141532200001e-05,-2.339703858399996e-06,,-4.33337518751369,-5.630839108744472,2007,Pre-fire
2007-05-06,,4.615995182320001e-05,-2.514634987999976e-07,,-4.335734653122024,-6.599525046076073,2007,Pre-fire
2007-05-09,,4.830285816080001e-05,-2.0335743816000005e-06,,-4.316027170558246,-5.691739937875745,2007,Pre-fire
2007-05-10,,4.351411848800001e-05,-4.788739672800002e-06,,-4.361369810019974,-5.319778771589562,2007,Pre-fire
2007-05-11,,4.0616821654e-05,-2.8972968340000097e-06,,-4.3912940639970675,-5.538007008156852,2007,Pre-fire
2007-05-12,,3.84192493384e-05,-2.1975723156000013e-06,,-4.4154511249343855,-5.658056824673173,2007,Pre-fire
2007-05-13,,3.6495006912800006e-05,-1.924242425599991e-06,,-4.4377665497504335,-5.715740214279514,2007,Pre-fire
2007-05-14,,3.4472365726800005e-05,-2.022641186000001e-06,,-4.462528911345757,-5.6940811536906475,2007,Pre-fire
2007-05-15,,3.2941718342800006e-05,-1.5306473839999985e-06,,-4.482253750420305,-5.815124846415424,2007,Pre-fire
2007-05-16,,3.2438791345200004e-05,-5.02926997600002e-07,,-4.48893533577682,-6.298495050412086,2007,Pre-fire
2007-05-17,,3.088627757000001e-05,-1.5525137751999977e-06,,-4.510234429938205,-5.808964537710606,2007,Pre-fire
2007-05-18,,2.91478994696e-05,-1.7383781004000078e-06,,-4.535392737015822,-5.759855757773209,2007,Pre-fire
2007-05-19,,2.793431475800001e-05,-1.2135847115999897e-06,,-4.55386197762293,-5.915929903307008,2007,Pre-fire
2007-05-22,,2.9661759662800004e-05,-2.3069042715999973e-06,,-4.527803088332066,-5.63697042679597,2007,Pre-fire
2007-05-23,,2.653486572120001e-05,-3.1268939415999945e-06,,-4.576183105761727,-5.504886848964619,2007,Pre-fire
2007-05-24,,2.496048555480001e-05,-1.5743801664000003e-06,,-4.602746970603427,-5.802890389998412,2007,Pre-fire
2007-05-25,,2.3757834038800005e-05,-1.2026515160000036e-06,,-4.6241931557731375,-5.919860196935435,2007,Pre-fire
2007-05-26,,2.2697314065600003e-05,-1.060519973200002e-06,,-4.644025532917241,-5.974481147827416,2007,Pre-fire
2007-05-27,,2.1494662549600003e-05,-1.2026515160000002e-06,,-4.6676693685975446,-5.919860196935437,2007,Pre-fire
2007-05-28,,2.01498794908e-05,-1.3447830588000018e-06,,-4.695727546874588,-5.871347770654263,2007,Pre-fire
2007-05-29,,1.91002927132e-05,-1.0495867776000024e-06,,-4.718959977110731,-5.978981649054092,2007,Pre-fire
2007-05-30,,1.81819042828e-05,-9.183884304000004e-07,,-4.740360632874142,-6.03697359603178,2007,Pre-fire
2007-05-31,,1.7307248634800003e-05,-8.746556479999952e-07,,-4.761771967231306,-6.05816289510172,2007,Pre-fire
2007-06-01,,1.6596590920800002e-05,-7.106577140000012e-07,,-4.7799811105342,-6.1483395254508055,2007,Pre-fire
2007-06-02,,1.5689135686000005e-05,-9.074552347999974e-07,,-4.80440098102365,-6.042174789717589,2007,Pre-fire
2007-06-03,,1.4672348495200004e-05,-1.0167871908000002e-06,,-4.833500366260688,-5.992769933539726,2007,Pre-fire
2007-06-04,,1.43334194316e-05,-3.389290636000046e-07,,-4.843650190403578,-6.469891188259383,2007,Pre-fire
2007-06-06,,1.94720213636e-05,-6.99724518400005e-07,,-4.7105889626304185,-6.155072908109771,2007,Pre-fire
2007-06-07,,1.7853908414800004e-05,-1.6181129487999953e-06,,-4.748266697356994,-5.7909911666987055,2007,Pre-fire
2007-06-08,,1.5568870534400002e-05,-2.2850378804000015e-06,,-4.807742892792824,-5.641106595982608,2007,Pre-fire
2007-06-11,,1.8990960757200003e-05,-5.390065430800004e-06,,-4.721453063646563,-5.2684059628164315,2007,Pre-fire
2007-06-12,,1.6749655659200003e-05,-2.2413050979999997e-06,,-4.775994116797077,-5.649499021037908,2007,Pre-fire
2007-06-13,,1.55032713608e-05,-1.246384298400002e-06,,-4.809576651246614,-5.9043480307571885,2007,Pre-fire
2007-06-14,,1.4300619844800004e-05,-1.2026515159999969e-06,,-4.844645138105413,-5.919860196935438,2007,Pre-fire
2007-06-15,,1.3611828522000004e-05,-6.887913228000003e-07,,-4.866083530661906,-6.16191233264008,2007,Pre-fire
2007-06-16,,1.3130767915600005e-05,-4.810606063999994e-07,,-4.881709874690755,-6.317800205607475,2007,Pre-fire
2007-06-17,,1.2507575766400002e-05,-6.231921492000027e-07,,-4.902826857636656,-6.205378026421169,2007,Pre-fire
2007-06-18,,1.2070247942400004e-05,-4.373278239999976e-07,,-4.918283808700481,-6.359192890765701,2007,Pre-fire
2007-06-19,,1.1425189402e-05,-6.450585404000036e-07,,-4.942136591646589,-6.190400870451515,2007,Pre-fire
2007-06-20,,1.0867596426400002e-05,-5.575929755999983e-07,,-4.9638664976963485,-6.253682705995726,2007,Pre-fire
2007-06-21,,1.03100034508e-05,-5.575929756000017e-07,,-4.986741189356334,-6.253682705995724,2007,Pre-fire
2007-06-22,,1.0222537886000002e-05,-8.746556479999851e-08,,-4.990441271221144,-7.0581628951017255,2007,Pre-fire
2007-06-23,,1.0003873974000002e-05,-2.186639120000005e-07,,-4.999831788027214,-6.66022288642968,2007,Pre-fire
2007-06-24,,9.894542018000002e-06,-1.093319559999994e-07,,-5.004604302888458,-6.961252882093664,2007,Pre-fire
2007-06-25,,9.5009469764e-06,-3.935950416000026e-07,,-5.022233105644995,-6.404950381326372,2007,Pre-fire
2007-06-26,,9.1401515216e-06,-3.607954547999987e-07,,-5.039046604654645,-6.442738942215776,2007,Pre-fire
2007-06-27,,9.0308195656e-06,-1.093319560000011e-07,,-5.044272834773279,-6.961252882093658,2007,Pre-fire
2007-06-30,,9.785210062e-06,-2.6895661176000003e-06,,-5.00942984677775,-5.570317774990283,2007,Pre-fire
2007-07-01,,9.01988637e-06,-7.653236919999992e-07,,-5.044798933543737,-6.116154842079405,2007,Pre-fire
2007-07-02,,8.418560612000002e-06,-6.013257579999984e-07,,-5.07476215692118,-6.220890192599419,2007,Pre-fire
2007-07-03,,8.057765157200001e-06,-3.607954548000004e-07,,-5.09378539423461,-6.442738942215774,2007,Pre-fire
2007-07-04,,7.817234854000002e-06,-2.405303031999997e-07,,-5.106946840292581,-6.618830201271456,2007,Pre-fire
2007-07-05,,7.554838159600001e-06,-2.623966944000006e-07,,-5.121774834719464,-6.581041640382055,2007,Pre-fire
2007-07-06,,7.467372594800002e-06,-8.746556479999936e-08,,-5.126832178412129,-7.058162895101721,2007,Pre-fire
2007-07-07,,7.292441465200002e-06,-1.7493112959999956e-07,,-5.1371270481771125,-6.757132899437738,2007,Pre-fire
2007-07-08,,7.073777553200001e-06,-2.1866391200000135e-07,,-5.1503486014249615,-6.660222886429678,2007,Pre-fire
2007-07-09,,6.9863119884000005e-06,-8.74655648000002e-08,,-5.155752023935261,-7.0581628951017175,2007,Pre-fire
2007-07-11,,6.527117773200001e-06,-4.3732782400000017e-07,,-5.185278550964292,-6.3591928907657,2007,Pre-fire
2007-07-14,,6.6255165336e-06,-1.311983472000003e-07,,-5.178780257927375,-6.882071636046036,2007,Pre-fire
2007-07-20,,6.833247250000001e-06,-1.946108816800001e-06,,-5.165372864749586,-5.710832879784768,2007,Pre-fire
2007-07-21,,6.559917360000001e-06,-2.733298900000002e-07,,-5.183101631710018,-6.563312873421624,2007,Pre-fire
2007-07-22,,6.330320252400001e-06,-2.295971076000001e-07,,-5.198574318366226,-6.639033587359743,2007,Pre-fire
2007-07-23,,6.1553891228e-06,-1.749311296000004e-07,,-5.210744487242316,-6.757132899437736,2007,Pre-fire
2007-07-24,,6.024190775600002e-06,-1.311983471999986e-07,,-5.220101283241877,-6.882071636046041,2007,Pre-fire
2007-07-25,,5.7945936680000016e-06,-2.295971076000001e-07,,-5.236977012492873,-6.639033587359743,2007,Pre-fire
2007-07-26,,5.630595734000001e-06,-1.639979340000008e-07,,-5.2494456530524705,-6.785161623037978,2007,Pre-fire
2007-07-27,,5.488464191200002e-06,-1.4213154279999906e-07,,-5.260549164948642,-6.847309529786828,2007,Pre-fire
2007-08-01,,5.0511363672000015e-06,-1.311983471999986e-07,,-5.296610906537536,-6.882071636046041,2007,Pre-fire
2007-07-28,2007-07-29,5.411931822000001e-06,-1.530647384000012e-07,Aggregated,-5.266647683160093,-6.81512484641542,2007,Pre-fire
2007-07-30,2007-07-31,5.2588670836e-06,-1.5306473840000035e-07,Aggregated,-5.27910780571983,-6.815124846415423,2007,Pre-fire
2007-08-08,,4.788739672800001e-06,-9.83987603999998e-08,,-5.319778771589562,-7.007010372654338,2007,Pre-fire
2007-08-12,,4.537276174000001e-06,-8.746556479999936e-08,,-5.343204785381569,-7.058162895101721,2007,Pre-fire
2007-08-09,2007-08-10,4.7477401893e-06,-9.839876040000065e-08,Aggregated,-5.3235130549745255,-7.007010372654334,2007,Pre-fire
2007-08-16,,4.285812675200001e-06,-1.202651516000007e-07,,-5.3679668150732045,-6.919860196935434,2007,Pre-fire
2007-08-14,2007-08-15,4.471677000400001e-06,-1.3119834719999946e-07,Aggregated,-5.34952957408632,-6.882071636046039,2007,Pre-fire
2007-08-21,,5.903925624000001e-06,-3.0940943548e-06,,-5.228859122270693,-5.5094664465693715,2007,Pre-fire
2007-08-22,,4.9418044112e-06,-9.621212128000014e-07,,-5.30611444728228,-6.016770209943492,2007,Pre-fire
2007-08-23,,4.5263429784e-06,-4.1546143279999927e-07,,-5.344252540972763,-6.381469285476852,2007,Pre-fire
2007-08-24,,4.362345044400001e-06,-1.639979339999991e-07,,-5.360279986406914,-6.7851616230379825,2007,Pre-fire
2007-08-25,,4.165547523600001e-06,-1.9679752080000046e-07,,-5.380327906418042,-6.705980376990355,2007,Pre-fire
2007-08-27,,3.979683198400001e-06,-1.0933195600000025e-07,,-5.400151498444606,-6.96125288209366,2007,Pre-fire
2007-08-29,,3.7828856776e-06,-1.5306473840000078e-07,,-5.422176783300885,-6.815124846415421,2007,Pre-fire
2007-09-03,,3.5970213524000007e-06,-1.311983472000003e-07,,-5.444056984143687,-6.882071636046036,2007,Pre-fire
2007-09-05,,3.990616394e-06,-5.247933888000004e-07,,-5.398960017637187,-6.2800116447180745,2007,Pre-fire
2007-09-06,,3.771952482e-06,-2.186639120000005e-07,,-5.423433787020388,-6.66022288642968,2007,Pre-fire
2007-09-07,,3.640754134800001e-06,-1.3119834719999903e-07,,-5.438808648587342,-6.8820716360460406,2007,Pre-fire
2008-05-18,,0.000515062844716,-0.00010845730035199995,Raw,-3.288139777855428,-3.964741209939483,2008,Pre-fire
2008-05-19,,0.000432735881848,-8.232696286799998e-05,Raw,-3.3637770922232844,-4.084457905892961,2008,Pre-fire
2008-05-20,,0.000402450930036,-3.0284951812000035e-05,Raw,-3.395287064646995,-4.518773113029213,2008,Pre-fire
2008-05-21,,0.000291806990564,-0.00011064393947199998,Raw,-3.534904308306154,-3.9560723695898816,2008,Pre-fire
2008-05-22,,0.000206746728796,-8.506026176799999e-05,Raw,-3.684561353248622,-4.070273285103973,2008,Pre-fire
2008-05-23,,0.000165528581384,-4.121814741200002e-05,Raw,-3.7811270069296077,-4.384911531887869,2008,Pre-fire
2008-05-24,,0.000150659435368,-1.4869146016e-05,Raw,-3.8220036645220548,-4.827713973723444,2008,Pre-fire
2008-05-29,,0.000239764979508,-2.2413050979999997e-05,Raw,-3.6202142504161388,-4.649499021037908,2008,Pre-fire
2008-05-30,,0.000187722968452,-5.2042011056e-05,Raw,-3.7264825869327454,-4.283645929373169,2008,Pre-fire
2008-05-31,,0.000183021694344,-4.701274107999991e-06,Raw,-3.7374974284364204,-5.327784426514076,2008,Pre-fire
2008-06-01,,0.000169683195712,-1.3338498632000002e-05,Raw,-3.770361165171492,-4.874893051418914,2008,Pre-fire
2008-06-02,,0.00014650482104,-2.3178374671999996e-05,Raw,-3.834148083728854,-4.6349170211649104,2008,Pre-fire
2008-06-15,,0.000141912878888,-5.247933887999999e-06,Raw,-3.8479781896293113,-5.2800116447180745,2008,Pre-fire
2008-06-16,,0.0001393982439,-2.514634988000017e-06,Raw,-3.855742697323688,-5.599525046076066,2008,Pre-fire
2008-06-17,,0.000131526343068,-7.871900831999984e-06,Raw,-3.880987254753817,-5.103920385662394,2008,Pre-fire
2008-06-18,,0.000117422520744,-1.4103822324000001e-05,Raw,-3.930248600730125,-4.850663171794412,2008,Pre-fire
2008-06-19,,0.00010605199732,-1.1370523424000006e-05,Raw,-3.974481147827417,-4.944219542794881,2008,Pre-fire
2008-06-22,,0.0001022581784468,-1.1775051661199991e-05,Raw,-3.9903019477482378,-4.929037178795681,2008,Pre-fire
2008-06-23,,8.830742086120001e-05,-1.3950757585599993e-05,Raw,-4.054002799212333,-4.855402207708519,2008,Pre-fire
2008-06-24,,7.91235365572e-05,-9.183884304000004e-06,Raw,-4.101694309467608,-5.03697359603178,2008,Pre-fire
2008-06-25,,7.343827484520001e-05,-5.685261711999996e-06,Raw,-4.134077533794969,-5.245249538458863,2008,Pre-fire
2008-06-26,,6.785141189360001e-05,-5.5868629516e-06,Raw,-4.168441110845515,-5.252831981958949,2008,Pre-fire
2008-06-30,,6.84090048692e-05,-9.063619152400009e-06,Raw,-4.164886727116141,-5.042698351543388,2008,Pre-fire
2008-07-01,,5.9706181171600014e-05,-8.702823697599988e-06,Raw,-4.223980705558119,-5.060339814355993,2008,Pre-fire
2008-07-02,,5.391158750360001e-05,-5.794593668000006e-06,Raw,-4.268317879562524,-5.236977012492872,2008,Pre-fire
2008-07-03,,4.892605031e-05,-4.985537193600008e-06,Raw,-4.310459842441731,-5.302288039429226,2008,Pre-fire
2008-07-04,,4.32298554024e-05,-5.696194907600003e-06,Raw,-4.364216217116009,-5.244415158794137,2008,Pre-fire
2008-07-05,,3.88456439668e-05,-4.384211435599996e-06,Raw,-4.410657674604334,-5.35810850947348,2008,Pre-fire
2008-07-06,,3.55547520912e-05,-3.290891875600002e-06,Raw,-4.449102345171632,-5.482686386499818,2008,Pre-fire
2008-07-07,,3.2449724540800004e-05,-3.1050275503999953e-06,Raw,-4.488788985486672,-5.507934542046625,2008,Pre-fire
2008-07-08,,3.01974862472e-05,-2.2522382936000027e-06,Raw,-4.520029207851049,-5.647385661724508,2008,Pre-fire
2008-07-09,,2.904950070920001e-05,-1.147985537999992e-06,Raw,-4.5368613276833845,-5.9400635830237265,2008,Pre-fire
2008-07-10,,2.72017906528e-05,-1.8477100564000106e-06,Raw,-4.56540250607488,-5.733366177479986,2008,Pre-fire
2008-07-11,,2.4566890513200003e-05,-2.6349001395999955e-06,Raw,-4.609649809674533,-5.579235839518794,2008,Pre-fire
2008-07-12,,2.25442493272e-05,-2.0226411860000043e-06,Raw,-4.646964221146164,-5.694081153690647,2008,Pre-fire
2008-07-13,,2.095893596520001e-05,-1.5853133619999897e-06,Raw,-4.678630769215599,-5.7998848798586895,2008,Pre-fire
2008-07-14,,2.0160812686400004e-05,-7.981232788000048e-07,Raw,-4.695491965376051,-6.0979300219732036,2008,Pre-fire
2008-07-15,,1.8947227974800004e-05,-1.2135847115999998e-06,Raw,-4.722454319379745,-5.9159299033070045,2008,Pre-fire
2008-07-16,,1.7788309241200003e-05,-1.1589187336000018e-06,Raw,-4.749865329156803,-5.935947016828891,2008,Pre-fire
2008-07-17,,1.6694989681200002e-05,-1.0933195600000008e-06,Raw,-4.77741384503724,-5.961252882093661,2008,Pre-fire
2008-07-18,,1.5842200424400002e-05,-8.527892567999994e-07,Raw,-4.800184496622487,-6.069158279403181,2008,Pre-fire
2008-07-19,,1.4901945602800004e-05,-9.402548215999979e-07,Raw,-4.8267570262589885,-6.026754430850095,2008,Pre-fire
2008-07-20,,1.40272899548e-05,-8.746556480000037e-07,Raw,-4.853026225718733,-6.058162895101717,2008,Pre-fire
2008-07-21,,1.39179579988e-05,-1.093319560000011e-07,Raw,-4.856424478440006,-6.961252882093658,2008,Pre-fire
2008-07-22,,1.3141701111200002e-05,-7.762568875999971e-07,Raw,-4.881348414426941,-6.109994533374588,2008,Pre-fire
2008-07-23,,1.2737172874000004e-05,-4.045282371999988e-07,Raw,-4.894926956731624,-6.393051158026668,2008,Pre-fire
2008-07-24,,1.20593147468e-05,-6.778581272000041e-07,Raw,-4.918677369653471,-6.168861192595405,2008,Pre-fire
2008-07-25,,1.175318527e-05,-3.06129476799999e-07,Raw,-4.9298444178420375,-6.514094850751444,2008,Pre-fire
2008-07-26,,1.1381456619600002e-05,-3.717286503999983e-07,Raw,-4.9438021525831255,-6.4297739650514085,2008,Pre-fire
2008-07-27,,1.1151859512000002e-05,-2.295971076000001e-07,Raw,-4.952652710331744,-6.639033587359743,2008,Pre-fire
2008-07-28,,1.0823863644e-05,-3.279958680000016e-07,Raw,-4.9656176874961115,-6.484131627373997,2008,Pre-fire
2008-07-29,,1.0681732101200002e-05,-1.421315427999982e-07,Raw,-4.971358318374889,-6.8473095297868305,2008,Pre-fire
2008-07-31,,1.0211604690400002e-05,-7.653236920000009e-07,Raw,-4.990906005863568,-6.116154842079404,2008,Pre-fire
2008-08-01,,9.83987604e-06,-3.717286504000017e-07,Raw,-5.007010372654337,-6.429773965051405,2008,Pre-fire
2008-08-02,,9.7414772796e-06,-9.83987604000015e-08,Raw,-5.011375178056787,-7.007010372654331,2008,Pre-fire
2008-08-03,,9.4790805852e-06,-2.623966943999989e-07,Raw,-5.023233784617451,-6.5810416403820575,2008,Pre-fire
2008-08-04,,8.9761535876e-06,-5.029269976000003e-07,Raw,-5.046909724974221,-6.298495050412088,2008,Pre-fire
2008-08-05,,8.746556480000002e-06,-2.2959710759999841e-07,Raw,-5.058162895101718,-6.639033587359745,2008,Pre-fire
2008-08-06,,8.637224524000002e-06,-1.093319559999994e-07,Raw,-5.06362579080322,-6.961252882093664,2008,Pre-fire
2008-08-07,,8.309228656e-06,-3.279958680000016e-07,Raw,-5.080439289812871,-6.484131627373997,2008,Pre-fire
2008-08-08,,8.046831961600002e-06,-2.623966943999989e-07,Raw,-5.094375067756163,-6.5810416403820575,2008,Pre-fire
2008-08-10,,7.773502071600001e-06,-2.514634987999993e-07,Raw,-5.109383281363895,-6.59952504607607,2008,Pre-fire
2008-08-11,,7.5657713552e-06,-2.0773071640000175e-07,Raw,-5.121146787636904,-6.682499281140829,2008,Pre-fire
2008-08-12,,7.358040638800001e-06,-2.0773071639999836e-07,Raw,-5.133237817869685,-6.682499281140836,2008,Pre-fire
2008-08-13,,7.128443531200001e-06,-2.295971076000001e-07,Raw,-5.1470052863617415,-6.639033587359743,2008,Pre-fire
2008-08-14,,6.789514467600001e-06,-3.3892906360000036e-07,Raw,-5.168161281917081,-6.469891188259389,2008,Pre-fire
2008-08-15,,6.7020489028000015e-06,-8.746556479999936e-08,Raw,-5.173792407575246,-7.058162895101721,2008,Pre-fire
2008-08-16,,6.538050968800001e-06,-1.639979340000008e-07,Raw,-5.184551698105251,-6.785161623037978,2008,Pre-fire
2008-08-21,,2.07949380312e-05,-5.805526863600002e-06,Raw,-4.682042369492266,-5.236158361012192,2008,Pre-fire
2008-08-22,,1.120652549e-05,-9.588412541200001e-06,Raw,-4.950529016701888,-5.018253288727621,2008,Pre-fire
2008-08-23,,9.1620179128e-06,-2.0445075772e-06,Raw,-5.038008863463385,-5.689411275557163,2008,Pre-fire
2008-08-24,,8.287362264800001e-06,-8.746556479999986e-07,Raw,-5.081583676461608,-6.058162895101719,2008,Pre-fire
2008-08-26,,7.970299592400001e-06,-7.543904964000013e-07,Raw,-5.098525353775687,-6.1224037913564056,2008,Pre-fire
2008-08-27,,7.729769289200001e-06,-2.405303031999997e-07,Raw,-5.111833468296762,-6.618830201271456,2008,Pre-fire
2008-08-28,,7.434573008000001e-06,-2.9519628120000026e-07,Raw,-5.1287439693874255,-6.529889117934674,2008,Pre-fire
2008-08-29,,6.975378792800002e-06,-4.5919421519999937e-07,Raw,-5.156432203372499,-6.338003591695762,2008,Pre-fire
2008-08-30,,6.680182511600001e-06,-2.951962812000011e-07,Raw,-5.175211671851107,-6.5298891179346725,2008,Pre-fire
2008-08-31,,6.3521866436e-06,-3.2799586800000076e-07,Raw,-5.1970767497033314,-6.484131627373999,2008,Pre-fire
2008-09-02,,6.1444559272000015e-06,-1.8586432519999916e-07,Raw,-5.2115165665246,-6.73080396071539,2008,Pre-fire
2008-09-03,,5.9367252108000015e-06,-2.0773071640000006e-07,Raw,-5.226453052504815,-6.682499281140832,2008,Pre-fire
2008-09-09,,5.849259646000002e-06,-1.639979339999991e-07,Raw,-5.232899100072433,-6.7851616230379825,2008,Pre-fire
2008-09-10,,5.6087293428000016e-06,-2.4053030320000056e-07,Raw,-5.251135516981845,-6.618830201271455,2008,Pre-fire
2008-09-11,,5.3681990396e-06,-2.405303032000014e-07,Raw,-5.2701713899706935,-6.618830201271453,2008,Pre-fire
2009-05-18,,0.000141803546932,-5.0292699759999795e-06,,-3.8483129060095815,-5.29849505041209,2009,Pre-fire
2009-05-19,,0.000129667699816,-1.2135847116000019e-05,,-3.887168193065418,-4.915929903307004,2009,Pre-fire
2009-05-20,,0.0001004104683904,-2.925723142559999e-05,,-3.9982210070397635,-4.533766772997876,2009,Pre-fire
2009-05-21,,8.531172526680001e-05,-1.5098743123599992e-05,,-4.068991275178126,-4.821059203515031,2009,Pre-fire
2009-05-22,,8.092751383120002e-05,-4.384211435599989e-06,,-4.091903801334569,-5.358108509473481,2009,Pre-fire
2009-05-23,,7.938593325160001e-05,-1.5415805796000116e-06,,-4.100256445336466,-5.812033769438279,2009,Pre-fire
2009-05-24,,7.540625005320002e-05,-3.979683198399991e-06,,-4.12259265610472,-5.400151498444607,2009,Pre-fire
2009-05-25,,6.80372762188e-05,-7.368973834400016e-06,,-4.167253081109191,-5.1325929855583405,2009,Pre-fire
2009-05-26,,6.07448347536e-05,-7.2924414652000055e-06,,-4.216490645028084,-5.1371270481771125,2009,Pre-fire
2009-05-27,,5.757420802960001e-05,-3.170626723999986e-06,,-4.239772027323612,-5.498854884194707,2009,Pre-fire
2009-05-28,,5.742114329120001e-05,-1.530647384000012e-07,,-4.24092816467622,-6.81512484641542,2009,Pre-fire
2009-05-30,,5.418491739360002e-05,-3.837551655599989e-06,,-4.266121584389635,-5.415945765627839,2009,Pre-fire
2009-05-31,,4.961484163280001e-05,-4.57007576080001e-06,,-4.304388390544744,-5.340076600318626,2009,Pre-fire
2009-06-01,,4.5033832676400006e-05,-4.5810089564000026e-06,,-4.346461090137244,-5.339038859127366,2009,Pre-fire
2009-06-02,,4.06386880452e-05,-4.395144631200009e-06,,-4.391060320997936,-5.3570268290091905,2009,Pre-fire
2009-06-03,,3.812405305720001e-05,-2.5146349879999897e-06,,-4.4188009347176855,-5.599525046076071,2009,Pre-fire
2009-06-05,,3.340091255800001e-05,-4.963670802399995e-06,,-4.4762416675150885,-5.304197029236558,2009,Pre-fire
2009-06-06,,3.1476670132400006e-05,-1.9242424256000045e-06,,-4.502011217215579,-5.715740214279511,2009,Pre-fire
2009-06-07,,2.82295110392e-05,-3.247159093200007e-06,,-4.5492966441632605,-5.488496432776448,2009,Pre-fire
2009-06-08,,2.5725809246800005e-05,-2.5037017923999935e-06,,-4.589630954917641,-5.601417399753775,2009,Pre-fire
2009-06-09,,2.39546315596e-05,-1.7711776872000033e-06,,-4.620610504532956,-5.75173786755103,2009,Pre-fire
2009-06-15,,2.68519283936e-05,-4.296745870800003e-06,,-4.571024519624531,-5.366860331718235,2009,Pre-fire
2009-06-16,,2.4151429080400005e-05,-2.7004993131999965e-06,,-4.617057166222227,-5.568555928833996,2009,Pre-fire
2009-06-17,,2.22709194372e-05,-1.880509643200006e-06,,-4.652261853093497,-5.725724435186112,2009,Pre-fire
2009-06-18,,2.0456008967600004e-05,-1.8149104695999949e-06,,-4.689179094593651,-5.741144794053608,2009,Pre-fire
2009-06-20,,1.9614152906400004e-05,-2.077307163999999e-06,,-4.707430443385588,-5.682499281140833,2009,Pre-fire
2009-06-21,,1.8641098498e-05,-9.730544084000052e-07,,-4.729528498765145,-6.011862875448746,2009,Pre-fire
2009-06-22,,1.7853908414800004e-05,-7.87190083199995e-07,,-4.748266697356994,-6.103920385662396,2009,Pre-fire
2009-06-23,,1.6694989681200002e-05,-1.1589187336000018e-06,,-4.77741384503724,-5.935947016828891,2009,Pre-fire
2009-06-24,,1.58094008376e-05,-8.855888436000016e-07,,-4.80108458913515,-6.052767863215011,2009,Pre-fire
2009-06-25,,1.4967544776400002e-05,-8.418560611999981e-07,,-4.824849433959671,-6.074762156921181,2009,Pre-fire
2009-06-26,,1.4420884996400002e-05,-5.466597800000004e-07,,-4.841008086547296,-6.2622828777576425,2009,Pre-fire
2009-06-27,,1.3557162544000004e-05,-8.637224523999973e-07,,-4.8678311969314265,-6.063625790803222,2009,Pre-fire
2009-06-28,,1.2791838852e-05,-7.653236920000043e-07,,-4.8930670203475,-6.1161548420794025,2009,Pre-fire
2009-06-29,,1.2256112267600004e-05,-5.357265843999957e-07,,-4.911647269498689,-6.271056802065152,2009,Pre-fire
2009-06-30,,1.17750516612e-05,-4.810606064000045e-07,,-4.929037178795681,-6.317800205607471,2009,Pre-fire
2009-07-01,,1.13377238372e-05,-4.373278239999993e-07,,-4.945474125704621,-6.3591928907657,2009,Pre-fire
2009-07-02,,1.0933195600000002e-05,-4.045282371999988e-07,,-4.961252882093662,-6.393051158026668,2009,Pre-fire
2009-07-03,,1.05286673628e-05,-4.045282372000022e-07,,-4.977626594969127,-6.3930511580266645,2009,Pre-fire
2009-07-04,,1.0167871908000002e-05,-3.60795454799997e-07,,-4.992769933539726,-6.442738942215778,2009,Pre-fire
2009-07-05,,9.850809235600002e-06,-3.170626724000003e-07,,-5.006528091114599,-6.498854884194706,2009,Pre-fire
2009-07-07,,9.5884125412e-06,-1.967975207999996e-07,,-5.018253288727621,-6.7059803769903565,2009,Pre-fire
2009-07-08,,9.2166838908e-06,-3.717286504e-07,,-5.03542530746892,-6.429773965051407,2009,Pre-fire
2009-07-09,,9.0417527612e-06,-1.749311296000004e-07,,-5.043747372541115,-6.757132899437736,2009,Pre-fire
2009-07-10,,8.877754827200002e-06,-1.6399793399999742e-07,,-5.051696852852486,-6.785161623037987,2009,Pre-fire
2009-07-11,,8.680957306400002e-06,-1.967975207999996e-07,,-5.061432379666566,-6.7059803769903565,2009,Pre-fire
2009-07-14,,8.331095047200002e-06,-8.090564743999993e-07,,-5.079297910754061,-6.092021162362686,2009,Pre-fire
2009-07-15,,7.959366396800001e-06,-3.717286504e-07,,-5.0991215027806245,-6.429773965051407,2009,Pre-fire
2009-07-16,,7.7188360936e-06,-2.405303032000014e-07,,-5.112448181041858,-6.618830201271453,2009,Pre-fire
2009-07-17,,7.500172181600002e-06,-2.1866391199999797e-07,,-5.12492876638691,-6.660222886429684,2009,Pre-fire
2009-07-18,,7.259641878400001e-06,-2.405303032000014e-07,,-5.139084802725645,-6.618830201271453,2009,Pre-fire
2009-07-20,,7.073777553200001e-06,-1.858643252e-07,,-5.1503486014249615,-6.730803960715388,2009,Pre-fire
2009-07-22,,6.680182511600001e-06,-3.2799586800000076e-07,,-5.175211671851107,-6.484131627373999,2009,Pre-fire
2009-07-23,,6.5927169468e-06,-8.746556480000105e-08,,-5.180935569953511,-7.058162895101713,2009,Pre-fire
2009-07-24,,6.4396522084e-06,-1.530647383999995e-07,,-5.19113758730656,-6.815124846415425,2009,Pre-fire
2009-07-25,,6.286587470000001e-06,-1.530647383999995e-07,,-5.2015850374040316,-6.815124846415425,2009,Pre-fire
2009-07-26,,6.0788567536000005e-06,-2.0773071640000006e-07,,-5.216178090511605,-6.682499281140832,2009,Pre-fire
2009-07-27,,5.838326450400002e-06,-2.4053030319999886e-07,,-5.233711625065105,-6.618830201271457,2009,Pre-fire
2009-07-28,,5.696194907600001e-06,-1.4213154280000075e-07,,-5.244415158794137,-6.8473095297868225,2009,Pre-fire
2009-07-29,,5.586862951600001e-06,-1.0933195600000025e-07,,-5.252831981958949,-6.96125288209366,2009,Pre-fire
2009-08-08,,6.527117773200001e-06,-1.4541150147999996e-06,,-5.185278550964292,-5.837401241126576,2009,Pre-fire
2009-08-09,,5.991391188800001e-06,-5.357265844e-07,,-5.222472323609293,-6.271056802065148,2009,Pre-fire
2009-08-10,,5.630595734000001e-06,-3.607954548000004e-07,,-5.2494456530524705,-6.442738942215774,2009,Pre-fire
2009-08-11,,5.466597800000001e-06,-1.6399793399999996e-07,,-5.2622828777576425,-6.785161623037981,2009,Pre-fire
2009-08-12,,5.324466257200001e-06,-1.421315427999999e-07,,-5.273723920879028,-6.847309529786825,2009,Pre-fire
2009-08-17,,4.876205237600001e-06,-2.5146349879999846e-07,,-5.31191802338152,-6.599525046076072,2009,Pre-fire
2009-08-20,,4.537276174000001e-06,-2.0773071640000006e-07,,-5.343204785381569,-6.682499281140832,2009,Pre-fire
2009-08-18,2009-08-19,4.816072661800001e-06,-1.311983472000003e-07,Aggregated,-5.317306969345595,-6.882071636046036,2009,Pre-fire
2009-09-02,,4.089015154400001e-06,-1.2026515159999986e-07,,-5.388381279893181,-6.919860196935438,2009,Pre-fire
2009-08-30,2009-08-31,4.277612778500001e-06,-1.202651516000007e-07,Aggregated,-5.368798531539157,-6.919860196935434,2009,Pre-fire
2009-09-07,,5.2151343012000015e-06,-1.191718320399998e-06,,-5.282734503053548,-5.923826384153039,2009,Pre-fire
2009-09-08,,4.395144631200001e-06,-8.199896700000006e-07,,-5.357026829009191,-6.086191618701961,2009,Pre-fire
2009-09-09,,4.099948350000001e-06,-2.9519628120000026e-07,,-5.387221614365943,-6.529889117934674,2009,Pre-fire
2010-06-05,,0.0002131973142,-0.000108675964264,Raw,-3.671218270731144,-3.9638664976963485,2010,Pre-fire
2010-06-06,,0.000162029958792,-5.116735540799998e-05,Raw,-3.7904046784503524,-4.2910070290195375,2010,Pre-fire
2010-06-07,,0.00014267820258,-1.9351756212e-05,Raw,-3.845642370419362,-4.713279615731855,2010,Pre-fire
2010-06-08,,0.000113049242504,-2.9628960076000005e-05,Raw,-3.946732343335738,-4.528283591219256,2010,Pre-fire
2010-06-09,,0.000105833333408,-7.215909096000008e-06,Raw,-3.975377524785268,-5.141708946551793,2010,Pre-fire
2010-06-11,,0.0001071781164668,-8.495092981200002e-06,Raw,-3.9698938794557113,-5.070831863292748,2010,Pre-fire
2010-06-12,,8.910554414000002e-05,-1.807257232679998e-05,Raw,-4.050095273353685,-4.742980028522215,2010,Pre-fire
2010-06-13,,7.272761713120001e-05,-1.6377927008800013e-05,Raw,-4.13830064154618,-4.785741068730213,2010,Pre-fire
2010-06-14,,5.973898075840001e-05,-1.2988636372799995e-05,Raw,-4.223742191420185,-4.886436441448487,2010,Pre-fire
2010-06-15,,5.1779614361600005e-05,-7.959366396800008e-06,Raw,-4.285841188378798,-5.0991215027806245,2010,Pre-fire
2010-06-16,,4.905724865720001e-05,-2.7223657043999957e-06,Raw,-4.3092968125605875,-5.565053534997926,2010,Pre-fire
2010-06-17,,4.481516876440001e-05,-4.242079892800001e-06,Raw,-4.34857496377716,-5.372421156499454,2010,Pre-fire
2010-06-18,,3.97202996148e-05,-5.094869149600011e-06,Raw,-4.400987484230947,-5.292866965403661,2010,Pre-fire
2010-06-19,,3.6516873304000005e-05,-3.2034263107999917e-06,Raw,-4.4375064152820975,-5.494385261739553,2010,Pre-fire
2010-06-20,,3.45379649004e-05,-1.9789084036000025e-06,Raw,-4.461703256188513,-5.703574307224477,2010,Pre-fire
2010-06-21,,3.2416924954000005e-05,-2.1210399463999973e-06,Raw,-4.48922818439338,-5.6734511521634365,2010,Pre-fire
2010-06-22,,2.9792958010000003e-05,-2.6239669440000027e-06,Raw,-4.525886375481001,-5.581041640382055,2010,Pre-fire
2010-06-23,,2.7770316824e-05,-2.022641186000001e-06,Raw,-4.556419165473724,-5.6940811536906475,2010,Pre-fire
2010-06-24,,2.6021005528000004e-05,-1.7493112959999973e-06,Raw,-4.58467592503715,-5.757132899437738,2010,Pre-fire
2010-06-25,,2.4555957317600007e-05,-1.4650482103999975e-06,Raw,-4.609843130168223,-5.834148083728855,2010,Pre-fire
2010-06-26,,2.31565082808e-05,-1.3994490368000066e-06,Raw,-4.635326926322196,-5.854042912445792,2010,Pre-fire
2010-06-27,,2.2019455938400004e-05,-1.1370523423999959e-06,Raw,-4.657193415876063,-5.944219542794883,2010,Pre-fire
2010-06-28,,2.1046401530000003e-05,-9.730544084000018e-07,Raw,-4.676822148249142,-6.011862875448748,2010,Pre-fire
2010-06-29,,2.0062413926000005e-05,-9.83987603999998e-07,Raw,-4.697616813505554,-6.007010372654338,2010,Pre-fire
2010-06-30,,1.9187758278000003e-05,-8.74655648000002e-07,Raw,-4.716975761291819,-6.0581628951017175,2010,Pre-fire
2010-07-01,,1.8433367781600003e-05,-7.543904963999996e-07,Raw,-4.7343953118049384,-6.122403791356406,2010,Pre-fire
2010-07-03,,1.8050705935600003e-05,-1.3010502764e-06,Raw,-4.743505808830868,-5.885705920701131,2010,Pre-fire
2010-07-04,,1.7066718331600002e-05,-9.839876040000014e-07,Raw,-4.7678499790312445,-6.007010372654336,2010,Pre-fire
2010-07-05,,1.6574724529600003e-05,-4.91993801999999e-07,Raw,-4.7805536807976265,-6.308040368318319,2010,Pre-fire
2010-07-06,,1.5754734859600002e-05,-8.199896700000006e-07,Raw,-4.802588901279672,-6.086191618701961,2010,Pre-fire
2010-07-07,,1.51315427104e-05,-6.231921492000027e-07,Raw,-4.820116791972922,-6.205378026421169,2010,Pre-fire
2010-07-08,,1.4814480038000004e-05,-3.1706267239999523e-07,Raw,-4.829313586883237,-6.498854884194712,2010,Pre-fire
2010-07-09,,1.4453684583200002e-05,-3.607954548000021e-07,Raw,-4.84002142694404,-6.4427389422157715,2010,Pre-fire
2010-07-10,,1.40600895416e-05,-3.935950416000026e-07,Raw,-4.852011913505459,-6.404950381326372,2010,Pre-fire
2010-07-11,,1.3775826456000005e-05,-2.8426308559999473e-07,Raw,-4.860882336976099,-6.546279534122852,2010,Pre-fire
2010-07-12,,1.3491563370400003e-05,-2.842630856000015e-07,Raw,-4.869937722396439,-6.546279534122841,2010,Pre-fire
2010-07-13,,1.2890237612400003e-05,-6.013257580000001e-07,Raw,-4.8897390769985725,-6.220890192599418,2010,Pre-fire
2010-07-14,,1.2256112267600004e-05,-6.341253447999989e-07,Raw,-4.911647269498689,-6.197824888530725,2010,Pre-fire
2010-07-15,,1.1873450421600005e-05,-3.826618459999996e-07,Raw,-4.925423056840834,-6.417184837743386,2010,Pre-fire
2010-07-16,,1.1381456619600002e-05,-4.919938020000024e-07,Raw,-4.9438021525831255,-6.3080403683183155,2010,Pre-fire
2010-07-17,,1.09987947736e-05,-3.82661846000003e-07,Raw,-4.9586549013737535,-6.417184837743383,2010,Pre-fire
2010-07-18,,1.06707989056e-05,-3.279958679999999e-07,Raw,-4.97180306442697,-6.4841316273739995,2010,Pre-fire
2010-07-19,,1.02881370596e-05,-3.826618459999996e-07,Raw,-4.987663258666405,-6.417184837743386,2010,Pre-fire
2010-07-20,,1.0200671494800005e-05,-8.746556479999512e-08,Raw,-4.991371238347162,-7.058162895101742,2010,Pre-fire
2010-07-22,,9.490013780800002e-06,-3.717286504e-06,Raw,-5.02273315691717,-5.429773965051407,2010,Pre-fire
2010-07-23,,9.1073519348e-06,-3.826618460000013e-07,Raw,-5.040607880686874,-6.417184837743385,2010,Pre-fire
2010-07-24,,8.987086783200001e-06,-1.20265151599999e-07,Raw,-5.046381064553612,-6.91986019693544,2010,Pre-fire
2010-07-25,,8.812155653600003e-06,-1.749311295999987e-07,Raw,-5.054917840288571,-6.75713289943774,2010,Pre-fire
2010-07-26,,8.593491741600002e-06,-2.186639120000005e-07,Raw,-5.065830336054254,-6.66022288642968,2010,Pre-fire
2010-07-28,,8.418560612000002e-06,-1.202651516000007e-07,Raw,-5.07476215692118,-6.919860196935434,2010,Pre-fire
2010-07-29,,8.243629482400001e-06,-1.749311296000004e-07,Raw,-5.083881536223887,-6.757132899437736,2010,Pre-fire
2010-08-03,,7.9047004188e-06,-1.967975208000013e-07,Raw,-5.102114584799131,-6.705980376990353,2010,Pre-fire
2010-08-05,,7.6751033112e-06,-1.639979340000008e-07,Raw,-5.114915769963856,-6.785161623037978,2010,Pre-fire
2010-08-06,,7.511105377200002e-06,-1.6399793399999826e-07,Raw,-5.124296145034111,-6.785161623037985,2010,Pre-fire
2010-08-08,,7.4455062036000016e-06,-1.530647383999995e-07,Raw,-5.128105770180876,-6.815124846415425,2010,Pre-fire
2010-08-09,,7.226842291600001e-06,-2.186639120000005e-07,Raw,-5.1410514226080215,-6.66022288642968,2010,Pre-fire
2010-08-10,,7.073777553200001e-06,-1.5306473840000035e-07,Raw,-5.1503486014249615,-6.815124846415423,2010,Pre-fire
2010-08-11,,6.975378792800002e-06,-9.839876039999896e-08,Raw,-5.156432203372499,-7.007010372654341,2010,Pre-fire
2010-08-12,,6.8879132280000016e-06,-8.74655648000002e-08,Raw,-5.16191233264008,-7.0581628951017175,2010,Pre-fire
2010-08-13,,6.6583161204000014e-06,-2.295971076000001e-07,Raw,-5.176635589460786,-6.639033587359743,2010,Pre-fire
2010-08-14,,6.374053034800001e-06,-2.8426308560000066e-07,Raw,-5.195584327334648,-6.546279534122843,2010,Pre-fire
2010-08-15,,6.2756542744e-06,-9.839876040000065e-08,Raw,-5.2023409896956885,-7.007010372654334,2010,Pre-fire
2010-08-16,,6.0788567536000005e-06,-1.967975207999996e-07,Raw,-5.216178090511605,-6.7059803769903565,2010,Pre-fire
2011-05-28,,0.000161592630968,-2.514634988000017e-06,,-3.791578448034855,-5.599525046076066,2011,Pre-fire
2011-05-29,,0.000123763774192,-3.7828856776000005e-05,,-3.907406455241409,-4.422176783300885,2011,Pre-fire
2011-05-30,,0.0001072874484228,-1.6476325769199996e-05,,-3.9694510832490177,-4.78313962977903,2011,Pre-fire
2011-06-07,,0.000119827823776,-2.0445075771999987e-05,,-3.9214423279453112,-4.689411275557163,2011,Pre-fire
2011-06-08,,0.0001015256543416,-1.8302169434399997e-05,,-3.9934242027635065,-4.737497428436421,2011,Pre-fire
2011-06-09,,9.094232100080002e-05,-1.058333334079998e-05,,-4.0412339660647465,-4.9753775247852685,2011,Pre-fire
2011-06-14,,8.523519289760001e-05,-7.784435267199988e-06,,-4.069381051648078,-5.108772888456806,2011,Pre-fire
2011-06-15,,7.525318531480001e-05,-9.982007582800002e-06,,-4.1234751125399285,-5.000782104559363,2011,Pre-fire
2011-06-16,,6.68236915072e-05,-8.429493807600005e-06,,-4.175069536526029,-5.0741985040427044,2011,Pre-fire
2011-06-17,,6.108376381720001e-05,-5.739927689999994e-06,,-4.214074210733497,-5.241093578687705,2011,Pre-fire
2011-06-23,,5.6502754860800016e-05,-5.029269975999993e-06,,-4.247930377106634,-5.298495050412089,2011,Pre-fire
2011-06-24,,4.9363378134000005e-05,-7.139376726800011e-06,,-4.306595127444137,-5.146339700818587,2011,Pre-fire
2011-06-25,,4.4257575788800014e-05,-5.10580234519999e-06,,-4.354012378261919,-5.29193600152755,2011,Pre-fire
2011-06-26,,4.03106921772e-05,-3.946883611600012e-06,,-4.394579744487546,-5.403745680188003,2011,Pre-fire
2011-06-27,,3.8167785839600006e-05,-2.1429063375999965e-06,,-4.418303033279483,-5.668996810737187,2011,Pre-fire
2011-06-29,,3.7632059255200005e-05,-2.4599690099999917e-06,,-4.4244420161021205,-5.6090703639823,2011,Pre-fire
2011-06-30,,3.473476242120001e-05,-2.897296833999996e-06,,-4.4592356672665145,-5.538007008156854,2011,Pre-fire
2011-07-01,,3.1115874677600005e-05,-3.6188877436000037e-06,,-4.507017986345396,-5.441424888317942,2011,Pre-fire
2011-07-02,,2.9016701122400004e-05,-2.0991735552000015e-06,,-4.537351963565245,-5.677951653390112,2011,Pre-fire
2011-07-03,,2.7322055804400008e-05,-1.6946453179999959e-06,,-4.5634866259672116,-5.770921183923371,2011,Pre-fire
2011-07-04,,2.5211949053600003e-05,-2.1101067508000045e-06,,-4.5983935791349815,-5.675695573085887,2011,Pre-fire
2011-07-05,,2.3364238997200003e-05,-1.8477100564000005e-06,,-4.631448359929593,-5.733366177479988,2011,Pre-fire
2011-07-06,,2.1811725222000005e-05,-1.5525137751999977e-06,,-4.661309982070895,-5.808964537710606,2011,Pre-fire
2011-07-07,,2.01280130996e-05,-1.6837121224000064e-06,,-4.696199093589647,-5.773732161257197,2011,Pre-fire
2011-07-08,,1.8422434586000003e-05,-1.7055785135999955e-06,,-4.734652976886304,-5.768128283739201,2011,Pre-fire
2011-07-09,,1.7143250700800002e-05,-1.2791838852000008e-06,,-4.765906823745242,-5.8930670203475,2011,Pre-fire
2011-07-10,,1.58640668156e-05,-1.2791838852000008e-06,,-4.799585469655926,-5.8930670203475,2011,Pre-fire
2011-07-11,,1.50440771456e-05,-8.199896700000023e-07,,-4.82263444819417,-6.08619161870196,2011,Pre-fire
2011-07-13,,1.46614152996e-05,-5.466597800000021e-07,,-4.833824104242063,-6.262282877757642,2011,Pre-fire
2011-07-14,,1.35134297616e-05,-1.1479855379999988e-06,,-4.869234411340865,-5.940063583023724,2011,Pre-fire
2011-07-15,,1.27262396784e-05,-7.871900832000001e-07,,-4.895299901779792,-6.103920385662393,2011,Pre-fire
2011-07-20,,1.6968319571200002e-05,-8.844955240400003e-06,,-4.770361165171492,-5.053304360481389,2011,Pre-fire
2011-07-21,,1.46395489084e-05,-2.3287706628000016e-06,,-4.834472305081653,-5.632873278654924,2011,Pre-fire
2011-07-22,,1.3404097805600005e-05,-1.2354511027999957e-06,,-4.872762411911265,-5.908174438610244,2011,Pre-fire
2011-07-23,,1.2267045463200002e-05,-1.1370523424000026e-06,,-4.911260025173519,-5.9442195427948805,2011,Pre-fire
2011-07-24,,1.16001205316e-05,-6.669249316000028e-07,,-4.935537498192321,-6.175923047082893,2011,Pre-fire
2011-07-25,,1.11846590988e-05,-4.154614328000001e-07,,-4.951377248381502,-6.381469285476851,2011,Pre-fire
2011-07-26,,1.08019972528e-05,-3.826618459999996e-07,,-4.966495937506034,-6.417184837743386,2011,Pre-fire
2011-07-27,,1.0375602624400002e-05,-4.26394628399998e-07,,-4.983986669666369,-6.370188275067164,2011,Pre-fire
2011-07-28,,9.992940778400002e-06,-3.826618459999996e-07,,-5.00030668635983,-6.417184837743386,2011,Pre-fire
2011-07-29,,9.5228133676e-06,-4.701274108000015e-07,,-5.021234727085998,-6.327784426514074,2011,Pre-fire
2011-07-30,,9.260416673200002e-06,-2.623966943999989e-07,,-5.0333694717629545,-6.5810416403820575,2011,Pre-fire
2011-07-31,,8.998019978800001e-06,-2.623966944000006e-07,,-5.045853046881392,-6.581041640382055,2011,Pre-fire
2011-08-01,,8.834022044800002e-06,-1.639979339999991e-07,,-5.053841521319075,-6.7851616230379825,2011,Pre-fire
2011-08-02,,8.648157719600002e-06,-1.858643252e-07,,-5.063076398595985,-6.730803960715388,2011,Pre-fire
2011-08-03,,8.287362264800001e-06,-3.607954548000004e-07,,-5.081583676461608,-6.442738942215774,2011,Pre-fire
2011-08-04,,8.156163917600001e-06,-1.311983472000003e-07,,-5.088514054620993,-6.882071636046036,2011,Pre-fire
2011-08-05,,7.882834027600001e-06,-2.733298900000002e-07,,-5.103317617374232,-6.563312873421624,2011,Pre-fire
2011-08-06,,7.707902898e-06,-1.749311296000004e-07,,-5.113063765102263,-6.757132899437736,2011,Pre-fire
2011-08-07,,7.434573008000001e-06,-2.7332988999999936e-07,,-5.1287439693874255,-6.5633128734216255,2011,Pre-fire
2011-08-08,,7.281508269600002e-06,-1.530647383999995e-07,,-5.137778652923361,-6.815124846415425,2011,Pre-fire
2011-08-10,,7.095643944400002e-06,-1.858643252e-07,,-5.149008185293292,-6.730803960715388,2011,Pre-fire
2011-08-11,,6.833247250000001e-06,-2.623966944000006e-07,,-5.165372864749586,-6.581041640382055,2011,Pre-fire
2011-08-12,,6.691115707200001e-06,-1.421315427999999e-07,,-5.1745014599481,-6.847309529786825,2011,Pre-fire
2011-08-13,,6.5489841644e-06,-1.4213154280000075e-07,,-5.183826059704351,-6.8473095297868225,2011,Pre-fire
2011-08-15,,6.2756542744e-06,-2.0773071640000006e-07,,-5.2023409896956885,-6.682499281140832,2011,Pre-fire
2011-08-16,,5.947658406400001e-06,-3.2799586799999907e-07,,-5.225653982395482,-6.484131627374,2011,Pre-fire
2011-08-17,,5.805526863600002e-06,-1.4213154279999906e-07,,-5.236158361012192,-6.847309529786828,2011,Pre-fire
2011-08-28,,5.138601932e-06,-1.311983472000003e-07,,-5.289155024157944,-6.882071636046036,2011,Pre-fire
2011-08-25,2011-08-26,5.351799246200001e-06,-1.3119834719999946e-07,Aggregated,-5.271500185954505,-6.882071636046039,2011,Pre-fire
2011-09-01,,4.952737606800001e-06,-1.2026515159999986e-07,,-5.30515468008083,-6.919860196935438,2011,Pre-fire
2011-09-03,,4.799672868400001e-06,-8.746556479999936e-08,,-5.31878836185154,-7.058162895101721,2011,Pre-fire
2011-09-04,,4.701274108000001e-06,-9.839876040000065e-08,,-5.327784426514075,-7.007010372654334,2011,Pre-fire
2011-09-05,2011-09-06,4.624741738800001e-06,-1.5306473840000035e-07,Aggregated,-5.334912514718619,-6.815124846415423,2011,Pre-fire
2011-09-09,,4.384211435600001e-06,-1.3119834719999946e-07,,-5.358108509473479,-6.882071636046039,2011,Pre-fire
2011-09-10,,4.2202135016000005e-06,-1.639979340000008e-07,,-5.374665577421907,-6.785161623037978,2011,Pre-fire
2011-09-11,2011-09-12,4.1491477302000005e-06,-1.3119834719999946e-07,Aggregated,-5.382041101862162,-6.882071636046039,2011,Pre-fire
2012-06-10,,8.044645322480001e-05,-1.627952824839999e-05,,-4.094493098598553,-4.788358184341486,2012,Pre-fire
2012-06-11,,6.230828172440001e-05,-1.8138171500400003e-05,,-4.205454225119831,-4.741406496069301,2012,Pre-fire
2012-06-12,,5.210761022960001e-05,-1.0200671494799994e-05,,-4.2830988440832245,-4.9913712383471625,2012,Pre-fire
2012-06-13,,4.6553546864800005e-05,-5.554063364800008e-06,,-4.332047224991358,-5.2553891698097415,2012,Pre-fire
2012-06-14,,4.129467978120001e-05,-5.258867083599998e-06,,-4.384105897266137,-5.27910780571983,2012,Pre-fire
2012-06-15,,3.72931301916e-05,-4.00154958960001e-06,,-4.428371162686265,-5.39777179669925,2012,Pre-fire
2012-06-16,,3.43411673796e-05,-2.951962811999994e-06,,-4.464184945695157,-5.529889117934675,2012,Pre-fire
2012-06-17,,3.2077995890400004e-05,-2.263171489199999e-06,,-4.4937927725863975,-5.645282536636744,2012,Pre-fire
2012-06-19,,2.997882233520001e-05,-2.7114325087999995e-06,,-4.523185431640168,-5.566801201267445,2012,Pre-fire
2012-06-20,,2.7693784454800004e-05,-2.285037880400005e-06,,-4.557617692303114,-5.641106595982607,2012,Pre-fire
2012-06-21,,2.550714533480001e-05,-2.186639119999995e-06,,-4.593338143299909,-5.660222886429682,2012,Pre-fire
2012-06-27,,3.7960055123200007e-05,-1.5962465576000028e-06,,-4.420673165589207,-5.796900026309224,2012,Pre-fire
2012-06-28,,3.36523760568e-05,-4.307679066400006e-06,,-4.472984266598202,-5.365756660268087,2012,Pre-fire
2012-06-29,,3.06457472668e-05,-3.006628789999999e-06,,-4.513629784333376,-5.521920188263399,2012,Pre-fire
2012-06-30,,2.9038567513600003e-05,-1.607179753199999e-06,,-4.537024811397682,-5.793935547345486,2012,Pre-fire
2012-07-01,,2.7693784454800004e-05,-1.3447830587999985e-06,,-4.557617692303114,-5.871347770654264,2012,Pre-fire
2012-07-02,,2.5693009660000003e-05,-2.0007747948000017e-06,,-4.590185019821925,-5.6988017923632315,2012,Pre-fire
2012-07-03,,2.514634988e-05,-5.466597800000038e-07,,-4.599525046076069,-6.26228287775764,2012,Pre-fire
2012-07-04,,2.3637568887200003e-05,-1.5087809927999959e-06,,-4.62639719247637,-5.821373795692426,2012,Pre-fire
2012-07-05,,2.22709194372e-05,-1.3666494500000044e-06,,-4.652261853093497,-5.864342869085604,2012,Pre-fire
2012-07-06,,2.0838670813600003e-05,-1.4322486235999953e-06,,-4.681129985791354,-5.843981586437899,2012,Pre-fire
2012-07-07,,1.95376205372e-05,-1.3010502764000034e-06,,-4.709128329588017,-5.88570592070113,2012,Pre-fire
2012-07-08,,1.84661673684e-05,-1.0714531687999982e-06,,-4.733623232522653,-5.970026806401168,2012,Pre-fire
2012-07-09,,1.71979166788e-05,-1.2682506896000012e-06,,-4.764524159470374,-5.896794892866743,2012,Pre-fire
2012-07-10,,1.6454459378e-05,-7.434573008e-07,,-4.783716382163799,-6.1287439693874255,2012,Pre-fire
2012-07-11,,1.5798467642000004e-05,-6.559917359999964e-07,,-4.801385035001095,-6.18310163171002,2012,Pre-fire
2012-07-12,,1.51752754928e-05,-6.231921492000044e-07,,-4.818863415974826,-6.205378026421167,2012,Pre-fire
2012-07-13,,1.4563016539200003e-05,-6.122589535999963e-07,,-4.836748657259379,-6.213064855087464,2012,Pre-fire
2012-07-14,,1.4158488302000004e-05,-4.045282371999988e-07,,-4.848983113676391,-6.393051158026668,2012,Pre-fire
2012-07-15,,1.3775826456000005e-05,-3.826618459999996e-07,,-4.860882336976099,-6.417184837743386,2012,Pre-fire
2012-07-16,,1.3535296152800002e-05,-2.405303032000031e-07,,-4.868532237409562,-6.61883020127145,2012,Pre-fire
2012-07-17,,1.3087035133200004e-05,-4.4826101959999723e-07,,-4.883158731687251,-6.348469025373929,2012,Pre-fire
2012-07-19,,1.2737172874000004e-05,-5.357265843999957e-07,,-4.894926956731624,-6.271056802065152,2012,Pre-fire
2012-07-20,,1.2103047529200005e-05,-6.341253447999989e-07,,-4.917105261214939,-6.197824888530725,2012,Pre-fire
2012-07-21,,1.15235881624e-05,-5.794593668000043e-07,,-4.938412271217134,-6.236977012492869,2012,Pre-fire
2012-07-22,,1.1217458685600005e-05,-3.0612947679999563e-07,,-4.950105521317864,-6.514094850751449,2012,Pre-fire
2012-07-23,,1.0791064057200002e-05,-4.263946284000031e-07,,-4.966935729424025,-6.370188275067159,2012,Pre-fire
2012-07-24,,1.0430268602400005e-05,-3.60795454799997e-07,,-4.9817045073895665,-6.442738942215778,2012,Pre-fire
2012-07-25,,1.0113205930000004e-05,-3.170626724000003e-07,,-4.995111149354629,-6.498854884194706,2012,Pre-fire
2012-07-26,,9.730544084e-06,-3.826618460000047e-07,,-5.011862875448749,-6.417184837743381,2012,Pre-fire
2012-07-27,,9.402548216e-06,-3.279958679999999e-07,,-5.026754430850094,-6.4841316273739995,2012,Pre-fire
2012-07-28,,9.1401515216e-06,-2.623966943999989e-07,,-5.039046604654645,-6.5810416403820575,2012,Pre-fire
2012-07-29,,8.866821631600002e-06,-2.733298899999985e-07,,-5.052232027882505,-6.563312873421626,2012,Pre-fire
2012-07-30,,8.626291328400001e-06,-2.405303032000014e-07,,-5.0641758788842415,-6.618830201271453,2012,Pre-fire
2012-07-31,,8.320161851600002e-06,-3.06129476799999e-07,,-5.0798682253230885,-6.514094850751444,2012,Pre-fire
2012-08-01,,8.035898766e-06,-2.842630856000015e-07,,-5.094965543009467,-6.546279534122841,2012,Pre-fire
2012-08-02,,7.7953684628e-06,-2.405303031999997e-07,,-5.108163352241796,-6.618830201271456,2012,Pre-fire
2012-08-03,,7.554838159600001e-06,-2.405303031999997e-07,,-5.121774834719464,-6.618830201271456,2012,Pre-fire
2012-08-04,,7.2377754872000015e-06,-3.1706267239999946e-07,,-5.140394892653962,-6.4988548841947065,2012,Pre-fire
2012-08-05,,7.008178379600001e-06,-2.295971076000001e-07,,-5.154394852574844,-6.639033587359743,2012,Pre-fire
2012-08-06,,6.811380858800001e-06,-1.9679752080000046e-07,,-5.166764835434492,-6.705980376990355,2012,Pre-fire
2012-08-09,,6.527117773200001e-06,-1.967975207999996e-07,,-5.185278550964292,-6.7059803769903565,2012,Pre-fire
2012-08-11,,6.3084538612e-06,-1.639979340000008e-07,,-5.20007706893793,-6.785161623037978,2012,Pre-fire
2012-08-12,,6.1663223184e-06,-1.421315427999999e-07,,-5.209973778110319,-6.847309529786825,2012,Pre-fire
2012-08-13,,5.9585916020000015e-06,-2.0773071639999836e-07,,-5.22485637981702,-6.682499281140836,2012,Pre-fire
2012-08-14,,5.849259646000002e-06,-1.093319559999994e-07,,-5.232899100072433,-6.961252882093664,2012,Pre-fire
2012-08-16,,5.630595734000001e-06,-1.639979340000008e-07,,-5.2494456530524705,-6.785161623037978,2012,Pre-fire
2012-08-17,,5.521263778000001e-06,-1.093319559999994e-07,,-5.257961503975,-6.961252882093664,2012,Pre-fire
2012-08-07,2012-08-08,6.778581272000001e-06,-8.74655648000002e-08,Aggregated,-5.168861192595408,-7.0581628951017175,2012,Pre-fire
2012-08-20,,5.302599866000001e-06,-1.530647383999995e-07,,-5.275511143491398,-6.815124846415425,2012,Pre-fire
2012-08-25,,4.974603998000001e-06,-1.0933195600000025e-07,,-5.3032414854365495,-6.96125288209366,2012,Pre-fire
2012-08-26,,4.887138433200001e-06,-8.74655648000002e-08,,-5.3109453589617255,-7.0581628951017175,2012,Pre-fire
2012-08-27,,4.799672868400001e-06,-8.746556479999936e-08,,-5.31878836185154,-7.058162895101721,2012,Pre-fire
2012-08-21,2012-08-22,5.258867083600001e-06,-1.0933195600000025e-07,Aggregated,-5.27910780571983,-6.96125288209366,2012,Pre-fire
2012-08-23,2012-08-24,5.144068529800001e-06,-1.093319559999994e-07,Aggregated,-5.288693254330386,-6.961252882093664,2012,Pre-fire
2012-09-03,,4.6684745212e-06,-8.746556479999936e-08,,-5.330825007068638,-7.058162895101721,2012,Pre-fire
2012-09-04,,4.5482093696e-06,-1.2026515159999986e-07,,-5.342159551466919,-6.919860196935438,2012,Pre-fire
2012-08-31,2012-09-02,4.859805444200001e-06,-7.65323692000006e-08,Aggregated,-5.313381116787429,-7.116154842079402,2012,Pre-fire
2012-09-05,2012-09-06,4.479876897100001e-06,-1.4213154279999906e-07,Aggregated,-5.348733919851125,-6.847309529786828,2012,Pre-fire
2012-09-07,2012-09-08,4.348678549900001e-06,-9.839876040000065e-08,Aggregated,-5.3616426937750425,-7.007010372654334,2012,Pre-fire
2013-05-29,,0.000111846590988,-9.94920799599999e-06,,-3.9513772483815015,-5.002211489772568,2013,Pre-fire
2013-05-30,,9.966701108960002e-05,-1.217957989839999e-05,,-4.001448565585323,-4.914367691255952,2013,Pre-fire
2013-05-31,,7.25636191972e-05,-2.7103391892400016e-05,,-4.139281064451619,-4.56697635532584,2013,Pre-fire
2013-06-01,,5.4501980066000014e-05,-1.8061639131199986e-05,,-4.2635877194459875,-4.743242839109299,2013,Pre-fire
2013-06-02,,4.572262399920001e-05,-8.779356066800006e-06,,-4.339868853612009,-5.056537336814981,2013,Pre-fire
2013-06-03,,3.963283405000001e-05,-6.089789949200002e-06,,-4.401944871186649,-5.215397686919933,2013,Pre-fire
2013-06-04,,3.5226756223200005e-05,-4.406077826800002e-06,,-4.453127346010462,-5.355947835952552,2013,Pre-fire
2013-06-05,,3.17281336312e-05,-3.4986225920000013e-06,,-4.498555473991945,-5.456102903773756,2013,Pre-fire
2013-06-06,,2.8721504841200004e-05,-3.006628789999999e-06,,-4.541792809307592,-5.521920188263399,2013,Pre-fire
2013-06-07,,2.6250602635600003e-05,-2.4709022056000015e-06,,-4.580860722036634,-5.607144442946261,2013,Pre-fire
2013-06-08,,2.40858299068e-05,-2.1647727288000025e-06,,-4.618238384942894,-5.66458769183213,2013,Pre-fire
2013-06-09,,2.2577048914e-05,-1.5087809927999993e-06,,-4.646332826101242,-5.821373795692425,2013,Pre-fire
2013-06-10,,2.14509297672e-05,-1.1261191467999996e-06,,-4.668553879049732,-5.94841565738849,2013,Pre-fire
2013-06-11,,2.0335743816000005e-05,-1.1151859511999967e-06,,-4.691739937875745,-5.952652710331746,2013,Pre-fire
2013-06-12,,1.93080234296e-05,-1.0277203864000032e-06,,-4.714262182852112,-5.988125028493962,2013,Pre-fire
2013-06-13,,1.8564566128800005e-05,-7.434573007999966e-07,,-4.731315196185728,-6.128743969387427,2013,Pre-fire
2013-06-14,,1.8225637065200004e-05,-3.389290636000012e-07,,-4.739317282265656,-6.469891188259387,2013,Pre-fire
2013-06-15,,1.6694989681200002e-05,-1.5306473840000019e-06,,-4.77741384503724,-5.815124846415423,2013,Pre-fire
2013-06-16,,1.5711002077200004e-05,-9.83987603999998e-07,,-4.803796113959436,-6.007010372654338,2013,Pre-fire
2013-06-17,,1.4967544776400002e-05,-7.434573008000017e-07,,-4.824849433959671,-6.128743969387425,2013,Pre-fire
2013-06-27,,2.1122933899200003e-05,-1.9133092300000015e-06,,-4.675245760014187,-5.718214833407367,2013,Pre-fire
2013-06-28,,1.88488292144e-05,-2.274104684800002e-06,,-4.724715620604968,-5.6431895471309,2013,Pre-fire
2013-06-29,,1.7274449048000004e-05,-1.5743801663999969e-06,,-4.762595795139239,-5.802890389998413,2013,Pre-fire
2013-06-30,,1.60499311408e-05,-1.2245179072000028e-06,,-4.79452682651361,-5.912034859423479,2013,Pre-fire
2013-07-01,,1.5120609514800002e-05,-9.29321626e-07,,-4.8204307019843515,-6.031833956379369,2013,Pre-fire
2013-07-02,,1.41475551064e-05,-9.730544084000018e-07,,-4.84931860576098,-6.011862875448748,2013,Pre-fire
2013-07-03,,1.3283832654000004e-05,-8.637224523999956e-07,,-4.87667660415933,-6.063625790803223,2013,Pre-fire
2013-07-04,,1.257317494e-05,-7.106577140000046e-07,,-4.90055504174005,-6.148339525450804,2013,Pre-fire
2013-07-05,,1.2048381551200003e-05,-5.247933887999961e-07,,-4.9190712875778955,-6.280011644718078,2013,Pre-fire
2013-07-06,,1.1556387749200004e-05,-4.91993801999999e-07,,-4.9371778947862355,-6.308040368318319,2013,Pre-fire
2013-07-07,,1.10534607516e-05,-5.029269976000037e-07,,-4.956501726502661,-6.298495050412084,2013,Pre-fire
2013-07-08,,1.06161329276e-05,-4.37327824000001e-07,,-4.974033652185657,-6.359192890765699,2013,Pre-fire
2013-07-09,,1.0102272734400005e-05,-5.138601931999948e-07,,-4.995580910873555,-6.289155024157949,2013,Pre-fire
2013-07-10,,9.730544084e-06,-3.717286504000051e-07,,-5.011862875448749,-6.4297739650514005,2013,Pre-fire
2013-07-11,,9.446280998400002e-06,-2.842630855999981e-07,,-5.024739139614768,-6.546279534122847,2013,Pre-fire
2013-07-12,,9.2166838908e-06,-2.295971076000018e-07,,-5.03542530746892,-6.639033587359739,2013,Pre-fire
2013-07-13,,8.866821631600002e-06,-3.498622591999974e-07,,-5.052232027882505,-6.456102903773759,2013,Pre-fire
2013-07-14,,8.626291328400001e-06,-2.405303032000014e-07,,-5.0641758788842415,-6.618830201271453,2013,Pre-fire
2013-07-15,,8.3529614384e-06,-2.733298900000002e-07,,-5.0781595235179715,-6.563312873421624,2013,Pre-fire
2013-07-16,,8.0796315484e-06,-2.733298900000002e-07,,-5.092608443698836,-6.563312873421624,2013,Pre-fire
2013-07-17,,7.7953684628e-06,-2.842630855999998e-07,,-5.108163352241796,-6.546279534122844,2013,Pre-fire
2013-07-18,,7.65323692e-06,-1.421315427999999e-07,,-5.116154842079405,-6.847309529786825,2013,Pre-fire
2013-07-19,,7.511105377200002e-06,-1.4213154279999906e-07,,-5.124296145034111,-6.847309529786828,2013,Pre-fire
2013-07-20,,7.292441465200002e-06,-2.1866391199999966e-07,,-5.1371270481771125,-6.660222886429681,2013,Pre-fire
2013-07-21,,7.084710748800001e-06,-2.077307164000009e-07,,-5.149677876223068,-6.682499281140831,2013,Pre-fire
2013-07-22,,6.953512401600001e-06,-1.311983472000003e-07,,-5.157795766445248,-6.882071636046036,2013,Pre-fire
2013-07-23,,6.745781685200002e-06,-2.077307163999992e-07,,-5.17096771806042,-6.682499281140834,2013,Pre-fire
2013-07-24,,6.647382924800001e-06,-9.839876040000065e-08,,-5.177349302820927,-7.007010372654334,2013,Pre-fire
2013-07-25,,6.5489841644e-06,-9.839876040000065e-08,,-5.183826059704351,-7.007010372654334,2013,Pre-fire
2013-07-26,2013-07-27,6.4997847842000004e-06,-8.746556479999936e-08,Aggregated,-5.187101023138951,-7.058162895101721,2013,Pre-fire
2013-07-30,,6.297520665600001e-06,-1.530647383999995e-07,,-5.200830398670449,-6.815124846415425,2013,Pre-fire
2013-07-31,,6.111656340400002e-06,-1.8586432519999916e-07,,-5.213841074207238,-6.73080396071539,2013,Pre-fire
2013-08-05,,5.7945936680000016e-06,-1.858643252e-07,,-5.236977012492873,-6.730803960715388,2013,Pre-fire
2013-08-06,,5.575929756000001e-06,-2.186639120000005e-07,,-5.253682705995725,-6.66022288642968,2013,Pre-fire
2013-08-07,,5.390065430800001e-06,-1.858643252e-07,,-5.2684059628164315,-6.730803960715388,2013,Pre-fire
2013-08-10,,6.330320252400001e-06,-2.2959710760000002e-06,,-5.198574318366226,-5.639033587359743,2013,Pre-fire
2013-08-11,,5.838326450400002e-06,-4.91993801999999e-07,,-5.233711625065105,-6.308040368318319,2013,Pre-fire
2013-08-12,,5.488464191200002e-06,-3.4986225919999996e-07,,-5.260549164948642,-6.456102903773756,2013,Pre-fire
2013-08-13,,5.2698002792e-06,-2.1866391200000135e-07,,-5.2782058438548125,-6.660222886429678,2013,Pre-fire
2013-08-14,,5.160468323200001e-06,-1.093319559999994e-07,,-5.287310883459574,-6.961252882093664,2013,Pre-fire
2013-08-15,,5.040203171600001e-06,-1.2026515159999986e-07,,-5.297551956704013,-6.919860196935438,2013,Pre-fire
2013-08-16,,4.952737606800001e-06,-8.74655648000002e-08,,-5.30515468008083,-7.0581628951017175,2013,Pre-fire
2013-08-20,,4.799672868400001e-06,-1.093319559999994e-07,,-5.31878836185154,-6.961252882093664,2013,Pre-fire
2013-08-21,,4.679407716800001e-06,-1.202651516000007e-07,,-5.32980911308049,-6.919860196935434,2013,Pre-fire
2013-08-26,,6.067923558000002e-06,-9.949207996000002e-07,,-5.216959898970986,-6.002211489772568,2013,Pre-fire
2013-08-27,,5.1276687364e-06,-9.402548216000022e-07,,-5.290080039378578,-6.026754430850093,2013,Pre-fire
2013-08-28,,4.799672868400001e-06,-3.279958679999982e-07,,-5.31878836185154,-6.484131627374001,2013,Pre-fire
2013-08-31,,4.559142565200001e-06,-8.746556479999936e-08,,-5.3411168271199045,-7.058162895101721,2013,Pre-fire
2013-08-29,2013-08-30,4.723140499200001e-06,-1.530647384000012e-07,Aggregated,-5.325769135278749,-6.81512484641542,2013,Pre-fire
2014-05-11,,0.0001580284092024,-4.787646353240002e-05,,-3.801264831711675,-4.319877936901536,2014,Pre-fire
2014-05-12,,0.0001204619491208,-3.756646008159999e-05,,-3.919150114056359,-4.425199726934458,2014,Pre-fire
2014-05-13,,9.25167011672e-05,-2.79452479536e-05,,-4.0337798610983855,-4.553692032607299,2014,Pre-fire
2014-05-14,,7.454252760080001e-05,-1.7974173566399996e-05,,-4.1275958852007895,-4.74535106888963,2014,Pre-fire
2014-05-15,,6.10509642304e-05,-1.349156337040001e-05,,-4.214307472478557,-4.869937722396439,2014,Pre-fire
2014-05-16,,5.23262741416e-05,-8.7246900888e-06,,-4.281280187816243,-5.0592499907429325,2014,Pre-fire
2014-05-17,,4.564609163e-05,-6.680182511600001e-06,,-4.340596402274041,-5.175211671851107,2014,Pre-fire
2014-05-20,,4.78217975544e-05,-8.768422871200006e-06,,-4.3203741033920435,-5.057078513809498,2014,Pre-fire
2014-05-21,,4.230053377640001e-05,-5.521263777999989e-06,,-4.373654152372417,-5.257961503975001,2014,Pre-fire
2014-05-22,,3.811311986160001e-05,-4.187413914800003e-06,,-4.418925499319688,-5.378054108125038,2014,Pre-fire
2014-05-23,,3.5029958702400005e-05,-3.083161159200003e-06,,-4.455560374681462,-5.5110037737743,2014,Pre-fire
2014-05-24,,3.217639465080001e-05,-2.8535640515999977e-06,,-4.4924626199940505,-5.544612374755381,2014,Pre-fire
2014-05-25,,2.97273588364e-05,-2.4490358144000057e-06,,-4.5268436745061615,-5.611004863759498,2014,Pre-fire
2014-05-26,,2.820764464800001e-05,-1.519714188399992e-06,,-4.549633176130431,-5.818238081839569,2014,Pre-fire
2014-05-27,,2.62724690268e-05,-1.935175621200011e-06,,-4.580499111289762,-5.713279615731853,2014,Pre-fire
2014-05-29,,2.59335399632e-05,-1.2354511028000024e-06,,-4.586138197401437,-5.908174438610241,2014,Pre-fire
2014-05-30,,2.3670368474e-05,-2.2631714892000023e-06,,-4.625794981404278,-5.645282536636744,2014,Pre-fire
2014-05-31,,2.2041322329600004e-05,-1.6290461443999949e-06,,-4.656762354320174,-5.788066613681389,2014,Pre-fire
2014-06-01,,2.0805871226800005e-05,-1.235451102799999e-06,,-4.681814093806641,-5.908174438610242,2014,Pre-fire
2014-06-02,,1.9843750014e-05,-9.621212128000056e-07,,-4.70237625272153,-6.01677020994349,2014,Pre-fire
2014-06-03,,1.8914428388e-05,-9.29321626e-07,,-4.723206778964866,-6.031833956379369,2014,Pre-fire
2014-06-04,,1.7930440784000004e-05,-9.839876039999947e-07,,-4.746409034045964,-6.00701037265434,2014,Pre-fire
2014-06-05,,1.7340048221600002e-05,-5.903925624000022e-07,,-4.760949699112077,-6.228859122270691,2014,Pre-fire
2014-06-06,,1.6509125356000002e-05,-8.309228656000002e-07,,-4.782275934800492,-6.08043928981287,2014,Pre-fire
2014-06-07,,1.5918732793600003e-05,-5.903925623999988e-07,,-4.798091507116643,-6.228859122270694,2014,Pre-fire
2014-06-08,,1.5426738991600004e-05,-4.91993801999999e-07,,-4.811725868339313,-6.308040368318319,2014,Pre-fire
2014-06-09,,1.4716081277600004e-05,-7.106577139999995e-07,,-4.832207822205704,-6.148339525450806,2014,Pre-fire
2014-06-10,,1.4071022737200004e-05,-6.450585404000002e-07,,-4.851674335189275,-6.190400870451517,2014,Pre-fire
2014-06-11,,1.3928891194400004e-05,-1.421315427999999e-07,,-4.85608345409433,-6.847309529786825,2014,Pre-fire
2014-06-18,,1.5929665989200003e-05,-2.897296833999996e-06,,-4.797793330323672,-5.538007008156854,2014,Pre-fire
2014-06-19,,1.44646177788e-05,-1.4650482104000025e-06,,-4.8396930379061605,-5.834148083728853,2014,Pre-fire
2014-06-20,,1.3644628108800004e-05,-8.199896699999955e-07,,-4.865038296747256,-6.086191618701964,2014,Pre-fire
2014-06-21,,1.3054235546400002e-05,-5.903925624000022e-07,,-4.884248555300311,-6.228859122270691,2014,Pre-fire
2014-06-22,,1.2452909788400002e-05,-6.013257580000001e-07,,-4.904729158014561,-6.220890192599418,2014,Pre-fire
2014-06-23,,1.1971849182e-05,-4.810606064000028e-07,,-4.921838762917525,-6.317800205607472,2014,Pre-fire
2014-06-24,,1.1742252074400004e-05,-2.2959710759999503e-07,,-4.930248600730125,-6.6390335873597515,2014,Pre-fire
2014-06-28,,2.5047951119600003e-05,-3.695420112800001e-06,,-4.601227792904264,-5.432336181816007,2014,Pre-fire
2014-06-29,,2.1461862962800004e-05,-3.586088156799998e-06,,-4.6683325824936555,-5.445379038381983,2014,Pre-fire
2014-06-30,,1.9122159104400005e-05,-2.3397038583999995e-06,,-4.718463072614985,-5.630839108744471,2014,Pre-fire
2014-07-01,,1.7186983483200004e-05,-1.9351756212000007e-06,,-4.764800340390273,-5.713279615731855,2014,Pre-fire
2014-07-02,,1.6115530314400003e-05,-1.0714531688000016e-06,,-4.792755398570629,-5.970026806401166,2014,Pre-fire
2014-07-03,,1.5076876732400003e-05,-1.0386535819999994e-06,,-4.821688615917812,-5.9835292768048145,2014,Pre-fire
2014-07-04,,1.44646177788e-05,-6.122589536000031e-07,,-4.8396930379061605,-6.213064855087459,2014,Pre-fire
2014-07-05,,1.3797692847200002e-05,-6.669249315999977e-07,,-4.8601935271855465,-6.175923047082896,2014,Pre-fire
2014-07-06,,1.32728994584e-05,-5.247933888000029e-07,,-4.877034195354423,-6.280011644718072,2014,Pre-fire
2014-07-07,,1.2769972460800002e-05,-5.029269975999969e-07,,-4.893810039317281,-6.2984950504120905,2014,Pre-fire
2014-07-08,,1.2354511028e-05,-4.154614328000018e-07,,-4.908174438610242,-6.381469285476849,2014,Pre-fire
2014-07-09,,1.1807851248000002e-05,-5.466597799999987e-07,,-4.927829126606712,-6.262282877757644,2014,Pre-fire
2014-07-10,,1.1162792707600002e-05,-6.450585404000002e-07,,-4.952227140006752,-6.190400870451517,2014,Pre-fire
2014-07-11,,1.06270661232e-05,-5.357265844000025e-07,,-4.9735866171673875,-6.2710568020651465,2014,Pre-fire
2014-07-12,,9.982007582800002e-06,-6.450585403999968e-07,,-5.000782104559363,-6.19040087045152,2014,Pre-fire
2014-07-13,,9.5009469764e-06,-4.810606064000028e-07,,-5.022233105644995,-6.317800205607472,2014,Pre-fire
2014-07-14,,9.2276170864e-06,-2.733298900000002e-07,,-5.0349104354680065,-6.563312873421624,2014,Pre-fire
2014-07-15,,8.844955240400001e-06,-3.826618459999979e-07,,-5.053304360481389,-6.417184837743388,2014,Pre-fire
2014-07-16,,8.604424937200002e-06,-2.405303031999997e-07,,-5.065278149734597,-6.618830201271456,2014,Pre-fire
2014-07-17,,8.298295460400001e-06,-3.061294768000007e-07,,-5.081011106198181,-6.514094850751442,2014,Pre-fire
2014-07-18,,8.1670971132e-06,-1.311983472000003e-07,,-5.087932280278263,-6.882071636046036,2014,Pre-fire
2014-07-20,,7.981232788e-06,-1.421315427999999e-07,,-5.097930021973206,-6.847309529786825,2014,Pre-fire
2014-07-21,,7.828168049600001e-06,-1.530647383999995e-07,,-5.106339859785806,-6.815124846415425,2014,Pre-fire
2014-07-24,,1.0189738299200003e-05,-4.624741738800001e-06,,-4.99183696973968,-5.334912514718619,2014,Pre-fire
2014-07-25,,8.768422871200003e-06,-1.4213154280000008e-06,,-5.057078513809498,-5.847309529786825,2014,Pre-fire
2014-07-26,,8.221763091200002e-06,-5.466597800000004e-07,,-5.085035041502019,-6.2622828777576425,2014,Pre-fire
2014-07-27,,7.970299592400001e-06,-2.51463498800001e-07,,-5.098525353775687,-6.599525046076067,2014,Pre-fire
2014-07-28,,7.817234854000002e-06,-1.530647383999995e-07,,-5.106946840292581,-6.815124846415425,2014,Pre-fire
2014-07-29,,7.368973834400002e-06,-4.4826101959999977e-07,,-5.132592985558341,-6.348469025373927,2014,Pre-fire
2014-07-30,,7.0519111620000015e-06,-3.170626724000003e-07,,-5.151693167458394,-6.498854884194706,2014,Pre-fire
2014-07-31,,6.8004476632000005e-06,-2.51463498800001e-07,,-5.167462497402843,-6.599525046076067,2014,Pre-fire
2014-08-01,,6.603650142400001e-06,-1.967975207999996e-07,,-5.18021594347253,-6.7059803769903565,2014,Pre-fire
2014-08-02,,6.384986230400001e-06,-2.1866391199999966e-07,,-5.1948400349812625,-6.660222886429681,2014,Pre-fire
2014-08-03,,6.2647210788000005e-06,-1.202651516000007e-07,,-5.203098260126271,-6.919860196935434,2014,Pre-fire
2014-08-05,,5.947658406400001e-06,-2.405303031999997e-07,,-5.225653982395482,-6.618830201271456,2014,Pre-fire
2014-08-06,,5.827393254800001e-06,-1.2026515159999986e-07,,-5.23452567306709,-6.919860196935438,2014,Pre-fire
2014-08-07,,5.663395320800001e-06,-1.6399793399999996e-07,,-5.246923122348429,-6.785161623037981,2014,Pre-fire
2014-08-08,,5.5649965604000015e-06,-9.83987603999998e-08,,-5.254535099756903,-7.007010372654338,2014,Pre-fire
2014-08-10,,5.379132235200001e-06,-1.4213154280000075e-07,,-5.2692877793263015,-6.8473095297868225,2014,Pre-fire
2014-08-11,,5.2698002792e-06,-1.0933195600000025e-07,,-5.2782058438548125,-6.96125288209366,2014,Pre-fire
2014-08-15,,5.630595734000001e-06,-8.965220392000004e-07,,-5.2494456530524705,-6.0474390297099445,2014,Pre-fire
2014-08-16,,5.324466257200001e-06,-3.0612947679999986e-07,,-5.273723920879028,-6.514094850751443,2014,Pre-fire
2014-08-17,,5.204201105600001e-06,-1.2026515159999986e-07,,-5.283645929373169,-6.919860196935438,2014,Pre-fire
2014-08-18,,5.083935954000001e-06,-1.2026515159999986e-07,,-5.293799929203708,-6.919860196935438,2014,Pre-fire
2014-08-22,,4.745006890400001e-06,-1.530647383999995e-07,,-5.323763152581151,-6.815124846415425,2014,Pre-fire
2014-08-23,,4.657541325600001e-06,-8.74655648000002e-08,,-5.331843282990943,-7.0581628951017175,2014,Pre-fire
2014-08-26,,4.384211435600001e-06,-1.530647383999995e-07,,-5.358108509473479,-6.815124846415425,2014,Pre-fire
2014-08-19,2014-08-20,5.0183367804e-06,-1.311983472000003e-07,Aggregated,-5.2994401965564,-6.882071636046036,2014,Pre-fire
2014-08-24,2014-08-25,4.5946754509e-06,-1.2026515159999986e-07,Aggregated,-5.337745159982153,-6.919860196935438,2014,Pre-fire
2014-09-01,,4.745006890400001e-06,-3.061294768000007e-07,,-5.323763152581151,-6.514094850751442,2014,Pre-fire
2014-09-02,,4.559142565200001e-06,-1.858643252e-07,,-5.3411168271199045,-6.730803960715388,2014,Pre-fire
2014-09-03,2014-09-05,4.520876380600001e-06,-4.9199380200000326e-08,Aggregated,-5.344777368205096,-7.3080403683183155,2014,Pre-fire
2014-09-06,2014-09-07,4.386944734500001e-06,-1.4213154279999906e-07,Aggregated,-5.3578378366807335,-6.847309529786828,2014,Pre-fire
2014-09-08,2014-09-09,4.291279273e-06,-8.74655648000002e-08,Aggregated,-5.367413221012391,-7.0581628951017175,2014,Pre-fire
2015-05-23,,2.2391184588800004e-05,-3.061294767999997e-06,,-4.649922929789868,-5.514094850751443,2015,Pre-fire
2015-05-24,,2.0390409794000003e-05,-2.0007747948000017e-06,,-4.6905740459489556,-5.6988017923632315,2015,Pre-fire
2015-05-25,,1.8990960757200003e-05,-1.3994490367999999e-06,,-4.721453063646563,-5.854042912445793,2015,Pre-fire
2015-05-26,,1.7580578524800003e-05,-1.4103822323999995e-06,,-4.754966837681229,-5.850663171794413,2015,Pre-fire
2015-05-27,,1.67168560724e-05,-8.637224524000024e-07,,-4.776845396681342,-6.063625790803219,2015,Pre-fire
2015-05-28,,1.62467286616e-05,-4.701274107999998e-07,,-4.789234072669105,-6.327784426514075,2015,Pre-fire
2015-05-29,,1.5339273426800004e-05,-9.074552347999974e-07,,-4.814195211065302,-6.042174789717589,2015,Pre-fire
2015-05-30,,1.45520833436e-05,-7.871900832000035e-07,,-4.837074826618987,-6.103920385662391,2015,Pre-fire
2015-05-31,,1.3808626042800002e-05,-7.434573007999983e-07,,-4.859849531538331,-6.128743969387426,2015,Pre-fire
2015-06-01,,1.32510330672e-05,-5.575929756000017e-07,,-4.877750262263394,-6.253682705995724,2015,Pre-fire
2015-06-04,,1.2955836786000002e-05,-9.18388430399997e-07,,-4.887534531747539,-6.036973596031782,2015,Pre-fire
2015-06-05,,1.2081181138000002e-05,-8.746556480000003e-07,,-4.917890604072532,-6.058162895101718,2015,Pre-fire
2015-06-06,,1.1447055793200002e-05,-6.341253448000006e-07,,-4.941306200414819,-6.197824888530724,2015,Pre-fire
2015-06-07,,1.0856663230800004e-05,-5.903925623999971e-07,,-4.964303633598281,-6.228859122270696,2015,Pre-fire
2015-06-08,,1.0200671494800005e-05,-6.559917359999998e-07,,-4.991371238347162,-6.183101631710018,2015,Pre-fire
2015-06-09,,9.6102789324e-06,-5.903925624000039e-07,,-5.0172640070198895,-6.22885912227069,2015,Pre-fire
2015-06-10,,9.0636191524e-06,-5.466597800000004e-07,,-5.042698351543388,-6.2622828777576425,2015,Pre-fire
2015-06-11,,8.735623284400002e-06,-3.279958679999982e-07,,-5.05870610277967,-6.484131627374001,2015,Pre-fire
2015-06-12,,8.3966942208e-06,-3.389290636000012e-07,,-5.0758916620621495,-6.469891188259387,2015,Pre-fire
2015-06-13,,8.057765157200001e-06,-3.389290635999995e-07,,-5.09378539423461,-6.46989118825939,2015,Pre-fire
2015-06-14,,7.8391012452e-06,-2.186639120000005e-07,,-5.1057337264258615,-6.66022288642968,2015,Pre-fire
2015-06-15,,7.5329717684e-06,-3.061294768000007e-07,,-5.123033660186036,-6.514094850751442,2015,Pre-fire
2015-06-16,,7.183109509200001e-06,-3.498622591999991e-07,,-5.143687512533881,-6.456102903773757,2015,Pre-fire
2015-06-17,,6.975378792800002e-06,-2.077307163999992e-07,,-5.156432203372499,-6.682499281140834,2015,Pre-fire
2015-06-18,,6.7020489028000015e-06,-2.733298900000002e-07,,-5.173792407575246,-6.563312873421624,2015,Pre-fire
2015-06-21,,6.516184577600001e-06,-1.311983472000003e-07,,-5.186006622353426,-6.882071636046036,2015,Pre-fire
2015-06-25,,6.5927169468e-06,-9.83987604000015e-08,,-5.180935569953511,-7.007010372654331,2015,Pre-fire
2015-06-26,,6.395919426e-06,-1.967975207999996e-07,,-5.194097016011481,-6.7059803769903565,2015,Pre-fire
2015-06-27,,6.2209882964e-06,-1.749311296000004e-07,,-5.20614061569859,-6.757132899437736,2015,Pre-fire
2015-06-28,,6.046057166800001e-06,-1.749311295999987e-07,,-5.218527750788963,-6.75713289943774,2015,Pre-fire
2015-06-30,,5.838326450400002e-06,-1.3119834719999946e-07,,-5.233711625065105,-6.882071636046039,2015,Pre-fire
2015-07-01,,5.6852617120000005e-06,-1.530647384000012e-07,,-5.245249538458863,-6.81512484641542,2015,Pre-fire
2015-07-03,,5.488464191200002e-06,-1.2026515159999986e-07,,-5.260549164948642,-6.919860196935438,2015,Pre-fire
2015-07-04,,5.3681990396e-06,-1.2026515160000155e-07,,-5.2701713899706935,-6.919860196935431,2015,Pre-fire
2015-07-06,,5.2151343012000015e-06,-1.20265151599999e-07,,-5.282734503053548,-6.91986019693544,2015,Pre-fire
2015-07-07,,5.094869149600002e-06,-1.2026515159999986e-07,,-5.292866965403661,-6.919860196935438,2015,Pre-fire
2015-07-11,,5.597796147200001e-06,-2.8426308560000066e-07,,-5.251982921117831,-6.546279534122843,2015,Pre-fire
2015-07-12,,5.422865017600001e-06,-1.749311296000004e-07,,-5.265771205603464,-6.757132899437736,2015,Pre-fire
2015-07-13,,5.193267910000001e-06,-2.295971076000001e-07,,-5.284559272468795,-6.639033587359743,2015,Pre-fire
2015-07-18,,4.974603998000001e-06,-1.421315427999999e-07,,-5.3032414854365495,-6.847309529786825,2015,Pre-fire
2015-07-19,,4.876205237600001e-06,-9.83987603999998e-08,,-5.31191802338152,-7.007010372654338,2015,Pre-fire
2015-07-20,,4.766873281600001e-06,-1.0933195600000025e-07,,-5.321766392825076,-6.96125288209366,2015,Pre-fire
2015-07-16,2015-07-17,5.1796014155e-06,-1.2026515159999986e-07,Aggregated,-5.285703659117533,-6.919860196935438,2015,Pre-fire
2015-07-28,,4.5810089564e-06,-1.0933195600000025e-07,,-5.339038859127366,-6.96125288209366,2015,Pre-fire
2015-07-29,,4.471677000400001e-06,-1.093319559999994e-07,,-5.34952957408632,-6.961252882093664,2015,Pre-fire
2015-07-30,,4.384211435600001e-06,-8.746556479999936e-08,,-5.358108509473479,-7.058162895101721,2015,Pre-fire
2016-05-24,,2.5846074398400004e-05,-4.296745870799999e-06,,-4.587605409884444,-5.366860331718235,2016,Pre-fire
2016-05-25,,2.290504478200001e-05,-2.9410296163999945e-06,,-4.640068854791347,-5.5315006020912545,2016,Pre-fire
2016-05-26,,2.1013601943200004e-05,-1.8914428388000057e-06,,-4.677499498761135,-5.723206778964865,2016,Pre-fire
2016-05-27,,1.9559486928400003e-05,-1.4541150148000013e-06,,-4.708642541526289,-5.837401241126575,2016,Pre-fire
2016-05-28,,1.8400568194800004e-05,-1.1589187335999984e-06,,-4.735168766117837,-5.935947016828892,2016,Pre-fire
2016-05-29,,1.7591511720400003e-05,-8.09056474400001e-07,,-4.754696837994632,-6.092021162362685,2016,Pre-fire
2016-05-30,,1.6837121224000003e-05,-7.543904963999996e-07,,-4.773732161257199,-6.122403791356406,2016,Pre-fire
2016-05-31,,1.6115530314400003e-05,-7.215909096000008e-07,,-4.792755398570629,-6.141708946551793,2016,Pre-fire
2016-06-01,,1.5481404969600002e-05,-6.341253448000006e-07,,-4.810189628739911,-6.197824888530724,2016,Pre-fire
2016-06-02,,1.4869146016000002e-05,-6.122589535999997e-07,,-4.827713973723444,-6.213064855087461,2016,Pre-fire
2016-06-03,,1.42459538668e-05,-6.231921492000027e-07,,-4.846308466381077,-6.205378026421169,2016,Pre-fire
2016-06-04,,1.3535296152800002e-05,-7.106577139999978e-07,,-4.868532237409562,-6.148339525450807,2016,Pre-fire
2016-06-05,,1.30323691552e-05,-5.02926997600002e-07,,-4.884976626689444,-6.298495050412086,2016,Pre-fire
2016-06-06,,1.2562241744400002e-05,-4.701274107999981e-07,,-4.900932853405377,-6.327784426514077,2016,Pre-fire
2016-06-07,,1.2113980724800004e-05,-4.4826101959999723e-07,,-4.9167131217012505,-6.348469025373929,2016,Pre-fire
2016-06-08,,1.1982782377600002e-05,-1.31198347200002e-07,,-4.921442327945312,-6.88207163604603,2016,Pre-fire
2016-06-09,,1.1654786509600002e-05,-3.279958679999999e-07,,-4.9334956774031085,-6.4841316273739995,2016,Pre-fire
2016-06-15,,1.4650482104000003e-05,-2.623966944000001e-06,,-4.834148083728854,-5.581041640382056,2016,Pre-fire
2016-06-16,,1.3338498632e-05,-1.311983472000003e-06,,-4.874893051418914,-5.882071636046036,2016,Pre-fire
2016-06-17,,1.2540375353200002e-05,-7.98123278799998e-07,,-4.901689464192394,-6.097930021973207,2016,Pre-fire
2016-06-19,,1.2267045463200002e-05,-7.106577140000012e-07,,-4.911260025173519,-6.1483395254508055,2016,Pre-fire
2016-06-20,,1.1447055793200002e-05,-8.199896700000006e-07,,-4.941306200414819,-6.086191618701961,2016,Pre-fire
2016-06-21,,1.0648932514400002e-05,-7.981232787999997e-07,,-4.972693925215046,-6.097930021973206,2016,Pre-fire
2016-06-22,,1.0222537886000002e-05,-4.263946283999997e-07,,-4.990441271221144,-6.370188275067163,2016,Pre-fire
2016-06-23,,9.8289428444e-06,-3.935950416000026e-07,,-5.007493190360433,-6.404950381326372,2016,Pre-fire
2016-06-25,,9.6868113016e-06,-5.247933888000029e-07,,-5.013819160206611,-6.280011644718072,2016,Pre-fire
2016-06-26,,9.118285130400002e-06,-5.685261711999979e-07,,-5.040086831455923,-6.245249538458864,2016,Pre-fire
2016-06-27,,8.615358132800001e-06,-5.029269976000003e-07,,-5.064726664604106,-6.298495050412088,2016,Pre-fire
2016-06-28,,8.254562678000001e-06,-3.607954548000004e-07,,-5.083305930464474,-6.442738942215774,2016,Pre-fire
2016-06-29,,7.959366396800001e-06,-2.951962811999994e-07,,-5.0991215027806245,-6.529889117934675,2016,Pre-fire
2016-06-30,,7.7188360936e-06,-2.405303032000014e-07,,-5.112448181041858,-6.618830201271453,2016,Pre-fire
2016-07-01,,7.6313705288e-06,-8.74655648000002e-08,,-5.1173974594705,-7.0581628951017175,2016,Pre-fire
2016-07-02,,7.543904964e-06,-8.74655648000002e-08,,-5.122403791356406,-7.0581628951017175,2016,Pre-fire
2016-07-03,,7.434573008000001e-06,-1.0933195599999856e-07,,-5.1287439693874255,-6.961252882093667,2016,Pre-fire
2016-07-04,,7.270575074000001e-06,-1.6399793399999996e-07,,-5.138431236790557,-6.785161623037981,2016,Pre-fire
2016-07-05,,7.106577140000002e-06,-1.639979339999991e-07,,-5.148339525450806,-6.7851616230379825,2016,Pre-fire
2016-07-06,,6.975378792800002e-06,-1.311983472000003e-07,,-5.156432203372499,-6.882071636046036,2016,Pre-fire
2016-07-07,,6.745781685200002e-06,-2.295971076000001e-07,,-5.17096771806042,-6.639033587359743,2016,Pre-fire
2016-07-11,,1.7569645329200004e-05,-3.8266184599999623e-07,,-4.755237005330317,-6.41718483774339,2016,Pre-fire
2016-07-12,,1.3196367089200002e-05,-4.373278240000002e-06,,-4.8795456119963125,-5.3591928907657,2016,Pre-fire
2016-07-13,,1.1195592294400002e-05,-2.0007747948e-06,,-4.95095292545385,-5.698801792363232,2016,Pre-fire
2016-07-14,,9.960141191600003e-06,-1.235451102799999e-06,,-5.001734505120663,-5.908174438610242,2016,Pre-fire
2016-07-15,,9.1620179128e-06,-7.981232788000031e-07,,-5.038008863463385,-6.097930021973204,2016,Pre-fire
2016-07-16,,8.626291328400001e-06,-5.357265843999991e-07,,-5.0641758788842415,-6.271056802065149,2016,Pre-fire
2016-07-17,,8.188963504400002e-06,-4.373278239999993e-07,,-5.0867710643941955,-6.3591928907657,2016,Pre-fire
2016-07-18,,7.9375000056e-06,-2.51463498800001e-07,,-5.100316261393568,-6.599525046076067,2016,Pre-fire
2016-07-19,,7.7953684628e-06,-1.421315427999999e-07,,-5.108163352241796,-6.847309529786825,2016,Pre-fire
2016-07-20,,7.4455062036000016e-06,-3.498622591999991e-07,,-5.128105770180876,-6.456102903773757,2016,Pre-fire
2016-07-21,,7.106577140000002e-06,-3.389290635999995e-07,,-5.148339525450806,-6.46989118825939,2016,Pre-fire
2016-07-22,,6.833247250000001e-06,-2.7332989000000106e-07,,-5.165372864749586,-6.563312873421623,2016,Pre-fire
2016-07-23,,6.669249316e-06,-1.639979340000008e-07,,-5.175923047082895,-6.785161623037978,2016,Pre-fire
2016-07-24,,6.516184577600001e-06,-1.530647383999995e-07,,-5.186006622353426,-6.815124846415425,2016,Pre-fire
2016-07-25,,6.3631198392e-06,-1.5306473840000035e-07,,-5.196329897443773,-6.815124846415423,2016,Pre-fire
2016-07-27,,6.1007231448000014e-06,-1.8586432519999916e-07,,-5.214618683156083,-6.73080396071539,2016,Pre-fire
2016-07-28,,6.002324384400002e-06,-9.83987603999998e-08,,-5.22168053764357,-7.007010372654338,2016,Pre-fire
2016-07-29,,5.871126037200001e-06,-1.311983472000003e-07,,-5.231278596394106,-6.882071636046036,2016,Pre-fire
2016-07-30,,5.783660472400001e-06,-8.74655648000002e-08,,-5.237797210058476,-7.0581628951017175,2016,Pre-fire
2016-07-31,,5.554063364800001e-06,-2.295971076000001e-07,,-5.255389169809742,-6.639033587359743,2016,Pre-fire
2016-08-01,,5.3572658440000005e-06,-1.9679752080000046e-07,,-5.271056802065148,-6.705980376990355,2016,Pre-fire
2016-08-02,,5.2151343012000015e-06,-1.4213154279999906e-07,,-5.282734503053548,-6.847309529786828,2016,Pre-fire
2016-08-06,,5.237000692400001e-06,-9.83987603999998e-08,,-5.2809173686790984,-7.007010372654338,2016,Pre-fire
2016-08-07,,5.0620695628e-06,-1.749311296000004e-07,,-5.295671891075709,-6.757132899437736,2016,Pre-fire
2016-08-04,2016-08-05,5.400998626400001e-06,-1.093319559999994e-07,Aggregated,-5.267525933170015,-6.961252882093664,2016,Pre-fire
2016-08-11,,5.073002758400001e-06,-8.74655648000002e-08,,-5.294734901538781,-7.0581628951017175,2016,Pre-fire
2016-08-13,,4.887138433200001e-06,-1.202651516000007e-07,,-5.3109453589617255,-6.919860196935434,2016,Pre-fire
2016-08-14,,4.6356749344000006e-06,-2.5146349880000016e-07,,-5.333887025500929,-6.599525046076068,2016,Pre-fire
2016-08-15,,4.537276174000001e-06,-9.83987603999998e-08,,-5.343204785381569,-7.007010372654338,2016,Pre-fire
2016-08-16,,4.427944218000001e-06,-1.093319559999994e-07,,-5.353797858878993,-6.961252882093664,2016,Pre-fire
2016-08-25,,4.1764807192e-06,-1.4213154280000075e-07,,-5.379189519181953,-6.8473095297868225,2016,Pre-fire
2016-08-26,,4.089015154400001e-06,-8.746556479999936e-08,,-5.388381279893181,-7.058162895101721,2016,Pre-fire
2017-05-17,,0.0001746687329056,-2.8338842995199998e-05,,-3.7577848302310155,-4.547617884895106,2017,Pre-fire
2017-05-18,,0.000133002324474,-4.16664084316e-05,,-3.8761407688268243,-4.380213933321494,2017,Pre-fire
2017-05-19,,0.00011397856413,-1.9023760344000012e-05,,-3.9431768184478666,-4.720703633811062,2017,Pre-fire
2017-05-20,,0.0001045541495228,-9.424414607199996e-06,,-3.9806587263174418,-5.025745616268949,2017,Pre-fire
2017-05-21,,9.967794428520002e-05,-4.876205237599985e-06,,-4.001400927294056,-5.311918023381521,2017,Pre-fire
2017-05-24,,8.752023077800002e-05,-1.2868371221199979e-05,,-4.057891545838343,-4.890476419250228,2017,Pre-fire
2017-05-25,,7.102203861760002e-05,-1.649819216040001e-05,,-4.148606865860542,-4.782563642318071,2017,Pre-fire
2017-05-26,,5.941098489040001e-05,-1.1611053727200004e-05,,-4.22613324801179,-4.935128365348211,2017,Pre-fire
2017-05-27,,5.428331615400001e-05,-5.127668736400003e-06,,-4.265333629262262,-5.290080039378578,2017,Pre-fire
2017-05-28,,5.316813020280001e-05,-1.1151859512e-06,,-4.274348612525484,-5.952652710331744,2017,Pre-fire
2017-05-29,,5.23590737284e-05,-8.090564744000112e-07,,-4.281008045051054,-6.09202116236268,2017,Pre-fire
2017-05-30,,4.92431129824e-05,-3.115960745999995e-06,,-4.307654500250372,-5.506408022085152,2017,Pre-fire
2017-05-31,,4.30877238596e-05,-6.1553891227999994e-06,,-4.365646447228059,-5.210744487242316,2017,Pre-fire
2017-06-01,,4.122908060760001e-05,-1.8586432519999933e-06,,-4.384796349688042,-5.73080396071539,2017,Pre-fire
2017-06-02,,3.75227272992e-05,-3.7063533084000073e-06,,-4.425705602916993,-5.431053183890579,2017,Pre-fire
2017-06-03,,3.494249313760001e-05,-2.580234161599994e-06,,-4.4566461114517075,-5.588340879123556,2017,Pre-fire
2017-06-04,,3.273398762640001e-05,-2.208505511200001e-06,,-4.485001086086628,-5.655901512647038,2017,Pre-fire
2017-06-05,,3.0153753464800006e-05,-2.580234161600001e-06,,-4.520658620253831,-5.588340879123555,2017,Pre-fire
2017-06-06,,2.80108471272e-05,-2.1429063376000067e-06,,-4.552673756684994,-5.668996810737184,2017,Pre-fire
2017-06-07,,2.6994059936400003e-05,-1.0167871907999968e-06,,-4.56873179216173,-5.992769933539728,2017,Pre-fire
2017-06-11,,3.2241993824400005e-05,-3.5751549611999985e-06,,-4.491578109541863,-5.446705129433376,2017,Pre-fire
2017-06-12,,2.9650826467200008e-05,-2.591167357199997e-06,,-4.527963196898636,-5.586504536083559,2017,Pre-fire
2017-06-13,,2.9180699056400004e-05,-4.701274108000032e-07,,-4.534904308306154,-6.327784426514072,2017,Pre-fire
2017-06-14,,2.7136191479200004e-05,-2.0445075772e-06,,-4.566451104930951,-5.689411275557163,2017,Pre-fire
2017-06-17,,2.8502840929200005e-05,-1.9570420124e-06,,-4.545111850925332,-5.708399851113769,2017,Pre-fire
2017-06-18,,2.63380682004e-05,-2.164772728800006e-06,,-4.579416082095318,-5.664587691832129,2017,Pre-fire
2017-06-19,,2.4752754838400003e-05,-1.5853133619999965e-06,,-4.606376459577428,-5.799884879858688,2017,Pre-fire
2017-06-20,,2.3222107454400008e-05,-1.530647383999995e-06,,-4.63409836968423,-5.815124846415425,2017,Pre-fire
2017-06-21,,2.1603994505600003e-05,-1.6181129488000054e-06,,-4.6654659418420525,-5.790991166698703,2017,Pre-fire
2017-06-22,,1.9996814752400004e-05,-1.607179753199999e-06,,-4.699039176617245,-5.793935547345486,2017,Pre-fire
2017-06-23,,1.85426997376e-05,-1.4541150148000046e-06,,-4.731827034172967,-5.8374012411265745,2017,Pre-fire
2017-06-24,,1.7165117092e-05,-1.3775826455999973e-06,,-4.765353229684428,-5.8608823369761,2017,Pre-fire
2017-06-25,,1.5951532380400002e-05,-1.2135847115999998e-06,,-4.79719759020021,-5.9159299033070045,2017,Pre-fire
2017-06-26,,1.4934745189600003e-05,-1.0167871907999985e-06,,-4.825802182748148,-5.992769933539727,2017,Pre-fire
2017-06-27,,1.4158488302000004e-05,-7.762568875999988e-07,,-4.848983113676391,-6.1099945333745875,2017,Pre-fire
2017-06-28,,1.3469696979200002e-05,-6.88791322800002e-07,,-4.870642174265255,-6.161912332640079,2017,Pre-fire
2017-06-29,,1.2824638438800004e-05,-6.450585403999985e-07,,-4.891954869978132,-6.190400870451518,2017,Pre-fire
2017-06-30,,1.2288911854400005e-05,-5.357265843999991e-07,,-4.910486570860619,-6.271056802065149,2017,Pre-fire
2017-07-01,,1.19281163996e-05,-3.607954548000055e-07,,-4.92342813150532,-6.442738942215768,2017,Pre-fire
2017-07-02,,1.15782541404e-05,-3.498622591999991e-07,,-4.936356921986177,-6.456102903773757,2017,Pre-fire
2017-07-03,,1.11737259032e-05,-4.045282372000005e-07,,-4.951801986294968,-6.393051158026666,2017,Pre-fire
2017-07-04,,1.0780130861600002e-05,-3.935950415999975e-07,,-4.96737596715245,-6.404950381326377,2017,Pre-fire
2017-07-05,,1.038653582e-05,-3.935950416000026e-07,,-4.983529276804814,-6.404950381326372,2017,Pre-fire
2017-07-06,,9.992940778400002e-06,-3.935950415999975e-07,,-5.00030668635983,-6.404950381326377,2017,Pre-fire
2017-07-07,,9.719610888400002e-06,-2.733298900000002e-07,,-5.012351121123448,-6.563312873421624,2017,Pre-fire
2017-07-08,,9.56654615e-06,-1.530647384000012e-07,,-5.019244829071348,-6.81512484641542,2017,Pre-fire
2017-07-09,,9.347882238000002e-06,-2.186639119999988e-07,,-5.029286767365489,-6.660222886429683,2017,Pre-fire
2017-07-10,,9.183884304e-06,-1.639979340000025e-07,,-5.03697359603178,-6.785161623037974,2017,Pre-fire
2017-07-11,,8.9542871964e-06,-2.2959710759999841e-07,,-5.047968980333243,-6.639033587359745,2017,Pre-fire
2017-07-12,,8.713756893200001e-06,-2.405303031999997e-07,,-5.059794560697549,-6.618830201271456,2017,Pre-fire
2017-07-13,,8.506026176800002e-06,-2.077307163999992e-07,,-5.070273285103973,-6.682499281140834,2017,Pre-fire
2017-07-14,,8.3529614384e-06,-1.530647384000012e-07,,-5.0781595235179715,-6.81512484641542,2017,Pre-fire
2017-07-15,,8.145230722000002e-06,-2.077307163999992e-07,,-5.0890966093453684,-6.682499281140834,2017,Pre-fire
2017-07-16,,7.9921659836e-06,-1.530647384000012e-07,,-5.097335505135801,-6.81512484641542,2017,Pre-fire
2017-07-17,,7.707902898e-06,-2.842630855999998e-07,,-5.113063765102263,-6.546279534122844,2017,Pre-fire
2017-07-18,,7.5329717684e-06,-1.749311296000004e-07,,-5.123033660186036,-6.757132899437736,2017,Pre-fire
2017-07-19,,7.379907030000002e-06,-1.5306473839999781e-07,,-5.131949109262637,-6.81512484641543,2017,Pre-fire
2017-07-20,,7.183109509200001e-06,-1.967975208000013e-07,,-5.143687512533881,-6.705980376990353,2017,Pre-fire
2017-07-21,,6.964445597200001e-06,-2.1866391199999966e-07,,-5.157113449758311,-6.660222886429681,2017,Pre-fire
2017-07-22,,6.833247250000001e-06,-1.311983472000003e-07,,-5.165372864749586,-6.882071636046036,2017,Pre-fire
2017-07-23,,6.734848489600001e-06,-9.83987603999998e-08,,-5.171672169929236,-7.007010372654338,2017,Pre-fire
2017-07-24,,6.570850555600001e-06,-1.6399793399999996e-07,,-5.182378410090922,-6.785161623037981,2017,Pre-fire
2017-07-25,,6.417785817200001e-06,-1.5306473840000035e-07,,-5.192614780846047,-6.815124846415423,2017,Pre-fire
2017-07-26,,6.2647210788000005e-06,-1.5306473840000035e-07,,-5.203098260126271,-6.815124846415423,2017,Pre-fire
2017-07-27,,6.133522731600001e-06,-1.3119834719999946e-07,,-5.2122900208375,-6.882071636046039,2017,Pre-fire
2017-07-29,,6.013257580000001e-06,-1.2026515159999986e-07,,-5.220890192599418,-6.919860196935438,2017,Pre-fire
2017-07-30,,5.892992428400001e-06,-1.2026515159999986e-07,,-5.229664116906923,-6.919860196935438,2017,Pre-fire
2017-08-01,,5.7508608856000015e-06,-1.311983472000003e-07,,-5.240267137939923,-6.882071636046036,2017,Pre-fire
2017-08-02,,5.652462125200001e-06,-9.839876040000065e-08,,-5.247762338999719,-7.007010372654334,2017,Pre-fire
2017-08-03,,5.554063364800001e-06,-9.83987603999998e-08,,-5.255389169809742,-7.007010372654338,2017,Pre-fire
2017-08-08,,5.2260674968e-06,-1.421315427999999e-07,,-5.281824985481543,-6.847309529786825,2017,Pre-fire
2017-08-04,2017-08-05,5.499397386800001e-06,-8.74655648000002e-08,Aggregated,-5.259684897037734,-7.0581628951017175,2017,Pre-fire
2017-08-06,2017-08-07,5.420131718700001e-06,-9.839876040000065e-08,Aggregated,-5.265990159216321,-7.007010372654334,2017,Pre-fire
2017-08-09,2017-08-11,5.160468323200001e-06,-6.01325757999995e-08,Aggregated,-5.287310883459574,-7.2208901925994216,2017,Pre-fire
2017-08-16,,4.9636708024000005e-06,-8.746556480000105e-08,,-5.3041970292365574,-7.058162895101713,2017,Pre-fire
2017-08-17,2017-08-18,4.911738123300001e-06,-1.2026515159999986e-07,Aggregated,-5.3087647963126505,-6.919860196935438,2017,Pre-fire
2017-08-26,,4.559142565200001e-06,-1.2026515159999986e-07,,-5.3411168271199045,-6.919860196935438,2017,Pre-fire
2017-08-27,,4.4498106092000006e-06,-1.0933195600000025e-07,,-5.351658472868442,-6.96125288209366,2017,Pre-fire
2017-08-28,,4.351411848800001e-06,-9.83987603999998e-08,,-5.361369810019974,-7.007010372654338,2017,Pre-fire
2018-04-09,,0.0001995636192868,-7.058471079359998e-05,,-3.699918628294531,-4.151289360379648,2018,Pre-fire
2018-04-10,,0.0001758932508128,-2.3670368474000005e-05,,-3.7547508245049763,-4.625794981404278,2018,Pre-fire
2018-04-11,,0.0001694973313868,-6.395919425999984e-06,,-3.7708371350603715,-5.194097016011482,2018,Pre-fire
2018-04-12,,0.0001318871385228,-3.761019286400001e-05,,-3.879797554271088,-4.424694439522131,2018,Pre-fire
2018-04-13,,0.0001169195937464,-1.4967544776399997e-05,,-3.93211270232934,-4.824849433959672,2018,Pre-fire
2018-04-16,,0.0001324775310852,-3.750086090799999e-06,,-3.8778577742040112,-5.425958762050891,2018,Pre-fire
2018-04-17,,0.0001072327824448,-2.5244748640400002e-05,,-3.969672424919322,-4.597828949176486,2018,Pre-fire
2018-04-18,,9.35006887712e-05,-1.3732093673600001e-05,,-4.0291851898929405,-4.862263242692484,2018,Pre-fire
2018-04-19,,8.697357099800002e-05,-6.527117773199979e-06,,-4.060612698111061,-5.185278550964294,2018,Pre-fire
2018-04-20,,8.594585061160001e-05,-1.0277203864000032e-06,,-4.065775085817947,-5.988125028493962,2018,Pre-fire
2018-04-27,,0.0001325540634544,-4.023415980800016e-06,,-3.877606954398077,-5.395405063420142,2018,Pre-fire
2018-04-28,,9.966701108960002e-05,-3.288705236479998e-05,,-4.001448565585323,-4.4829750501740575,2018,Pre-fire
2018-04-29,,8.89524794016e-05,-1.0714531688000016e-05,,-4.050841942178973,-4.970026806401166,2018,Pre-fire
2018-04-30,,8.562878793920003e-05,-3.323691462399974e-06,,-4.067380203298581,-5.478379298484912,2018,Pre-fire
2018-05-01,,7.448786162280001e-05,-1.1140926316400014e-05,,-4.127914493154264,-4.953078698087235,2018,Pre-fire
2018-05-02,,6.592716946800001e-05,-8.5606921548e-06,,-4.18093556995351,-5.067491120035719,2018,Pre-fire
2018-05-03,,6.45714532136e-05,-1.3557162544000048e-06,,-4.1899594394646025,-5.867831196931425,2018,Pre-fire
2018-05-04,,6.418879136760002e-05,-3.8266184599998606e-07,,-4.192540801715998,-6.4171848377434015,2018,Pre-fire
2018-05-05,,6.16304235972e-05,-2.5583677704000152e-06,,-4.210204847273474,-5.592037024683516,2018,Pre-fire
2018-05-06,,6.028564053840001e-05,-1.3447830587999985e-06,,-4.219786120323906,-5.871347770654264,2018,Pre-fire
2018-05-07,,5.5540633648e-05,-4.745006890400003e-06,,-4.255389169809742,-5.323763152581151,2018,Pre-fire
2018-05-08,,5.3211862985200014e-05,-2.3287706627999897e-06,,-4.273991535850155,-5.632873278654926,2018,Pre-fire
2018-05-09,,5.08721591268e-05,-2.3397038584000164e-06,,-4.2935198295603945,-5.630839108744468,2018,Pre-fire
2018-05-10,,4.7887396728e-05,-2.9847623987999997e-06,,-4.319778771589562,-5.525090235052906,2018,Pre-fire
2018-05-11,,4.2858126752e-05,-5.029269976e-06,,-4.3679668150732045,-5.298495050412088,2018,Pre-fire
2018-05-12,,3.8145919448400007e-05,-4.712207303599991e-06,,-4.418551912645551,-5.326775611932931,2018,Pre-fire
2018-05-13,,3.4997159115600006e-05,-3.1487603328000005e-06,,-4.455967207949529,-5.501860394334431,2018,Pre-fire
2018-05-14,,3.3193181841600004e-05,-1.803977274000002e-06,,-4.478951114870219,-5.743768937879755,2018,Pre-fire
2018-05-15,,3.160786847960001e-05,-1.5853133619999965e-06,,-4.500204790423004,-5.799884879858688,2018,Pre-fire
2018-05-16,,2.9716425640800005e-05,-1.8914428388000023e-06,,-4.527003429697186,-5.723206778964866,2018,Pre-fire
2018-05-17,,2.717992426160001e-05,-2.5365013791999957e-06,,-4.5657517577880355,-5.595764897202763,2018,Pre-fire
2018-05-18,,2.4752754838400003e-05,-2.4271694232000065e-06,,-4.606376459577428,-5.614899907643022,2018,Pre-fire
2018-05-19,,2.2970643955600004e-05,-1.7821108827999995e-06,,-4.638826829687709,-5.749065277689704,2018,Pre-fire
2018-05-20,,2.1210399464000003e-05,-1.7602444916000003e-06,,-4.673451152163436,-5.754427006061812,2018,Pre-fire
2018-05-21,,1.9964015165600005e-05,-1.2463842983999987e-06,,-4.699752108895382,-5.904348030757189,2018,Pre-fire
2018-05-22,,1.9034693539600005e-05,-9.29321626e-07,,-4.7204541109763305,-6.031833956379369,2018,Pre-fire
2018-05-23,,1.8061639131200003e-05,-9.730544084000018e-07,,-4.743242839109298,-6.011862875448748,2018,Pre-fire
2018-05-24,,1.7219783070000003e-05,-8.418560611999998e-07,,-4.7639723239680425,-6.07476215692118,2018,Pre-fire
2018-05-25,,1.66512568988e-05,-5.68526171200003e-07,,-4.778552978757619,-6.24524953845886,2018,Pre-fire
2018-05-26,,1.6192062683600003e-05,-4.5919421519999683e-07,,-4.7906978235724536,-6.338003591695764,2018,Pre-fire
2018-05-27,,1.5361139818000003e-05,-8.309228656000002e-07,,-4.813576557852563,-6.08043928981287,2018,Pre-fire
2018-05-28,,1.45520833436e-05,-8.090564744000027e-07,,-4.837074826618987,-6.092021162362684,2018,Pre-fire
2018-05-29,,1.3950757585600004e-05,-6.013257579999967e-07,,-4.855402207708518,-6.220890192599421,2018,Pre-fire
2018-05-30,,1.3141701111200002e-05,-8.09056474400001e-07,,-4.881348414426941,-6.092021162362685,2018,Pre-fire
2018-05-31,,1.29449035904e-05,-1.96797520800003e-07,,-4.887901179706761,-6.705980376990349,2018,Pre-fire
2018-06-01,,1.2584108135600002e-05,-3.60795454799997e-07,,-4.90017755846387,-6.442738942215778,2018,Pre-fire
2018-06-02,,1.1949982790800002e-05,-6.341253448000006e-07,,-4.922632720143959,-6.197824888530724,2018,Pre-fire
2018-06-03,,1.15454545536e-05,-4.045282372000022e-07,,-4.937588963895868,-6.3930511580266645,2018,Pre-fire
2018-06-04,,1.1261191468000002e-05,-2.842630855999981e-07,,-4.948415657388489,-6.546279534122847,2018,Pre-fire
2018-06-05,,1.0780130861600002e-05,-4.810606063999994e-07,,-4.96737596715245,-6.317800205607475,2018,Pre-fire
2018-06-06,,1.0408402211200002e-05,-3.717286504e-07,,-4.982615933709187,-6.429773965051407,2018,Pre-fire
2018-06-07,,1.02553374728e-05,-1.530647384000029e-07,,-4.989050043714597,-6.815124846415416,2018,Pre-fire
2018-06-11,,1.7974173566400003e-05,-3.6844869172000013e-06,,-4.74535106888963,-5.433622981222323,2018,Pre-fire
2018-06-12,,1.4694214886400002e-05,-3.279958680000001e-06,,-4.832853613375855,-5.4841316273739995,2018,Pre-fire
2018-06-13,,1.30761019376e-05,-1.618112948800002e-06,,-4.88352170244127,-5.790991166698704,2018,Pre-fire
2018-06-14,,1.2048381551200003e-05,-1.0277203863999965e-06,,-4.9190712875778955,-5.988125028493965,2018,Pre-fire
2018-06-15,,1.1425189402e-05,-6.231921492000027e-07,,-4.942136591646589,-6.205378026421169,2018,Pre-fire
2018-06-16,,1.1009727969200002e-05,-4.154614327999984e-07,,-4.958223411540044,-6.381469285476853,2018,Pre-fire
2018-06-17,,1.0747331274800002e-05,-2.623966944000006e-07,,-4.968699364261526,-6.581041640382055,2018,Pre-fire
2018-06-18,,1.03974690156e-05,-3.498622592000008e-07,,-4.983072365156247,-6.456102903773755,2018,Pre-fire
2018-06-19,,9.818009648800002e-06,-5.794593667999992e-07,,-5.007976545426358,-6.236977012492873,2018,Pre-fire
2018-06-21,,1.1742252074400004e-05,-1.607179753199999e-06,,-4.930248600730125,-5.793935547345486,2018,Pre-fire
2018-06-22,,1.06707989056e-05,-1.071453168800005e-06,,-4.97180306442697,-5.970026806401165,2018,Pre-fire
2018-06-23,,9.992940778400002e-06,-6.778581271999973e-07,,-5.00030668635983,-6.1688611925954095,2018,Pre-fire
2018-06-24,,9.347882238000002e-06,-6.450585404000002e-07,,-5.029286767365489,-6.190400870451517,2018,Pre-fire
2018-06-25,,8.724690088800002e-06,-6.231921491999993e-07,,-5.0592499907429325,-6.205378026421171,2018,Pre-fire
2018-06-26,,8.374827829600002e-06,-3.498622592000008e-07,,-5.077024112461058,-6.456102903773755,2018,Pre-fire
2018-06-27,,8.145230722000002e-06,-2.295971076000001e-07,,-5.0890966093453684,-6.639033587359743,2018,Pre-fire
2018-06-28,,7.926566810000001e-06,-2.186639120000005e-07,,-5.100914875522668,-6.66022288642968,2018,Pre-fire
2018-06-29,,7.729769289200001e-06,-1.967975207999996e-07,,-5.111833468296762,-6.7059803769903565,2018,Pre-fire
2018-06-30,,7.5329717684e-06,-1.967975208000013e-07,,-5.123033660186036,-6.705980376990353,2018,Pre-fire
2018-07-01,,7.281508269600002e-06,-2.5146349879999846e-07,,-5.137778652923361,-6.599525046076072,2018,Pre-fire
2018-07-02,,7.150309922400001e-06,-1.311983472000003e-07,,-5.1456751337693944,-6.882071636046036,2018,Pre-fire
2018-07-03,,7.0519111620000015e-06,-9.83987603999998e-08,,-5.151693167458394,-7.007010372654338,2018,Pre-fire
2018-07-04,,6.8879132280000016e-06,-1.6399793399999996e-07,,-5.16191233264008,-6.785161623037981,2018,Pre-fire
2018-07-05,,6.6364497292000005e-06,-2.51463498800001e-07,,-5.178064191018404,-6.599525046076067,2018,Pre-fire
2018-07-06,,6.4833849908e-06,-1.5306473840000035e-07,,-5.188198188729399,-6.815124846415423,2018,Pre-fire
2018-07-09,,6.297520665600001e-06,-9.839876039999896e-08,,-5.200830398670449,-7.007010372654341,2018,Pre-fire
2018-07-10,,6.111656340400002e-06,-1.8586432519999916e-07,,-5.213841074207238,-6.73080396071539,2018,Pre-fire
2018-07-11,,6.013257580000001e-06,-9.839876040000065e-08,,-5.220890192599418,-7.007010372654334,2018,Pre-fire
2018-07-12,,5.860192841600001e-06,-1.5306473840000035e-07,,-5.2320880924008915,-6.815124846415423,2018,Pre-fire
2018-07-13,,5.7289944944000006e-06,-1.311983472000003e-07,,-5.241921595109935,-6.882071636046036,2018,Pre-fire
2018-07-14,,5.597796147200001e-06,-1.3119834719999946e-07,,-5.251982921117831,-6.882071636046039,2018,Pre-fire
2018-07-15,,5.488464191200002e-06,-1.093319559999994e-07,,-5.260549164948642,-6.961252882093664,2018,Pre-fire
2018-07-17,,5.3681990396e-06,-8.74655648000002e-08,,-5.2701713899706935,-7.0581628951017175,2018,Pre-fire
2018-07-18,,5.2698002792e-06,-9.83987603999998e-08,,-5.2782058438548125,-7.007010372654338,2018,Pre-fire
2018-07-07,2018-07-08,6.4451188062e-06,-8.74655648000002e-08,Aggregated,-5.190769072662554,-7.0581628951017175,2018,Pre-fire
2018-07-21,,5.094869149600002e-06,-9.839876039999896e-08,,-5.292866965403661,-7.007010372654341,2018,Pre-fire
2018-07-24,,4.8980716288e-06,-1.093319560000011e-07,,-5.309974868095518,-6.961252882093658,2018,Pre-fire
2018-07-22,2018-07-23,5.062069562800001e-06,-8.74655648000002e-08,Aggregated,-5.295671891075709,-7.0581628951017175,2018,Pre-fire
2018-07-25,2018-07-26,4.832472455200001e-06,-1.093319559999994e-07,Aggregated,-5.31583061274457,-6.961252882093664,2018,Pre-fire
2018-08-01,,4.504476587200001e-06,-1.093319559999994e-07,,-5.346355666060527,-6.961252882093664,2018,Pre-fire
2018-07-29,2018-07-30,4.720407200300001e-06,-9.839876040000065e-08,Aggregated,-5.326020535854165,-7.007010372654334,2018,Pre-fire
2018-08-06,,4.351411848800001e-06,-9.83987603999998e-08,,-5.361369810019974,-7.007010372654338,2018,Pre-fire
2018-08-09,,4.209280306000001e-06,-9.83987603999998e-08,,-5.375792152585161,-7.007010372654338,2018,Pre-fire
2018-08-14,2018-08-15,4.0671487632e-06,-1.093319559999994e-07,Aggregated,-5.390709942211764,-6.961252882093664,2018,Pre-fire
2018-08-28,2018-08-29,3.9031508292e-06,-8.746556480000105e-08,Aggregated,-5.4085846659814685,-7.058162895101713,2018,Pre-fire
2018-08-30,2018-08-31,3.7992854709999997e-06,-8.746556479999978e-08,Aggregated,-5.420298073167529,-7.058162895101719,2018,Pre-fire
2018-09-01,2018-09-03,3.706353308400001e-06,-4.919938019999948e-08,Aggregated,-5.43105318389058,-7.308040368318323,2018,Pre-fire
2019-04-12,,0.0003118366049032,-8.016219013919995e-05,,-3.5060729065481326,-4.096030425803483,2019,Pre-fire
2019-04-13,,0.000235282369312,-7.655423559120003e-05,,-3.6284106150993103,-4.1160307756646475,2019,Pre-fire
2019-04-14,,0.0001957370008268,-3.9545368485199996e-05,,-3.708327070427862,-4.402904373332042,2019,Pre-fire
2019-04-15,,0.0001473576102968,-4.837939053e-05,,-3.8316274300579782,-4.315339607059817,2019,Pre-fire
2019-04-16,,0.0001261581440284,-2.1199466268399987e-05,,-3.8990847087418787,-4.673675073014957,2019,Pre-fire
2019-04-17,,0.0001132023072424,-1.2955836786000016e-05,,-3.9461447214478245,-4.887534531747539,2019,Pre-fire
2019-04-21,,0.0001344564394888,-3.741339534319999e-05,,-3.8714183933850324,-4.4269728768885805,2019,Pre-fire
2019-04-22,,0.0001065767907088,-2.7879648780000015e-05,,-3.972337361580975,-4.554712701659707,2019,Pre-fire
2019-04-23,,0.000102717372662,-3.859418046799995e-06,,-3.9883560976571175,-5.41347817670584,2019,Pre-fire
2019-04-25,,9.368655309640002e-05,-1.0288137059599978e-05,,-4.028322739262872,-4.987663258666406,2019,Pre-fire
2019-04-26,,8.101497939600002e-05,-1.26715737004e-05,,-4.091434674114334,-4.897169446130066,2019,Pre-fire
2019-04-27,,6.807007580560001e-05,-1.2944903590400003e-05,,-4.167043765747165,-4.887901179706761,2019,Pre-fire
2019-04-28,,5.620755857960001e-05,-1.1862517226000002e-05,,-4.250205278226628,-4.925823143909113,2019,Pre-fire
2019-04-29,,4.9254046178e-05,-6.953512401600011e-06,,-4.30755808677858,-5.157795766445247,2019,Pre-fire
2019-04-30,,4.40717114636e-05,-5.182334714400001e-06,,-4.355840083940611,-5.285474540419576,2019,Pre-fire
2019-05-01,,3.97749655928e-05,-4.296745870799999e-06,,-4.400390187366197,-5.366860331718235,2019,Pre-fire
2019-05-02,,3.897684231400001e-05,-7.981232787999913e-07,,-4.409193347905777,-6.097930021973211,2019,Pre-fire
2019-05-03,,3.7610192864000006e-05,-1.3666494500000044e-06,,-4.424694439522131,-5.864342869085604,2019,Pre-fire
2019-05-04,,3.683393597640001e-05,-7.762568875999988e-07,,-4.433751871112541,-6.1099945333745875,2019,Pre-fire
2019-05-05,,3.635287537e-05,-4.810606064000096e-07,,-4.439461232454538,-6.317800205607465,2019,Pre-fire
2019-05-06,,3.53251549836e-05,-1.0277203863999965e-06,,-4.451915924076018,-5.988125028493965,2019,Pre-fire
2019-05-07,,3.4614497269600006e-05,-7.106577139999944e-07,,-4.460741971567325,-6.14833952545081,2019,Pre-fire
2019-05-08,,3.41881026412e-05,-4.263946284000048e-07,,-4.466125000850728,-6.370188275067157,2019,Pre-fire
2019-05-09,,3.39913051204e-05,-1.967975207999996e-07,,-4.46863216005047,-6.7059803769903565,2019,Pre-fire
2019-05-10,,3.2077995890400004e-05,-1.913309229999998e-06,,-4.4937927725863975,-5.718214833407368,2019,Pre-fire
2019-05-11,,3.0776945614000004e-05,-1.3010502764e-06,,-4.511774482906296,-5.885705920701131,2019,Pre-fire
2019-05-12,,2.978202481440001e-05,-9.949207995999943e-07,,-4.5260457788529145,-6.002211489772571,2019,Pre-fire
2019-05-13,,2.8076446300800007e-05,-1.7055785136000023e-06,,-4.551657862696846,-5.768128283739199,2019,Pre-fire
2019-05-14,,2.6731663242e-05,-1.3447830588000086e-06,,-4.572974018634023,-5.871347770654261,2019,Pre-fire
2019-05-15,,2.5211949053600003e-05,-1.5197141883999955e-06,,-4.5983935791349815,-5.818238081839568,2019,Pre-fire
2019-05-16,,2.3222107454400008e-05,-1.9898415991999953e-06,,-4.63409836968423,-5.701181494108588,2019,Pre-fire
2019-05-27,,2.3889032386000004e-05,-2.2959710759999503e-07,,-4.621801440787221,-6.6390335873597515,2019,Pre-fire
2019-05-28,,2.2653581283200005e-05,-1.235451102799999e-06,,-4.644863131020466,-5.908174438610242,2019,Pre-fire
2019-05-29,,2.1461862962800004e-05,-1.1917183204000006e-06,,-4.6683325824936555,-5.923826384153038,2019,Pre-fire
2019-05-30,,2.0117079904000003e-05,-1.3447830588000018e-06,,-4.696435059084125,-5.871347770654263,2019,Pre-fire
2019-05-31,,1.91658918868e-05,-9.511880172000026e-07,,-4.717470965999866,-6.021733629475042,2019,Pre-fire
2019-06-01,,1.79195075884e-05,-1.2463842983999987e-06,,-4.746673928523163,-5.904348030757189,2019,Pre-fire
2019-06-02,,1.68043216372e-05,-1.1151859512e-06,,-4.774579014593916,-5.952652710331744,2019,Pre-fire
2019-06-03,,1.5831267228800003e-05,-9.730544083999984e-07,,-4.800484320232534,-6.01186287544875,2019,Pre-fire
2019-06-04,,1.4737947668800004e-05,-1.0933195599999991e-06,,-4.831562989894361,-5.961252882093662,2019,Pre-fire
2019-06-05,,1.40054235636e-05,-7.325241052000038e-07,,-4.853703752348975,-6.135178079392833,2019,Pre-fire
2019-06-06,,1.3557162544000004e-05,-4.4826101959999553e-07,,-4.8678311969314265,-6.34846902537393,2019,Pre-fire
2019-06-08,,1.4563016539200003e-05,-7.106577139999995e-07,,-4.836748657259379,-6.148339525450806,2019,Pre-fire
2019-06-09,,1.29886363728e-05,-1.5743801664000036e-06,,-4.886436441448487,-5.802890389998411,2019,Pre-fire
2019-06-10,,1.2179579898400002e-05,-8.090564743999976e-07,,-4.9143676912559515,-6.092021162362687,2019,Pre-fire
2019-06-11,,1.1611053727200004e-05,-5.685261711999979e-07,,-4.935128365348211,-6.245249538458864,2019,Pre-fire
2019-06-12,,1.1151859512000002e-05,-4.591942152000019e-07,,-4.952652710331744,-6.3380035916957596,2019,Pre-fire
2019-06-13,,1.06707989056e-05,-4.810606064000028e-07,,-4.97180306442697,-6.317800205607472,2019,Pre-fire
2019-06-14,,1.03537362332e-05,-3.170626723999986e-07,,-4.984902903090388,-6.498854884194707,2019,Pre-fire
2019-06-15,,9.8836088224e-06,-4.701274108000015e-07,,-5.005084451618298,-6.327784426514074,2019,Pre-fire
2019-06-16,,9.533746563200002e-06,-3.498622591999974e-07,,-5.0207363971610945,-6.456102903773759,2019,Pre-fire
2019-06-17,,9.2494834776e-06,-2.842630856000015e-07,,-5.033882519054639,-6.546279534122841,2019,Pre-fire
2019-06-18,,8.9761535876e-06,-2.733298900000002e-07,,-5.046909724974221,-6.563312873421624,2019,Pre-fire
2019-06-19,,8.713756893200001e-06,-2.623966943999989e-07,,-5.059794560697549,-6.5810416403820575,2019,Pre-fire
2019-06-20,,8.571625350400001e-06,-1.421315427999999e-07,,-5.066936819409223,-6.847309529786825,2019,Pre-fire
2019-06-22,,8.331095047200002e-06,-2.514634987999993e-07,,-5.079297910754061,-6.59952504607607,2019,Pre-fire
2019-06-23,,8.1233643308e-06,-2.077307164000009e-07,,-5.090264068333086,-6.682499281140831,2019,Pre-fire
2019-06-24,,7.8937672232e-06,-2.295971076000001e-07,,-5.102715684524022,-6.639033587359743,2019,Pre-fire
2019-06-25,,7.6641701156e-06,-2.295971076000001e-07,,-5.115534864127003,-6.639033587359743,2019,Pre-fire
2019-06-28,,8.768422871200003e-06,-1.2682506895999979e-06,,-5.057078513809498,-5.896794892866744,2019,Pre-fire
2019-06-29,,7.970299592400001e-06,-7.981232788000014e-07,,-5.098525353775687,-6.097930021973205,2019,Pre-fire
2019-06-30,,7.6204373332e-06,-3.498622592000008e-07,,-5.1180201039956525,-6.456102903773755,2019,Pre-fire
2019-07-01,,7.478305790400002e-06,-1.421315427999982e-07,,-5.1261967803735455,-6.8473095297868305,2019,Pre-fire
2019-07-02,,7.347107443200001e-06,-1.3119834720000115e-07,,-5.133883609039836,-6.8820716360460334,2019,Pre-fire
2019-07-03,,7.106577140000002e-06,-2.4053030319999886e-07,,-5.148339525450806,-6.618830201271457,2019,Pre-fire
2019-07-04,,6.898846423600001e-06,-2.077307164000009e-07,,-5.161223522849528,-6.682499281140831,2019,Pre-fire
2019-07-05,,6.767648076400001e-06,-1.311983472000003e-07,,-5.169562233073544,-6.882071636046036,2019,Pre-fire
2019-07-07,,6.6255165336e-06,-8.74655648000002e-08,,-5.178780257927375,-7.0581628951017175,2019,Pre-fire
2019-07-08,,6.505251382000001e-06,-1.20265151599999e-07,,-5.186735916365112,-6.91986019693544,2019,Pre-fire
2019-07-11,,6.3631198392e-06,-9.839876040000065e-08,,-5.196329897443773,-7.007010372654334,2019,Pre-fire
2019-07-13,,6.177255514e-06,-1.3119834719999946e-07,,-5.209204434274223,-6.882071636046039,2019,Pre-fire
2019-07-14,,6.056990362400001e-06,-1.20265151599999e-07,,-5.217743117365232,-6.91986019693544,2019,Pre-fire
2019-07-19,,5.914858819600001e-06,-2.295971076000001e-07,,-5.228055616987092,-6.639033587359743,2019,Pre-fire
2019-07-20,,5.619662538400001e-06,-2.9519628120000026e-07,,-5.250289763098386,-6.529889117934674,2019,Pre-fire
2019-07-21,,5.466597800000001e-06,-1.5306473840000035e-07,,-5.2622828777576425,-6.815124846415423,2019,Pre-fire
2019-07-22,,5.3572658440000005e-06,-1.0933195600000025e-07,,-5.271056802065148,-6.96125288209366,2019,Pre-fire
2019-07-23,,5.237000692400001e-06,-1.2026515159999986e-07,,-5.2809173686790984,-6.919860196935438,2019,Pre-fire
2019-07-24,,5.029269976000001e-06,-2.0773071640000006e-07,,-5.298495050412088,-6.682499281140832,2019,Pre-fire
2019-07-25,,4.91993802e-06,-1.0933195600000025e-07,,-5.308040368318318,-6.96125288209366,2019,Pre-fire
2019-07-28,,4.723140499200001e-06,-9.839876040000065e-08,,-5.325769135278749,-7.007010372654334,2019,Pre-fire
2019-07-29,,4.6138085432000005e-06,-1.0933195600000025e-07,,-5.335940431131988,-6.96125288209366,2019,Pre-fire
2019-07-26,2019-07-27,4.862538743100001e-06,-9.839876039999896e-08,Aggregated,-5.313136925337699,-7.007010372654341,2019,Pre-fire
2019-08-04,2019-08-06,4.581008956400001e-06,-5.46659779999997e-08,Aggregated,-5.339038859127366,-7.262282877757645,2019,Pre-fire
2019-08-11,,4.788739672800001e-06,-9.83987603999998e-08,,-5.319778771589562,-7.007010372654338,2019,Pre-fire
2019-08-12,,4.6028753476e-06,-1.8586432520000085e-07,,-5.336970786257994,-6.730803960715386,2019,Pre-fire
2019-08-13,,4.4498106092000006e-06,-1.530647383999995e-07,,-5.351658472868442,-6.815124846415425,2019,Pre-fire
2019-08-14,,4.362345044400001e-06,-8.746556479999936e-08,,-5.360279986406914,-7.058162895101721,2019,Pre-fire
2019-08-16,,4.2202135016000005e-06,-8.74655648000002e-08,,-5.374665577421907,-7.0581628951017175,2019,Pre-fire
2019-08-19,,4.0343491764e-06,-8.746556480000105e-08,,-5.3942265159346015,-7.058162895101713,2019,Pre-fire
2019-08-17,2019-08-18,4.168280822500001e-06,-9.83987603999998e-08,Aggregated,-5.380043029738819,-7.007010372654338,2019,Pre-fire
2020-06-17,,8.218483132520002e-05,-1.3261966262800005e-05,,-4.085208331847567,-4.877392081227089,2020,Pre-fire
2020-06-18,,6.089789949200001e-05,-2.1286931833200004e-05,,-4.215397686919933,-4.67188693057363,2020,Pre-fire
2020-06-19,,4.784366394560001e-05,-1.3054235546399999e-05,,-4.3201755687682875,-4.884248555300312,2020,Pre-fire
2020-06-20,,4.0288825786e-05,-7.5548381596000095e-06,,-4.394815389898591,-5.121774834719463,2020,Pre-fire
2020-06-21,,3.6680871238000006e-05,-3.6079545479999973e-06,,-4.435560357588651,-5.442738942215774,2020,Pre-fire
2020-06-22,,3.2395058562800006e-05,-4.2858126752e-06,,-4.489521230613611,-5.3679668150732045,2020,Pre-fire
2020-06-23,,2.9016701122400004e-05,-3.3783574404000023e-06,,-4.537351963565245,-5.471294402668827,2020,Pre-fire
2020-06-24,,2.6895661176000003e-05,-2.1210399464000007e-06,,-4.570317774990283,-5.673451152163436,2020,Pre-fire
2020-06-25,,2.49714187504e-05,-1.9242424256000045e-06,,-4.6025567825198515,-5.715740214279511,2020,Pre-fire
2020-06-26,,2.328770662800001e-05,-1.6837121223999895e-06,,-4.632873278654924,-5.773732161257201,2020,Pre-fire
2020-06-27,,2.2041322329600004e-05,-1.2463842984000054e-06,,-4.656762354320174,-5.904348030757188,2020,Pre-fire
2020-06-28,,2.1319731420000003e-05,-7.215909096000008e-07,,-4.671218270731144,-6.141708946551793,2020,Pre-fire
2020-06-29,,2.08933367916e-05,-4.263946284000014e-07,,-4.679992195038649,-6.370188275067161,2020,Pre-fire
2020-06-30,,1.9646952493200003e-05,-1.2463842983999987e-06,,-4.706704804984688,-5.904348030757189,2020,Pre-fire
2020-07-01,,1.8564566128800005e-05,-1.0823863643999978e-06,,-4.731315196185728,-5.965617687496112,2020,Pre-fire
2020-07-02,,1.79195075884e-05,-6.450585404000036e-07,,-4.746673928523163,-6.190400870451515,2020,Pre-fire
2020-07-03,,1.6957386375600002e-05,-9.621212127999988e-07,,-4.770641084280057,-6.016770209943494,2020,Pre-fire
2020-07-04,,1.6126463510000002e-05,-8.309228656000002e-07,,-4.79246086177948,-6.08043928981287,2020,Pre-fire
2020-07-05,,1.530647384e-05,-8.199896700000006e-07,,-4.815124846415424,-6.086191618701961,2020,Pre-fire
2020-07-06,,1.4595816126000002e-05,-7.106577139999995e-07,,-4.8357716163930675,-6.148339525450806,2020,Pre-fire
2020-07-07,,1.4278753453600003e-05,-3.170626723999986e-07,,-4.845309705154606,-6.498854884194707,2020,Pre-fire
2020-07-08,,1.37648932604e-05,-5.138601932000033e-07,,-4.8612271519857995,-6.2891550241579415,2020,Pre-fire
2020-07-09,,1.3087035133200004e-05,-6.778581271999956e-07,,-4.883158731687251,-6.16886119259541,2020,Pre-fire
2020-07-10,,1.24857093752e-05,-6.013257580000052e-07,,-4.903586778183833,-6.2208901925994144,2020,Pre-fire
2020-07-11,,1.17313188788e-05,-7.543904963999996e-07,,-4.930653160127711,-6.122403791356406,2020,Pre-fire
2020-07-12,,1.1556387749200004e-05,-1.7493112959999532e-07,,-4.9371778947862355,-6.757132899437749,2020,Pre-fire
2020-07-13,,1.1195592294400002e-05,-3.607954548000021e-07,,-4.95095292545385,-6.4427389422157715,2020,Pre-fire
2020-07-14,,1.03537362332e-05,-8.418560612000015e-07,,-4.984902903090388,-6.074762156921179,2020,Pre-fire
2020-07-15,,1.01460055168e-05,-2.077307164000009e-07,,-4.993704905874799,-6.682499281140831,2020,Pre-fire
2020-07-16,,9.9273416048e-06,-2.186639120000005e-07,,-5.003167033572577,-6.66022288642968,2020,Pre-fire
2020-07-17,,9.6977444972e-06,-2.295971076000001e-07,,-5.013329262261935,-6.639033587359743,2020,Pre-fire
2020-07-18,,9.4681473896e-06,-2.2959710759999841e-07,,-5.023734990076315,-6.639033587359745,2020,Pre-fire
2020-07-19,,9.1620179128e-06,-3.061294768000007e-07,,-5.038008863463385,-6.514094850751442,2020,Pre-fire
2020-07-20,,8.757489675600001e-06,-4.045282371999988e-07,,-5.057620366009424,-6.393051158026668,2020,Pre-fire
2020-07-21,,8.363894634000002e-06,-3.935950415999992e-07,,-5.077591446940044,-6.404950381326375,2020,Pre-fire
2020-07-24,,8.1670971132e-06,-1.311983472000003e-07,,-5.087932280278263,-6.882071636046036,2020,Pre-fire
2020-07-25,,7.970299592400001e-06,-1.967975207999996e-07,,-5.098525353775687,-6.7059803769903565,2020,Pre-fire
2020-07-27,,7.686036506800001e-06,-2.405303031999997e-07,,-5.114297557073837,-6.618830201271456,2020,Pre-fire
2020-07-28,,7.478305790400002e-06,-2.077307163999992e-07,,-5.1261967803735455,-6.682499281140834,2020,Pre-fire
2020-07-29,,7.292441465200002e-06,-1.858643252e-07,,-5.1371270481771125,-6.730803960715388,2020,Pre-fire
2020-07-30,,7.062844357600002e-06,-2.295971076000001e-07,,-5.151020364098578,-6.639033587359743,2020,Pre-fire
2020-07-31,,6.931646010400002e-06,-1.311983472000003e-07,,-5.159163624211929,-6.882071636046036,2020,Pre-fire
2020-08-01,,6.7020489028000015e-06,-2.295971076000001e-07,,-5.173792407575246,-6.639033587359743,2020,Pre-fire
2020-08-03,,6.505251382000001e-06,-1.5306473840000035e-07,,-5.186735916365112,-6.815124846415423,2020,Pre-fire
2020-08-04,,6.384986230400001e-06,-1.2026515159999986e-07,,-5.1948400349812625,-6.919860196935438,2020,Pre-fire
2020-08-05,2020-08-06,6.3193870568e-06,-1.311983472000003e-07,Aggregated,-5.199325043673133,-6.882071636046036,2020,Pre-fire
2020-08-09,,6.1553891228e-06,-9.839876040000065e-08,,-5.210744487242316,-7.007010372654334,2020,Pre-fire
2020-08-10,,5.9804579932000016e-06,-1.749311295999987e-07,,-5.223265555760231,-6.75713289943774,2020,Pre-fire
2020-08-12,,5.816460059200001e-06,-1.202651516000007e-07,,-5.235341249798614,-6.919860196935434,2020,Pre-fire
2020-08-13,,5.7289944944000006e-06,-8.74655648000002e-08,,-5.241921595109935,-7.0581628951017175,2020,Pre-fire
2020-08-15,,5.554063364800001e-06,-9.83987603999998e-08,,-5.255389169809742,-7.007010372654338,2020,Pre-fire
2020-08-16,,5.433798213200001e-06,-1.2026515159999986e-07,,-5.26489649336033,-6.919860196935438,2020,Pre-fire
2020-08-18,,5.302599866000001e-06,-9.83987603999998e-08,,-5.275511143491398,-7.007010372654338,2020,Pre-fire
2020-08-24,,5.029269976000001e-06,-1.6399793399999996e-07,,-5.298495050412088,-6.785161623037981,2020,Pre-fire
2020-08-26,,4.8980716288e-06,-8.74655648000002e-08,,-5.309974868095518,-7.0581628951017175,2020,Pre-fire
2020-08-22,2020-08-23,5.2342673935e-06,-9.83987603999998e-08,Aggregated,-5.281144095116983,-7.007010372654338,2020,Pre-fire
2020-08-27,2020-08-29,4.832472455200001e-06,-6.559917359999973e-08,Aggregated,-5.31583061274457,-7.18310163171002,2020,Pre-fire
2020-09-06,,4.482610196000001e-06,-1.093319559999994e-07,,-5.348469025373926,-6.961252882093664,2020,Pre-fire
2020-09-02,2020-09-04,4.6684745212e-06,-4.37327824000001e-08,Aggregated,-5.330825007068638,-7.359192890765699,2020,Pre-fire
2021-05-26,,4.351411848800001e-05,-4.427944217999995e-06,,-4.361369810019974,-5.353797858878994,2021,Pre-fire
2021-05-27,,4.011389465640001e-05,-3.400223831599998e-06,,-4.396705170337714,-5.468492493066824,2021,Pre-fire
2021-05-28,,3.61779442404e-05,-3.9359504160000125e-06,,-4.4415561149338085,-5.4049503813263735,2021,Pre-fire
2021-05-29,,3.16188016752e-05,-4.559142565199997e-06,,-4.500054593471169,-5.3411168271199045,2021,Pre-fire
2021-05-30,,2.83497761908e-05,-3.2690254843999995e-06,,-4.54745036532431,-5.485581693769232,2021,Pre-fire
2021-05-31,,2.5835141202800004e-05,-2.5146349879999965e-06,,-4.587789160461293,-5.599525046076069,2021,Pre-fire
2021-06-01,,2.3987431146400004e-05,-1.8477100564000005e-06,,-4.620016258854969,-5.733366177479988,2021,Pre-fire
2021-06-02,,2.22381198504e-05,-1.749311296000004e-06,,-4.652901933506936,-5.757132899437736,2021,Pre-fire
2021-06-03,,2.03248106204e-05,-1.9133092300000015e-06,,-4.691973492321763,-5.718214833407367,2021,Pre-fire
2021-06-04,,1.8641098498e-05,-1.6837121223999997e-06,,-4.729528498765145,-5.773732161257199,2021,Pre-fire
2021-06-05,,1.7307248634800003e-05,-1.3338498631999955e-06,,-4.761771967231306,-5.874893051418915,2021,Pre-fire
2021-06-06,,1.6224862270400002e-05,-1.0823863644000012e-06,,-4.7898189811506535,-5.9656176874961115,2021,Pre-fire
2021-06-07,,1.5579803730000002e-05,-6.450585404000002e-07,,-4.807438017749132,-6.190400870451517,2021,Pre-fire
2021-06-08,,1.4901945602800004e-05,-6.778581271999973e-07,,-4.8267570262589885,-6.1688611925954095,2021,Pre-fire
2021-06-09,,1.4475550974400005e-05,-4.263946283999997e-07,,-4.839364896989981,-6.370188275067163,2021,Pre-fire
2021-06-10,,1.37320936736e-05,-7.434573008000051e-07,,-4.862263242692484,-6.128743969387423,2021,Pre-fire
2021-06-15,,1.42022210844e-05,-1.5087809928000043e-06,,-4.847643731020634,-5.821373795692424,2021,Pre-fire
2021-06-16,,1.3108901524400002e-05,-1.0933195599999974e-06,,-4.882433698994813,-5.961252882093663,2021,Pre-fire
2021-06-17,,1.2245179072000005e-05,-8.637224523999973e-07,,-4.91203485942348,-6.063625790803222,2021,Pre-fire
2021-06-18,,1.1785984856800004e-05,-4.591942152000002e-07,,-4.928634121242942,-6.338003591695761,2021,Pre-fire
2021-06-19,,1.11846590988e-05,-6.013257580000052e-07,,-4.951377248381502,-6.2208901925994144,2021,Pre-fire
2021-06-20,,1.05177341672e-05,-6.669249315999994e-07,,-4.978077810055849,-6.175923047082895,2021,Pre-fire
2021-06-21,,1.0080406343200002e-05,-4.373278239999976e-07,,-4.996521961040032,-6.359192890765701,2021,Pre-fire
2021-06-22,,9.818009648800002e-06,-2.623966944000006e-07,,-5.007976545426358,-6.581041640382055,2021,Pre-fire
2021-06-23,,9.5009469764e-06,-3.17062672400002e-07,,-5.022233105644995,-6.498854884194703,2021,Pre-fire
2021-06-24,,9.2494834776e-06,-2.514634987999993e-07,,-5.033882519054639,-6.59952504607607,2021,Pre-fire
2021-06-25,,8.8886880228e-06,-3.607954548000004e-07,,-5.051162336499593,-6.442738942215774,2021,Pre-fire
2021-06-26,,8.702823697600002e-06,-1.858643251999983e-07,,-5.060339814355992,-6.7308039607153916,2021,Pre-fire
2021-06-27,,8.309228656e-06,-3.935950416000009e-07,,-5.080439289812871,-6.4049503813263735,2021,Pre-fire
2021-06-28,,7.959366396800001e-06,-3.498622591999991e-07,,-5.0991215027806245,-6.456102903773757,2021,Pre-fire
2021-06-29,,7.8063016584e-06,-1.530647384000012e-07,,-5.107554670317487,-6.81512484641542,2021,Pre-fire
2021-07-01,,7.587637746400001e-06,-1.4213154280000075e-07,,-5.119893411638807,-6.8473095297868225,2021,Pre-fire
2021-07-02,,7.489238986000002e-06,-9.839876039999896e-08,,-5.125562310601236,-7.007010372654341,2021,Pre-fire
2021-07-03,,7.390840225600001e-06,-9.839876040000065e-08,,-5.131306186152026,-7.007010372654334,2021,Pre-fire
2021-07-04,,7.172176313600001e-06,-2.1866391199999966e-07,,-5.144349042718002,-6.660222886429681,2021,Pre-fire
2021-07-05,,6.909779619200001e-06,-2.623966944000006e-07,,-5.1605358038112765,-6.581041640382055,2021,Pre-fire
2021-07-06,,6.614583338000001e-06,-2.951962811999994e-07,,-5.179497507441193,-6.529889117934675,2021,Pre-fire
2021-07-10,,6.4396522084e-06,-1.202651516000007e-07,,-5.19113758730656,-6.919860196935434,2021,Pre-fire
2021-07-13,,6.2209882964e-06,-9.839876040000065e-08,,-5.20614061569859,-7.007010372654334,2021,Pre-fire
2021-07-17,,5.892992428400001e-06,-1.749311296000004e-07,,-5.229664116906923,-6.757132899437736,2021,Pre-fire
2021-07-19,,5.772727276800001e-06,-9.839876040000065e-08,,-5.238618959559849,-7.007010372654334,2021,Pre-fire
2021-07-11,2021-07-12,6.3822529315000005e-06,-1.2026515159999986e-07,Aggregated,-5.195025988519493,-6.919860196935438,2021,Pre-fire
2021-07-14,2021-07-15,6.169055617300001e-06,-9.839876039999726e-08,Aggregated,-5.2097813143438625,-7.007010372654349,2021,Pre-fire
2021-07-23,,5.586862951600001e-06,-1.0933195600000025e-07,,-5.252831981958949,-6.96125288209366,2021,Pre-fire
2021-07-24,,5.4993973868000005e-06,-8.74655648000002e-08,,-5.259684897037734,-7.0581628951017175,2021,Pre-fire
2021-07-25,,5.411931822e-06,-8.74655648000002e-08,,-5.266647683160093,-7.0581628951017175,2021,Pre-fire
2021-07-29,,5.1823347144e-06,-2.4053030320000056e-07,,-5.285474540419576,-6.618830201271455,2021,Pre-fire
2021-08-02,,4.887138433200001e-06,-2.077307164000009e-07,,-5.3109453589617255,-6.682499281140831,2021,Pre-fire
2021-08-03,,4.766873281600001e-06,-1.2026515159999986e-07,,-5.321766392825076,-6.919860196935438,2021,Pre-fire
2021-08-12,,4.504476587200001e-06,-9.839876039999896e-08,,-5.346355666060527,-7.007010372654341,2021,Pre-fire
2021-08-08,2021-08-10,4.7559400860000004e-06,-6.559917360000015e-08,Aggregated,-5.322763625139024,-7.183101631710017,2021,Pre-fire
2021-08-16,2021-08-17,4.4306775169e-06,-9.83987603999998e-08,Aggregated,-5.3535298585731095,-7.007010372654338,2021,Pre-fire
2021-08-22,2021-08-24,4.335012055400001e-06,-6.013257580000035e-08,Aggregated,-5.363009690440039,-7.220890192599415,2021,Pre-fire
2021-08-28,2021-08-30,4.1491477302000005e-06,-4.91993801999999e-08,Aggregated,-5.382041101862162,-7.308040368318319,2021,Pre-fire
2022-06-12,,0.0002495829891568,-3.850671490320001e-05,,-3.6027850182167414,-4.414463530462403,2022,Pre-fire
2022-06-13,,0.0002075229856836,-4.206000347320001e-05,,-3.6829337929148505,-4.376130695786846,2022,Pre-fire
2022-06-14,,0.0001754449897932,-3.20779958904e-05,,-3.7558590294789824,-4.4937927725863975,2022,Pre-fire
2022-06-15,,0.0001357793561564,-3.966563363680002e-05,,-3.867166255010469,-4.401585603705604,2022,Pre-fire
2022-06-16,,0.0001058114670168,-2.9967889139599993e-05,,-3.9754672643210567,-4.523343846554163,2022,Pre-fire
2022-06-17,,9.45393423532e-05,-1.1272124663599996e-05,,-4.024387423118039,-4.947994216810145,2022,Pre-fire
2022-06-18,,8.415280653320001e-05,-1.0386535819999988e-05,,-4.074931395534182,-4.9835292768048145,2022,Pre-fire
2022-06-19,,7.871900832e-05,-5.433798213200005e-06,,-4.103920385662393,-5.264896493360329,2022,Pre-fire
2022-06-20,,7.062844357600002e-05,-8.09056474399999e-06,,-4.151020364098578,-5.092021162362686,2022,Pre-fire
2022-06-21,,6.073390155800001e-05,-9.894542018000006e-06,,-4.216568818816775,-5.004604302888458,2022,Pre-fire
2022-06-22,,5.34305268972e-05,-7.303374660800012e-06,,-4.27221054306549,-5.136476419618115,2022,Pre-fire
2022-06-23,,4.82919249652e-05,-5.138601931999996e-06,,-4.316125482835271,-5.289155024157945,2022,Pre-fire
2022-06-24,,4.37765151824e-05,-4.515409782800005e-06,,-4.35875881328638,-5.3453028304372605,2022,Pre-fire
2022-06-25,,3.979683198400001e-05,-3.979683198399991e-06,,-4.400151498444606,-5.400151498444607,2022,Pre-fire
2022-06-26,,3.6298209392000006e-05,-3.4986225920000013e-06,,-4.440114798389625,-5.456102903773756,2022,Pre-fire
2022-06-27,,3.3324380188800006e-05,-2.9738292032e-06,,-4.4772379194260985,-5.526683978059463,2022,Pre-fire
2022-06-28,,3.0930010352400005e-05,-2.394369836400001e-06,,-4.509619934636671,-5.620808767253544,2022,Pre-fire
2022-06-29,,2.9093233491600004e-05,-1.8367768608000009e-06,,-4.536208007542273,-5.735943600367799,2022,Pre-fire
2022-06-30,,2.7245523435200004e-05,-1.8477100564000005e-06,,-4.564704844106529,-5.733366177479988,2022,Pre-fire
2022-07-01,,2.5714876051200005e-05,-1.5306473839999985e-06,,-4.589815564689561,-5.815124846415424,2022,Pre-fire
2022-07-02,,2.440289257920001e-05,-1.3119834719999963e-06,,-4.61255869182812,-5.882071636046038,2022,Pre-fire
2022-07-03,,2.32986398236e-05,-1.1042527556000106e-06,,-4.63266943237946,-5.956931508311015,2022,Pre-fire
2022-07-04,,2.1899190786800005e-05,-1.399449036799993e-06,,-4.659571932800086,-5.854042912445795,2022,Pre-fire
2022-07-06,,2.16149277012e-05,-4.263946284000048e-07,,-4.66524621277999,-6.370188275067157,2022,Pre-fire
2022-07-07,,1.9690685275600005e-05,-1.9242424255999943e-06,,-4.705739169274128,-5.7157402142795135,2022,Pre-fire
2022-07-08,,1.8477100564e-05,-1.2135847116000032e-06,,-4.733366177479988,-5.915929903307003,2022,Pre-fire
2022-07-09,,1.7536845742400005e-05,-9.402548215999962e-07,,-4.7560485181455165,-6.0267544308500955,2022,Pre-fire
2022-07-10,,1.6574724529600003e-05,-9.621212128000022e-07,,-4.7805536807976265,-6.016770209943492,2022,Pre-fire
2022-07-11,,1.5776601250800005e-05,-7.98123278799998e-07,,-4.801986551000168,-6.097930021973207,2022,Pre-fire
2022-07-12,,1.4934745189600003e-05,-8.418560612000015e-07,,-4.825802182748148,-6.074762156921179,2022,Pre-fire
2022-07-13,,1.42459538668e-05,-6.887913228000037e-07,,-4.846308466381077,-6.161912332640077,2022,Pre-fire
2022-07-14,,1.3644628108800004e-05,-6.01325757999995e-07,,-4.865038296747256,-6.2208901925994216,2022,Pre-fire
2022-07-15,,1.3130767915600005e-05,-5.138601931999999e-07,,-4.881709874690755,-6.289155024157944,2022,Pre-fire
2022-07-16,,1.26606405048e-05,-4.701274108000049e-07,,-4.897544322702244,-6.327784426514071,2022,Pre-fire
2022-07-17,,1.2420110201600002e-05,-2.40530303199998e-07,,-4.905874550718662,-6.618830201271459,2022,Pre-fire
2022-07-18,,1.1971849182e-05,-4.482610196000023e-07,,-4.921838762917525,-6.348469025373924,2022,Pre-fire
2022-07-19,,1.1556387749200004e-05,-4.1546143279999503e-07,,-4.9371778947862355,-6.381469285476856,2022,Pre-fire
2022-07-20,,1.10862603384e-05,-4.701274108000049e-07,,-4.955214927096344,-6.327784426514071,2022,Pre-fire
2022-07-21,,1.0780130861600002e-05,-3.061294767999973e-07,,-4.96737596715245,-6.514094850751446,2022,Pre-fire
2022-07-22,,1.05396005584e-05,-2.405303032000014e-07,,-4.977175848190831,-6.618830201271453,2022,Pre-fire
2022-07-23,,1.02990702552e-05,-2.405303032000014e-07,,-4.987201979300784,-6.618830201271453,2022,Pre-fire
2022-07-24,,9.894542018000002e-06,-4.045282371999971e-07,,-5.004604302888458,-6.39305115802667,2022,Pre-fire
2022-07-25,,9.4790805852e-06,-4.154614328000018e-07,,-5.023233784617451,-6.381469285476849,2022,Pre-fire
2022-07-26,,9.282283064400002e-06,-1.9679752079999791e-07,,-5.032345191849709,-6.70598037699036,2022,Pre-fire
2022-07-27,,9.1948174996e-06,-8.74655648000019e-08,,-5.03645688629575,-7.058162895101709,2022,Pre-fire
2022-07-28,,9.0526859568e-06,-1.421315427999999e-07,,-5.043222545308781,-6.847309529786825,2022,Pre-fire
2022-07-29,,8.779356066800002e-06,-2.733298899999985e-07,,-5.056537336814981,-6.563312873421626,2022,Pre-fire
2022-07-30,,8.516959372400002e-06,-2.623966944000006e-07,,-5.069715424421097,-6.581041640382055,2022,Pre-fire
2022-07-31,,8.342028242800001e-06,-1.749311296000004e-07,,-5.078728344138781,-6.757132899437736,2022,Pre-fire
2022-08-02,,8.0796315484e-06,-1.858643252e-07,,-5.092608443698836,-6.730803960715388,2022,Pre-fire
2022-08-03,,7.9484332012e-06,-1.311983472000003e-07,,-5.099718471234624,-6.882071636046036,2022,Pre-fire
2022-08-06,,7.696969702400001e-06,-1.202651516000007e-07,,-5.113680222951549,-6.919860196935434,2022,Pre-fire
2022-08-07,,7.587637746400001e-06,-1.0933195600000025e-07,,-5.119893411638807,-6.96125288209366,2022,Pre-fire
2022-08-08,,7.489238986000002e-06,-9.839876039999896e-08,,-5.125562310601236,-7.007010372654341,2022,Pre-fire
2022-08-04,2022-08-05,7.882834027600001e-06,-1.311983471999986e-07,Aggregated,-5.103317617374232,-6.882071636046041,2022,Pre-fire
2022-08-11,,7.554838159600001e-06,-5.029269976000003e-07,,-5.121774834719464,-6.298495050412088,2022,Pre-fire
2022-08-12,,7.2159090960000015e-06,-3.389290635999995e-07,,-5.141708946551793,-6.46989118825939,2022,Pre-fire
2022-08-13,,7.019111575200002e-06,-1.967975207999996e-07,,-5.1537178540248085,-6.7059803769903565,2022,Pre-fire
2022-08-14,,6.822314054400001e-06,-1.9679752080000046e-07,,-5.1660682924112376,-6.705980376990355,2022,Pre-fire
2022-08-15,,6.6583161204000014e-06,-1.6399793399999996e-07,,-5.176635589460786,-6.785161623037981,2022,Pre-fire
2022-08-20,,6.297520665600001e-06,-1.311983472000003e-07,,-5.200830398670449,-6.882071636046036,2022,Pre-fire
2022-08-21,,6.1553891228e-06,-1.4213154280000075e-07,,-5.210744487242316,-6.8473095297868225,2022,Pre-fire
2022-08-22,,5.9585916020000015e-06,-1.9679752079999876e-07,,-5.22485637981702,-6.705980376990358,2022,Pre-fire
2022-08-23,,5.849259646000002e-06,-1.093319559999994e-07,,-5.232899100072433,-6.961252882093664,2022,Pre-fire
2022-08-27,,5.575929756000001e-06,-1.311983472000003e-07,,-5.253682705995725,-6.882071636046036,2022,Pre-fire
2022-08-28,,5.4447314088e-06,-1.3119834720000115e-07,,-5.2640235393339445,-6.8820716360460334,2022,Pre-fire
2022-08-29,,5.346332648400001e-06,-9.839876039999896e-08,,-5.271944022970041,-7.007010372654341,2022,Pre-fire
2022-09-02,,5.083935954000001e-06,-1.093319559999994e-07,,-5.293799929203708,-6.961252882093664,2022,Pre-fire
2022-09-05,,4.810606064000001e-06,-1.421315427999999e-07,,-5.317800205607474,-6.847309529786825,2022,Pre-fire
2022-08-16,2022-08-17,6.5981835446e-06,-1.093319560000011e-07,Aggregated,-5.180575607660294,-6.961252882093658,2022,Pre-fire
2022-08-18,2022-08-19,6.497051485300001e-06,-1.20265151599999e-07,Aggregated,-5.187283691693444,-6.91986019693544,2022,Pre-fire
2022-08-24,2022-08-26,5.8000602658000005e-06,-7.106577140000038e-08,Aggregated,-5.2365674938563025,-7.148339525450804,2022,Pre-fire
2022-08-30,2022-08-31,5.3135330616000004e-06,-8.74655648000002e-08,Aggregated,-5.274616612831369,-7.0581628951017175,2022,Pre-fire
2022-09-03,2022-09-04,5.0183367804e-06,-1.311983472000003e-07,Aggregated,-5.2994401965564,-6.882071636046036,2022,Pre-fire
2023-04-30,,0.0003255030994032,-9.675878106e-05,,-3.487444871773828,-4.014309611395836,2023,Pre-fire
2023-05-01,,0.0002191887053888,-0.0001063143940144,,-3.659181828443587,-3.9734079319223636,2023,Pre-fire
2023-05-02,,0.000162795282484,-5.6393422904800006e-05,,-3.7883581843414857,-4.248771544291743,2023,Pre-fire
2023-05-08,,0.000130269025574,-3.34883781228e-05,,-3.885158835411187,-4.475105885287089,2023,Pre-fire
2023-05-09,,0.0001098348829976,-2.04341425764e-05,,-3.9592597082701313,-4.689643580714829,2023,Pre-fire
2023-05-10,,0.0001040730889164,-5.7617940811999934e-06,,-3.982661555273587,-5.239442266881116,2023,Pre-fire
2023-05-17,,0.0001440885848124,-1.7230716265599996e-05,,-3.841370424108679,-4.763696668940125,2023,Pre-fire
2023-05-18,,0.000126114411246,-1.7974173566400023e-05,,-3.8992352832365493,-4.745351068889629,2023,Pre-fire
2023-05-19,,0.0001092663568264,-1.6848054419599983e-05,,-3.9615135369870935,-4.773450243375243,2023,Pre-fire
2023-05-20,,9.544679758800002e-05,-1.3819559238399985e-05,,-4.020238638388092,-4.859505808147296,2023,Pre-fire
2023-05-21,,7.780061988960001e-05,-1.7646177698400008e-05,,-4.109016942681774,-4.75334935170761,2023,Pre-fire
2023-05-22,,5.94547176728e-05,-1.834590221680001e-05,,-4.22581367884218,-4.73646092560098,2023,Pre-fire
2023-05-23,,4.95929752416e-05,-9.8617424312e-06,,-4.304579836208812,-5.00604634455172,2023,Pre-fire
2023-05-24,,4.316425622880001e-05,-6.428719012799996e-06,,-4.364875738096063,-5.191875556017523,2023,Pre-fire
2023-05-25,,3.9501635702800005e-05,-3.662620526000002e-06,,-4.40338492052564,-5.4362080750568165,2023,Pre-fire
2023-05-26,,3.730406338720001e-05,-2.1975723155999945e-06,,-4.428243859598176,-5.658056824673174,2023,Pre-fire
2023-05-27,,3.5357954570400007e-05,-1.9461088168000037e-06,,-4.451512866523279,-5.710832879784767,2023,Pre-fire
2023-05-28,,3.3007317516400004e-05,-2.3506370540000025e-06,,-4.481389769070564,-5.628814422178056,2023,Pre-fire
2023-05-29,,3.07004132448e-05,-2.306904271600004e-06,,-4.5128557786358945,-5.636970426795968,2023,Pre-fire
2023-05-30,,2.869963845e-05,-2.0007747947999983e-06,,-4.542123574351686,-5.698801792363232,2023,Pre-fire
2023-05-31,,2.71908574572e-05,-1.5087809928000026e-06,,-4.565577096823726,-5.821373795692424,2023,Pre-fire
2023-06-01,,2.48839531856e-05,-2.3069042716000007e-06,,-4.604080624370628,-5.636970426795969,2023,Pre-fire
2023-06-02,,2.3265840236800003e-05,-1.6181129487999953e-06,,-4.633281258470651,-5.7909911666987055,2023,Pre-fire
2023-06-03,,2.1844524808800004e-05,-1.421315427999999e-06,,-4.660657398203698,-5.847309529786825,2023,Pre-fire
2023-06-04,,2.1002668747600004e-05,-8.418560611999998e-07,,-4.677725517231968,-6.07476215692118,2023,Pre-fire
2023-06-05,,2.0138946295200005e-05,-8.63722452399999e-07,,-4.695963256232831,-6.063625790803221,2023,Pre-fire
2023-06-06,,1.940642219e-05,-7.325241052000038e-07,,-4.712054524702549,-6.135178079392833,2023,Pre-fire
2023-06-07,,1.8706697671600006e-05,-6.997245183999948e-07,,-4.728002872552561,-6.155072908109778,2023,Pre-fire
2023-06-08,,1.7853908414800004e-05,-8.527892568000028e-07,,-4.748266697356994,-6.0691582794031795,2023,Pre-fire
2023-06-09,,1.67387224636e-05,-1.1151859512000034e-06,,-4.776277691395401,-5.952652710331743,2023,Pre-fire
2023-06-10,,1.57875344464e-05,-9.511880171999992e-07,,-4.801685688860041,-6.021733629475044,2023,Pre-fire
2023-06-11,,1.4847279624800005e-05,-9.402548215999962e-07,,-4.828353112149179,-6.0267544308500955,2023,Pre-fire
2023-06-12,,1.3983557172400002e-05,-8.637224524000024e-07,,-4.854382337615008,-6.063625790803219,2023,Pre-fire
2023-06-13,,1.3349431827600003e-05,-6.341253447999989e-07,,-4.874537218148779,-6.197824888530725,2023,Pre-fire
2023-06-14,,1.2955836786000002e-05,-3.935950416000009e-07,,-4.887534531747539,-6.4049503813263735,2023,Pre-fire
2023-06-15,,1.2365444223600002e-05,-5.903925624000005e-07,,-4.907790277168206,-6.228859122270693,2023,Pre-fire
2023-06-16,,1.16875860964e-05,-6.778581272000024e-07,,-4.932275176884883,-6.168861192595406,2023,Pre-fire
2023-06-17,,1.11190599252e-05,-5.685261711999996e-07,,-4.953931929170917,-6.245249538458863,2023,Pre-fire
2023-06-20,,1.3316632240800005e-05,-1.0714531688e-06,,-4.875605593796805,-5.970026806401167,2023,Pre-fire
2023-06-21,,1.16657197052e-05,-1.6509125356000042e-06,,-4.9330884626691915,-5.7822759348004915,2023,Pre-fire
2023-06-22,,1.0933195600000002e-05,-7.325241051999987e-07,,-4.961252882093662,-6.135178079392836,2023,Pre-fire
2023-06-23,,1.0495867776000002e-05,-4.373278239999993e-07,,-4.978981649054093,-6.3591928907657,2023,Pre-fire
2023-06-24,,1.0091339538800002e-05,-4.045282372000005e-07,,-4.99605118106775,-6.393051158026666,2023,Pre-fire
2023-06-25,,9.7414772796e-06,-3.498622592000025e-07,,-5.011375178056787,-6.456102903773752,2023,Pre-fire
2023-06-26,,9.5009469764e-06,-2.405303031999997e-07,,-5.022233105644995,-6.618830201271456,2023,Pre-fire
2023-06-27,,9.2166838908e-06,-2.842630855999998e-07,,-5.03542530746892,-6.546279534122844,2023,Pre-fire
2023-06-28,,8.998019978800001e-06,-2.186639119999988e-07,,-5.045853046881392,-6.660222886429683,2023,Pre-fire
2023-06-29,,8.670024110800001e-06,-3.279958679999999e-07,,-5.061979694776058,-6.4841316273739995,2023,Pre-fire
2023-06-30,,8.407627416400002e-06,-2.623966943999989e-07,,-5.07532654229223,-6.5810416403820575,2023,Pre-fire
2023-07-01,,8.243629482400001e-06,-1.639979340000008e-07,,-5.083881536223887,-6.785161623037978,2023,Pre-fire
2023-07-02,,8.003099179200002e-06,-2.405303031999997e-07,,-5.09674180103527,-6.618830201271456,2023,Pre-fire
2023-07-03,,7.871900832000001e-06,-1.311983472000003e-07,,-5.103920385662393,-6.882071636046036,2023,Pre-fire
2023-07-04,,7.6204373332e-06,-2.51463498800001e-07,,-5.1180201039956525,-6.599525046076067,2023,Pre-fire
2023-07-05,,7.379907030000002e-06,-2.40530303199998e-07,,-5.131949109262637,-6.618830201271459,2023,Pre-fire
2023-07-06,,7.270575074000001e-06,-1.093319560000011e-07,,-5.138431236790557,-6.961252882093658,2023,Pre-fire
2023-07-08,,7.040977966400001e-06,-1.5306473840000035e-07,,-5.15236701473385,-6.815124846415423,2023,Pre-fire
2023-07-10,,6.833247250000001e-06,-1.311983472000003e-07,,-5.165372864749586,-6.882071636046036,2023,Pre-fire
2023-07-12,,6.6364497292000005e-06,-1.2026515159999986e-07,,-5.178064191018404,-6.919860196935438,2023,Pre-fire
2023-07-13,,6.4833849908e-06,-1.5306473840000035e-07,,-5.188198188729399,-6.815124846415423,2023,Pre-fire
2023-07-20,,6.1444559272000015e-06,-2.0773071639999836e-07,,-5.2115165665246,-6.682499281140836,2023,Pre-fire
2023-07-21,,6.013257580000001e-06,-1.311983472000003e-07,,-5.220890192599418,-6.882071636046036,2023,Pre-fire
2023-07-22,,5.925792015200002e-06,-8.746556479999936e-08,,-5.227253595555275,-7.058162895101721,2023,Pre-fire
2023-07-23,,5.838326450400002e-06,-8.74655648000002e-08,,-5.233711625065105,-7.0581628951017175,2023,Pre-fire
2023-07-27,,5.4993973868000005e-06,-1.9679752080000046e-07,,-5.259684897037734,-6.705980376990355,2023,Pre-fire
2023-07-31,,5.2260674968e-06,-1.202651516000007e-07,,-5.281824985481543,-6.919860196935434,2023,Pre-fire
2023-08-03,,5.040203171600001e-06,-1.2026515159999986e-07,,-5.297551956704013,-6.919860196935438,2023,Pre-fire
2023-07-24,2023-07-26,5.772727276800001e-06,-7.106577140000038e-08,Aggregated,-5.238618959559849,-7.148339525450804,2023,Pre-fire
2023-07-28,2023-07-29,5.4337982132e-06,-1.311983472000003e-07,Aggregated,-5.26489649336033,-6.882071636046036,2023,Pre-fire
2023-08-06,,5.346332648400001e-06,-2.9519628120000026e-07,,-5.271944022970041,-6.529889117934674,2023,Pre-fire
2023-08-07,,5.138601932e-06,-2.077307164000009e-07,,-5.289155024157944,-6.682499281140831,2023,Pre-fire
2023-08-08,,4.9855371936000005e-06,-1.530647383999995e-07,,-5.302288039429227,-6.815124846415425,2023,Pre-fire
2023-08-09,,4.887138433200001e-06,-9.83987603999998e-08,,-5.3109453589617255,-7.007010372654338,2023,Pre-fire
2024-06-04,,0.0001192483644092,-0.00013034555794320002,,-3.9235475689581247,-3.8849037646002027,2024,Post-fire
2024-06-05,,7.894860542760001e-05,-4.029975898159998e-05,,-4.102655537098969,-4.394697551210607,2024,Post-fire
2024-06-06,,5.973898075840001e-05,-1.92096246692e-05,,-4.223742191420185,-4.716481120598367,2024,Post-fire
2024-06-07,,5.113455582120001e-05,-8.604424937200005e-06,,-4.291285512185158,-5.065278149734597,2024,Post-fire
2024-06-08,,4.53508953488e-05,-5.783660472400006e-06,,-4.343414134376658,-5.237797210058475,2024,Post-fire
2024-06-09,,4.09994835e-05,-4.351411848800004e-06,,-4.387221614365943,-5.361369810019974,2024,Post-fire
2024-06-10,,3.74024621476e-05,-3.5970213523999977e-06,,-4.427099807908599,-5.444056984143688,2024,Post-fire
2024-06-11,,3.3936639142400004e-05,-3.4658230051999957e-06,,-4.469331169507511,-5.460193619875911,2024,Post-fire
2024-06-12,,3.1542269306e-05,-2.394369836400001e-06,,-4.501107064601912,-5.620808767253544,2024,Post-fire
2024-06-13,,2.9290031012400004e-05,-2.2522382935999993e-06,,-4.533280168485453,-5.647385661724509,2024,Post-fire
2024-06-14,,2.7496986934000008e-05,-1.7930440783999957e-06,,-4.560714892701715,-5.746409034045965,2024,Post-fire
2024-06-16,,2.6053805114800007e-05,-2.5802341615999975e-06,,-4.584128839747206,-5.588340879123556,2024,Post-fire
2024-06-17,,2.560554409520001e-05,-4.4826101959999723e-07,,-4.591665991357317,-6.348469025373929,2024,Post-fire
2024-06-18,,2.4271694232000007e-05,-1.3338498632000022e-06,,-4.614899907643023,-5.874893051418913,2024,Post-fire
2024-06-19,,2.31893078676e-05,-1.082386364400008e-06,,-4.6347122135770995,-5.965617687496109,2024,Post-fire
2024-06-20,,2.2314652219600004e-05,-8.746556479999952e-07,,-4.651409877377591,-6.05816289510172,2024,Post-fire
2024-06-21,,2.133066461560001e-05,-9.839876039999947e-07,,-4.670995612699143,-6.00701037265434,2024,Post-fire
2024-06-22,,2.05106749456e-05,-8.199896700000108e-07,,-4.688020048050616,-6.086191618701956,2024,Post-fire
2024-06-23,,1.98000172316e-05,-7.106577139999978e-07,,-4.703334431779603,-6.148339525450807,2024,Post-fire
2024-06-24,,1.9144025495600004e-05,-6.559917359999964e-07,,-4.717966736010215,-6.18310163171002,2024,Post-fire
2024-06-25,,1.87285640628e-05,-4.154614328000052e-07,,-4.727495519128151,-6.381469285476846,2024,Post-fire
2024-06-26,,1.82803030432e-05,-4.4826101959999723e-07,,-4.738016608990664,-6.348469025373929,2024,Post-fire
2024-06-27,,1.77445764588e-05,-5.357265844000008e-07,,-4.75093436226743,-6.271056802065147,2024,Post-fire
2024-06-28,,1.7001119158e-05,-7.434573008e-07,,-4.769522488730805,-6.1287439693874255,2024,Post-fire
2024-06-29,,1.6202995879200003e-05,-7.98123278799998e-07,,-4.7904046784503524,-6.097930021973207,2024,Post-fire
2024-06-30,,1.5568870534400002e-05,-6.341253448000006e-07,,-4.807742892792824,-6.197824888530724,2024,Post-fire
2024-07-01,,1.4705148082000005e-05,-8.637224523999973e-07,,-4.832530597755235,-6.063625790803222,2024,Post-fire
2024-07-02,,1.3928891194400004e-05,-7.762568876000005e-07,,-4.85608345409433,-6.109994533374586,2024,Post-fire
2024-07-03,,1.3415031001200004e-05,-5.138601931999999e-07,,-4.872408319366658,-6.289155024157944,2024,Post-fire
2024-07-04,,1.3021435959600002e-05,-3.935950416000026e-07,,-4.885341120610884,-6.404950381326372,2024,Post-fire
2024-07-05,,1.27262396784e-05,-2.951962812000011e-07,,-4.895299901779792,-6.5298891179346725,2024,Post-fire
2024-07-06,,1.2277978658800003e-05,-4.4826101959999723e-07,,-4.910873125832204,-6.348469025373929,2024,Post-fire
2024-07-07,,1.1829717639200005e-05,-4.482610195999989e-07,,-4.927025621323111,-6.3484690253739275,2024,Post-fire
2024-07-08,,1.1436122597600002e-05,-3.935950416000026e-07,,-4.941721197562406,-6.404950381326372,2024,Post-fire
2024-07-09,,1.11190599252e-05,-3.17062672400002e-07,,-4.953931929170917,-6.498854884194703,2024,Post-fire
2024-07-10,,1.08457300352e-05,-2.733298900000002e-07,,-4.964741209939483,-6.563312873421624,2024,Post-fire
2024-07-11,,1.05833333408e-05,-2.623966943999989e-07,,-4.975377524785268,-6.5810416403820575,2024,Post-fire
2024-07-12,,1.04630681892e-05,-1.202651516000007e-07,,-4.9803409443168185,-6.919860196935434,2024,Post-fire
2024-07-13,,1.0342803037600004e-05,-1.2026515159999562e-07,,-4.985361745691868,-6.919860196935453,2024,Post-fire
2024-07-14,,1.0113205930000004e-05,-2.295971076000001e-07,,-4.995111149354629,-6.639033587359743,2024,Post-fire
2024-07-15,,9.83987604e-06,-2.733298900000036e-07,,-5.007010372654337,-6.563312873421618,2024,Post-fire
2024-07-16,,9.708677692800002e-06,-1.311983471999986e-07,,-5.012839916315061,-6.882071636046041,2024,Post-fire
2024-07-18,,9.5009469764e-06,-1.639979340000025e-07,,-5.022233105644995,-6.785161623037974,2024,Post-fire
2024-07-19,,9.3369490424e-06,-1.639979339999991e-07,,-5.029795011404657,-6.7851616230379825,2024,Post-fire
2024-07-22,,9.1401515216e-06,-1.639979340000008e-07,,-5.039046604654645,-6.785161623037978,2024,Post-fire
2024-07-23,,8.9324208052e-06,-2.077307164000009e-07,,-5.049030825561246,-6.682499281140831,2024,Post-fire
2024-07-24,,8.801222458000001e-06,-1.311983471999986e-07,,-5.055457001725793,-6.882071636046041,2024,Post-fire
2024-07-25,,8.659090915200001e-06,-1.421315427999999e-07,,-5.062527700504168,-6.847309529786825,2024,Post-fire
2024-07-29,,8.331095047200002e-06,-1.093319559999994e-07,,-5.079297910754061,-6.961252882093664,2024,Post-fire
2024-07-31,,8.156163917600001e-06,-1.311983472000003e-07,,-5.088514054620993,-6.882071636046036,2024,Post-fire
2024-08-01,,8.035898766e-06,-1.202651516000007e-07,,-5.094965543009467,-6.919860196935434,2024,Post-fire
2024-08-02,,7.926566810000001e-06,-1.093319559999994e-07,,-5.100914875522668,-6.961252882093664,2024,Post-fire
2024-08-03,,7.828168049600001e-06,-9.83987603999998e-08,,-5.106339859785806,-7.007010372654338,2024,Post-fire
2024-07-26,2024-07-27,8.590758442700002e-06,-1.421315427999999e-07,Aggregated,-5.0659684924040445,-6.847309529786825,2024,Post-fire
2024-08-05,,7.6751033112e-06,-2.077307164000009e-07,,-5.114915769963856,-6.682499281140831,2024,Post-fire
2024-08-06,,7.434573008000001e-06,-2.4053030319999886e-07,,-5.1287439693874255,-6.618830201271457,2024,Post-fire
2024-08-18,,7.6751033112e-06,-9.511880172000009e-07,,-5.114915769963856,-6.021733629475043,2024,Post-fire
2024-08-19,,7.259641878400001e-06,-4.1546143279999927e-07,,-5.139084802725645,-6.381469285476852,2024,Post-fire
2024-08-20,,6.9863119884000005e-06,-2.733298900000002e-07,,-5.155752023935261,-6.563312873421624,2024,Post-fire
2024-08-21,,6.866046836800001e-06,-1.2026515159999986e-07,,-5.163293238356466,-6.919860196935438,2024,Post-fire
2024-08-24,,8.691890502000002e-06,-2.5474345748000004e-06,,-5.060885753437192,-5.593896961067642,2024,Post-fire
2024-08-25,,7.6313705288e-06,-1.060519973200002e-06,,-5.1173974594705,-5.974481147827416,2024,Post-fire
2024-08-26,,7.270575074000001e-06,-3.607954547999987e-07,,-5.138431236790557,-6.442738942215776,2024,Post-fire
2024-08-27,,7.008178379600001e-06,-2.6239669439999976e-07,,-5.154394852574844,-6.581041640382056,2024,Post-fire
2024-08-28,,6.7129820984e-06,-2.951962812000011e-07,,-5.173084510952494,-6.5298891179346725,2024,Post-fire
2024-08-29,,6.461518599600001e-06,-2.514634987999993e-07,,-5.189665401212406,-6.59952504607607,2024,Post-fire
2024-08-30,,6.330320252400001e-06,-1.311983472000003e-07,,-5.198574318366226,-6.882071636046036,2024,Post-fire
2024-08-31,,6.188188709600001e-06,-1.421315427999999e-07,,-5.20843645090539,-6.847309529786825,2024,Post-fire
2024-09-02,,6.024190775600002e-06,-9.839876040000065e-08,,-5.220101283241877,-7.007010372654334,2024,Post-fire
2025-04-10,,0.0001518768787854,-8.777784197299993e-06,,-3.8185083366060235,-5.056615100532953,2025,Post-fire
2025-04-11,,0.0001403811123716,-1.1495766413800002e-05,,-3.8526913205864806,-4.939462069354376,2025,Post-fire
2025-04-12,,0.0001098087836417,-3.057232872990001e-05,,-3.9593629191341217,-4.514671479297254,2025,Post-fire
2025-04-13,,8.790854272030651e-05,-2.190024092139349e-05,,-4.055968919283259,-4.65955110752261,2025,Post-fire
2025-04-14,,7.888096922222222e-05,-9.027573498084288e-06,,-4.103027761793052,-5.044428967073665,2025,Post-fire
2025-04-15,,7.860517538888889e-05,-2.7579383333333027e-07,,-4.10454885893716,-6.559415448744823,2025,Post-fire
2025-04-16,,7.722818961877394e-05,-1.3769857701149453e-06,,-4.112224145762328,-5.861070547755051,2025,Post-fire
2025-04-17,,6.790307273371647e-05,-9.32511688505747e-06,,-4.168110572684102,-5.0303457158498555,2025,Post-fire
2025-04-18,,5.767564603448276e-05,-1.0227426699233715e-05,,-4.2390075321750595,-4.99023362444092,2025,Post-fire
2025-04-19,,5.338262657854406e-05,-4.293019455938699e-06,,-4.2726000614869815,-5.367237143296086,2025,Post-fire
2025-04-20,,4.953071790613027e-05,-3.85190867241379e-06,,-4.305125377238392,-5.414324018415866,2025,Post-fire
2025-04-21,,4.631831052873563e-05,-3.2124073773946376e-06,,-4.33424728998504,-5.493169385393352,2025,Post-fire
2025-04-22,,4.3211514779693485e-05,-3.106795749042147e-06,,-4.364400509228427,-5.5076872977523434,2025,Post-fire
2025-04-23,,4.0111076070881225e-05,-3.10043870881226e-06,,-4.396735686924432,-5.508576849605767,2025,Post-fire
2025-04-24,,3.788455239655173e-05,-2.226523674329495e-06,,-4.421537839544446,-5.652372682712861,2025,Post-fire
2025-04-25,,3.700495840613027e-05,-8.795939904214612e-07,,-4.431740079604785,-6.055717746496006,2025,Post-fire
2025-04-27,,3.5731058400383136e-05,-1.4295881590038368e-06,,-4.446954119240098,-5.8447890576628705,2025,Post-fire
2025-04-28,,3.376451224329502e-05,-1.966546157088116e-06,,-4.471539519646613,-5.706295855746267,2025,Post-fire
2025-04-29,,3.327712220689655e-05,-4.873900363984668e-07,,-4.4778542383820605,-6.312123353241969,2025,Post-fire
2025-04-30,,3.215674048467433e-05,-1.1203817222222207e-06,,-4.492727979241423,-5.9506339848206045,2025,Post-fire
2025-05-01,,3.1462670356321835e-05,-6.940701283524969e-07,,-4.502204419926371,-6.158596646522352,2025,Post-fire
2025-05-04,,2.95589995651341e-05,-2.9153386494252865e-06,,-4.529310268879861,-5.535310989778297,2025,Post-fire
2025-05-05,,2.71244396302682e-05,-2.4345599348659e-06,,-4.5666392252354395,-5.61357952936983,2025,Post-fire
2025-05-06,,2.6102515747126435e-05,-1.021923883141766e-06,,-4.583317633564314,-5.990581450935741,2025,Post-fire
2025-05-07,,2.5828705310344824e-05,-2.7381043678161065e-07,,-4.587897362725836,-6.56255000196435,2025,Post-fire
2025-05-08,,2.5657065224137928e-05,-1.716400862068964e-07,,-4.590793021766806,-6.76538127601323,2025,Post-fire
2025-05-09,,2.5343688568965515e-05,-3.1337665517241266e-07,,-4.596130176801885,-6.503933359199353,2025,Post-fire
2025-05-10,,2.483036180842912e-05,-5.133267605363941e-07,,-4.605016952203008,-6.2896060946904395,2025,Post-fire
2025-05-11,,2.396599081034483e-05,-8.643709980842914e-07,,-4.620404611547204,-6.0632998132641065,2025,Post-fire
2025-05-13,,2.566199828735632e-05,-5.441795957854482e-07,,-4.590709528343713,-6.264257746282679,2025,Post-fire
2025-05-14,,2.464154923754789e-05,-1.0204490498084294e-06,,-4.608331991143684,-5.991208674377056,2025,Post-fire
2025-05-15,,2.321692804597701e-05,-1.424621191570881e-06,,-4.634195244586248,-5.8463005997121815,2025,Post-fire
2025-05-16,,2.200307240421456e-05,-1.2138556417624498e-06,,-4.657516672130857,-5.915832958824016,2025,Post-fire
2025-05-21,,3.0857412318007664e-05,-2.2237096245210732e-06,,-4.51064049639115,-5.652921924239953,2025,Post-fire
2025-05-22,,2.900303825478928e-05,-1.8543740632183846e-06,,-4.537556504577793,-5.73180265573332,2025,Post-fire
2025-05-23,,2.743815532758621e-05,-1.5648829272030707e-06,,-4.561645089684664,-5.805518147556207,2025,Post-fire
2025-05-24,,2.589439472605364e-05,-1.5437606015325678e-06,,-4.586794236034661,-5.811420046937127,2025,Post-fire
2025-05-25,,2.4921716714559386e-05,-9.726780114942556e-07,,-4.603422044918932,-6.01203090174007,2025,Post-fire
2025-05-26,,2.390492931992337e-05,-1.0167873946360158e-06,,-4.621512536051548,-5.992769846476427,2025,Post-fire
2025-05-27,,2.2749965298850573e-05,-1.1549640210727972e-06,,-4.643019261447713,-5.9374315445103,2025,Post-fire
2025-05-28,,2.1899528932950192e-05,-8.504363659003808e-07,,-4.6595652268959835,-6.070358177021703,2025,Post-fire
2025-05-29,,2.081223772413793e-05,-1.0872912088122606e-06,,-4.6816812220950625,-5.9636541233999285,2025,Post-fire
2025-05-30,,1.9708672492337165e-05,-1.103565231800766e-06,,-4.705342627301922,-5.95720199057318,2025,Post-fire
2025-05-31,,1.8851234906130263e-05,-8.574375862069024e-07,,-4.7246601947764235,-6.0667974828915465,2025,Post-fire
2025-06-01,,1.80562997394636e-05,-7.94935166666662e-07,,-4.743371244464489,-6.099668290094581,2025,Post-fire
2025-06-02,,1.7258635283524906e-05,-7.97664455938695e-07,,-4.762993548844861,-6.098179759752221,2025,Post-fire
2025-06-03,,1.6641070015325672e-05,-6.175652681992336e-07,,-4.778818752155206,-6.2093171366580195,2025,Post-fire
2025-06-04,,1.5856221352490423e-05,-7.848486628352492e-07,,-4.799800300075365,-6.105214077307995,2025,Post-fire
2025-06-05,,1.5088426509578544e-05,-7.677948429118795e-07,,-4.821356048086438,-6.114754809257472,2025,Post-fire
2025-06-06,,1.4565742185823757e-05,-5.226843237547869e-07,,-4.836667381342136,-6.281760524981427,2025,Post-fire
2025-06-07,,1.40567212605364e-05,-5.09020925287356e-07,,-4.852115966977007,-6.293264363930363,2025,Post-fire
2025-06-08,,1.3580146668582377e-05,-4.7657459195402387e-07,,-4.867095539553896,-6.3218691153011575,2025,Post-fire
2025-06-09,,1.3057309775862069e-05,-5.228368927203082e-07,,-4.884146292421484,-6.281633775070929,2025,Post-fire
2025-06-10,,1.261538529118774e-05,-4.4192448467432827e-07,,-4.899099480994089,-6.3546519358344655,2025,Post-fire
2025-06-11,,1.233094588314176e-05,-2.844394080459795e-07,,-4.909003608232082,-6.546010233852021,2025,Post-fire
2025-06-12,,1.1988987975095783e-05,-3.4195790804597743e-07,,-4.921217475398346,-6.466027348412839,2025,Post-fire
2025-06-13,,1.1772255283524903e-05,-2.1673269157087996e-07,,-4.9291403287144515,-6.664075575537583,2025,Post-fire
2025-06-14,,1.1535553009578543e-05,-2.3670227394636014e-07,,-4.937961580748305,-6.6257975698799045,2025,Post-fire
2025-06-15,,1.1244163237547892e-05,-2.913897720306516e-07,,-4.9490728581329275,-6.535525696315534,2025,Post-fire
2025-06-16,,1.093902530651341e-05,-3.0513793103448134e-07,,-4.961021372962453,-6.515503802796632,2025,Post-fire
2025-06-17,,1.0623851727969349e-05,-3.151735785440616e-07,,-4.9737179991746725,-6.5014501971896985,2025,Post-fire
2025-06-18,,1.0412136860153255e-05,-2.1171486781609322e-07,,-4.982460132032384,-6.674248642293493,2025,Post-fire
2025-06-23,,2.003198308237548e-05,-6.93269988888889e-06,,-4.698276055244529,-5.1590975996599555,2025,Post-fire
2025-06-24,,1.766587575670498e-05,-2.3661073256705006e-06,,-4.752864828261571,-5.625965559839398,2025,Post-fire
2025-06-25,,1.6153154463601533e-05,-1.5127212931034464e-06,,-4.791742653991696,-5.820241079919289,2025,Post-fire
2025-06-26,,1.5237605053639849e-05,-9.155494099616839e-07,,-4.817083287177741,-6.038318212919172,2025,Post-fire
2025-06-27,,1.4740501459770116e-05,-4.971035938697331e-07,,-4.831487741883572,-6.303553097065886,2025,Post-fire
2025-06-28,,1.4196237103448275e-05,-5.442643563218402e-07,,-4.847826755741795,-6.264190106542036,2025,Post-fire
2025-06-29,,1.3641394632183907e-05,-5.548424712643681e-07,,-4.865141227179562,-6.255830302591931,2025,Post-fire
2025-06-30,,1.3114641802681992e-05,-5.26752829501915e-07,,-4.882243566701005,-6.2783931228603125,2025,Post-fire
2025-07-01,,1.2745102816091952e-05,-3.695389865900408e-07,,-4.894656656681079,-6.432339736517488,2025,Post-fire
2025-07-02,,1.2334200687739462e-05,-4.1090212835249006e-07,,-4.9088889895185375,-6.386261609214284,2025,Post-fire
2025-07-03,,1.2102990896551723e-05,-2.3120979118773813e-07,,-4.917107293372883,-6.635993778518082,2025,Post-fire
2025-07-05,,1.1873306795019156e-05,-2.1678354789271927e-07,,-4.925428310293416,-6.663973680300287,2025,Post-fire
2025-07-06,,1.1534857973180074e-05,-3.384488218390818e-07,,-4.937987748506902,-6.470506993369577,2025,Post-fire
2025-07-07,,1.1215937978927202e-05,-3.189199942528723e-07,,-4.950164400900611,-6.496318252404925,2025,Post-fire
2025-07-08,,1.0797000551724136e-05,-4.1893742720306583e-07,,-4.966696876435082,-6.377850838727655,2025,Post-fire
2025-07-09,,1.0502983203065134e-05,-2.9401734865900254e-07,,-4.978687329061811,-6.531627043041644,2025,Post-fire
2025-07-10,,9.842817289272033e-06,-6.60165913793101e-07,,-5.006880576562218,-6.180346903261888,2025,Post-fire
2025-07-11,,9.14927267624521e-06,-6.935446130268223e-07,,-5.038613428911488,-6.1589255972176735,2025,Post-fire
2025-07-12,,9.017215760536396e-06,-1.320569157088146e-07,,-5.044927538566145,-6.879238850227363,2025,Post-fire
2025-07-13,,8.73223388505747e-06,-2.8498187547892537e-07,,-5.058874640618699,-6.545182759745138,2025,Post-fire
2025-07-14,,8.528367842911877e-06,-2.0386604214559324e-07,,-5.069134076058873,-6.690655108390456,2025,Post-fire
2025-07-15,,8.358134781609197e-06,-1.702330613026805e-07,,-5.077890629790003,-6.768956090861611,2025,Post-fire
2025-07-16,,8.194326568965517e-06,-1.6380821264367956e-07,,-5.086486732075148,-6.7856643283605775,2025,Post-fire
2025-07-17,,8.041927124521072e-06,-1.5239944444444466e-07,,-5.0946398667667765,-6.817016616166706,2025,Post-fire
2025-07-23,,7.607393758620689e-06,-2.254291226053651e-07,,-5.1187641040854,-6.6469899792845615,2025,Post-fire
2025-07-24,,7.430939273946359e-06,-1.7645448467432926e-07,,-5.128956287758928,-6.753367299363725,2025,Post-fire
2025-07-25,,7.2571293180076625e-06,-1.7380995593869688e-07,,-5.139235137963415,-6.7599253505260135,2025,Post-fire
2025-07-28,,7.08138682183908e-06,-1.0250939272030713e-07,,-5.1498816815627775,-6.989236339293991,2025,Post-fire
2025-07-29,,6.954025639846743e-06,-1.2736118199233758e-07,,-5.157763712383932,-6.894962919060176,2025,Post-fire
2025-07-18,2025-07-19,7.974512831896552e-06,-1.2695433141762393e-07,Aggregated,-5.098295838788846,-6.896352477313435,2025,Post-fire
2025-08-01,,6.749651034482758e-06,-1.44025103448276e-07,,-5.170718680163969,-6.8415618041625414,2025,Post-fire
2025-08-02,,6.45802393295019e-06,-2.9162710153256756e-07,,-5.189900349853242,-6.535172118560097,2025,Post-fire
2025-08-03,2025-08-06,6.4403767892720295e-06,-4.4697056194124795e-08,Aggregated,-5.191088723833535,-7.349721079121925,2025,Post-fire
2025-08-09,,6.352700490421455e-06,-1.607398812260546e-07,,-5.197041619782558,-6.793876356916995,2025,Post-fire
2025-08-10,,6.168176802681993e-06,-1.8452368773946203e-07,,-5.209843186298101,-6.733947874522826,2025,Post-fire
2025-08-11,,6.0234058065134094e-06,-1.4477099616858338e-07,,-5.220157876727711,-6.8393184372109275,2025,Post-fire
2025-08-12,,5.9049444808429125e-06,-1.1846132567049689e-07,,-5.228784181331908,-6.926423411589046,2025,Post-fire
2025-08-17,,6.738377883141762e-06,-2.3231167816091933e-06,,-5.171444637765476,-5.633928957942482,2025,Post-fire
2025-08-18,,6.435291157088123e-06,-3.0308672605363924e-07,,-5.191431799178211,-6.5184330835198505,2025,Post-fire
2025-08-19,,6.263922304597701e-06,-1.7136885249042175e-07,,-5.203153637746689,-6.766068111355598,2025,Post-fire
2025-08-20,,5.952512093869732e-06,-3.114102107279694e-07,,-5.225299713555077,-6.506667151594127,2025,Post-fire
2025-08-21,,5.4387784827586205e-06,-5.137336111111111e-07,,-5.264498629302994,-6.289262019553907,2025,Post-fire
2025-08-31,,5.2821410114942535e-06,-1.0845958237547872e-07,,-5.277190009093427,-6.964732072151848,2025,Post-fire
2025-08-29,2025-08-30,5.4327859128352495e-06,-9.896640229884944e-08,Aggregated,-5.264977408661516,-7.004512217247945,2025,Post-fire
